           1
         150         150
           1
   29920000000000.000        29920000000000.000     
 0.16500000000000E+01
  
   0.0000000000000000     
   0.0000000000000000     
   0.0000000000000000     
   0.0000000000000000     
   0.0000000000000000     
   0.0000000000000000     
   0.0000000000000000     
   0.0000000000000000     
   0.0000000000000000     
   0.0000000000000000     
   0.0000000000000000     
   0.0000000000000000     
   0.0000000000000000     
   0.0000000000000000     
   0.0000000000000000     
   0.0000000000000000     
   0.0000000000000000     
   0.0000000000000000     
   0.0000000000000000     
   0.0000000000000000     
   0.0000000000000000     
   0.0000000000000000     
   0.0000000000000000     
   0.0000000000000000     
   0.0000000000000000     
   0.0000000000000000     
   0.0000000000000000     
   0.0000000000000000     
   0.0000000000000000     
   0.0000000000000000     
   0.0000000000000000     
   0.0000000000000000     
   0.0000000000000000     
   0.0000000000000000     
   0.0000000000000000     
   0.0000000000000000     
   0.0000000000000000     
   0.0000000000000000     
   0.0000000000000000     
   0.0000000000000000     
   0.0000000000000000     
   0.0000000000000000     
   0.0000000000000000     
   0.0000000000000000     
   0.0000000000000000     
   0.0000000000000000     
   0.0000000000000000     
   0.0000000000000000     
   0.0000000000000000     
   0.0000000000000000     
   0.0000000000000000     
   0.0000000000000000     
   0.0000000000000000     
   0.0000000000000000     
   0.0000000000000000     
   0.0000000000000000     
   0.0000000000000000     
   0.0000000000000000     
   0.0000000000000000     
   0.0000000000000000     
   0.0000000000000000     
   0.0000000000000000     
   0.0000000000000000     
   0.0000000000000000     
   0.0000000000000000     
   0.0000000000000000     
   0.0000000000000000     
   0.0000000000000000     
   0.0000000000000000     
   0.0000000000000000     
   0.0000000000000000     
   0.0000000000000000     
   0.0000000000000000     
   0.0000000000000000     
   0.0000000000000000     
   0.0000000000000000     
   0.0000000000000000     
   0.0000000000000000     
   0.0000000000000000     
   0.0000000000000000     
   0.0000000000000000     
   0.0000000000000000     
   0.0000000000000000     
   0.0000000000000000     
   0.0000000000000000     
   0.0000000000000000     
   0.0000000000000000     
   0.0000000000000000     
   0.0000000000000000     
   0.0000000000000000     
   0.0000000000000000     
   0.0000000000000000     
   0.0000000000000000     
   0.0000000000000000     
   0.0000000000000000     
   0.0000000000000000     
   0.0000000000000000     
   0.0000000000000000     
   0.0000000000000000     
   0.0000000000000000     
   0.0000000000000000     
   0.0000000000000000     
   0.0000000000000000     
   0.0000000000000000     
   0.0000000000000000     
   0.0000000000000000     
   0.0000000000000000     
   0.0000000000000000     
   0.0000000000000000     
   0.0000000000000000     
   0.0000000000000000     
   0.0000000000000000     
   0.0000000000000000     
   0.0000000000000000     
   0.0000000000000000     
   0.0000000000000000     
   0.0000000000000000     
   0.0000000000000000     
   0.0000000000000000     
   0.0000000000000000     
   0.0000000000000000     
   0.0000000000000000     
   0.0000000000000000     
   0.0000000000000000     
   0.0000000000000000     
   0.0000000000000000     
   0.0000000000000000     
   0.0000000000000000     
   0.0000000000000000     
   0.0000000000000000     
   0.0000000000000000     
   0.0000000000000000     
   0.0000000000000000     
   0.0000000000000000     
   0.0000000000000000     
   0.0000000000000000     
   0.0000000000000000     
   0.0000000000000000     
   0.0000000000000000     
   0.0000000000000000     
   0.0000000000000000     
   0.0000000000000000     
   0.0000000000000000     
   0.0000000000000000     
   0.0000000000000000     
   0.0000000000000000     
   0.0000000000000000     
   0.0000000000000000     
   0.0000000000000000     
   0.0000000000000000     
   0.0000000000000000     
   0.0000000000000000     
   0.0000000000000000     
   0.0000000000000000     
   0.0000000000000000     
   0.0000000000000000     
   0.0000000000000000     
   0.0000000000000000     
   0.0000000000000000     
   0.0000000000000000     
   0.0000000000000000     
   0.0000000000000000     
   0.0000000000000000     
   0.0000000000000000     
   0.0000000000000000     
   0.0000000000000000     
   0.0000000000000000     
   0.0000000000000000     
   0.0000000000000000     
   0.0000000000000000     
   0.0000000000000000     
   0.0000000000000000     
   0.0000000000000000     
   0.0000000000000000     
   0.0000000000000000     
   0.0000000000000000     
   0.0000000000000000     
   0.0000000000000000     
   0.0000000000000000     
   0.0000000000000000     
   0.0000000000000000     
   0.0000000000000000     
   0.0000000000000000     
   0.0000000000000000     
   0.0000000000000000     
   0.0000000000000000     
   0.0000000000000000     
   0.0000000000000000     
   0.0000000000000000     
   0.0000000000000000     
   0.0000000000000000     
   0.0000000000000000     
   0.0000000000000000     
   0.0000000000000000     
   0.0000000000000000     
   0.0000000000000000     
   0.0000000000000000     
   0.0000000000000000     
   0.0000000000000000     
   0.0000000000000000     
   0.0000000000000000     
   0.0000000000000000     
   0.0000000000000000     
   0.0000000000000000     
   0.0000000000000000     
   0.0000000000000000     
   0.0000000000000000     
   0.0000000000000000     
   0.0000000000000000     
   0.0000000000000000     
   0.0000000000000000     
   0.0000000000000000     
   0.0000000000000000     
   0.0000000000000000     
   0.0000000000000000     
   0.0000000000000000     
   0.0000000000000000     
   0.0000000000000000     
   0.0000000000000000     
   0.0000000000000000     
   0.0000000000000000     
   0.0000000000000000     
   0.0000000000000000     
   0.0000000000000000     
   0.0000000000000000     
   0.0000000000000000     
   0.0000000000000000     
   0.0000000000000000     
   0.0000000000000000     
   0.0000000000000000     
   0.0000000000000000     
   0.0000000000000000     
   0.0000000000000000     
   0.0000000000000000     
   0.0000000000000000     
   0.0000000000000000     
   0.0000000000000000     
   0.0000000000000000     
   0.0000000000000000     
   0.0000000000000000     
   0.0000000000000000     
   0.0000000000000000     
   0.0000000000000000     
   0.0000000000000000     
   0.0000000000000000     
   0.0000000000000000     
   0.0000000000000000     
   0.0000000000000000     
   0.0000000000000000     
   0.0000000000000000     
   0.0000000000000000     
   0.0000000000000000     
   0.0000000000000000     
   0.0000000000000000     
   0.0000000000000000     
   0.0000000000000000     
   0.0000000000000000     
   0.0000000000000000     
   0.0000000000000000     
   0.0000000000000000     
   0.0000000000000000     
   0.0000000000000000     
   0.0000000000000000     
   0.0000000000000000     
   0.0000000000000000     
   0.0000000000000000     
   0.0000000000000000     
   0.0000000000000000     
   0.0000000000000000     
   0.0000000000000000     
   0.0000000000000000     
   0.0000000000000000     
   0.0000000000000000     
   0.0000000000000000     
   0.0000000000000000     
   0.0000000000000000     
   0.0000000000000000     
   0.0000000000000000     
   0.0000000000000000     
   0.0000000000000000     
   0.0000000000000000     
   0.0000000000000000     
   0.0000000000000000     
   0.0000000000000000     
   0.0000000000000000     
   0.0000000000000000     
   0.0000000000000000     
   0.0000000000000000     
   0.0000000000000000     
   0.0000000000000000     
   0.0000000000000000     
   0.0000000000000000     
   0.0000000000000000     
   0.0000000000000000     
   0.0000000000000000     
   0.0000000000000000     
   0.0000000000000000     
   0.0000000000000000     
   0.0000000000000000     
   0.0000000000000000     
   0.0000000000000000     
   0.0000000000000000     
   0.0000000000000000     
   0.0000000000000000     
   0.0000000000000000     
   0.0000000000000000     
   0.0000000000000000     
   0.0000000000000000     
   0.0000000000000000     
   0.0000000000000000     
   0.0000000000000000     
   0.0000000000000000     
   0.0000000000000000     
   0.0000000000000000     
   0.0000000000000000     
   0.0000000000000000     
   0.0000000000000000     
   0.0000000000000000     
   0.0000000000000000     
   0.0000000000000000     
   0.0000000000000000     
   0.0000000000000000     
   0.0000000000000000     
   0.0000000000000000     
   0.0000000000000000     
   0.0000000000000000     
   0.0000000000000000     
   0.0000000000000000     
   0.0000000000000000     
   0.0000000000000000     
   0.0000000000000000     
   0.0000000000000000     
   0.0000000000000000     
   0.0000000000000000     
   0.0000000000000000     
   0.0000000000000000     
   0.0000000000000000     
   0.0000000000000000     
   0.0000000000000000     
   0.0000000000000000     
   0.0000000000000000     
   0.0000000000000000     
   0.0000000000000000     
   0.0000000000000000     
   0.0000000000000000     
   0.0000000000000000     
   0.0000000000000000     
   0.0000000000000000     
   0.0000000000000000     
   0.0000000000000000     
   0.0000000000000000     
   0.0000000000000000     
   0.0000000000000000     
   0.0000000000000000     
   0.0000000000000000     
   0.0000000000000000     
   0.0000000000000000     
   0.0000000000000000     
   0.0000000000000000     
   0.0000000000000000     
   0.0000000000000000     
   0.0000000000000000     
   0.0000000000000000     
   0.0000000000000000     
   0.0000000000000000     
   0.0000000000000000     
   0.0000000000000000     
   0.0000000000000000     
   0.0000000000000000     
   0.0000000000000000     
   0.0000000000000000     
   0.0000000000000000     
   0.0000000000000000     
   0.0000000000000000     
   0.0000000000000000     
   0.0000000000000000     
   0.0000000000000000     
   0.0000000000000000     
   0.0000000000000000     
   0.0000000000000000     
   0.0000000000000000     
   0.0000000000000000     
   0.0000000000000000     
   0.0000000000000000     
   0.0000000000000000     
   0.0000000000000000     
   0.0000000000000000     
   0.0000000000000000     
   0.0000000000000000     
   0.0000000000000000     
   0.0000000000000000     
   0.0000000000000000     
   0.0000000000000000     
   0.0000000000000000     
   0.0000000000000000     
   0.0000000000000000     
   0.0000000000000000     
   0.0000000000000000     
   0.0000000000000000     
   0.0000000000000000     
   0.0000000000000000     
   0.0000000000000000     
   0.0000000000000000     
   0.0000000000000000     
   0.0000000000000000     
   0.0000000000000000     
   0.0000000000000000     
   0.0000000000000000     
   0.0000000000000000     
   0.0000000000000000     
   0.0000000000000000     
   0.0000000000000000     
   0.0000000000000000     
   0.0000000000000000     
   0.0000000000000000     
   0.0000000000000000     
   0.0000000000000000     
   0.0000000000000000     
   0.0000000000000000     
   0.0000000000000000     
   0.0000000000000000     
   0.0000000000000000     
   0.0000000000000000     
   0.0000000000000000     
   0.0000000000000000     
   0.0000000000000000     
   0.0000000000000000     
   0.0000000000000000     
   0.0000000000000000     
   0.0000000000000000     
   0.0000000000000000     
   0.0000000000000000     
   0.0000000000000000     
   0.0000000000000000     
   0.0000000000000000     
   0.0000000000000000     
   0.0000000000000000     
   0.0000000000000000     
   0.0000000000000000     
   0.0000000000000000     
   0.0000000000000000     
   0.0000000000000000     
   0.0000000000000000     
   0.0000000000000000     
   0.0000000000000000     
   0.0000000000000000     
   0.0000000000000000     
   0.0000000000000000     
   0.0000000000000000     
   0.0000000000000000     
   0.0000000000000000     
   0.0000000000000000     
   0.0000000000000000     
   0.0000000000000000     
   0.0000000000000000     
   0.0000000000000000     
   0.0000000000000000     
   0.0000000000000000     
   0.0000000000000000     
   0.0000000000000000     
   0.0000000000000000     
   0.0000000000000000     
   0.0000000000000000     
   0.0000000000000000     
   0.0000000000000000     
   0.0000000000000000     
   0.0000000000000000     
   0.0000000000000000     
   0.0000000000000000     
   0.0000000000000000     
   0.0000000000000000     
   0.0000000000000000     
   0.0000000000000000     
   0.0000000000000000     
   0.0000000000000000     
   0.0000000000000000     
   0.0000000000000000     
   0.0000000000000000     
   0.0000000000000000     
   0.0000000000000000     
   0.0000000000000000     
   0.0000000000000000     
   0.0000000000000000     
   0.0000000000000000     
   0.0000000000000000     
   0.0000000000000000     
   0.0000000000000000     
   0.0000000000000000     
   0.0000000000000000     
   0.0000000000000000     
   0.0000000000000000     
   0.0000000000000000     
   0.0000000000000000     
   0.0000000000000000     
   0.0000000000000000     
   0.0000000000000000     
   0.0000000000000000     
   0.0000000000000000     
   0.0000000000000000     
   0.0000000000000000     
   0.0000000000000000     
   0.0000000000000000     
   0.0000000000000000     
   0.0000000000000000     
   0.0000000000000000     
   0.0000000000000000     
   0.0000000000000000     
   0.0000000000000000     
   0.0000000000000000     
   0.0000000000000000     
   0.0000000000000000     
   0.0000000000000000     
   0.0000000000000000     
   0.0000000000000000     
   0.0000000000000000     
   0.0000000000000000     
   0.0000000000000000     
   0.0000000000000000     
   0.0000000000000000     
   0.0000000000000000     
   0.0000000000000000     
   0.0000000000000000     
   0.0000000000000000     
   0.0000000000000000     
   0.0000000000000000     
   0.0000000000000000     
   0.0000000000000000     
   0.0000000000000000     
   0.0000000000000000     
   0.0000000000000000     
   0.0000000000000000     
   0.0000000000000000     
   0.0000000000000000     
   0.0000000000000000     
   0.0000000000000000     
   0.0000000000000000     
   0.0000000000000000     
   0.0000000000000000     
   0.0000000000000000     
   0.0000000000000000     
   0.0000000000000000     
   0.0000000000000000     
   0.0000000000000000     
   0.0000000000000000     
   0.0000000000000000     
   0.0000000000000000     
   0.0000000000000000     
   0.0000000000000000     
   0.0000000000000000     
   0.0000000000000000     
   0.0000000000000000     
   0.0000000000000000     
   0.0000000000000000     
   0.0000000000000000     
   0.0000000000000000     
   0.0000000000000000     
   0.0000000000000000     
   0.0000000000000000     
   0.0000000000000000     
   0.0000000000000000     
   0.0000000000000000     
   0.0000000000000000     
   0.0000000000000000     
   0.0000000000000000     
   0.0000000000000000     
   0.0000000000000000     
   0.0000000000000000     
   0.0000000000000000     
   0.0000000000000000     
   0.0000000000000000     
   0.0000000000000000     
   0.0000000000000000     
   0.0000000000000000     
   0.0000000000000000     
   0.0000000000000000     
   0.0000000000000000     
   0.0000000000000000     
   0.0000000000000000     
   0.0000000000000000     
   0.0000000000000000     
   0.0000000000000000     
   0.0000000000000000     
   0.0000000000000000     
   0.0000000000000000     
   0.0000000000000000     
   0.0000000000000000     
   0.0000000000000000     
   0.0000000000000000     
   0.0000000000000000     
   0.0000000000000000     
   0.0000000000000000     
   0.0000000000000000     
   0.0000000000000000     
   0.0000000000000000     
   0.0000000000000000     
   0.0000000000000000     
   0.0000000000000000     
   0.0000000000000000     
   0.0000000000000000     
   0.0000000000000000     
   0.0000000000000000     
   0.0000000000000000     
   0.0000000000000000     
   0.0000000000000000     
   0.0000000000000000     
   0.0000000000000000     
   0.0000000000000000     
   0.0000000000000000     
   0.0000000000000000     
   0.0000000000000000     
   0.0000000000000000     
   0.0000000000000000     
   0.0000000000000000     
   0.0000000000000000     
   0.0000000000000000     
   0.0000000000000000     
   0.0000000000000000     
   0.0000000000000000     
   0.0000000000000000     
   0.0000000000000000     
   0.0000000000000000     
   0.0000000000000000     
   0.0000000000000000     
   0.0000000000000000     
   0.0000000000000000     
   0.0000000000000000     
   0.0000000000000000     
   0.0000000000000000     
   0.0000000000000000     
   0.0000000000000000     
   0.0000000000000000     
   0.0000000000000000     
   0.0000000000000000     
   0.0000000000000000     
   0.0000000000000000     
   0.0000000000000000     
   0.0000000000000000     
   0.0000000000000000     
   0.0000000000000000     
   0.0000000000000000     
   0.0000000000000000     
   0.0000000000000000     
   0.0000000000000000     
   0.0000000000000000     
   0.0000000000000000     
   0.0000000000000000     
   0.0000000000000000     
   0.0000000000000000     
   0.0000000000000000     
   0.0000000000000000     
   0.0000000000000000     
   0.0000000000000000     
   0.0000000000000000     
   0.0000000000000000     
   0.0000000000000000     
   0.0000000000000000     
   0.0000000000000000     
   0.0000000000000000     
   0.0000000000000000     
   0.0000000000000000     
   0.0000000000000000     
   0.0000000000000000     
   0.0000000000000000     
   0.0000000000000000     
   0.0000000000000000     
   0.0000000000000000     
   0.0000000000000000     
   0.0000000000000000     
   0.0000000000000000     
   0.0000000000000000     
   0.0000000000000000     
   0.0000000000000000     
   0.0000000000000000     
   0.0000000000000000     
   0.0000000000000000     
   0.0000000000000000     
   0.0000000000000000     
   0.0000000000000000     
   0.0000000000000000     
   0.0000000000000000     
   0.0000000000000000     
   0.0000000000000000     
   0.0000000000000000     
   0.0000000000000000     
   0.0000000000000000     
   0.0000000000000000     
   0.0000000000000000     
   0.0000000000000000     
   0.0000000000000000     
   0.0000000000000000     
   0.0000000000000000     
   0.0000000000000000     
   0.0000000000000000     
   0.0000000000000000     
   0.0000000000000000     
   0.0000000000000000     
   0.0000000000000000     
   0.0000000000000000     
   0.0000000000000000     
   0.0000000000000000     
   0.0000000000000000     
   0.0000000000000000     
   0.0000000000000000     
   0.0000000000000000     
   0.0000000000000000     
   0.0000000000000000     
   0.0000000000000000     
   0.0000000000000000     
   0.0000000000000000     
   0.0000000000000000     
   0.0000000000000000     
   0.0000000000000000     
   0.0000000000000000     
   0.0000000000000000     
   0.0000000000000000     
   0.0000000000000000     
   0.0000000000000000     
   0.0000000000000000     
   0.0000000000000000     
   0.0000000000000000     
   0.0000000000000000     
   0.0000000000000000     
   0.0000000000000000     
   0.0000000000000000     
   0.0000000000000000     
   0.0000000000000000     
   0.0000000000000000     
   0.0000000000000000     
   0.0000000000000000     
   0.0000000000000000     
   0.0000000000000000     
   0.0000000000000000     
   0.0000000000000000     
   0.0000000000000000     
   0.0000000000000000     
   0.0000000000000000     
   0.0000000000000000     
   0.0000000000000000     
   0.0000000000000000     
   0.0000000000000000     
   0.0000000000000000     
   0.0000000000000000     
   0.0000000000000000     
   0.0000000000000000     
   0.0000000000000000     
   0.0000000000000000     
   0.0000000000000000     
   0.0000000000000000     
   0.0000000000000000     
   0.0000000000000000     
   0.0000000000000000     
   0.0000000000000000     
   0.0000000000000000     
   0.0000000000000000     
   0.0000000000000000     
   0.0000000000000000     
   0.0000000000000000     
   0.0000000000000000     
   0.0000000000000000     
   0.0000000000000000     
   0.0000000000000000     
   0.0000000000000000     
   0.0000000000000000     
   0.0000000000000000     
   0.0000000000000000     
   0.0000000000000000     
   0.0000000000000000     
   0.0000000000000000     
   0.0000000000000000     
   0.0000000000000000     
   0.0000000000000000     
   0.0000000000000000     
   0.0000000000000000     
   0.0000000000000000     
   0.0000000000000000     
   0.0000000000000000     
   0.0000000000000000     
   0.0000000000000000     
   0.0000000000000000     
   0.0000000000000000     
   0.0000000000000000     
   0.0000000000000000     
   0.0000000000000000     
   0.0000000000000000     
   0.0000000000000000     
   0.0000000000000000     
   0.0000000000000000     
   0.0000000000000000     
   0.0000000000000000     
   0.0000000000000000     
   0.0000000000000000     
   0.0000000000000000     
   0.0000000000000000     
   0.0000000000000000     
   0.0000000000000000     
   0.0000000000000000     
   0.0000000000000000     
   0.0000000000000000     
   0.0000000000000000     
   0.0000000000000000     
   0.0000000000000000     
   0.0000000000000000     
   0.0000000000000000     
   0.0000000000000000     
   0.0000000000000000     
   0.0000000000000000     
   0.0000000000000000     
   0.0000000000000000     
   0.0000000000000000     
   0.0000000000000000     
   0.0000000000000000     
   0.0000000000000000     
   0.0000000000000000     
   0.0000000000000000     
   0.0000000000000000     
   0.0000000000000000     
   0.0000000000000000     
   0.0000000000000000     
   0.0000000000000000     
   0.0000000000000000     
   0.0000000000000000     
   0.0000000000000000     
   0.0000000000000000     
   0.0000000000000000     
   0.0000000000000000     
   0.0000000000000000     
   0.0000000000000000     
   0.0000000000000000     
   0.0000000000000000     
   0.0000000000000000     
   0.0000000000000000     
   0.0000000000000000     
   0.0000000000000000     
   0.0000000000000000     
   0.0000000000000000     
   0.0000000000000000     
   0.0000000000000000     
   0.0000000000000000     
   0.0000000000000000     
   0.0000000000000000     
   0.0000000000000000     
   0.0000000000000000     
   0.0000000000000000     
   0.0000000000000000     
   0.0000000000000000     
   0.0000000000000000     
   0.0000000000000000     
   0.0000000000000000     
   0.0000000000000000     
   0.0000000000000000     
   0.0000000000000000     
   0.0000000000000000     
   0.0000000000000000     
   0.0000000000000000     
   0.0000000000000000     
   0.0000000000000000     
   0.0000000000000000     
   0.0000000000000000     
   0.0000000000000000     
   0.0000000000000000     
   0.0000000000000000     
   0.0000000000000000     
   0.0000000000000000     
   0.0000000000000000     
   0.0000000000000000     
   0.0000000000000000     
   0.0000000000000000     
   0.0000000000000000     
   0.0000000000000000     
   0.0000000000000000     
   0.0000000000000000     
   0.0000000000000000     
   0.0000000000000000     
   0.0000000000000000     
   0.0000000000000000     
   0.0000000000000000     
   0.0000000000000000     
   0.0000000000000000     
   0.0000000000000000     
   0.0000000000000000     
   0.0000000000000000     
   0.0000000000000000     
   0.0000000000000000     
   0.0000000000000000     
   0.0000000000000000     
   0.0000000000000000     
   0.0000000000000000     
   0.0000000000000000     
   0.0000000000000000     
   0.0000000000000000     
   0.0000000000000000     
   0.0000000000000000     
   0.0000000000000000     
   0.0000000000000000     
   0.0000000000000000     
   0.0000000000000000     
   0.0000000000000000     
   0.0000000000000000     
   0.0000000000000000     
   0.0000000000000000     
   0.0000000000000000     
   0.0000000000000000     
   0.0000000000000000     
   0.0000000000000000     
   0.0000000000000000     
   0.0000000000000000     
   0.0000000000000000     
   0.0000000000000000     
   0.0000000000000000     
   0.0000000000000000     
   0.0000000000000000     
   0.0000000000000000     
   0.0000000000000000     
   0.0000000000000000     
   0.0000000000000000     
   0.0000000000000000     
   0.0000000000000000     
   0.0000000000000000     
   0.0000000000000000     
   0.0000000000000000     
   0.0000000000000000     
   0.0000000000000000     
   0.0000000000000000     
   0.0000000000000000     
   0.0000000000000000     
   0.0000000000000000     
   0.0000000000000000     
   0.0000000000000000     
   0.0000000000000000     
   0.0000000000000000     
   0.0000000000000000     
   0.0000000000000000     
   0.0000000000000000     
   0.0000000000000000     
   0.0000000000000000     
   0.0000000000000000     
   0.0000000000000000     
   0.0000000000000000     
   0.0000000000000000     
   0.0000000000000000     
   0.0000000000000000     
   0.0000000000000000     
   0.0000000000000000     
   0.0000000000000000     
   0.0000000000000000     
   0.0000000000000000     
   0.0000000000000000     
   0.0000000000000000     
   0.0000000000000000     
   0.0000000000000000     
   0.0000000000000000     
   0.0000000000000000     
   0.0000000000000000     
   0.0000000000000000     
   0.0000000000000000     
   0.0000000000000000     
   0.0000000000000000     
   0.0000000000000000     
   0.0000000000000000     
   0.0000000000000000     
   0.0000000000000000     
   0.0000000000000000     
   0.0000000000000000     
   0.0000000000000000     
   0.0000000000000000     
   0.0000000000000000     
   0.0000000000000000     
   0.0000000000000000     
   0.0000000000000000     
   0.0000000000000000     
   0.0000000000000000     
   0.0000000000000000     
   0.0000000000000000     
   0.0000000000000000     
   0.0000000000000000     
   0.0000000000000000     
   0.0000000000000000     
   0.0000000000000000     
   0.0000000000000000     
   0.0000000000000000     
   0.0000000000000000     
   0.0000000000000000     
   0.0000000000000000     
   0.0000000000000000     
   0.0000000000000000     
   0.0000000000000000     
   0.0000000000000000     
   0.0000000000000000     
   0.0000000000000000     
   0.0000000000000000     
   0.0000000000000000     
   0.0000000000000000     
   0.0000000000000000     
   0.0000000000000000     
   0.0000000000000000     
   0.0000000000000000     
   0.0000000000000000     
   0.0000000000000000     
   0.0000000000000000     
   0.0000000000000000     
   0.0000000000000000     
   0.0000000000000000     
   0.0000000000000000     
   0.0000000000000000     
   0.0000000000000000     
   0.0000000000000000     
   0.0000000000000000     
   0.0000000000000000     
   0.0000000000000000     
   0.0000000000000000     
   0.0000000000000000     
   0.0000000000000000     
   0.0000000000000000     
   0.0000000000000000     
   0.0000000000000000     
   0.0000000000000000     
   0.0000000000000000     
   0.0000000000000000     
   0.0000000000000000     
   0.0000000000000000     
   0.0000000000000000     
   0.0000000000000000     
   0.0000000000000000     
   0.0000000000000000     
   0.0000000000000000     
   0.0000000000000000     
   0.0000000000000000     
   0.0000000000000000     
   0.0000000000000000     
   0.0000000000000000     
   0.0000000000000000     
   0.0000000000000000     
   0.0000000000000000     
   0.0000000000000000     
   0.0000000000000000     
   0.0000000000000000     
   0.0000000000000000     
   0.0000000000000000     
   0.0000000000000000     
   0.0000000000000000     
   0.0000000000000000     
   0.0000000000000000     
   0.0000000000000000     
   0.0000000000000000     
   0.0000000000000000     
   0.0000000000000000     
   0.0000000000000000     
   0.0000000000000000     
   0.0000000000000000     
   0.0000000000000000     
   0.0000000000000000     
   0.0000000000000000     
   0.0000000000000000     
   0.0000000000000000     
   0.0000000000000000     
   0.0000000000000000     
   0.0000000000000000     
   0.0000000000000000     
   0.0000000000000000     
   0.0000000000000000     
   0.0000000000000000     
   0.0000000000000000     
   0.0000000000000000     
   0.0000000000000000     
   0.0000000000000000     
   0.0000000000000000     
   0.0000000000000000     
   0.0000000000000000     
   0.0000000000000000     
   0.0000000000000000     
   0.0000000000000000     
   0.0000000000000000     
   0.0000000000000000     
   0.0000000000000000     
   0.0000000000000000     
   0.0000000000000000     
   0.0000000000000000     
   0.0000000000000000     
   0.0000000000000000     
   0.0000000000000000     
   0.0000000000000000     
   0.0000000000000000     
   0.0000000000000000     
   0.0000000000000000     
   0.0000000000000000     
   0.0000000000000000     
   0.0000000000000000     
   0.0000000000000000     
   0.0000000000000000     
   0.0000000000000000     
   0.0000000000000000     
   0.0000000000000000     
   0.0000000000000000     
   0.0000000000000000     
   0.0000000000000000     
   0.0000000000000000     
   0.0000000000000000     
   0.0000000000000000     
   0.0000000000000000     
   0.0000000000000000     
   0.0000000000000000     
   0.0000000000000000     
   0.0000000000000000     
   0.0000000000000000     
   0.0000000000000000     
   0.0000000000000000     
   0.0000000000000000     
   0.0000000000000000     
   0.0000000000000000     
   0.0000000000000000     
   0.0000000000000000     
   0.0000000000000000     
   0.0000000000000000     
   0.0000000000000000     
   0.0000000000000000     
   0.0000000000000000     
   0.0000000000000000     
   0.0000000000000000     
   0.0000000000000000     
   0.0000000000000000     
   0.0000000000000000     
   0.0000000000000000     
   0.0000000000000000     
   0.0000000000000000     
   0.0000000000000000     
   0.0000000000000000     
   0.0000000000000000     
   0.0000000000000000     
   0.0000000000000000     
   0.0000000000000000     
   0.0000000000000000     
   0.0000000000000000     
   0.0000000000000000     
   0.0000000000000000     
   0.0000000000000000     
   0.0000000000000000     
   0.0000000000000000     
   0.0000000000000000     
   0.0000000000000000     
   0.0000000000000000     
   0.0000000000000000     
   0.0000000000000000     
   0.0000000000000000     
   0.0000000000000000     
   0.0000000000000000     
   0.0000000000000000     
   0.0000000000000000     
   0.0000000000000000     
   0.0000000000000000     
   0.0000000000000000     
   0.0000000000000000     
   0.0000000000000000     
   0.0000000000000000     
   0.0000000000000000     
   0.0000000000000000     
   0.0000000000000000     
   0.0000000000000000     
   0.0000000000000000     
   0.0000000000000000     
   0.0000000000000000     
   0.0000000000000000     
   0.0000000000000000     
   0.0000000000000000     
   0.0000000000000000     
   0.0000000000000000     
   0.0000000000000000     
   0.0000000000000000     
   0.0000000000000000     
   0.0000000000000000     
   0.0000000000000000     
   0.0000000000000000     
   0.0000000000000000     
   0.0000000000000000     
   0.0000000000000000     
   0.0000000000000000     
   0.0000000000000000     
   0.0000000000000000     
   0.0000000000000000     
   0.0000000000000000     
   0.0000000000000000     
   0.0000000000000000     
   0.0000000000000000     
   0.0000000000000000     
   0.0000000000000000     
   0.0000000000000000     
   0.0000000000000000     
   0.0000000000000000     
   0.0000000000000000     
   0.0000000000000000     
   0.0000000000000000     
   0.0000000000000000     
   0.0000000000000000     
   0.0000000000000000     
   0.0000000000000000     
   0.0000000000000000     
   0.0000000000000000     
   0.0000000000000000     
   0.0000000000000000     
   0.0000000000000000     
   0.0000000000000000     
   0.0000000000000000     
   0.0000000000000000     
   0.0000000000000000     
   0.0000000000000000     
   0.0000000000000000     
   0.0000000000000000     
   0.0000000000000000     
   0.0000000000000000     
   0.0000000000000000     
   0.0000000000000000     
   0.0000000000000000     
   0.0000000000000000     
   0.0000000000000000     
   0.0000000000000000     
   0.0000000000000000     
   0.0000000000000000     
   0.0000000000000000     
   0.0000000000000000     
   0.0000000000000000     
   0.0000000000000000     
   0.0000000000000000     
   0.0000000000000000     
   0.0000000000000000     
   0.0000000000000000     
   0.0000000000000000     
   0.0000000000000000     
   0.0000000000000000     
   0.0000000000000000     
   0.0000000000000000     
   0.0000000000000000     
   0.0000000000000000     
   0.0000000000000000     
   0.0000000000000000     
   0.0000000000000000     
   0.0000000000000000     
   0.0000000000000000     
   0.0000000000000000     
   0.0000000000000000     
   0.0000000000000000     
   0.0000000000000000     
   0.0000000000000000     
   0.0000000000000000     
   0.0000000000000000     
   0.0000000000000000     
   0.0000000000000000     
   0.0000000000000000     
   0.0000000000000000     
   0.0000000000000000     
   0.0000000000000000     
   0.0000000000000000     
   0.0000000000000000     
   0.0000000000000000     
   0.0000000000000000     
   0.0000000000000000     
   0.0000000000000000     
   0.0000000000000000     
   0.0000000000000000     
   0.0000000000000000     
   0.0000000000000000     
   0.0000000000000000     
   0.0000000000000000     
   0.0000000000000000     
   0.0000000000000000     
   0.0000000000000000     
   0.0000000000000000     
   0.0000000000000000     
   0.0000000000000000     
   0.0000000000000000     
   0.0000000000000000     
   0.0000000000000000     
   0.0000000000000000     
   0.0000000000000000     
   0.0000000000000000     
   0.0000000000000000     
   0.0000000000000000     
   0.0000000000000000     
   0.0000000000000000     
   0.0000000000000000     
   0.0000000000000000     
   0.0000000000000000     
   0.0000000000000000     
   0.0000000000000000     
   0.0000000000000000     
   0.0000000000000000     
   0.0000000000000000     
   0.0000000000000000     
   0.0000000000000000     
   0.0000000000000000     
   0.0000000000000000     
   0.0000000000000000     
   0.0000000000000000     
   0.0000000000000000     
   0.0000000000000000     
   0.0000000000000000     
   0.0000000000000000     
   0.0000000000000000     
   0.0000000000000000     
   0.0000000000000000     
   0.0000000000000000     
   0.0000000000000000     
   0.0000000000000000     
   0.0000000000000000     
   0.0000000000000000     
   0.0000000000000000     
   0.0000000000000000     
   0.0000000000000000     
   0.0000000000000000     
   0.0000000000000000     
   0.0000000000000000     
   0.0000000000000000     
   0.0000000000000000     
   0.0000000000000000     
   0.0000000000000000     
   0.0000000000000000     
   0.0000000000000000     
   0.0000000000000000     
   0.0000000000000000     
   0.0000000000000000     
   0.0000000000000000     
   0.0000000000000000     
   0.0000000000000000     
   0.0000000000000000     
   0.0000000000000000     
   0.0000000000000000     
   0.0000000000000000     
   0.0000000000000000     
   0.0000000000000000     
   0.0000000000000000     
   0.0000000000000000     
   0.0000000000000000     
   0.0000000000000000     
   0.0000000000000000     
   0.0000000000000000     
   0.0000000000000000     
   0.0000000000000000     
   0.0000000000000000     
   0.0000000000000000     
   0.0000000000000000     
   0.0000000000000000     
   0.0000000000000000     
   0.0000000000000000     
   0.0000000000000000     
   0.0000000000000000     
   0.0000000000000000     
   0.0000000000000000     
   0.0000000000000000     
   0.0000000000000000     
   0.0000000000000000     
   0.0000000000000000     
   0.0000000000000000     
   0.0000000000000000     
   0.0000000000000000     
   0.0000000000000000     
   0.0000000000000000     
   0.0000000000000000     
   0.0000000000000000     
   0.0000000000000000     
   0.0000000000000000     
   0.0000000000000000     
   0.0000000000000000     
   0.0000000000000000     
   0.0000000000000000     
   0.0000000000000000     
   0.0000000000000000     
   0.0000000000000000     
   0.0000000000000000     
   0.0000000000000000     
   0.0000000000000000     
   0.0000000000000000     
   0.0000000000000000     
   0.0000000000000000     
   0.0000000000000000     
   0.0000000000000000     
   0.0000000000000000     
   0.0000000000000000     
   0.0000000000000000     
   0.0000000000000000     
   0.0000000000000000     
   0.0000000000000000     
   0.0000000000000000     
   0.0000000000000000     
   0.0000000000000000     
   0.0000000000000000     
   0.0000000000000000     
   0.0000000000000000     
   0.0000000000000000     
   0.0000000000000000     
   0.0000000000000000     
   0.0000000000000000     
   0.0000000000000000     
   0.0000000000000000     
   0.0000000000000000     
   0.0000000000000000     
   0.0000000000000000     
   0.0000000000000000     
   0.0000000000000000     
   0.0000000000000000     
   0.0000000000000000     
   0.0000000000000000     
   0.0000000000000000     
   0.0000000000000000     
   0.0000000000000000     
   0.0000000000000000     
   0.0000000000000000     
   0.0000000000000000     
   0.0000000000000000     
   0.0000000000000000     
   0.0000000000000000     
   0.0000000000000000     
   0.0000000000000000     
   0.0000000000000000     
   0.0000000000000000     
   0.0000000000000000     
   0.0000000000000000     
   0.0000000000000000     
   0.0000000000000000     
   0.0000000000000000     
   0.0000000000000000     
   0.0000000000000000     
   0.0000000000000000     
   0.0000000000000000     
   0.0000000000000000     
   0.0000000000000000     
   0.0000000000000000     
   0.0000000000000000     
   0.0000000000000000     
   0.0000000000000000     
   0.0000000000000000     
   0.0000000000000000     
   0.0000000000000000     
   0.0000000000000000     
   0.0000000000000000     
   0.0000000000000000     
   0.0000000000000000     
   0.0000000000000000     
   0.0000000000000000     
   0.0000000000000000     
   0.0000000000000000     
   0.0000000000000000     
   0.0000000000000000     
   0.0000000000000000     
   0.0000000000000000     
   0.0000000000000000     
   0.0000000000000000     
   0.0000000000000000     
   0.0000000000000000     
   0.0000000000000000     
   0.0000000000000000     
   0.0000000000000000     
   0.0000000000000000     
   0.0000000000000000     
   0.0000000000000000     
   0.0000000000000000     
   0.0000000000000000     
   0.0000000000000000     
   0.0000000000000000     
   0.0000000000000000     
   0.0000000000000000     
   0.0000000000000000     
   0.0000000000000000     
   0.0000000000000000     
   0.0000000000000000     
   0.0000000000000000     
   0.0000000000000000     
   0.0000000000000000     
   0.0000000000000000     
   0.0000000000000000     
   0.0000000000000000     
   0.0000000000000000     
   0.0000000000000000     
   0.0000000000000000     
   0.0000000000000000     
   0.0000000000000000     
   0.0000000000000000     
   0.0000000000000000     
   0.0000000000000000     
   0.0000000000000000     
   0.0000000000000000     
   0.0000000000000000     
   0.0000000000000000     
   0.0000000000000000     
   0.0000000000000000     
   0.0000000000000000     
   0.0000000000000000     
   0.0000000000000000     
   0.0000000000000000     
   0.0000000000000000     
   0.0000000000000000     
   0.0000000000000000     
   0.0000000000000000     
   0.0000000000000000     
   0.0000000000000000     
   0.0000000000000000     
   0.0000000000000000     
   0.0000000000000000     
   0.0000000000000000     
   0.0000000000000000     
   0.0000000000000000     
   0.0000000000000000     
   0.0000000000000000     
   0.0000000000000000     
   0.0000000000000000     
   0.0000000000000000     
   0.0000000000000000     
   0.0000000000000000     
   0.0000000000000000     
   0.0000000000000000     
   0.0000000000000000     
   0.0000000000000000     
   0.0000000000000000     
   0.0000000000000000     
   0.0000000000000000     
   0.0000000000000000     
   0.0000000000000000     
   0.0000000000000000     
   0.0000000000000000     
   0.0000000000000000     
   0.0000000000000000     
   0.0000000000000000     
   0.0000000000000000     
   0.0000000000000000     
   0.0000000000000000     
   0.0000000000000000     
   0.0000000000000000     
   0.0000000000000000     
   0.0000000000000000     
   0.0000000000000000     
   0.0000000000000000     
   0.0000000000000000     
   0.0000000000000000     
   0.0000000000000000     
   0.0000000000000000     
   0.0000000000000000     
   0.0000000000000000     
   0.0000000000000000     
   0.0000000000000000     
   0.0000000000000000     
   0.0000000000000000     
   0.0000000000000000     
   0.0000000000000000     
   0.0000000000000000     
   0.0000000000000000     
   0.0000000000000000     
   0.0000000000000000     
   0.0000000000000000     
   0.0000000000000000     
   0.0000000000000000     
   0.0000000000000000     
   0.0000000000000000     
   0.0000000000000000     
   0.0000000000000000     
   0.0000000000000000     
   0.0000000000000000     
   0.0000000000000000     
   0.0000000000000000     
   0.0000000000000000     
   0.0000000000000000     
   0.0000000000000000     
   0.0000000000000000     
   0.0000000000000000     
   0.0000000000000000     
   0.0000000000000000     
   0.0000000000000000     
   0.0000000000000000     
   0.0000000000000000     
   0.0000000000000000     
   0.0000000000000000     
   0.0000000000000000     
   0.0000000000000000     
   0.0000000000000000     
   0.0000000000000000     
   0.0000000000000000     
   0.0000000000000000     
   0.0000000000000000     
   0.0000000000000000     
   0.0000000000000000     
   0.0000000000000000     
   0.0000000000000000     
   0.0000000000000000     
   0.0000000000000000     
   0.0000000000000000     
   0.0000000000000000     
   0.0000000000000000     
   0.0000000000000000     
   0.0000000000000000     
   0.0000000000000000     
   0.0000000000000000     
   0.0000000000000000     
   0.0000000000000000     
   0.0000000000000000     
   0.0000000000000000     
   0.0000000000000000     
   0.0000000000000000     
   0.0000000000000000     
   0.0000000000000000     
   0.0000000000000000     
   0.0000000000000000     
   0.0000000000000000     
   0.0000000000000000     
   0.0000000000000000     
   0.0000000000000000     
   0.0000000000000000     
   0.0000000000000000     
   0.0000000000000000     
   0.0000000000000000     
   0.0000000000000000     
   0.0000000000000000     
   0.0000000000000000     
   0.0000000000000000     
   0.0000000000000000     
   0.0000000000000000     
   0.0000000000000000     
   0.0000000000000000     
   0.0000000000000000     
   0.0000000000000000     
   0.0000000000000000     
   0.0000000000000000     
   0.0000000000000000     
   0.0000000000000000     
   0.0000000000000000     
   0.0000000000000000     
   0.0000000000000000     
   0.0000000000000000     
   0.0000000000000000     
   0.0000000000000000     
   0.0000000000000000     
   0.0000000000000000     
   0.0000000000000000     
   0.0000000000000000     
   0.0000000000000000     
   0.0000000000000000     
   0.0000000000000000     
   0.0000000000000000     
   0.0000000000000000     
   0.0000000000000000     
   0.0000000000000000     
   0.0000000000000000     
   0.0000000000000000     
   0.0000000000000000     
   0.0000000000000000     
   0.0000000000000000     
   0.0000000000000000     
   0.0000000000000000     
   0.0000000000000000     
   0.0000000000000000     
   0.0000000000000000     
   0.0000000000000000     
   0.0000000000000000     
   0.0000000000000000     
   0.0000000000000000     
   0.0000000000000000     
   0.0000000000000000     
   0.0000000000000000     
   0.0000000000000000     
   0.0000000000000000     
   0.0000000000000000     
   0.0000000000000000     
   0.0000000000000000     
   0.0000000000000000     
   0.0000000000000000     
   0.0000000000000000     
   0.0000000000000000     
   0.0000000000000000     
   0.0000000000000000     
   0.0000000000000000     
   0.0000000000000000     
   0.0000000000000000     
   0.0000000000000000     
   0.0000000000000000     
   0.0000000000000000     
   0.0000000000000000     
   0.0000000000000000     
   0.0000000000000000     
   0.0000000000000000     
   0.0000000000000000     
   0.0000000000000000     
   0.0000000000000000     
   0.0000000000000000     
   0.0000000000000000     
   0.0000000000000000     
   0.0000000000000000     
   0.0000000000000000     
   0.0000000000000000     
   0.0000000000000000     
   0.0000000000000000     
   0.0000000000000000     
   0.0000000000000000     
   0.0000000000000000     
   0.0000000000000000     
   0.0000000000000000     
   0.0000000000000000     
   0.0000000000000000     
   0.0000000000000000     
   0.0000000000000000     
   0.0000000000000000     
   0.0000000000000000     
   0.0000000000000000     
   0.0000000000000000     
   0.0000000000000000     
   0.0000000000000000     
   0.0000000000000000     
   0.0000000000000000     
   0.0000000000000000     
   0.0000000000000000     
   0.0000000000000000     
   0.0000000000000000     
   0.0000000000000000     
   0.0000000000000000     
   0.0000000000000000     
   0.0000000000000000     
   0.0000000000000000     
   0.0000000000000000     
   0.0000000000000000     
   0.0000000000000000     
   0.0000000000000000     
   0.0000000000000000     
   0.0000000000000000     
   0.0000000000000000     
   0.0000000000000000     
   0.0000000000000000     
   0.0000000000000000     
   0.0000000000000000     
   0.0000000000000000     
   0.0000000000000000     
   0.0000000000000000     
   0.0000000000000000     
   0.0000000000000000     
   0.0000000000000000     
   0.0000000000000000     
   0.0000000000000000     
   0.0000000000000000     
   0.0000000000000000     
   0.0000000000000000     
   0.0000000000000000     
   0.0000000000000000     
   0.0000000000000000     
   0.0000000000000000     
   0.0000000000000000     
   0.0000000000000000     
   0.0000000000000000     
   0.0000000000000000     
   0.0000000000000000     
   0.0000000000000000     
   0.0000000000000000     
   0.0000000000000000     
   0.0000000000000000     
   0.0000000000000000     
   0.0000000000000000     
   0.0000000000000000     
   0.0000000000000000     
   0.0000000000000000     
   0.0000000000000000     
   0.0000000000000000     
   0.0000000000000000     
   0.0000000000000000     
   0.0000000000000000     
   0.0000000000000000     
   0.0000000000000000     
   0.0000000000000000     
   0.0000000000000000     
   0.0000000000000000     
   0.0000000000000000     
   0.0000000000000000     
   0.0000000000000000     
   0.0000000000000000     
   0.0000000000000000     
   0.0000000000000000     
   0.0000000000000000     
   0.0000000000000000     
   0.0000000000000000     
   0.0000000000000000     
   0.0000000000000000     
   0.0000000000000000     
   0.0000000000000000     
   0.0000000000000000     
   0.0000000000000000     
   0.0000000000000000     
   0.0000000000000000     
   0.0000000000000000     
   0.0000000000000000     
   0.0000000000000000     
   0.0000000000000000     
   0.0000000000000000     
   0.0000000000000000     
   0.0000000000000000     
   0.0000000000000000     
   0.0000000000000000     
   0.0000000000000000     
   0.0000000000000000     
   0.0000000000000000     
   0.0000000000000000     
   0.0000000000000000     
   0.0000000000000000     
   0.0000000000000000     
   0.0000000000000000     
   0.0000000000000000     
   0.0000000000000000     
   0.0000000000000000     
   0.0000000000000000     
   0.0000000000000000     
   0.0000000000000000     
   0.0000000000000000     
   0.0000000000000000     
   0.0000000000000000     
   0.0000000000000000     
   0.0000000000000000     
   0.0000000000000000     
   0.0000000000000000     
   0.0000000000000000     
   0.0000000000000000     
   0.0000000000000000     
   0.0000000000000000     
   0.0000000000000000     
   0.0000000000000000     
   0.0000000000000000     
   0.0000000000000000     
   0.0000000000000000     
   0.0000000000000000     
   0.0000000000000000     
   0.0000000000000000     
   0.0000000000000000     
   0.0000000000000000     
   0.0000000000000000     
   0.0000000000000000     
   0.0000000000000000     
   0.0000000000000000     
   0.0000000000000000     
   0.0000000000000000     
   0.0000000000000000     
   0.0000000000000000     
   0.0000000000000000     
   0.0000000000000000     
   0.0000000000000000     
   0.0000000000000000     
   0.0000000000000000     
   0.0000000000000000     
   0.0000000000000000     
   0.0000000000000000     
   0.0000000000000000     
   0.0000000000000000     
   0.0000000000000000     
   0.0000000000000000     
   0.0000000000000000     
   0.0000000000000000     
   0.0000000000000000     
   0.0000000000000000     
   0.0000000000000000     
   0.0000000000000000     
   0.0000000000000000     
   0.0000000000000000     
   0.0000000000000000     
   0.0000000000000000     
   0.0000000000000000     
   0.0000000000000000     
   0.0000000000000000     
   0.0000000000000000     
   0.0000000000000000     
   0.0000000000000000     
   0.0000000000000000     
   0.0000000000000000     
   0.0000000000000000     
   0.0000000000000000     
   0.0000000000000000     
   0.0000000000000000     
   0.0000000000000000     
   0.0000000000000000     
   0.0000000000000000     
   0.0000000000000000     
   0.0000000000000000     
   0.0000000000000000     
   0.0000000000000000     
   0.0000000000000000     
   0.0000000000000000     
   0.0000000000000000     
   0.0000000000000000     
   0.0000000000000000     
   0.0000000000000000     
   0.0000000000000000     
   0.0000000000000000     
   0.0000000000000000     
   0.0000000000000000     
   0.0000000000000000     
   0.0000000000000000     
   0.0000000000000000     
   0.0000000000000000     
   0.0000000000000000     
   0.0000000000000000     
   0.0000000000000000     
   0.0000000000000000     
   0.0000000000000000     
   0.0000000000000000     
   0.0000000000000000     
   0.0000000000000000     
   0.0000000000000000     
   0.0000000000000000     
   0.0000000000000000     
   0.0000000000000000     
   0.0000000000000000     
   0.0000000000000000     
   0.0000000000000000     
   0.0000000000000000     
   0.0000000000000000     
   0.0000000000000000     
   0.0000000000000000     
   0.0000000000000000     
   0.0000000000000000     
   0.0000000000000000     
   0.0000000000000000     
   0.0000000000000000     
   0.0000000000000000     
   0.0000000000000000     
   0.0000000000000000     
   0.0000000000000000     
   0.0000000000000000     
   0.0000000000000000     
   0.0000000000000000     
   0.0000000000000000     
   0.0000000000000000     
   0.0000000000000000     
   0.0000000000000000     
   0.0000000000000000     
   0.0000000000000000     
   0.0000000000000000     
   0.0000000000000000     
   0.0000000000000000     
   0.0000000000000000     
   0.0000000000000000     
   0.0000000000000000     
   0.0000000000000000     
   0.0000000000000000     
   0.0000000000000000     
   0.0000000000000000     
   0.0000000000000000     
   0.0000000000000000     
   0.0000000000000000     
   0.0000000000000000     
   0.0000000000000000     
   0.0000000000000000     
   0.0000000000000000     
   0.0000000000000000     
   0.0000000000000000     
   0.0000000000000000     
   0.0000000000000000     
   0.0000000000000000     
   0.0000000000000000     
   0.0000000000000000     
   0.0000000000000000     
   0.0000000000000000     
   0.0000000000000000     
   0.0000000000000000     
   0.0000000000000000     
   0.0000000000000000     
   0.0000000000000000     
   0.0000000000000000     
   0.0000000000000000     
   0.0000000000000000     
   0.0000000000000000     
   0.0000000000000000     
   0.0000000000000000     
   0.0000000000000000     
   0.0000000000000000     
   0.0000000000000000     
   0.0000000000000000     
   0.0000000000000000     
   0.0000000000000000     
   0.0000000000000000     
   0.0000000000000000     
   0.0000000000000000     
   0.0000000000000000     
   0.0000000000000000     
   0.0000000000000000     
   0.0000000000000000     
   0.0000000000000000     
   0.0000000000000000     
   0.0000000000000000     
   0.0000000000000000     
   0.0000000000000000     
   0.0000000000000000     
   0.0000000000000000     
   0.0000000000000000     
   0.0000000000000000     
   0.0000000000000000     
   0.0000000000000000     
   0.0000000000000000     
   0.0000000000000000     
   0.0000000000000000     
   0.0000000000000000     
   0.0000000000000000     
   0.0000000000000000     
   0.0000000000000000     
   0.0000000000000000     
   0.0000000000000000     
   0.0000000000000000     
   0.0000000000000000     
   0.0000000000000000     
   0.0000000000000000     
   0.0000000000000000     
   0.0000000000000000     
   0.0000000000000000     
   0.0000000000000000     
   0.0000000000000000     
   0.0000000000000000     
   0.0000000000000000     
   0.0000000000000000     
   0.0000000000000000     
   0.0000000000000000     
   0.0000000000000000     
   0.0000000000000000     
   0.0000000000000000     
   0.0000000000000000     
   0.0000000000000000     
   0.0000000000000000     
   0.0000000000000000     
   0.0000000000000000     
   0.0000000000000000     
   0.0000000000000000     
   0.0000000000000000     
   0.0000000000000000     
   0.0000000000000000     
   0.0000000000000000     
   0.0000000000000000     
   0.0000000000000000     
   0.0000000000000000     
   0.0000000000000000     
   0.0000000000000000     
   0.0000000000000000     
   0.0000000000000000     
   0.0000000000000000     
   0.0000000000000000     
   0.0000000000000000     
   0.0000000000000000     
   0.0000000000000000     
   0.0000000000000000     
   0.0000000000000000     
   0.0000000000000000     
   0.0000000000000000     
   0.0000000000000000     
   0.0000000000000000     
   0.0000000000000000     
   0.0000000000000000     
   0.0000000000000000     
   0.0000000000000000     
   0.0000000000000000     
   0.0000000000000000     
   0.0000000000000000     
   0.0000000000000000     
   0.0000000000000000     
   0.0000000000000000     
   0.0000000000000000     
   0.0000000000000000     
   0.0000000000000000     
   0.0000000000000000     
   0.0000000000000000     
   0.0000000000000000     
   0.0000000000000000     
   0.0000000000000000     
   0.0000000000000000     
   0.0000000000000000     
   0.0000000000000000     
   0.0000000000000000     
   0.0000000000000000     
   0.0000000000000000     
   0.0000000000000000     
   0.0000000000000000     
   0.0000000000000000     
   0.0000000000000000     
   0.0000000000000000     
   0.0000000000000000     
   0.0000000000000000     
   0.0000000000000000     
   0.0000000000000000     
   0.0000000000000000     
   0.0000000000000000     
   0.0000000000000000     
   0.0000000000000000     
   0.0000000000000000     
   0.0000000000000000     
   0.0000000000000000     
   0.0000000000000000     
   0.0000000000000000     
   0.0000000000000000     
   0.0000000000000000     
   0.0000000000000000     
   0.0000000000000000     
   0.0000000000000000     
   0.0000000000000000     
   0.0000000000000000     
   0.0000000000000000     
   0.0000000000000000     
   0.0000000000000000     
   0.0000000000000000     
   0.0000000000000000     
   0.0000000000000000     
   0.0000000000000000     
   0.0000000000000000     
   0.0000000000000000     
   0.0000000000000000     
   0.0000000000000000     
   0.0000000000000000     
   0.0000000000000000     
   0.0000000000000000     
   0.0000000000000000     
   0.0000000000000000     
   0.0000000000000000     
   0.0000000000000000     
   0.0000000000000000     
   0.0000000000000000     
   0.0000000000000000     
   0.0000000000000000     
   0.0000000000000000     
   0.0000000000000000     
   0.0000000000000000     
   0.0000000000000000     
   0.0000000000000000     
   0.0000000000000000     
   0.0000000000000000     
   0.0000000000000000     
   0.0000000000000000     
   0.0000000000000000     
   0.0000000000000000     
   0.0000000000000000     
   0.0000000000000000     
   0.0000000000000000     
   0.0000000000000000     
   0.0000000000000000     
   0.0000000000000000     
   0.0000000000000000     
   0.0000000000000000     
   0.0000000000000000     
   0.0000000000000000     
   0.0000000000000000     
   0.0000000000000000     
   0.0000000000000000     
   0.0000000000000000     
   0.0000000000000000     
   0.0000000000000000     
   0.0000000000000000     
   0.0000000000000000     
   0.0000000000000000     
   0.0000000000000000     
   0.0000000000000000     
   0.0000000000000000     
   0.0000000000000000     
   0.0000000000000000     
   0.0000000000000000     
   0.0000000000000000     
   0.0000000000000000     
   0.0000000000000000     
   0.0000000000000000     
   0.0000000000000000     
   0.0000000000000000     
   0.0000000000000000     
   0.0000000000000000     
   0.0000000000000000     
   0.0000000000000000     
   0.0000000000000000     
   0.0000000000000000     
   0.0000000000000000     
   0.0000000000000000     
   0.0000000000000000     
   0.0000000000000000     
   0.0000000000000000     
   0.0000000000000000     
   0.0000000000000000     
   0.0000000000000000     
   0.0000000000000000     
   0.0000000000000000     
   0.0000000000000000     
   0.0000000000000000     
   0.0000000000000000     
   0.0000000000000000     
   0.0000000000000000     
   0.0000000000000000     
   0.0000000000000000     
   0.0000000000000000     
   0.0000000000000000     
   0.0000000000000000     
   0.0000000000000000     
   0.0000000000000000     
   0.0000000000000000     
   0.0000000000000000     
   0.0000000000000000     
   0.0000000000000000     
   0.0000000000000000     
   0.0000000000000000     
   0.0000000000000000     
   0.0000000000000000     
   0.0000000000000000     
   0.0000000000000000     
   0.0000000000000000     
   0.0000000000000000     
   0.0000000000000000     
   0.0000000000000000     
   0.0000000000000000     
   0.0000000000000000     
   0.0000000000000000     
   0.0000000000000000     
   0.0000000000000000     
   0.0000000000000000     
   0.0000000000000000     
   0.0000000000000000     
   0.0000000000000000     
   0.0000000000000000     
   0.0000000000000000     
   0.0000000000000000     
   0.0000000000000000     
   0.0000000000000000     
   0.0000000000000000     
   0.0000000000000000     
   0.0000000000000000     
   0.0000000000000000     
   0.0000000000000000     
   0.0000000000000000     
   0.0000000000000000     
   0.0000000000000000     
   0.0000000000000000     
   0.0000000000000000     
   0.0000000000000000     
   0.0000000000000000     
   0.0000000000000000     
   0.0000000000000000     
   0.0000000000000000     
   0.0000000000000000     
   0.0000000000000000     
   0.0000000000000000     
   0.0000000000000000     
   0.0000000000000000     
   0.0000000000000000     
   0.0000000000000000     
   0.0000000000000000     
   0.0000000000000000     
   0.0000000000000000     
   0.0000000000000000     
   0.0000000000000000     
   0.0000000000000000     
   0.0000000000000000     
   0.0000000000000000     
   0.0000000000000000     
   0.0000000000000000     
   0.0000000000000000     
   0.0000000000000000     
   0.0000000000000000     
   0.0000000000000000     
   0.0000000000000000     
   0.0000000000000000     
   0.0000000000000000     
   0.0000000000000000     
   0.0000000000000000     
   0.0000000000000000     
   0.0000000000000000     
   0.0000000000000000     
   0.0000000000000000     
   0.0000000000000000     
   0.0000000000000000     
   0.0000000000000000     
   0.0000000000000000     
   0.0000000000000000     
   0.0000000000000000     
   0.0000000000000000     
   0.0000000000000000     
   0.0000000000000000     
   0.0000000000000000     
   0.0000000000000000     
   0.0000000000000000     
   0.0000000000000000     
   0.0000000000000000     
   0.0000000000000000     
   0.0000000000000000     
   0.0000000000000000     
   0.0000000000000000     
   0.0000000000000000     
   0.0000000000000000     
   0.0000000000000000     
   0.0000000000000000     
   0.0000000000000000     
   0.0000000000000000     
   0.0000000000000000     
   0.0000000000000000     
   0.0000000000000000     
   0.0000000000000000     
   0.0000000000000000     
   0.0000000000000000     
   0.0000000000000000     
   0.0000000000000000     
   0.0000000000000000     
   0.0000000000000000     
   0.0000000000000000     
   0.0000000000000000     
   0.0000000000000000     
   0.0000000000000000     
   0.0000000000000000     
   0.0000000000000000     
   0.0000000000000000     
   0.0000000000000000     
   0.0000000000000000     
   0.0000000000000000     
   0.0000000000000000     
   0.0000000000000000     
   0.0000000000000000     
   0.0000000000000000     
   0.0000000000000000     
   0.0000000000000000     
   0.0000000000000000     
   0.0000000000000000     
   0.0000000000000000     
   0.0000000000000000     
   0.0000000000000000     
   0.0000000000000000     
   0.0000000000000000     
   0.0000000000000000     
   0.0000000000000000     
   0.0000000000000000     
   0.0000000000000000     
   0.0000000000000000     
   0.0000000000000000     
   0.0000000000000000     
   0.0000000000000000     
   0.0000000000000000     
   0.0000000000000000     
   0.0000000000000000     
   0.0000000000000000     
   0.0000000000000000     
   0.0000000000000000     
   0.0000000000000000     
   0.0000000000000000     
   0.0000000000000000     
   0.0000000000000000     
   0.0000000000000000     
   0.0000000000000000     
   0.0000000000000000     
   0.0000000000000000     
   0.0000000000000000     
   0.0000000000000000     
   0.0000000000000000     
   0.0000000000000000     
   0.0000000000000000     
   0.0000000000000000     
   0.0000000000000000     
   0.0000000000000000     
   0.0000000000000000     
   0.0000000000000000     
   0.0000000000000000     
   0.0000000000000000     
   0.0000000000000000     
   0.0000000000000000     
   0.0000000000000000     
   0.0000000000000000     
   0.0000000000000000     
   0.0000000000000000     
   0.0000000000000000     
   0.0000000000000000     
   0.0000000000000000     
   0.0000000000000000     
   0.0000000000000000     
   0.0000000000000000     
   0.0000000000000000     
   0.0000000000000000     
   0.0000000000000000     
   0.0000000000000000     
   0.0000000000000000     
   0.0000000000000000     
   0.0000000000000000     
   0.0000000000000000     
   0.0000000000000000     
   0.0000000000000000     
   0.0000000000000000     
   0.0000000000000000     
   0.0000000000000000     
   0.0000000000000000     
   0.0000000000000000     
   0.0000000000000000     
   0.0000000000000000     
   0.0000000000000000     
   0.0000000000000000     
   0.0000000000000000     
   0.0000000000000000     
   0.0000000000000000     
   0.0000000000000000     
   0.0000000000000000     
   0.0000000000000000     
   0.0000000000000000     
   0.0000000000000000     
   0.0000000000000000     
   0.0000000000000000     
   0.0000000000000000     
   0.0000000000000000     
   0.0000000000000000     
   0.0000000000000000     
   0.0000000000000000     
   0.0000000000000000     
   0.0000000000000000     
   0.0000000000000000     
   0.0000000000000000     
   0.0000000000000000     
   0.0000000000000000     
   0.0000000000000000     
   0.0000000000000000     
   0.0000000000000000     
   0.0000000000000000     
   0.0000000000000000     
   0.0000000000000000     
   0.0000000000000000     
   0.0000000000000000     
   0.0000000000000000     
   0.0000000000000000     
   0.0000000000000000     
   0.0000000000000000     
   0.0000000000000000     
   0.0000000000000000     
   0.0000000000000000     
   0.0000000000000000     
   0.0000000000000000     
   0.0000000000000000     
   0.0000000000000000     
   0.0000000000000000     
   0.0000000000000000     
   0.0000000000000000     
   0.0000000000000000     
   0.0000000000000000     
   0.0000000000000000     
   0.0000000000000000     
   0.0000000000000000     
   0.0000000000000000     
   0.0000000000000000     
   0.0000000000000000     
   0.0000000000000000     
   0.0000000000000000     
   0.0000000000000000     
   0.0000000000000000     
   0.0000000000000000     
   0.0000000000000000     
   0.0000000000000000     
   0.0000000000000000     
   0.0000000000000000     
   0.0000000000000000     
   0.0000000000000000     
   0.0000000000000000     
   0.0000000000000000     
   0.0000000000000000     
   0.0000000000000000     
   0.0000000000000000     
   0.0000000000000000     
   0.0000000000000000     
   0.0000000000000000     
   0.0000000000000000     
   0.0000000000000000     
   0.0000000000000000     
   0.0000000000000000     
   0.0000000000000000     
   0.0000000000000000     
   0.0000000000000000     
   0.0000000000000000     
   0.0000000000000000     
   0.0000000000000000     
   0.0000000000000000     
   0.0000000000000000     
   0.0000000000000000     
   0.0000000000000000     
   0.0000000000000000     
   0.0000000000000000     
   0.0000000000000000     
   0.0000000000000000     
   0.0000000000000000     
   0.0000000000000000     
   0.0000000000000000     
   0.0000000000000000     
   0.0000000000000000     
   0.0000000000000000     
   0.0000000000000000     
   0.0000000000000000     
   0.0000000000000000     
   0.0000000000000000     
   0.0000000000000000     
   0.0000000000000000     
   0.0000000000000000     
   0.0000000000000000     
   0.0000000000000000     
   0.0000000000000000     
   0.0000000000000000     
   0.0000000000000000     
   0.0000000000000000     
   0.0000000000000000     
   0.0000000000000000     
   0.0000000000000000     
   0.0000000000000000     
   0.0000000000000000     
   0.0000000000000000     
   0.0000000000000000     
   0.0000000000000000     
   0.0000000000000000     
   0.0000000000000000     
   0.0000000000000000     
   0.0000000000000000     
   0.0000000000000000     
   0.0000000000000000     
   0.0000000000000000     
   0.0000000000000000     
   0.0000000000000000     
   0.0000000000000000     
   0.0000000000000000     
   0.0000000000000000     
   0.0000000000000000     
   0.0000000000000000     
   0.0000000000000000     
   0.0000000000000000     
   0.0000000000000000     
   0.0000000000000000     
   0.0000000000000000     
   0.0000000000000000     
   0.0000000000000000     
   0.0000000000000000     
   0.0000000000000000     
   0.0000000000000000     
   0.0000000000000000     
   0.0000000000000000     
   0.0000000000000000     
   0.0000000000000000     
   0.0000000000000000     
   0.0000000000000000     
   0.0000000000000000     
   0.0000000000000000     
   0.0000000000000000     
   0.0000000000000000     
   0.0000000000000000     
   0.0000000000000000     
   0.0000000000000000     
   0.0000000000000000     
   0.0000000000000000     
   0.0000000000000000     
   0.0000000000000000     
   0.0000000000000000     
   0.0000000000000000     
   0.0000000000000000     
   0.0000000000000000     
   0.0000000000000000     
   0.0000000000000000     
   0.0000000000000000     
   0.0000000000000000     
   0.0000000000000000     
   0.0000000000000000     
   0.0000000000000000     
   0.0000000000000000     
   0.0000000000000000     
   0.0000000000000000     
   0.0000000000000000     
   0.0000000000000000     
   0.0000000000000000     
   0.0000000000000000     
   0.0000000000000000     
   0.0000000000000000     
   0.0000000000000000     
   0.0000000000000000     
   0.0000000000000000     
   0.0000000000000000     
   0.0000000000000000     
   0.0000000000000000     
   0.0000000000000000     
   0.0000000000000000     
   0.0000000000000000     
   0.0000000000000000     
   0.0000000000000000     
   0.0000000000000000     
   0.0000000000000000     
   0.0000000000000000     
   0.0000000000000000     
   0.0000000000000000     
   0.0000000000000000     
   0.0000000000000000     
   0.0000000000000000     
   0.0000000000000000     
   0.0000000000000000     
   0.0000000000000000     
   0.0000000000000000     
   0.0000000000000000     
   0.0000000000000000     
   0.0000000000000000     
   0.0000000000000000     
   0.0000000000000000     
   0.0000000000000000     
   0.0000000000000000     
   0.0000000000000000     
   0.0000000000000000     
   0.0000000000000000     
   0.0000000000000000     
   0.0000000000000000     
   0.0000000000000000     
   0.0000000000000000     
   0.0000000000000000     
   0.0000000000000000     
   0.0000000000000000     
   0.0000000000000000     
   0.0000000000000000     
   0.0000000000000000     
   0.0000000000000000     
   0.0000000000000000     
   0.0000000000000000     
   0.0000000000000000     
   0.0000000000000000     
   0.0000000000000000     
   0.0000000000000000     
   0.0000000000000000     
   0.0000000000000000     
   0.0000000000000000     
   0.0000000000000000     
   0.0000000000000000     
   0.0000000000000000     
   0.0000000000000000     
   0.0000000000000000     
   0.0000000000000000     
   0.0000000000000000     
   0.0000000000000000     
   0.0000000000000000     
   0.0000000000000000     
   0.0000000000000000     
   0.0000000000000000     
   0.0000000000000000     
   0.0000000000000000     
   0.0000000000000000     
   0.0000000000000000     
   0.0000000000000000     
   0.0000000000000000     
   0.0000000000000000     
   0.0000000000000000     
   0.0000000000000000     
   0.0000000000000000     
   0.0000000000000000     
   0.0000000000000000     
   0.0000000000000000     
   0.0000000000000000     
   0.0000000000000000     
   0.0000000000000000     
   0.0000000000000000     
   0.0000000000000000     
   0.0000000000000000     
   0.0000000000000000     
   0.0000000000000000     
   0.0000000000000000     
   0.0000000000000000     
   0.0000000000000000     
   0.0000000000000000     
   0.0000000000000000     
   0.0000000000000000     
   0.0000000000000000     
   0.0000000000000000     
   0.0000000000000000     
   0.0000000000000000     
   0.0000000000000000     
   0.0000000000000000     
   0.0000000000000000     
   0.0000000000000000     
   0.0000000000000000     
   0.0000000000000000     
   0.0000000000000000     
   0.0000000000000000     
   0.0000000000000000     
   0.0000000000000000     
   0.0000000000000000     
   0.0000000000000000     
   0.0000000000000000     
   0.0000000000000000     
   0.0000000000000000     
   0.0000000000000000     
   0.0000000000000000     
   0.0000000000000000     
   0.0000000000000000     
   0.0000000000000000     
   0.0000000000000000     
   0.0000000000000000     
   0.0000000000000000     
   0.0000000000000000     
   0.0000000000000000     
   0.0000000000000000     
   0.0000000000000000     
   0.0000000000000000     
   0.0000000000000000     
   0.0000000000000000     
   0.0000000000000000     
   0.0000000000000000     
   0.0000000000000000     
   0.0000000000000000     
   0.0000000000000000     
   0.0000000000000000     
   0.0000000000000000     
   0.0000000000000000     
   0.0000000000000000     
   0.0000000000000000     
   0.0000000000000000     
   0.0000000000000000     
   0.0000000000000000     
   0.0000000000000000     
   0.0000000000000000     
   0.0000000000000000     
   0.0000000000000000     
   0.0000000000000000     
   0.0000000000000000     
   0.0000000000000000     
   0.0000000000000000     
   0.0000000000000000     
   0.0000000000000000     
   0.0000000000000000     
   0.0000000000000000     
   0.0000000000000000     
   0.0000000000000000     
   0.0000000000000000     
   0.0000000000000000     
   0.0000000000000000     
   0.0000000000000000     
   0.0000000000000000     
   0.0000000000000000     
   0.0000000000000000     
   0.0000000000000000     
   0.0000000000000000     
   0.0000000000000000     
   0.0000000000000000     
   0.0000000000000000     
   0.0000000000000000     
   0.0000000000000000     
   0.0000000000000000     
   0.0000000000000000     
   0.0000000000000000     
   0.0000000000000000     
   0.0000000000000000     
   0.0000000000000000     
   0.0000000000000000     
   0.0000000000000000     
   0.0000000000000000     
   0.0000000000000000     
   0.0000000000000000     
   0.0000000000000000     
   0.0000000000000000     
   0.0000000000000000     
   0.0000000000000000     
   0.0000000000000000     
   0.0000000000000000     
   0.0000000000000000     
   0.0000000000000000     
   0.0000000000000000     
   0.0000000000000000     
   0.0000000000000000     
   0.0000000000000000     
   0.0000000000000000     
   0.0000000000000000     
   0.0000000000000000     
   0.0000000000000000     
   0.0000000000000000     
   0.0000000000000000     
   0.0000000000000000     
   0.0000000000000000     
   0.0000000000000000     
   0.0000000000000000     
   0.0000000000000000     
   0.0000000000000000     
   0.0000000000000000     
   0.0000000000000000     
   0.0000000000000000     
   0.0000000000000000     
   0.0000000000000000     
   0.0000000000000000     
   0.0000000000000000     
   0.0000000000000000     
   0.0000000000000000     
   0.0000000000000000     
   0.0000000000000000     
   0.0000000000000000     
   0.0000000000000000     
   0.0000000000000000     
   0.0000000000000000     
   0.0000000000000000     
   0.0000000000000000     
   0.0000000000000000     
   0.0000000000000000     
   0.0000000000000000     
   0.0000000000000000     
   0.0000000000000000     
   0.0000000000000000     
   0.0000000000000000     
   0.0000000000000000     
   0.0000000000000000     
   0.0000000000000000     
   0.0000000000000000     
   0.0000000000000000     
   0.0000000000000000     
   0.0000000000000000     
   0.0000000000000000     
   0.0000000000000000     
   0.0000000000000000     
   0.0000000000000000     
   0.0000000000000000     
   0.0000000000000000     
   0.0000000000000000     
   0.0000000000000000     
   0.0000000000000000     
   0.0000000000000000     
   0.0000000000000000     
   0.0000000000000000     
   0.0000000000000000     
   0.0000000000000000     
   0.0000000000000000     
   0.0000000000000000     
   0.0000000000000000     
   0.0000000000000000     
   0.0000000000000000     
   0.0000000000000000     
   0.0000000000000000     
   0.0000000000000000     
   0.0000000000000000     
   0.0000000000000000     
   0.0000000000000000     
   0.0000000000000000     
   0.0000000000000000     
   0.0000000000000000     
   0.0000000000000000     
   0.0000000000000000     
   0.0000000000000000     
   0.0000000000000000     
   0.0000000000000000     
   0.0000000000000000     
   0.0000000000000000     
   0.0000000000000000     
   0.0000000000000000     
   0.0000000000000000     
   0.0000000000000000     
   0.0000000000000000     
   0.0000000000000000     
   0.0000000000000000     
   0.0000000000000000     
   0.0000000000000000     
   0.0000000000000000     
   0.0000000000000000     
   0.0000000000000000     
   0.0000000000000000     
   0.0000000000000000     
   0.0000000000000000     
   0.0000000000000000     
   0.0000000000000000     
   0.0000000000000000     
   0.0000000000000000     
   0.0000000000000000     
   0.0000000000000000     
   0.0000000000000000     
   0.0000000000000000     
   0.0000000000000000     
   0.0000000000000000     
   0.0000000000000000     
   0.0000000000000000     
   0.0000000000000000     
   0.0000000000000000     
   0.0000000000000000     
   0.0000000000000000     
   0.0000000000000000     
   0.0000000000000000     
   0.0000000000000000     
   0.0000000000000000     
   0.0000000000000000     
   0.0000000000000000     
   0.0000000000000000     
   0.0000000000000000     
   0.0000000000000000     
   0.0000000000000000     
   0.0000000000000000     
   0.0000000000000000     
   0.0000000000000000     
   0.0000000000000000     
   0.0000000000000000     
   0.0000000000000000     
   0.0000000000000000     
   0.0000000000000000     
   0.0000000000000000     
   0.0000000000000000     
   0.0000000000000000     
   0.0000000000000000     
   0.0000000000000000     
   0.0000000000000000     
   0.0000000000000000     
   0.0000000000000000     
   0.0000000000000000     
   0.0000000000000000     
   0.0000000000000000     
   0.0000000000000000     
   0.0000000000000000     
   0.0000000000000000     
   0.0000000000000000     
   0.0000000000000000     
   0.0000000000000000     
   0.0000000000000000     
   0.0000000000000000     
   0.0000000000000000     
   0.0000000000000000     
   0.0000000000000000     
   0.0000000000000000     
   0.0000000000000000     
   0.0000000000000000     
   0.0000000000000000     
   0.0000000000000000     
   0.0000000000000000     
   0.0000000000000000     
   0.0000000000000000     
   0.0000000000000000     
   0.0000000000000000     
   0.0000000000000000     
   0.0000000000000000     
   0.0000000000000000     
   0.0000000000000000     
   0.0000000000000000     
   0.0000000000000000     
   0.0000000000000000     
   0.0000000000000000     
   0.0000000000000000     
   0.0000000000000000     
   0.0000000000000000     
   0.0000000000000000     
   0.0000000000000000     
   0.0000000000000000     
   0.0000000000000000     
   0.0000000000000000     
   0.0000000000000000     
   0.0000000000000000     
   0.0000000000000000     
   0.0000000000000000     
   0.0000000000000000     
   0.0000000000000000     
   0.0000000000000000     
   0.0000000000000000     
   0.0000000000000000     
   0.0000000000000000     
   0.0000000000000000     
   0.0000000000000000     
   0.0000000000000000     
   0.0000000000000000     
   0.0000000000000000     
   0.0000000000000000     
   0.0000000000000000     
   0.0000000000000000     
   0.0000000000000000     
   0.0000000000000000     
   0.0000000000000000     
   0.0000000000000000     
   0.0000000000000000     
   0.0000000000000000     
   0.0000000000000000     
   0.0000000000000000     
   0.0000000000000000     
   0.0000000000000000     
   0.0000000000000000     
   0.0000000000000000     
   0.0000000000000000     
   0.0000000000000000     
   0.0000000000000000     
   0.0000000000000000     
   0.0000000000000000     
   0.0000000000000000     
   0.0000000000000000     
   0.0000000000000000     
   0.0000000000000000     
   0.0000000000000000     
   0.0000000000000000     
   0.0000000000000000     
   0.0000000000000000     
   0.0000000000000000     
   0.0000000000000000     
   0.0000000000000000     
   0.0000000000000000     
   0.0000000000000000     
   0.0000000000000000     
   0.0000000000000000     
   0.0000000000000000     
   0.0000000000000000     
   0.0000000000000000     
   0.0000000000000000     
   0.0000000000000000     
   0.0000000000000000     
   0.0000000000000000     
   0.0000000000000000     
   0.0000000000000000     
   0.0000000000000000     
   0.0000000000000000     
   0.0000000000000000     
   0.0000000000000000     
   0.0000000000000000     
   0.0000000000000000     
   0.0000000000000000     
   0.0000000000000000     
   0.0000000000000000     
   0.0000000000000000     
   0.0000000000000000     
   0.0000000000000000     
   0.0000000000000000     
   0.0000000000000000     
   0.0000000000000000     
   0.0000000000000000     
   0.0000000000000000     
   0.0000000000000000     
   0.0000000000000000     
   0.0000000000000000     
   0.0000000000000000     
   0.0000000000000000     
   0.0000000000000000     
   0.0000000000000000     
   0.0000000000000000     
   0.0000000000000000     
   0.0000000000000000     
   0.0000000000000000     
   0.0000000000000000     
   0.0000000000000000     
   0.0000000000000000     
   0.0000000000000000     
   0.0000000000000000     
   0.0000000000000000     
   0.0000000000000000     
   0.0000000000000000     
   0.0000000000000000     
   0.0000000000000000     
   0.0000000000000000     
   0.0000000000000000     
   0.0000000000000000     
   0.0000000000000000     
   0.0000000000000000     
   0.0000000000000000     
   0.0000000000000000     
   0.0000000000000000     
   0.0000000000000000     
   0.0000000000000000     
   0.0000000000000000     
   0.0000000000000000     
   0.0000000000000000     
   0.0000000000000000     
   0.0000000000000000     
   0.0000000000000000     
   0.0000000000000000     
   0.0000000000000000     
   0.0000000000000000     
   0.0000000000000000     
   0.0000000000000000     
   0.0000000000000000     
   0.0000000000000000     
   0.0000000000000000     
   0.0000000000000000     
   0.0000000000000000     
   0.0000000000000000     
   0.0000000000000000     
   0.0000000000000000     
   0.0000000000000000     
   0.0000000000000000     
   0.0000000000000000     
   0.0000000000000000     
   0.0000000000000000     
   0.0000000000000000     
   0.0000000000000000     
   0.0000000000000000     
   0.0000000000000000     
   0.0000000000000000     
   0.0000000000000000     
   0.0000000000000000     
   0.0000000000000000     
   0.0000000000000000     
   0.0000000000000000     
   0.0000000000000000     
   0.0000000000000000     
   0.0000000000000000     
   0.0000000000000000     
   0.0000000000000000     
   0.0000000000000000     
   0.0000000000000000     
   0.0000000000000000     
   0.0000000000000000     
   0.0000000000000000     
   0.0000000000000000     
   0.0000000000000000     
   0.0000000000000000     
   0.0000000000000000     
   0.0000000000000000     
   0.0000000000000000     
   0.0000000000000000     
   0.0000000000000000     
   0.0000000000000000     
   0.0000000000000000     
   0.0000000000000000     
   0.0000000000000000     
   0.0000000000000000     
   0.0000000000000000     
   0.0000000000000000     
   0.0000000000000000     
   0.0000000000000000     
   0.0000000000000000     
   0.0000000000000000     
   0.0000000000000000     
   0.0000000000000000     
   0.0000000000000000     
   0.0000000000000000     
   0.0000000000000000     
   0.0000000000000000     
   0.0000000000000000     
   0.0000000000000000     
   0.0000000000000000     
   0.0000000000000000     
   0.0000000000000000     
   0.0000000000000000     
   0.0000000000000000     
   0.0000000000000000     
   0.0000000000000000     
   0.0000000000000000     
   0.0000000000000000     
   0.0000000000000000     
   0.0000000000000000     
   0.0000000000000000     
   0.0000000000000000     
   0.0000000000000000     
   0.0000000000000000     
   0.0000000000000000     
   0.0000000000000000     
   0.0000000000000000     
   0.0000000000000000     
   0.0000000000000000     
   0.0000000000000000     
   0.0000000000000000     
   0.0000000000000000     
   0.0000000000000000     
   0.0000000000000000     
   0.0000000000000000     
   0.0000000000000000     
   0.0000000000000000     
   0.0000000000000000     
   0.0000000000000000     
   0.0000000000000000     
   0.0000000000000000     
   0.0000000000000000     
   0.0000000000000000     
   0.0000000000000000     
   0.0000000000000000     
   0.0000000000000000     
   0.0000000000000000     
   0.0000000000000000     
   0.0000000000000000     
   0.0000000000000000     
   0.0000000000000000     
   0.0000000000000000     
   0.0000000000000000     
   0.0000000000000000     
   0.0000000000000000     
   0.0000000000000000     
   0.0000000000000000     
   0.0000000000000000     
   0.0000000000000000     
   0.0000000000000000     
   0.0000000000000000     
   0.0000000000000000     
   0.0000000000000000     
   0.0000000000000000     
   0.0000000000000000     
   0.0000000000000000     
   0.0000000000000000     
   0.0000000000000000     
   0.0000000000000000     
   0.0000000000000000     
   0.0000000000000000     
   0.0000000000000000     
   0.0000000000000000     
   0.0000000000000000     
   0.0000000000000000     
   0.0000000000000000     
   0.0000000000000000     
   0.0000000000000000     
   0.0000000000000000     
   0.0000000000000000     
   0.0000000000000000     
   0.0000000000000000     
   0.0000000000000000     
   0.0000000000000000     
   0.0000000000000000     
   0.0000000000000000     
   0.0000000000000000     
   0.0000000000000000     
   0.0000000000000000     
   0.0000000000000000     
   0.0000000000000000     
   0.0000000000000000     
   0.0000000000000000     
   0.0000000000000000     
   0.0000000000000000     
   0.0000000000000000     
   0.0000000000000000     
   0.0000000000000000     
   0.0000000000000000     
   0.0000000000000000     
   0.0000000000000000     
   0.0000000000000000     
   0.0000000000000000     
   0.0000000000000000     
   0.0000000000000000     
   0.0000000000000000     
   0.0000000000000000     
   0.0000000000000000     
   0.0000000000000000     
   0.0000000000000000     
   0.0000000000000000     
   0.0000000000000000     
   0.0000000000000000     
   0.0000000000000000     
   0.0000000000000000     
   0.0000000000000000     
   0.0000000000000000     
   0.0000000000000000     
   0.0000000000000000     
   0.0000000000000000     
   0.0000000000000000     
   0.0000000000000000     
   0.0000000000000000     
   0.0000000000000000     
   0.0000000000000000     
   0.0000000000000000     
   0.0000000000000000     
   0.0000000000000000     
   0.0000000000000000     
   0.0000000000000000     
   0.0000000000000000     
   0.0000000000000000     
   0.0000000000000000     
   0.0000000000000000     
   0.0000000000000000     
   0.0000000000000000     
   0.0000000000000000     
   0.0000000000000000     
   0.0000000000000000     
   0.0000000000000000     
   0.0000000000000000     
   0.0000000000000000     
   0.0000000000000000     
   0.0000000000000000     
   0.0000000000000000     
   0.0000000000000000     
   0.0000000000000000     
   0.0000000000000000     
   0.0000000000000000     
   0.0000000000000000     
   0.0000000000000000     
   0.0000000000000000     
   0.0000000000000000     
   0.0000000000000000     
   0.0000000000000000     
   0.0000000000000000     
   0.0000000000000000     
   0.0000000000000000     
   0.0000000000000000     
   0.0000000000000000     
   0.0000000000000000     
   0.0000000000000000     
   0.0000000000000000     
   0.0000000000000000     
   0.0000000000000000     
   0.0000000000000000     
   0.0000000000000000     
   0.0000000000000000     
   0.0000000000000000     
   0.0000000000000000     
   0.0000000000000000     
   0.0000000000000000     
   0.0000000000000000     
   0.0000000000000000     
   0.0000000000000000     
   0.0000000000000000     
   0.0000000000000000     
   0.0000000000000000     
   0.0000000000000000     
   0.0000000000000000     
   0.0000000000000000     
   0.0000000000000000     
   0.0000000000000000     
   0.0000000000000000     
   0.0000000000000000     
   0.0000000000000000     
   0.0000000000000000     
   0.0000000000000000     
   0.0000000000000000     
   0.0000000000000000     
   0.0000000000000000     
   0.0000000000000000     
   0.0000000000000000     
   0.0000000000000000     
   0.0000000000000000     
   0.0000000000000000     
   0.0000000000000000     
   0.0000000000000000     
   0.0000000000000000     
   0.0000000000000000     
   0.0000000000000000     
   0.0000000000000000     
   0.0000000000000000     
   0.0000000000000000     
   0.0000000000000000     
   0.0000000000000000     
   0.0000000000000000     
   0.0000000000000000     
   0.0000000000000000     
   0.0000000000000000     
   0.0000000000000000     
   0.0000000000000000     
   0.0000000000000000     
   0.0000000000000000     
   0.0000000000000000     
   0.0000000000000000     
   0.0000000000000000     
   0.0000000000000000     
   0.0000000000000000     
   0.0000000000000000     
   0.0000000000000000     
   0.0000000000000000     
   0.0000000000000000     
   0.0000000000000000     
   0.0000000000000000     
   0.0000000000000000     
   0.0000000000000000     
   0.0000000000000000     
   0.0000000000000000     
   0.0000000000000000     
   0.0000000000000000     
   0.0000000000000000     
   0.0000000000000000     
   0.0000000000000000     
   0.0000000000000000     
   0.0000000000000000     
   0.0000000000000000     
   0.0000000000000000     
   0.0000000000000000     
   0.0000000000000000     
   0.0000000000000000     
   0.0000000000000000     
   0.0000000000000000     
   0.0000000000000000     
   0.0000000000000000     
   0.0000000000000000     
   0.0000000000000000     
   0.0000000000000000     
   0.0000000000000000     
   0.0000000000000000     
   0.0000000000000000     
   0.0000000000000000     
   0.0000000000000000     
   0.0000000000000000     
   0.0000000000000000     
   0.0000000000000000     
   0.0000000000000000     
   0.0000000000000000     
   0.0000000000000000     
   0.0000000000000000     
   0.0000000000000000     
   0.0000000000000000     
   0.0000000000000000     
   0.0000000000000000     
   0.0000000000000000     
   0.0000000000000000     
   0.0000000000000000     
   0.0000000000000000     
   0.0000000000000000     
   0.0000000000000000     
   0.0000000000000000     
   0.0000000000000000     
   0.0000000000000000     
   0.0000000000000000     
   0.0000000000000000     
   0.0000000000000000     
   0.0000000000000000     
   0.0000000000000000     
   0.0000000000000000     
   0.0000000000000000     
   0.0000000000000000     
   0.0000000000000000     
   0.0000000000000000     
   0.0000000000000000     
   0.0000000000000000     
   0.0000000000000000     
   0.0000000000000000     
   0.0000000000000000     
   0.0000000000000000     
   0.0000000000000000     
   0.0000000000000000     
   0.0000000000000000     
   0.0000000000000000     
   0.0000000000000000     
   0.0000000000000000     
   0.0000000000000000     
   0.0000000000000000     
   0.0000000000000000     
   0.0000000000000000     
   0.0000000000000000     
   0.0000000000000000     
   0.0000000000000000     
   0.0000000000000000     
   0.0000000000000000     
   0.0000000000000000     
   0.0000000000000000     
   0.0000000000000000     
   0.0000000000000000     
   0.0000000000000000     
   0.0000000000000000     
   0.0000000000000000     
   0.0000000000000000     
   0.0000000000000000     
   0.0000000000000000     
   0.0000000000000000     
   0.0000000000000000     
   0.0000000000000000     
   0.0000000000000000     
   0.0000000000000000     
   0.0000000000000000     
   0.0000000000000000     
   0.0000000000000000     
   0.0000000000000000     
   0.0000000000000000     
   0.0000000000000000     
   0.0000000000000000     
   0.0000000000000000     
   0.0000000000000000     
   0.0000000000000000     
   0.0000000000000000     
   0.0000000000000000     
   0.0000000000000000     
   0.0000000000000000     
   0.0000000000000000     
   0.0000000000000000     
   0.0000000000000000     
   0.0000000000000000     
   0.0000000000000000     
   0.0000000000000000     
   0.0000000000000000     
   0.0000000000000000     
   0.0000000000000000     
   0.0000000000000000     
   0.0000000000000000     
   0.0000000000000000     
   0.0000000000000000     
   0.0000000000000000     
   0.0000000000000000     
   0.0000000000000000     
   0.0000000000000000     
   0.0000000000000000     
   0.0000000000000000     
   0.0000000000000000     
   0.0000000000000000     
   0.0000000000000000     
   0.0000000000000000     
   0.0000000000000000     
   0.0000000000000000     
   0.0000000000000000     
   0.0000000000000000     
   0.0000000000000000     
   0.0000000000000000     
   0.0000000000000000     
   0.0000000000000000     
   0.0000000000000000     
   0.0000000000000000     
   0.0000000000000000     
   0.0000000000000000     
   0.0000000000000000     
   0.0000000000000000     
   0.0000000000000000     
   0.0000000000000000     
   0.0000000000000000     
   0.0000000000000000     
   0.0000000000000000     
   0.0000000000000000     
   0.0000000000000000     
   0.0000000000000000     
   0.0000000000000000     
   0.0000000000000000     
   0.0000000000000000     
   0.0000000000000000     
   0.0000000000000000     
   0.0000000000000000     
   0.0000000000000000     
   0.0000000000000000     
   0.0000000000000000     
   0.0000000000000000     
   0.0000000000000000     
   0.0000000000000000     
   0.0000000000000000     
   0.0000000000000000     
   0.0000000000000000     
   0.0000000000000000     
   0.0000000000000000     
   0.0000000000000000     
   0.0000000000000000     
   0.0000000000000000     
   0.0000000000000000     
   0.0000000000000000     
   0.0000000000000000     
   0.0000000000000000     
   0.0000000000000000     
   0.0000000000000000     
   0.0000000000000000     
   0.0000000000000000     
   0.0000000000000000     
   0.0000000000000000     
   0.0000000000000000     
   0.0000000000000000     
   0.0000000000000000     
   0.0000000000000000     
   0.0000000000000000     
   0.0000000000000000     
   0.0000000000000000     
   0.0000000000000000     
   0.0000000000000000     
   0.0000000000000000     
   0.0000000000000000     
   0.0000000000000000     
   0.0000000000000000     
   0.0000000000000000     
   0.0000000000000000     
   0.0000000000000000     
   0.0000000000000000     
   0.0000000000000000     
   0.0000000000000000     
   0.0000000000000000     
   0.0000000000000000     
   0.0000000000000000     
   0.0000000000000000     
   0.0000000000000000     
   0.0000000000000000     
   0.0000000000000000     
   0.0000000000000000     
   0.0000000000000000     
   0.0000000000000000     
   0.0000000000000000     
   0.0000000000000000     
   0.0000000000000000     
   0.0000000000000000     
   0.0000000000000000     
   0.0000000000000000     
   0.0000000000000000     
   0.0000000000000000     
   0.0000000000000000     
   0.0000000000000000     
   0.0000000000000000     
   0.0000000000000000     
   0.0000000000000000     
   0.0000000000000000     
   0.0000000000000000     
   0.0000000000000000     
   0.0000000000000000     
   0.0000000000000000     
   0.0000000000000000     
   0.0000000000000000     
   0.0000000000000000     
   0.0000000000000000     
   0.0000000000000000     
   0.0000000000000000     
   0.0000000000000000     
   0.0000000000000000     
   0.0000000000000000     
   0.0000000000000000     
   0.0000000000000000     
   0.0000000000000000     
   0.0000000000000000     
   0.0000000000000000     
   0.0000000000000000     
   0.0000000000000000     
   0.0000000000000000     
   0.0000000000000000     
   0.0000000000000000     
   0.0000000000000000     
   0.0000000000000000     
   0.0000000000000000     
   0.0000000000000000     
   0.0000000000000000     
   0.0000000000000000     
   0.0000000000000000     
   0.0000000000000000     
   0.0000000000000000     
   0.0000000000000000     
   0.0000000000000000     
   0.0000000000000000     
   0.0000000000000000     
   0.0000000000000000     
   0.0000000000000000     
   0.0000000000000000     
   0.0000000000000000     
   0.0000000000000000     
   0.0000000000000000     
   0.0000000000000000     
   0.0000000000000000     
   0.0000000000000000     
   0.0000000000000000     
   0.0000000000000000     
   0.0000000000000000     
   0.0000000000000000     
   0.0000000000000000     
   0.0000000000000000     
   0.0000000000000000     
   0.0000000000000000     
   0.0000000000000000     
   0.0000000000000000     
   0.0000000000000000     
   0.0000000000000000     
   0.0000000000000000     
   0.0000000000000000     
   0.0000000000000000     
   0.0000000000000000     
   0.0000000000000000     
   0.0000000000000000     
   0.0000000000000000     
   0.0000000000000000     
   0.0000000000000000     
   0.0000000000000000     
   0.0000000000000000     
   0.0000000000000000     
   0.0000000000000000     
   0.0000000000000000     
   0.0000000000000000     
   0.0000000000000000     
   0.0000000000000000     
   0.0000000000000000     
   0.0000000000000000     
   0.0000000000000000     
   0.0000000000000000     
   0.0000000000000000     
   0.0000000000000000     
   0.0000000000000000     
   0.0000000000000000     
   0.0000000000000000     
   0.0000000000000000     
   0.0000000000000000     
 0.10362827087721E-16
 0.36972203044398E-17
 0.33304040359876E-18
   0.0000000000000000     
   0.0000000000000000     
   0.0000000000000000     
   0.0000000000000000     
   0.0000000000000000     
   0.0000000000000000     
   0.0000000000000000     
   0.0000000000000000     
   0.0000000000000000     
   0.0000000000000000     
   0.0000000000000000     
   0.0000000000000000     
   0.0000000000000000     
   0.0000000000000000     
   0.0000000000000000     
   0.0000000000000000     
   0.0000000000000000     
   0.0000000000000000     
   0.0000000000000000     
   0.0000000000000000     
   0.0000000000000000     
   0.0000000000000000     
   0.0000000000000000     
   0.0000000000000000     
   0.0000000000000000     
   0.0000000000000000     
   0.0000000000000000     
   0.0000000000000000     
   0.0000000000000000     
   0.0000000000000000     
   0.0000000000000000     
   0.0000000000000000     
   0.0000000000000000     
   0.0000000000000000     
   0.0000000000000000     
   0.0000000000000000     
   0.0000000000000000     
   0.0000000000000000     
   0.0000000000000000     
   0.0000000000000000     
   0.0000000000000000     
   0.0000000000000000     
   0.0000000000000000     
   0.0000000000000000     
   0.0000000000000000     
   0.0000000000000000     
   0.0000000000000000     
   0.0000000000000000     
   0.0000000000000000     
   0.0000000000000000     
   0.0000000000000000     
   0.0000000000000000     
   0.0000000000000000     
   0.0000000000000000     
   0.0000000000000000     
   0.0000000000000000     
   0.0000000000000000     
   0.0000000000000000     
   0.0000000000000000     
   0.0000000000000000     
   0.0000000000000000     
   0.0000000000000000     
   0.0000000000000000     
   0.0000000000000000     
   0.0000000000000000     
   0.0000000000000000     
   0.0000000000000000     
   0.0000000000000000     
   0.0000000000000000     
   0.0000000000000000     
   0.0000000000000000     
   0.0000000000000000     
   0.0000000000000000     
   0.0000000000000000     
   0.0000000000000000     
   0.0000000000000000     
   0.0000000000000000     
   0.0000000000000000     
   0.0000000000000000     
   0.0000000000000000     
   0.0000000000000000     
   0.0000000000000000     
   0.0000000000000000     
   0.0000000000000000     
   0.0000000000000000     
   0.0000000000000000     
   0.0000000000000000     
   0.0000000000000000     
   0.0000000000000000     
   0.0000000000000000     
   0.0000000000000000     
   0.0000000000000000     
   0.0000000000000000     
   0.0000000000000000     
   0.0000000000000000     
   0.0000000000000000     
   0.0000000000000000     
   0.0000000000000000     
   0.0000000000000000     
   0.0000000000000000     
   0.0000000000000000     
   0.0000000000000000     
   0.0000000000000000     
   0.0000000000000000     
   0.0000000000000000     
   0.0000000000000000     
   0.0000000000000000     
   0.0000000000000000     
   0.0000000000000000     
   0.0000000000000000     
   0.0000000000000000     
   0.0000000000000000     
   0.0000000000000000     
   0.0000000000000000     
   0.0000000000000000     
   0.0000000000000000     
   0.0000000000000000     
   0.0000000000000000     
   0.0000000000000000     
   0.0000000000000000     
   0.0000000000000000     
   0.0000000000000000     
   0.0000000000000000     
   0.0000000000000000     
   0.0000000000000000     
   0.0000000000000000     
   0.0000000000000000     
   0.0000000000000000     
   0.0000000000000000     
   0.0000000000000000     
   0.0000000000000000     
   0.0000000000000000     
   0.0000000000000000     
   0.0000000000000000     
   0.0000000000000000     
   0.0000000000000000     
   0.0000000000000000     
   0.0000000000000000     
   0.0000000000000000     
   0.0000000000000000     
   0.0000000000000000     
   0.0000000000000000     
   0.0000000000000000     
   0.0000000000000000     
   0.0000000000000000     
   0.0000000000000000     
 0.19452403768799E-16
 0.22262182284206E-16
 0.20205533648361E-16
 0.10035650556622E-16
 0.58975056131603E-17
 0.33048360068440E-17
 0.13652533990864E-17
   0.0000000000000000     
   0.0000000000000000     
   0.0000000000000000     
   0.0000000000000000     
   0.0000000000000000     
   0.0000000000000000     
   0.0000000000000000     
   0.0000000000000000     
   0.0000000000000000     
   0.0000000000000000     
   0.0000000000000000     
   0.0000000000000000     
   0.0000000000000000     
   0.0000000000000000     
   0.0000000000000000     
   0.0000000000000000     
   0.0000000000000000     
   0.0000000000000000     
   0.0000000000000000     
   0.0000000000000000     
   0.0000000000000000     
   0.0000000000000000     
   0.0000000000000000     
   0.0000000000000000     
   0.0000000000000000     
   0.0000000000000000     
   0.0000000000000000     
   0.0000000000000000     
   0.0000000000000000     
   0.0000000000000000     
   0.0000000000000000     
   0.0000000000000000     
   0.0000000000000000     
   0.0000000000000000     
   0.0000000000000000     
   0.0000000000000000     
   0.0000000000000000     
   0.0000000000000000     
   0.0000000000000000     
   0.0000000000000000     
   0.0000000000000000     
   0.0000000000000000     
   0.0000000000000000     
   0.0000000000000000     
   0.0000000000000000     
   0.0000000000000000     
   0.0000000000000000     
   0.0000000000000000     
   0.0000000000000000     
   0.0000000000000000     
   0.0000000000000000     
   0.0000000000000000     
   0.0000000000000000     
   0.0000000000000000     
   0.0000000000000000     
   0.0000000000000000     
   0.0000000000000000     
   0.0000000000000000     
   0.0000000000000000     
   0.0000000000000000     
   0.0000000000000000     
   0.0000000000000000     
   0.0000000000000000     
   0.0000000000000000     
   0.0000000000000000     
   0.0000000000000000     
   0.0000000000000000     
   0.0000000000000000     
   0.0000000000000000     
   0.0000000000000000     
   0.0000000000000000     
   0.0000000000000000     
   0.0000000000000000     
   0.0000000000000000     
   0.0000000000000000     
   0.0000000000000000     
   0.0000000000000000     
   0.0000000000000000     
   0.0000000000000000     
   0.0000000000000000     
   0.0000000000000000     
   0.0000000000000000     
   0.0000000000000000     
   0.0000000000000000     
   0.0000000000000000     
   0.0000000000000000     
   0.0000000000000000     
   0.0000000000000000     
   0.0000000000000000     
   0.0000000000000000     
   0.0000000000000000     
   0.0000000000000000     
   0.0000000000000000     
   0.0000000000000000     
   0.0000000000000000     
   0.0000000000000000     
   0.0000000000000000     
   0.0000000000000000     
   0.0000000000000000     
   0.0000000000000000     
   0.0000000000000000     
   0.0000000000000000     
   0.0000000000000000     
   0.0000000000000000     
   0.0000000000000000     
   0.0000000000000000     
   0.0000000000000000     
   0.0000000000000000     
   0.0000000000000000     
   0.0000000000000000     
   0.0000000000000000     
   0.0000000000000000     
   0.0000000000000000     
   0.0000000000000000     
   0.0000000000000000     
   0.0000000000000000     
   0.0000000000000000     
   0.0000000000000000     
   0.0000000000000000     
   0.0000000000000000     
   0.0000000000000000     
   0.0000000000000000     
   0.0000000000000000     
   0.0000000000000000     
   0.0000000000000000     
   0.0000000000000000     
   0.0000000000000000     
   0.0000000000000000     
   0.0000000000000000     
   0.0000000000000000     
   0.0000000000000000     
   0.0000000000000000     
   0.0000000000000000     
   0.0000000000000000     
   0.0000000000000000     
   0.0000000000000000     
   0.0000000000000000     
   0.0000000000000000     
   0.0000000000000000     
   0.0000000000000000     
   0.0000000000000000     
   0.0000000000000000     
 0.36106649095265E-16
 0.55476539502241E-16
 0.44289441951037E-16
 0.39236049245056E-16
 0.30527593693806E-16
 0.19809314642534E-16
 0.13122838019770E-16
 0.84764738565580E-17
 0.50777364483062E-17
 0.34379992722665E-17
 0.20429810139509E-17
 0.76813135872010E-18
   0.0000000000000000     
   0.0000000000000000     
   0.0000000000000000     
   0.0000000000000000     
   0.0000000000000000     
   0.0000000000000000     
   0.0000000000000000     
   0.0000000000000000     
   0.0000000000000000     
   0.0000000000000000     
   0.0000000000000000     
   0.0000000000000000     
   0.0000000000000000     
   0.0000000000000000     
   0.0000000000000000     
   0.0000000000000000     
   0.0000000000000000     
   0.0000000000000000     
   0.0000000000000000     
   0.0000000000000000     
   0.0000000000000000     
   0.0000000000000000     
   0.0000000000000000     
   0.0000000000000000     
   0.0000000000000000     
   0.0000000000000000     
   0.0000000000000000     
   0.0000000000000000     
   0.0000000000000000     
   0.0000000000000000     
   0.0000000000000000     
   0.0000000000000000     
   0.0000000000000000     
   0.0000000000000000     
   0.0000000000000000     
   0.0000000000000000     
   0.0000000000000000     
   0.0000000000000000     
   0.0000000000000000     
   0.0000000000000000     
   0.0000000000000000     
   0.0000000000000000     
   0.0000000000000000     
   0.0000000000000000     
   0.0000000000000000     
   0.0000000000000000     
   0.0000000000000000     
   0.0000000000000000     
   0.0000000000000000     
   0.0000000000000000     
   0.0000000000000000     
   0.0000000000000000     
   0.0000000000000000     
   0.0000000000000000     
   0.0000000000000000     
   0.0000000000000000     
   0.0000000000000000     
   0.0000000000000000     
   0.0000000000000000     
   0.0000000000000000     
   0.0000000000000000     
   0.0000000000000000     
   0.0000000000000000     
   0.0000000000000000     
   0.0000000000000000     
   0.0000000000000000     
   0.0000000000000000     
   0.0000000000000000     
   0.0000000000000000     
   0.0000000000000000     
   0.0000000000000000     
   0.0000000000000000     
   0.0000000000000000     
   0.0000000000000000     
   0.0000000000000000     
   0.0000000000000000     
   0.0000000000000000     
   0.0000000000000000     
   0.0000000000000000     
   0.0000000000000000     
   0.0000000000000000     
   0.0000000000000000     
   0.0000000000000000     
   0.0000000000000000     
   0.0000000000000000     
   0.0000000000000000     
   0.0000000000000000     
   0.0000000000000000     
   0.0000000000000000     
   0.0000000000000000     
   0.0000000000000000     
   0.0000000000000000     
   0.0000000000000000     
   0.0000000000000000     
   0.0000000000000000     
   0.0000000000000000     
   0.0000000000000000     
   0.0000000000000000     
   0.0000000000000000     
   0.0000000000000000     
   0.0000000000000000     
   0.0000000000000000     
   0.0000000000000000     
   0.0000000000000000     
   0.0000000000000000     
   0.0000000000000000     
   0.0000000000000000     
   0.0000000000000000     
   0.0000000000000000     
   0.0000000000000000     
   0.0000000000000000     
   0.0000000000000000     
   0.0000000000000000     
   0.0000000000000000     
   0.0000000000000000     
   0.0000000000000000     
   0.0000000000000000     
   0.0000000000000000     
   0.0000000000000000     
   0.0000000000000000     
   0.0000000000000000     
   0.0000000000000000     
   0.0000000000000000     
   0.0000000000000000     
   0.0000000000000000     
   0.0000000000000000     
   0.0000000000000000     
   0.0000000000000000     
   0.0000000000000000     
   0.0000000000000000     
   0.0000000000000000     
   0.0000000000000000     
   0.0000000000000000     
   0.0000000000000000     
   0.0000000000000000     
   0.0000000000000000     
   0.0000000000000000     
 0.83845810905053E-16
 0.10211409182843E-15
 0.99807340327125E-16
 0.91433046197075E-16
 0.69828046295774E-16
 0.61695085751109E-16
 0.46964269253318E-16
 0.32906487835244E-16
 0.22236097993235E-16
 0.15673670852260E-16
 0.11744422874428E-16
 0.84949973542666E-17
 0.57377051219573E-17
 0.38461666320828E-17
 0.25229602355268E-17
 0.13668164652482E-17
 0.32521867415869E-18
   0.0000000000000000     
   0.0000000000000000     
   0.0000000000000000     
   0.0000000000000000     
   0.0000000000000000     
   0.0000000000000000     
   0.0000000000000000     
   0.0000000000000000     
   0.0000000000000000     
   0.0000000000000000     
   0.0000000000000000     
   0.0000000000000000     
   0.0000000000000000     
   0.0000000000000000     
   0.0000000000000000     
   0.0000000000000000     
   0.0000000000000000     
   0.0000000000000000     
   0.0000000000000000     
   0.0000000000000000     
   0.0000000000000000     
   0.0000000000000000     
   0.0000000000000000     
   0.0000000000000000     
   0.0000000000000000     
   0.0000000000000000     
   0.0000000000000000     
   0.0000000000000000     
   0.0000000000000000     
   0.0000000000000000     
   0.0000000000000000     
   0.0000000000000000     
   0.0000000000000000     
   0.0000000000000000     
   0.0000000000000000     
   0.0000000000000000     
   0.0000000000000000     
   0.0000000000000000     
   0.0000000000000000     
   0.0000000000000000     
   0.0000000000000000     
   0.0000000000000000     
   0.0000000000000000     
   0.0000000000000000     
   0.0000000000000000     
   0.0000000000000000     
   0.0000000000000000     
   0.0000000000000000     
   0.0000000000000000     
   0.0000000000000000     
   0.0000000000000000     
   0.0000000000000000     
   0.0000000000000000     
   0.0000000000000000     
   0.0000000000000000     
   0.0000000000000000     
   0.0000000000000000     
   0.0000000000000000     
   0.0000000000000000     
   0.0000000000000000     
   0.0000000000000000     
   0.0000000000000000     
   0.0000000000000000     
   0.0000000000000000     
   0.0000000000000000     
   0.0000000000000000     
   0.0000000000000000     
   0.0000000000000000     
   0.0000000000000000     
   0.0000000000000000     
   0.0000000000000000     
   0.0000000000000000     
   0.0000000000000000     
   0.0000000000000000     
   0.0000000000000000     
   0.0000000000000000     
   0.0000000000000000     
   0.0000000000000000     
   0.0000000000000000     
   0.0000000000000000     
   0.0000000000000000     
   0.0000000000000000     
   0.0000000000000000     
   0.0000000000000000     
   0.0000000000000000     
   0.0000000000000000     
   0.0000000000000000     
   0.0000000000000000     
   0.0000000000000000     
   0.0000000000000000     
   0.0000000000000000     
   0.0000000000000000     
   0.0000000000000000     
   0.0000000000000000     
   0.0000000000000000     
   0.0000000000000000     
   0.0000000000000000     
   0.0000000000000000     
   0.0000000000000000     
   0.0000000000000000     
   0.0000000000000000     
   0.0000000000000000     
   0.0000000000000000     
   0.0000000000000000     
   0.0000000000000000     
   0.0000000000000000     
   0.0000000000000000     
   0.0000000000000000     
   0.0000000000000000     
   0.0000000000000000     
   0.0000000000000000     
   0.0000000000000000     
   0.0000000000000000     
   0.0000000000000000     
   0.0000000000000000     
   0.0000000000000000     
   0.0000000000000000     
   0.0000000000000000     
   0.0000000000000000     
   0.0000000000000000     
   0.0000000000000000     
   0.0000000000000000     
   0.0000000000000000     
   0.0000000000000000     
   0.0000000000000000     
   0.0000000000000000     
   0.0000000000000000     
   0.0000000000000000     
   0.0000000000000000     
   0.0000000000000000     
   0.0000000000000000     
   0.0000000000000000     
 0.16650951765989E-15
 0.18781961995683E-15
 0.23581402191306E-15
 0.19060618713998E-15
 0.16427355621642E-15
 0.13295626026658E-15
 0.10571986787920E-15
 0.87960766148204E-16
 0.68850186043140E-16
 0.51416455406190E-16
 0.36557433160909E-16
 0.27860035814683E-16
 0.20938712050247E-16
 0.14848307219008E-16
 0.11777634455398E-16
 0.89255276526703E-17
 0.64475847742602E-17
 0.40888975545594E-17
 0.29783625609725E-17
 0.19704724844384E-17
 0.10628338758604E-17
 0.60639772925756E-19
   0.0000000000000000     
   0.0000000000000000     
   0.0000000000000000     
   0.0000000000000000     
   0.0000000000000000     
   0.0000000000000000     
   0.0000000000000000     
   0.0000000000000000     
   0.0000000000000000     
   0.0000000000000000     
   0.0000000000000000     
   0.0000000000000000     
   0.0000000000000000     
   0.0000000000000000     
   0.0000000000000000     
   0.0000000000000000     
   0.0000000000000000     
   0.0000000000000000     
   0.0000000000000000     
   0.0000000000000000     
   0.0000000000000000     
   0.0000000000000000     
   0.0000000000000000     
   0.0000000000000000     
   0.0000000000000000     
   0.0000000000000000     
   0.0000000000000000     
   0.0000000000000000     
   0.0000000000000000     
   0.0000000000000000     
   0.0000000000000000     
   0.0000000000000000     
   0.0000000000000000     
   0.0000000000000000     
   0.0000000000000000     
   0.0000000000000000     
   0.0000000000000000     
   0.0000000000000000     
   0.0000000000000000     
   0.0000000000000000     
   0.0000000000000000     
   0.0000000000000000     
   0.0000000000000000     
   0.0000000000000000     
   0.0000000000000000     
   0.0000000000000000     
   0.0000000000000000     
   0.0000000000000000     
   0.0000000000000000     
   0.0000000000000000     
   0.0000000000000000     
   0.0000000000000000     
   0.0000000000000000     
   0.0000000000000000     
   0.0000000000000000     
   0.0000000000000000     
   0.0000000000000000     
   0.0000000000000000     
   0.0000000000000000     
   0.0000000000000000     
   0.0000000000000000     
   0.0000000000000000     
   0.0000000000000000     
   0.0000000000000000     
   0.0000000000000000     
   0.0000000000000000     
   0.0000000000000000     
   0.0000000000000000     
   0.0000000000000000     
   0.0000000000000000     
   0.0000000000000000     
   0.0000000000000000     
   0.0000000000000000     
   0.0000000000000000     
   0.0000000000000000     
   0.0000000000000000     
   0.0000000000000000     
   0.0000000000000000     
   0.0000000000000000     
   0.0000000000000000     
   0.0000000000000000     
   0.0000000000000000     
   0.0000000000000000     
   0.0000000000000000     
   0.0000000000000000     
   0.0000000000000000     
   0.0000000000000000     
   0.0000000000000000     
   0.0000000000000000     
   0.0000000000000000     
   0.0000000000000000     
   0.0000000000000000     
   0.0000000000000000     
   0.0000000000000000     
   0.0000000000000000     
   0.0000000000000000     
   0.0000000000000000     
   0.0000000000000000     
   0.0000000000000000     
   0.0000000000000000     
   0.0000000000000000     
   0.0000000000000000     
   0.0000000000000000     
   0.0000000000000000     
   0.0000000000000000     
   0.0000000000000000     
   0.0000000000000000     
   0.0000000000000000     
   0.0000000000000000     
   0.0000000000000000     
   0.0000000000000000     
   0.0000000000000000     
   0.0000000000000000     
   0.0000000000000000     
   0.0000000000000000     
   0.0000000000000000     
   0.0000000000000000     
   0.0000000000000000     
   0.0000000000000000     
   0.0000000000000000     
   0.0000000000000000     
   0.0000000000000000     
   0.0000000000000000     
   0.0000000000000000     
   0.0000000000000000     
   0.0000000000000000     
   0.0000000000000000     
 0.16600545203625E-15
 0.39250392933172E-15
 0.41714287031955E-15
 0.39200095085792E-15
 0.36892472302273E-15
 0.28882239870948E-15
 0.25032400391774E-15
 0.19956627146978E-15
 0.16042997426156E-15
 0.12573726773547E-15
 0.99907395079552E-16
 0.76278334938814E-16
 0.57758920287815E-16
 0.44267623529055E-16
 0.32161732059788E-16
 0.26315678368207E-16
 0.21238060762564E-16
 0.16185322368989E-16
 0.11567055637042E-16
 0.92222750544602E-17
 0.72584061658760E-17
 0.52443004780675E-17
 0.33693124852128E-17
 0.25219608818894E-17
 0.15863476595769E-17
 0.66837480624327E-18
   0.0000000000000000     
   0.0000000000000000     
   0.0000000000000000     
   0.0000000000000000     
   0.0000000000000000     
   0.0000000000000000     
   0.0000000000000000     
   0.0000000000000000     
   0.0000000000000000     
   0.0000000000000000     
   0.0000000000000000     
   0.0000000000000000     
   0.0000000000000000     
   0.0000000000000000     
   0.0000000000000000     
   0.0000000000000000     
   0.0000000000000000     
   0.0000000000000000     
   0.0000000000000000     
   0.0000000000000000     
   0.0000000000000000     
   0.0000000000000000     
   0.0000000000000000     
   0.0000000000000000     
   0.0000000000000000     
   0.0000000000000000     
   0.0000000000000000     
   0.0000000000000000     
   0.0000000000000000     
   0.0000000000000000     
   0.0000000000000000     
   0.0000000000000000     
   0.0000000000000000     
   0.0000000000000000     
   0.0000000000000000     
   0.0000000000000000     
   0.0000000000000000     
   0.0000000000000000     
   0.0000000000000000     
   0.0000000000000000     
   0.0000000000000000     
   0.0000000000000000     
   0.0000000000000000     
   0.0000000000000000     
   0.0000000000000000     
   0.0000000000000000     
   0.0000000000000000     
   0.0000000000000000     
   0.0000000000000000     
   0.0000000000000000     
   0.0000000000000000     
   0.0000000000000000     
   0.0000000000000000     
   0.0000000000000000     
   0.0000000000000000     
   0.0000000000000000     
   0.0000000000000000     
   0.0000000000000000     
   0.0000000000000000     
   0.0000000000000000     
   0.0000000000000000     
   0.0000000000000000     
   0.0000000000000000     
   0.0000000000000000     
   0.0000000000000000     
   0.0000000000000000     
   0.0000000000000000     
   0.0000000000000000     
   0.0000000000000000     
   0.0000000000000000     
   0.0000000000000000     
   0.0000000000000000     
   0.0000000000000000     
   0.0000000000000000     
   0.0000000000000000     
   0.0000000000000000     
   0.0000000000000000     
   0.0000000000000000     
   0.0000000000000000     
   0.0000000000000000     
   0.0000000000000000     
   0.0000000000000000     
   0.0000000000000000     
   0.0000000000000000     
   0.0000000000000000     
   0.0000000000000000     
   0.0000000000000000     
   0.0000000000000000     
   0.0000000000000000     
   0.0000000000000000     
   0.0000000000000000     
   0.0000000000000000     
   0.0000000000000000     
   0.0000000000000000     
   0.0000000000000000     
   0.0000000000000000     
   0.0000000000000000     
   0.0000000000000000     
   0.0000000000000000     
   0.0000000000000000     
   0.0000000000000000     
   0.0000000000000000     
   0.0000000000000000     
   0.0000000000000000     
   0.0000000000000000     
   0.0000000000000000     
   0.0000000000000000     
   0.0000000000000000     
   0.0000000000000000     
   0.0000000000000000     
   0.0000000000000000     
   0.0000000000000000     
   0.0000000000000000     
   0.0000000000000000     
   0.0000000000000000     
   0.0000000000000000     
   0.0000000000000000     
   0.0000000000000000     
   0.0000000000000000     
   0.0000000000000000     
   0.0000000000000000     
   0.0000000000000000     
   0.0000000000000000     
   0.0000000000000000     
 0.82299976797902E-15
 0.75381388087228E-15
 0.85245646029404E-15
 0.70951608074593E-15
 0.63158317909854E-15
 0.52047352903694E-15
 0.43838226602073E-15
 0.35841093439603E-15
 0.28668074517204E-15
 0.22820346253366E-15
 0.18020633826123E-15
 0.14429534648887E-15
 0.11429021916948E-15
 0.87208532805133E-16
 0.68826114354787E-16
 0.53406459089593E-16
 0.43919295217262E-16
 0.34044340997659E-16
 0.26276824984876E-16
 0.21161881381830E-16
 0.17164890668179E-16
 0.13223406637923E-16
 0.99128688140607E-17
 0.80809037109284E-17
 0.61611821368171E-17
 0.43154850448994E-17
 0.28263724049262E-17
 0.20157645094693E-17
 0.12392059849659E-17
 0.42233365007121E-18
   0.0000000000000000     
   0.0000000000000000     
   0.0000000000000000     
   0.0000000000000000     
   0.0000000000000000     
   0.0000000000000000     
   0.0000000000000000     
   0.0000000000000000     
   0.0000000000000000     
   0.0000000000000000     
   0.0000000000000000     
   0.0000000000000000     
   0.0000000000000000     
   0.0000000000000000     
   0.0000000000000000     
   0.0000000000000000     
   0.0000000000000000     
   0.0000000000000000     
   0.0000000000000000     
   0.0000000000000000     
   0.0000000000000000     
   0.0000000000000000     
   0.0000000000000000     
   0.0000000000000000     
   0.0000000000000000     
   0.0000000000000000     
   0.0000000000000000     
   0.0000000000000000     
   0.0000000000000000     
   0.0000000000000000     
   0.0000000000000000     
   0.0000000000000000     
   0.0000000000000000     
   0.0000000000000000     
   0.0000000000000000     
   0.0000000000000000     
   0.0000000000000000     
   0.0000000000000000     
   0.0000000000000000     
   0.0000000000000000     
   0.0000000000000000     
   0.0000000000000000     
   0.0000000000000000     
   0.0000000000000000     
   0.0000000000000000     
   0.0000000000000000     
   0.0000000000000000     
   0.0000000000000000     
   0.0000000000000000     
   0.0000000000000000     
   0.0000000000000000     
   0.0000000000000000     
   0.0000000000000000     
   0.0000000000000000     
   0.0000000000000000     
   0.0000000000000000     
   0.0000000000000000     
   0.0000000000000000     
   0.0000000000000000     
   0.0000000000000000     
   0.0000000000000000     
   0.0000000000000000     
   0.0000000000000000     
   0.0000000000000000     
   0.0000000000000000     
   0.0000000000000000     
   0.0000000000000000     
   0.0000000000000000     
   0.0000000000000000     
   0.0000000000000000     
   0.0000000000000000     
   0.0000000000000000     
   0.0000000000000000     
   0.0000000000000000     
   0.0000000000000000     
   0.0000000000000000     
   0.0000000000000000     
   0.0000000000000000     
   0.0000000000000000     
   0.0000000000000000     
   0.0000000000000000     
   0.0000000000000000     
   0.0000000000000000     
   0.0000000000000000     
   0.0000000000000000     
   0.0000000000000000     
   0.0000000000000000     
   0.0000000000000000     
   0.0000000000000000     
   0.0000000000000000     
   0.0000000000000000     
   0.0000000000000000     
   0.0000000000000000     
   0.0000000000000000     
   0.0000000000000000     
   0.0000000000000000     
   0.0000000000000000     
   0.0000000000000000     
   0.0000000000000000     
   0.0000000000000000     
   0.0000000000000000     
   0.0000000000000000     
   0.0000000000000000     
   0.0000000000000000     
   0.0000000000000000     
   0.0000000000000000     
   0.0000000000000000     
   0.0000000000000000     
   0.0000000000000000     
   0.0000000000000000     
   0.0000000000000000     
   0.0000000000000000     
   0.0000000000000000     
   0.0000000000000000     
   0.0000000000000000     
   0.0000000000000000     
   0.0000000000000000     
   0.0000000000000000     
   0.0000000000000000     
 0.11179554539604E-14
 0.13663341995900E-14
 0.14360581321490E-14
 0.13310041017089E-14
 0.12635752868580E-14
 0.10419951872840E-14
 0.92821500814418E-15
 0.74553865727452E-15
 0.61759841800464E-15
 0.50274077021420E-15
 0.40714777736961E-15
 0.32421041219551E-15
 0.26190247913587E-15
 0.21114634967692E-15
 0.16766196218572E-15
 0.13101964313568E-15
 0.10552287711231E-15
 0.84827214405024E-16
 0.66978661907783E-16
 0.54585211486798E-16
 0.45203929579718E-16
 0.35892977902073E-16
 0.28247096015754E-16
 0.22780280279142E-16
 0.18629841093198E-16
 0.14753500549142E-16
 0.11092628731763E-16
 0.87619755096290E-17
 0.71327397817794E-17
 0.53034689915306E-17
 0.35067553072189E-17
 0.25325028956759E-17
 0.17959055756578E-17
 0.96048917821820E-18
 0.20383587272715E-18
   0.0000000000000000     
   0.0000000000000000     
   0.0000000000000000     
   0.0000000000000000     
   0.0000000000000000     
   0.0000000000000000     
   0.0000000000000000     
   0.0000000000000000     
   0.0000000000000000     
   0.0000000000000000     
   0.0000000000000000     
   0.0000000000000000     
   0.0000000000000000     
   0.0000000000000000     
   0.0000000000000000     
   0.0000000000000000     
   0.0000000000000000     
   0.0000000000000000     
   0.0000000000000000     
   0.0000000000000000     
   0.0000000000000000     
   0.0000000000000000     
   0.0000000000000000     
   0.0000000000000000     
   0.0000000000000000     
   0.0000000000000000     
   0.0000000000000000     
   0.0000000000000000     
   0.0000000000000000     
   0.0000000000000000     
   0.0000000000000000     
   0.0000000000000000     
   0.0000000000000000     
   0.0000000000000000     
   0.0000000000000000     
   0.0000000000000000     
   0.0000000000000000     
   0.0000000000000000     
   0.0000000000000000     
   0.0000000000000000     
   0.0000000000000000     
   0.0000000000000000     
   0.0000000000000000     
   0.0000000000000000     
   0.0000000000000000     
   0.0000000000000000     
   0.0000000000000000     
   0.0000000000000000     
   0.0000000000000000     
   0.0000000000000000     
   0.0000000000000000     
   0.0000000000000000     
   0.0000000000000000     
   0.0000000000000000     
   0.0000000000000000     
   0.0000000000000000     
   0.0000000000000000     
   0.0000000000000000     
   0.0000000000000000     
   0.0000000000000000     
   0.0000000000000000     
   0.0000000000000000     
   0.0000000000000000     
   0.0000000000000000     
   0.0000000000000000     
   0.0000000000000000     
   0.0000000000000000     
   0.0000000000000000     
   0.0000000000000000     
   0.0000000000000000     
   0.0000000000000000     
   0.0000000000000000     
   0.0000000000000000     
   0.0000000000000000     
   0.0000000000000000     
   0.0000000000000000     
   0.0000000000000000     
   0.0000000000000000     
   0.0000000000000000     
   0.0000000000000000     
   0.0000000000000000     
   0.0000000000000000     
   0.0000000000000000     
   0.0000000000000000     
   0.0000000000000000     
   0.0000000000000000     
   0.0000000000000000     
   0.0000000000000000     
   0.0000000000000000     
   0.0000000000000000     
   0.0000000000000000     
   0.0000000000000000     
   0.0000000000000000     
   0.0000000000000000     
   0.0000000000000000     
   0.0000000000000000     
   0.0000000000000000     
   0.0000000000000000     
   0.0000000000000000     
   0.0000000000000000     
   0.0000000000000000     
   0.0000000000000000     
   0.0000000000000000     
   0.0000000000000000     
   0.0000000000000000     
   0.0000000000000000     
   0.0000000000000000     
   0.0000000000000000     
   0.0000000000000000     
   0.0000000000000000     
   0.0000000000000000     
   0.0000000000000000     
   0.0000000000000000     
   0.0000000000000000     
 0.12279978889399E-14
 0.25340492443299E-14
 0.23407221210768E-14
 0.26020528703436E-14
 0.22295773300296E-14
 0.20331171904629E-14
 0.17403841116407E-14
 0.15128056762759E-14
 0.12683449754927E-14
 0.10435158958117E-14
 0.86075070785407E-15
 0.70892111172320E-15
 0.57735556628830E-15
 0.46942222454300E-15
 0.37622650212701E-15
 0.30612123460123E-15
 0.24678966972817E-15
 0.19971422615727E-15
 0.16079069581118E-15
 0.12483454757667E-15
 0.10581797102188E-15
 0.88584625434916E-16
 0.70490930118764E-16
 0.55898201891551E-16
 0.46562269683625E-16
 0.37714877492683E-16
 0.30503639100651E-16
 0.23656732576241E-16
 0.19550310162138E-16
 0.16672695802245E-16
 0.12822610186288E-16
 0.95610014817245E-17
 0.77780305805793E-17
 0.59966480329738E-17
 0.46386722720320E-17
 0.30832871112221E-17
 0.22588658252218E-17
 0.14905071269005E-17
 0.74442796135572E-18
   0.0000000000000000     
   0.0000000000000000     
   0.0000000000000000     
   0.0000000000000000     
   0.0000000000000000     
   0.0000000000000000     
   0.0000000000000000     
   0.0000000000000000     
   0.0000000000000000     
   0.0000000000000000     
   0.0000000000000000     
   0.0000000000000000     
   0.0000000000000000     
   0.0000000000000000     
   0.0000000000000000     
   0.0000000000000000     
   0.0000000000000000     
   0.0000000000000000     
   0.0000000000000000     
   0.0000000000000000     
   0.0000000000000000     
   0.0000000000000000     
   0.0000000000000000     
   0.0000000000000000     
   0.0000000000000000     
   0.0000000000000000     
   0.0000000000000000     
   0.0000000000000000     
   0.0000000000000000     
   0.0000000000000000     
   0.0000000000000000     
   0.0000000000000000     
   0.0000000000000000     
   0.0000000000000000     
   0.0000000000000000     
   0.0000000000000000     
   0.0000000000000000     
   0.0000000000000000     
   0.0000000000000000     
   0.0000000000000000     
   0.0000000000000000     
   0.0000000000000000     
   0.0000000000000000     
   0.0000000000000000     
   0.0000000000000000     
   0.0000000000000000     
   0.0000000000000000     
   0.0000000000000000     
   0.0000000000000000     
   0.0000000000000000     
   0.0000000000000000     
   0.0000000000000000     
   0.0000000000000000     
   0.0000000000000000     
   0.0000000000000000     
   0.0000000000000000     
   0.0000000000000000     
   0.0000000000000000     
   0.0000000000000000     
   0.0000000000000000     
   0.0000000000000000     
   0.0000000000000000     
   0.0000000000000000     
   0.0000000000000000     
   0.0000000000000000     
   0.0000000000000000     
   0.0000000000000000     
   0.0000000000000000     
   0.0000000000000000     
   0.0000000000000000     
   0.0000000000000000     
   0.0000000000000000     
   0.0000000000000000     
   0.0000000000000000     
   0.0000000000000000     
   0.0000000000000000     
   0.0000000000000000     
   0.0000000000000000     
   0.0000000000000000     
   0.0000000000000000     
   0.0000000000000000     
   0.0000000000000000     
   0.0000000000000000     
   0.0000000000000000     
   0.0000000000000000     
   0.0000000000000000     
   0.0000000000000000     
   0.0000000000000000     
   0.0000000000000000     
   0.0000000000000000     
   0.0000000000000000     
   0.0000000000000000     
   0.0000000000000000     
   0.0000000000000000     
   0.0000000000000000     
   0.0000000000000000     
   0.0000000000000000     
   0.0000000000000000     
   0.0000000000000000     
   0.0000000000000000     
   0.0000000000000000     
   0.0000000000000000     
   0.0000000000000000     
   0.0000000000000000     
   0.0000000000000000     
   0.0000000000000000     
   0.0000000000000000     
   0.0000000000000000     
   0.0000000000000000     
   0.0000000000000000     
   0.0000000000000000     
 0.31770727885807E-14
 0.36005318699751E-14
 0.38362968917538E-14
 0.36283847678341E-14
 0.35788333102063E-14
 0.31143781735474E-14
 0.28142912697385E-14
 0.24087348640406E-14
 0.21035312500622E-14
 0.17639181451404E-14
 0.14393842383566E-14
 0.11834493357486E-14
 0.98361332130860E-15
 0.80923963481492E-15
 0.65577911783900E-15
 0.53542015835867E-15
 0.43931385729989E-15
 0.36637690280286E-15
 0.29324685368390E-15
 0.24318527047628E-15
 0.19709057683507E-15
 0.16439682431574E-15
 0.13370099086246E-15
 0.10474425963282E-15
 0.90140215814192E-16
 0.75620581168084E-16
 0.59123436446161E-16
 0.47768060228775E-16
 0.40765174415273E-16
 0.33626135934950E-16
 0.27438225985889E-16
 0.20683716106286E-16
 0.17927507393441E-16
 0.14247123364900E-16
 0.11337958195956E-16
 0.85713020030208E-17
 0.71325825810437E-17
 0.54663179356183E-17
 0.40975744638275E-17
 0.25837824807516E-17
 0.17880913994330E-17
 0.11693773044942E-17
 0.49817172503027E-18
   0.0000000000000000     
   0.0000000000000000     
   0.0000000000000000     
   0.0000000000000000     
   0.0000000000000000     
   0.0000000000000000     
   0.0000000000000000     
   0.0000000000000000     
   0.0000000000000000     
   0.0000000000000000     
   0.0000000000000000     
   0.0000000000000000     
   0.0000000000000000     
   0.0000000000000000     
   0.0000000000000000     
   0.0000000000000000     
   0.0000000000000000     
   0.0000000000000000     
   0.0000000000000000     
   0.0000000000000000     
   0.0000000000000000     
   0.0000000000000000     
   0.0000000000000000     
   0.0000000000000000     
   0.0000000000000000     
   0.0000000000000000     
   0.0000000000000000     
   0.0000000000000000     
   0.0000000000000000     
   0.0000000000000000     
   0.0000000000000000     
   0.0000000000000000     
   0.0000000000000000     
   0.0000000000000000     
   0.0000000000000000     
   0.0000000000000000     
   0.0000000000000000     
   0.0000000000000000     
   0.0000000000000000     
   0.0000000000000000     
   0.0000000000000000     
   0.0000000000000000     
   0.0000000000000000     
   0.0000000000000000     
   0.0000000000000000     
   0.0000000000000000     
   0.0000000000000000     
   0.0000000000000000     
   0.0000000000000000     
   0.0000000000000000     
   0.0000000000000000     
   0.0000000000000000     
   0.0000000000000000     
   0.0000000000000000     
   0.0000000000000000     
   0.0000000000000000     
   0.0000000000000000     
   0.0000000000000000     
   0.0000000000000000     
   0.0000000000000000     
   0.0000000000000000     
   0.0000000000000000     
   0.0000000000000000     
   0.0000000000000000     
   0.0000000000000000     
   0.0000000000000000     
   0.0000000000000000     
   0.0000000000000000     
   0.0000000000000000     
   0.0000000000000000     
   0.0000000000000000     
   0.0000000000000000     
   0.0000000000000000     
   0.0000000000000000     
   0.0000000000000000     
   0.0000000000000000     
   0.0000000000000000     
   0.0000000000000000     
   0.0000000000000000     
   0.0000000000000000     
   0.0000000000000000     
   0.0000000000000000     
   0.0000000000000000     
   0.0000000000000000     
   0.0000000000000000     
   0.0000000000000000     
   0.0000000000000000     
   0.0000000000000000     
   0.0000000000000000     
   0.0000000000000000     
   0.0000000000000000     
   0.0000000000000000     
   0.0000000000000000     
   0.0000000000000000     
   0.0000000000000000     
   0.0000000000000000     
   0.0000000000000000     
   0.0000000000000000     
   0.0000000000000000     
   0.0000000000000000     
   0.0000000000000000     
   0.0000000000000000     
   0.0000000000000000     
   0.0000000000000000     
   0.0000000000000000     
   0.0000000000000000     
 0.33622483244177E-14
 0.51570464745654E-14
 0.52253807785439E-14
 0.58102570202909E-14
 0.53065780646278E-14
 0.53013111502484E-14
 0.46935726536377E-14
 0.42499613179950E-14
 0.37254506369686E-14
 0.32565383267267E-14
 0.28149831879113E-14
 0.23793951554295E-14
 0.19621996750294E-14
 0.16202690744962E-14
 0.13550479672307E-14
 0.11138693193275E-14
 0.91453075876481E-15
 0.76458938482468E-15
 0.63572449300264E-15
 0.51950196931001E-15
 0.42668853689824E-15
 0.36345650343517E-15
 0.29919610101573E-15
 0.24580398666087E-15
 0.19871593821846E-15
 0.16790902374307E-15
 0.14181088658521E-15
 0.11244743008891E-15
 0.90355944055151E-16
 0.77697618285502E-16
 0.65485964864858E-16
 0.52903185840887E-16
 0.42649942881432E-16
 0.36132825548401E-16
 0.30862118831453E-16
 0.24362701706594E-16
 0.19265658503552E-16
 0.15981978738680E-16
 0.13088430916385E-16
 0.10437942969027E-16
 0.78276132720529E-17
 0.61784422320299E-17
 0.47240225804681E-17
 0.33898267429442E-17
 0.24920744611626E-17
 0.16698785330992E-17
 0.93362758136236E-18
 0.31467299374327E-18
   0.0000000000000000     
   0.0000000000000000     
   0.0000000000000000     
   0.0000000000000000     
   0.0000000000000000     
   0.0000000000000000     
   0.0000000000000000     
   0.0000000000000000     
   0.0000000000000000     
   0.0000000000000000     
   0.0000000000000000     
   0.0000000000000000     
   0.0000000000000000     
   0.0000000000000000     
   0.0000000000000000     
   0.0000000000000000     
   0.0000000000000000     
   0.0000000000000000     
   0.0000000000000000     
   0.0000000000000000     
   0.0000000000000000     
   0.0000000000000000     
   0.0000000000000000     
   0.0000000000000000     
   0.0000000000000000     
   0.0000000000000000     
   0.0000000000000000     
   0.0000000000000000     
   0.0000000000000000     
   0.0000000000000000     
   0.0000000000000000     
   0.0000000000000000     
   0.0000000000000000     
   0.0000000000000000     
   0.0000000000000000     
   0.0000000000000000     
   0.0000000000000000     
   0.0000000000000000     
   0.0000000000000000     
   0.0000000000000000     
   0.0000000000000000     
   0.0000000000000000     
   0.0000000000000000     
   0.0000000000000000     
   0.0000000000000000     
   0.0000000000000000     
   0.0000000000000000     
   0.0000000000000000     
   0.0000000000000000     
   0.0000000000000000     
   0.0000000000000000     
   0.0000000000000000     
   0.0000000000000000     
   0.0000000000000000     
   0.0000000000000000     
   0.0000000000000000     
   0.0000000000000000     
   0.0000000000000000     
   0.0000000000000000     
   0.0000000000000000     
   0.0000000000000000     
   0.0000000000000000     
   0.0000000000000000     
   0.0000000000000000     
   0.0000000000000000     
   0.0000000000000000     
   0.0000000000000000     
   0.0000000000000000     
   0.0000000000000000     
   0.0000000000000000     
   0.0000000000000000     
   0.0000000000000000     
   0.0000000000000000     
   0.0000000000000000     
   0.0000000000000000     
   0.0000000000000000     
   0.0000000000000000     
   0.0000000000000000     
   0.0000000000000000     
   0.0000000000000000     
   0.0000000000000000     
   0.0000000000000000     
   0.0000000000000000     
   0.0000000000000000     
   0.0000000000000000     
   0.0000000000000000     
   0.0000000000000000     
   0.0000000000000000     
   0.0000000000000000     
   0.0000000000000000     
   0.0000000000000000     
   0.0000000000000000     
   0.0000000000000000     
   0.0000000000000000     
   0.0000000000000000     
   0.0000000000000000     
   0.0000000000000000     
   0.0000000000000000     
   0.0000000000000000     
   0.0000000000000000     
   0.0000000000000000     
 0.24441850547170E-14
 0.47372123130568E-14
 0.59112286582995E-14
 0.69041942852038E-14
 0.70624603303345E-14
 0.72955448732714E-14
 0.69398372267770E-14
 0.65686380396828E-14
 0.60700181691612E-14
 0.55278220068955E-14
 0.48466184314273E-14
 0.42442588731044E-14
 0.36908398278569E-14
 0.31471952137425E-14
 0.26655576347962E-14
 0.21994364863659E-14
 0.18436397694867E-14
 0.15311053580071E-14
 0.12945405828214E-14
 0.10745792082495E-14
 0.89448720460686E-15
 0.73832450328440E-15
 0.62653179569851E-15
 0.53126195313696E-15
 0.42799586977481E-15
 0.36890481685993E-15
 0.30420393118893E-15
 0.25446350843270E-15
 0.20582001275740E-15
 0.17387799364648E-15
 0.14548181840318E-15
 0.12169510143771E-15
 0.97906914836729E-16
 0.83805548768681E-16
 0.71268664653252E-16
 0.60422231244857E-16
 0.48932245514270E-16
 0.39635918091110E-16
 0.33607780704506E-16
 0.27236916875182E-16
 0.21751804384673E-16
 0.17827397660392E-16
 0.14325398374506E-16
 0.11524183235372E-16
 0.87692925781963E-17
 0.72120876759107E-17
 0.57808166646519E-17
 0.40768580593954E-17
 0.30389545972621E-17
 0.21744628527054E-17
 0.14321624265635E-17
 0.80686660390120E-18
 0.12537119171479E-18
   0.0000000000000000     
   0.0000000000000000     
   0.0000000000000000     
   0.0000000000000000     
   0.0000000000000000     
   0.0000000000000000     
   0.0000000000000000     
   0.0000000000000000     
   0.0000000000000000     
   0.0000000000000000     
   0.0000000000000000     
   0.0000000000000000     
   0.0000000000000000     
   0.0000000000000000     
   0.0000000000000000     
   0.0000000000000000     
   0.0000000000000000     
   0.0000000000000000     
   0.0000000000000000     
   0.0000000000000000     
   0.0000000000000000     
   0.0000000000000000     
   0.0000000000000000     
   0.0000000000000000     
   0.0000000000000000     
   0.0000000000000000     
   0.0000000000000000     
   0.0000000000000000     
   0.0000000000000000     
   0.0000000000000000     
   0.0000000000000000     
   0.0000000000000000     
   0.0000000000000000     
   0.0000000000000000     
   0.0000000000000000     
   0.0000000000000000     
   0.0000000000000000     
   0.0000000000000000     
   0.0000000000000000     
   0.0000000000000000     
   0.0000000000000000     
   0.0000000000000000     
   0.0000000000000000     
   0.0000000000000000     
   0.0000000000000000     
   0.0000000000000000     
   0.0000000000000000     
   0.0000000000000000     
   0.0000000000000000     
   0.0000000000000000     
   0.0000000000000000     
   0.0000000000000000     
   0.0000000000000000     
   0.0000000000000000     
   0.0000000000000000     
   0.0000000000000000     
   0.0000000000000000     
   0.0000000000000000     
   0.0000000000000000     
   0.0000000000000000     
   0.0000000000000000     
   0.0000000000000000     
   0.0000000000000000     
   0.0000000000000000     
   0.0000000000000000     
   0.0000000000000000     
   0.0000000000000000     
   0.0000000000000000     
   0.0000000000000000     
   0.0000000000000000     
   0.0000000000000000     
   0.0000000000000000     
   0.0000000000000000     
   0.0000000000000000     
   0.0000000000000000     
   0.0000000000000000     
   0.0000000000000000     
   0.0000000000000000     
   0.0000000000000000     
   0.0000000000000000     
   0.0000000000000000     
   0.0000000000000000     
   0.0000000000000000     
   0.0000000000000000     
   0.0000000000000000     
   0.0000000000000000     
   0.0000000000000000     
   0.0000000000000000     
   0.0000000000000000     
   0.0000000000000000     
   0.0000000000000000     
   0.0000000000000000     
   0.0000000000000000     
   0.0000000000000000     
   0.0000000000000000     
   0.0000000000000000     
   0.0000000000000000     
 0.36256067783007E-14
 0.47398857748712E-14
 0.63334253945819E-14
 0.74058556144096E-14
 0.80447211800593E-14
 0.87270344241773E-14
 0.85430792475833E-14
 0.84510203335786E-14
 0.80225771016603E-14
 0.75133201891764E-14
 0.68543037699226E-14
 0.61318778222501E-14
 0.54647289822437E-14
 0.47588543534874E-14
 0.41156606003773E-14
 0.35085320346970E-14
 0.29586121908528E-14
 0.25084460732213E-14
 0.21173563079810E-14
 0.17793423159905E-14
 0.15007743223276E-14
 0.12585777911996E-14
 0.10685036427057E-14
 0.89616080434684E-15
 0.77242302471878E-15
 0.64836399220803E-15
 0.54592223480634E-15
 0.45111592003658E-15
 0.37459720459402E-15
 0.32170821545526E-15
 0.27147355728419E-15
 0.22276780363337E-15
 0.17704515144137E-15
 0.15651614755000E-15
 0.13551197945952E-15
 0.11210775903996E-15
 0.90474884199452E-16
 0.78691627048574E-16
 0.65528547123368E-16
 0.53466472798043E-16
 0.42233612083740E-16
 0.35797744304795E-16
 0.29664918076210E-16
 0.24194209725995E-16
 0.18661300930566E-16
 0.16150230672404E-16
 0.13495791005244E-16
 0.10562075569406E-16
 0.79478269167559E-17
 0.64463172779307E-17
 0.50445165736800E-17
 0.39692373408032E-17
 0.25417722450677E-17
 0.19401790063527E-17
 0.12852563522607E-17
 0.60220058874599E-18
   0.0000000000000000     
   0.0000000000000000     
   0.0000000000000000     
   0.0000000000000000     
   0.0000000000000000     
   0.0000000000000000     
   0.0000000000000000     
   0.0000000000000000     
   0.0000000000000000     
   0.0000000000000000     
   0.0000000000000000     
   0.0000000000000000     
   0.0000000000000000     
   0.0000000000000000     
   0.0000000000000000     
   0.0000000000000000     
   0.0000000000000000     
   0.0000000000000000     
   0.0000000000000000     
   0.0000000000000000     
   0.0000000000000000     
   0.0000000000000000     
   0.0000000000000000     
   0.0000000000000000     
   0.0000000000000000     
   0.0000000000000000     
   0.0000000000000000     
   0.0000000000000000     
   0.0000000000000000     
   0.0000000000000000     
   0.0000000000000000     
   0.0000000000000000     
   0.0000000000000000     
   0.0000000000000000     
   0.0000000000000000     
   0.0000000000000000     
   0.0000000000000000     
   0.0000000000000000     
   0.0000000000000000     
   0.0000000000000000     
   0.0000000000000000     
   0.0000000000000000     
   0.0000000000000000     
   0.0000000000000000     
   0.0000000000000000     
   0.0000000000000000     
   0.0000000000000000     
   0.0000000000000000     
   0.0000000000000000     
   0.0000000000000000     
   0.0000000000000000     
   0.0000000000000000     
   0.0000000000000000     
   0.0000000000000000     
   0.0000000000000000     
   0.0000000000000000     
   0.0000000000000000     
   0.0000000000000000     
   0.0000000000000000     
   0.0000000000000000     
   0.0000000000000000     
   0.0000000000000000     
   0.0000000000000000     
   0.0000000000000000     
   0.0000000000000000     
   0.0000000000000000     
   0.0000000000000000     
   0.0000000000000000     
   0.0000000000000000     
   0.0000000000000000     
   0.0000000000000000     
   0.0000000000000000     
   0.0000000000000000     
   0.0000000000000000     
   0.0000000000000000     
   0.0000000000000000     
   0.0000000000000000     
   0.0000000000000000     
   0.0000000000000000     
   0.0000000000000000     
   0.0000000000000000     
   0.0000000000000000     
   0.0000000000000000     
   0.0000000000000000     
   0.0000000000000000     
   0.0000000000000000     
   0.0000000000000000     
   0.0000000000000000     
   0.0000000000000000     
   0.0000000000000000     
   0.0000000000000000     
   0.0000000000000000     
   0.0000000000000000     
 0.18055793768824E-14
 0.25402948388354E-14
 0.41449097467956E-14
 0.55244880090922E-14
 0.66064956459624E-14
 0.76660581401163E-14
 0.85484597935299E-14
 0.93691022183966E-14
 0.96525546298153E-14
 0.96350698752112E-14
 0.93264210538022E-14
 0.89295983628786E-14
 0.82151588587534E-14
 0.75612564982529E-14
 0.67918072500389E-14
 0.60148523664956E-14
 0.52831710009058E-14
 0.45648444744673E-14
 0.39134218194667E-14
 0.33346492088740E-14
 0.28352140483952E-14
 0.24215558453115E-14
 0.20849931883121E-14
 0.17677011047803E-14
 0.14856598076545E-14
 0.12710098859628E-14
 0.10937798332185E-14
 0.92753502245157E-15
 0.77705460807539E-15
 0.65273168642808E-15
 0.56426076031016E-15
 0.48391878149225E-15
 0.40008388872821E-15
 0.34020038594389E-15
 0.28483335469317E-15
 0.24487848615340E-15
 0.20274177958539E-15
 0.17033217281362E-15
 0.14953351050773E-15
 0.12486328842662E-15
 0.10086720101050E-15
 0.83445448788607E-16
 0.71657446879855E-16
 0.59088920483661E-16
 0.47810758992428E-16
 0.38341458965253E-16
 0.33256000427689E-16
 0.27791112642154E-16
 0.23551475855005E-16
 0.17311588287419E-16
 0.15104654774067E-16
 0.12117314730390E-16
 0.99466588496844E-17
 0.73626565222616E-17
 0.59328758380333E-17
 0.47316310319576E-17
 0.34624210994613E-17
 0.22215374790521E-17
 0.16441401282001E-17
 0.10568335329876E-17
 0.41058840527765E-18
   0.0000000000000000     
   0.0000000000000000     
   0.0000000000000000     
   0.0000000000000000     
   0.0000000000000000     
   0.0000000000000000     
   0.0000000000000000     
   0.0000000000000000     
   0.0000000000000000     
   0.0000000000000000     
   0.0000000000000000     
   0.0000000000000000     
   0.0000000000000000     
   0.0000000000000000     
   0.0000000000000000     
   0.0000000000000000     
   0.0000000000000000     
   0.0000000000000000     
   0.0000000000000000     
   0.0000000000000000     
   0.0000000000000000     
   0.0000000000000000     
   0.0000000000000000     
   0.0000000000000000     
   0.0000000000000000     
   0.0000000000000000     
   0.0000000000000000     
   0.0000000000000000     
   0.0000000000000000     
   0.0000000000000000     
   0.0000000000000000     
   0.0000000000000000     
   0.0000000000000000     
   0.0000000000000000     
   0.0000000000000000     
   0.0000000000000000     
   0.0000000000000000     
   0.0000000000000000     
   0.0000000000000000     
   0.0000000000000000     
   0.0000000000000000     
   0.0000000000000000     
   0.0000000000000000     
   0.0000000000000000     
   0.0000000000000000     
   0.0000000000000000     
   0.0000000000000000     
   0.0000000000000000     
   0.0000000000000000     
   0.0000000000000000     
   0.0000000000000000     
   0.0000000000000000     
   0.0000000000000000     
   0.0000000000000000     
   0.0000000000000000     
   0.0000000000000000     
   0.0000000000000000     
   0.0000000000000000     
   0.0000000000000000     
   0.0000000000000000     
   0.0000000000000000     
   0.0000000000000000     
   0.0000000000000000     
   0.0000000000000000     
   0.0000000000000000     
   0.0000000000000000     
   0.0000000000000000     
   0.0000000000000000     
   0.0000000000000000     
   0.0000000000000000     
   0.0000000000000000     
   0.0000000000000000     
   0.0000000000000000     
   0.0000000000000000     
   0.0000000000000000     
   0.0000000000000000     
   0.0000000000000000     
   0.0000000000000000     
   0.0000000000000000     
   0.0000000000000000     
   0.0000000000000000     
   0.0000000000000000     
   0.0000000000000000     
   0.0000000000000000     
   0.0000000000000000     
   0.0000000000000000     
   0.0000000000000000     
   0.0000000000000000     
 0.10237563996562E-15
 0.95410503440331E-15
 0.11891656862163E-14
 0.26257144318336E-14
 0.33778490869329E-14
 0.48430359102686E-14
 0.59096499270028E-14
 0.72876293791056E-14
 0.84896470804110E-14
 0.94916597126854E-14
 0.10131455184411E-13
 0.10358251138353E-13
 0.10373881529331E-13
 0.10129820597081E-13
 0.95311534426198E-14
 0.88490296411458E-14
 0.81409225516706E-14
 0.73476893881579E-14
 0.65195476764309E-14
 0.57501167565918E-14
 0.49954587364877E-14
 0.43187291661377E-14
 0.37385542057515E-14
 0.32366381320022E-14
 0.27988146246138E-14
 0.23903503186857E-14
 0.20422676613618E-14
 0.17868847830466E-14
 0.15337151960718E-14
 0.12986695494783E-14
 0.11233463476303E-14
 0.96718549352210E-15
 0.81937720025769E-15
 0.68372153532814E-15
 0.58439575437810E-15
 0.52299626205823E-15
 0.42932122478732E-15
 0.35125568920335E-15
 0.30365875386208E-15
 0.26880145971587E-15
 0.22565550660647E-15
 0.18119524639559E-15
 0.15662758615879E-15
 0.13734847553929E-15
 0.11277604649047E-15
 0.92218440003871E-16
 0.75677803008665E-16
 0.65949178496900E-16
 0.54356835701404E-16
 0.45714596001666E-16
 0.36030427126685E-16
 0.31384964543881E-16
 0.24965270522661E-16
 0.20632393055133E-16
 0.16863034343062E-16
 0.13958655245636E-16
 0.11125432511263E-16
 0.90104575425807E-17
 0.69306489063466E-17
 0.54363943418052E-17
 0.43024745591420E-17
 0.30663510433361E-17
 0.21781213388728E-17
 0.14943252976952E-17
 0.89205124934390E-18
 0.25519723786998E-18
   0.0000000000000000     
   0.0000000000000000     
   0.0000000000000000     
   0.0000000000000000     
   0.0000000000000000     
   0.0000000000000000     
   0.0000000000000000     
   0.0000000000000000     
   0.0000000000000000     
   0.0000000000000000     
   0.0000000000000000     
   0.0000000000000000     
   0.0000000000000000     
   0.0000000000000000     
   0.0000000000000000     
   0.0000000000000000     
   0.0000000000000000     
   0.0000000000000000     
   0.0000000000000000     
   0.0000000000000000     
   0.0000000000000000     
   0.0000000000000000     
   0.0000000000000000     
   0.0000000000000000     
   0.0000000000000000     
   0.0000000000000000     
   0.0000000000000000     
   0.0000000000000000     
   0.0000000000000000     
   0.0000000000000000     
   0.0000000000000000     
   0.0000000000000000     
   0.0000000000000000     
   0.0000000000000000     
   0.0000000000000000     
   0.0000000000000000     
   0.0000000000000000     
   0.0000000000000000     
   0.0000000000000000     
   0.0000000000000000     
   0.0000000000000000     
   0.0000000000000000     
   0.0000000000000000     
   0.0000000000000000     
   0.0000000000000000     
   0.0000000000000000     
   0.0000000000000000     
   0.0000000000000000     
   0.0000000000000000     
   0.0000000000000000     
   0.0000000000000000     
   0.0000000000000000     
   0.0000000000000000     
   0.0000000000000000     
   0.0000000000000000     
   0.0000000000000000     
   0.0000000000000000     
   0.0000000000000000     
   0.0000000000000000     
   0.0000000000000000     
   0.0000000000000000     
   0.0000000000000000     
   0.0000000000000000     
   0.0000000000000000     
   0.0000000000000000     
   0.0000000000000000     
   0.0000000000000000     
   0.0000000000000000     
   0.0000000000000000     
   0.0000000000000000     
   0.0000000000000000     
   0.0000000000000000     
   0.0000000000000000     
   0.0000000000000000     
   0.0000000000000000     
   0.0000000000000000     
   0.0000000000000000     
   0.0000000000000000     
   0.0000000000000000     
   0.0000000000000000     
   0.0000000000000000     
   0.0000000000000000     
   0.0000000000000000     
   0.0000000000000000     
 0.28093685910735E-15
 0.30884924833279E-15
 0.71700688050866E-15
 0.11635261870814E-14
 0.16952525764184E-14
 0.24692514288164E-14
 0.36001362502824E-14
 0.49279733858015E-14
 0.62186565193254E-14
 0.76099097338127E-14
 0.87999016912462E-14
 0.99330928697871E-14
 0.10493066572057E-13
 0.10822630383576E-13
 0.10773801115935E-13
 0.10553192059358E-13
 0.99663180747699E-14
 0.93922689826691E-14
 0.86939790785128E-14
 0.77953102816714E-14
 0.69954329761425E-14
 0.62315771892729E-14
 0.54883174672645E-14
 0.48024825796020E-14
 0.41997045423775E-14
 0.36741131638422E-14
 0.31976853464921E-14
 0.27927660369191E-14
 0.24429441167143E-14
 0.21094527778493E-14
 0.18249259011136E-14
 0.16033512055293E-14
 0.13578918080357E-14
 0.11429532052167E-14
 0.10078269525133E-14
 0.86216150566856E-15
 0.74813246931843E-15
 0.60356768167734E-15
 0.53350413054796E-15
 0.46746266872754E-15
 0.39874577105846E-15
 0.32082124651687E-15
 0.28070452292652E-15
 0.24349323464049E-15
 0.20914724382522E-15
 0.16547033514441E-15
 0.14363654688018E-15
 0.12413316592840E-15
 0.10188859909696E-15
 0.83833374987663E-16
 0.70862561658857E-16
 0.61281742924803E-16
 0.49744824923087E-16
 0.39792233409421E-16
 0.35386093781266E-16
 0.28883375178469E-16
 0.23585262039147E-16
 0.18977856837511E-16
 0.15938017262777E-16
 0.12956072516930E-16
 0.10604349083396E-16
 0.77417249537507E-17
 0.66025923589496E-17
 0.51867802498543E-17
 0.39639311931801E-17
 0.27505275229373E-17
 0.19868389820914E-17
 0.13608943136105E-17
 0.69977587674015E-18
 0.71700004488654E-19
   0.0000000000000000     
   0.0000000000000000     
   0.0000000000000000     
   0.0000000000000000     
   0.0000000000000000     
   0.0000000000000000     
   0.0000000000000000     
   0.0000000000000000     
   0.0000000000000000     
   0.0000000000000000     
   0.0000000000000000     
   0.0000000000000000     
   0.0000000000000000     
   0.0000000000000000     
   0.0000000000000000     
   0.0000000000000000     
   0.0000000000000000     
   0.0000000000000000     
   0.0000000000000000     
   0.0000000000000000     
   0.0000000000000000     
   0.0000000000000000     
   0.0000000000000000     
   0.0000000000000000     
   0.0000000000000000     
   0.0000000000000000     
   0.0000000000000000     
   0.0000000000000000     
   0.0000000000000000     
   0.0000000000000000     
   0.0000000000000000     
   0.0000000000000000     
   0.0000000000000000     
   0.0000000000000000     
   0.0000000000000000     
   0.0000000000000000     
   0.0000000000000000     
   0.0000000000000000     
   0.0000000000000000     
   0.0000000000000000     
   0.0000000000000000     
   0.0000000000000000     
   0.0000000000000000     
   0.0000000000000000     
   0.0000000000000000     
   0.0000000000000000     
   0.0000000000000000     
   0.0000000000000000     
   0.0000000000000000     
   0.0000000000000000     
   0.0000000000000000     
   0.0000000000000000     
   0.0000000000000000     
   0.0000000000000000     
   0.0000000000000000     
   0.0000000000000000     
   0.0000000000000000     
   0.0000000000000000     
   0.0000000000000000     
   0.0000000000000000     
   0.0000000000000000     
   0.0000000000000000     
   0.0000000000000000     
   0.0000000000000000     
   0.0000000000000000     
   0.0000000000000000     
   0.0000000000000000     
   0.0000000000000000     
   0.0000000000000000     
   0.0000000000000000     
   0.0000000000000000     
   0.0000000000000000     
   0.0000000000000000     
   0.0000000000000000     
   0.0000000000000000     
   0.0000000000000000     
   0.0000000000000000     
   0.0000000000000000     
   0.0000000000000000     
 0.69416643721835E-16
 0.10150007086072E-15
 0.12992168758132E-15
 0.27783695296203E-15
 0.35370980904006E-15
 0.62979670930480E-15
 0.99145548000435E-15
 0.16473879698939E-14
 0.24476739558414E-14
 0.35449267524333E-14
 0.47868088067730E-14
 0.62194290586688E-14
 0.76284282604889E-14
 0.89468805206457E-14
 0.98821098406965E-14
 0.10475055127240E-13
 0.10900685477364E-13
 0.11021376015685E-13
 0.10724919070317E-13
 0.10253127779554E-13
 0.97160267879955E-14
 0.89891957774569E-14
 0.82638889042730E-14
 0.74463164329292E-14
 0.66870955827961E-14
 0.60105903715639E-14
 0.53087816272476E-14
 0.47194077443510E-14
 0.41691242114209E-14
 0.36871279148776E-14
 0.32679877698377E-14
 0.28845771415373E-14
 0.25116974534681E-14
 0.21777800800530E-14
 0.19038073812091E-14
 0.16421937881842E-14
 0.14224226351951E-14
 0.12082286499725E-14
 0.10597037522078E-14
 0.91758541752689E-15
 0.79499546209541E-15
 0.68392122501380E-15
 0.57201394756758E-15
 0.49350044301412E-15
 0.43256877784168E-15
 0.36738977225665E-15
 0.30009295325970E-15
 0.26311774757872E-15
 0.22333646643088E-15
 0.18917137893410E-15
 0.15244894086551E-15
 0.13516051600317E-15
 0.11439119085601E-15
 0.96162854084503E-16
 0.77060441665514E-16
 0.68078054696971E-16
 0.57898709844764E-16
 0.46903396714342E-16
 0.38111874593636E-16
 0.33309324508523E-16
 0.27164185040597E-16
 0.22324529423086E-16
 0.16782030786589E-16
 0.15019781886060E-16
 0.12110448701248E-16
 0.96614449291159E-17
 0.72745669918828E-17
 0.59358727510878E-17
 0.47878089265107E-17
 0.35248283319372E-17
 0.22537951144971E-17
 0.18331190325870E-17
 0.11653838610811E-17
 0.54737660797206E-18
   0.0000000000000000     
   0.0000000000000000     
   0.0000000000000000     
   0.0000000000000000     
   0.0000000000000000     
   0.0000000000000000     
   0.0000000000000000     
   0.0000000000000000     
   0.0000000000000000     
   0.0000000000000000     
   0.0000000000000000     
   0.0000000000000000     
   0.0000000000000000     
   0.0000000000000000     
   0.0000000000000000     
   0.0000000000000000     
   0.0000000000000000     
   0.0000000000000000     
   0.0000000000000000     
   0.0000000000000000     
   0.0000000000000000     
   0.0000000000000000     
   0.0000000000000000     
   0.0000000000000000     
   0.0000000000000000     
   0.0000000000000000     
   0.0000000000000000     
   0.0000000000000000     
   0.0000000000000000     
   0.0000000000000000     
   0.0000000000000000     
   0.0000000000000000     
   0.0000000000000000     
   0.0000000000000000     
   0.0000000000000000     
   0.0000000000000000     
   0.0000000000000000     
   0.0000000000000000     
   0.0000000000000000     
   0.0000000000000000     
   0.0000000000000000     
   0.0000000000000000     
   0.0000000000000000     
   0.0000000000000000     
   0.0000000000000000     
   0.0000000000000000     
   0.0000000000000000     
   0.0000000000000000     
   0.0000000000000000     
   0.0000000000000000     
   0.0000000000000000     
   0.0000000000000000     
   0.0000000000000000     
   0.0000000000000000     
   0.0000000000000000     
   0.0000000000000000     
   0.0000000000000000     
   0.0000000000000000     
   0.0000000000000000     
   0.0000000000000000     
   0.0000000000000000     
   0.0000000000000000     
   0.0000000000000000     
   0.0000000000000000     
   0.0000000000000000     
   0.0000000000000000     
   0.0000000000000000     
   0.0000000000000000     
   0.0000000000000000     
   0.0000000000000000     
   0.0000000000000000     
   0.0000000000000000     
   0.0000000000000000     
   0.0000000000000000     
   0.0000000000000000     
   0.0000000000000000     
 0.61400542331958E-16
 0.54376605122010E-16
 0.75916827804222E-16
 0.12467889282531E-15
 0.13148553086575E-15
 0.19585960124951E-15
 0.33344528596878E-15
 0.54074174369494E-15
 0.88048715283812E-15
 0.14713145215123E-14
 0.22277355006085E-14
 0.33493435023367E-14
 0.45249840927586E-14
 0.59337788440033E-14
 0.72940640865064E-14
 0.85879374795133E-14
 0.95572023645889E-14
 0.10304291840224E-13
 0.10640327615442E-13
 0.10818529694403E-13
 0.10590371108924E-13
 0.10387963861820E-13
 0.98203378106626E-14
 0.91434016502526E-14
 0.85201751787677E-14
 0.78805294115050E-14
 0.71483975449147E-14
 0.64424739539406E-14
 0.58377232224625E-14
 0.52917251500992E-14
 0.47277650830365E-14
 0.42271147686517E-14
 0.37762289676682E-14
 0.33122662639821E-14
 0.29541812312023E-14
 0.26138462450452E-14
 0.22566288347897E-14
 0.19345640393534E-14
 0.17277655977981E-14
 0.15374997605269E-14
 0.13106440475596E-14
 0.11223318364238E-14
 0.97917563200776E-15
 0.83069593080619E-15
 0.74174723903972E-15
 0.62683391872514E-15
 0.53970539583492E-15
 0.45848149214479E-15
 0.39316444525058E-15
 0.33830953971858E-15
 0.28487382195623E-15
 0.24881017964374E-15
 0.21146844267548E-15
 0.17596817986519E-15
 0.14788207679544E-15
 0.12871646602407E-15
 0.10962194565662E-15
 0.88439274550022E-16
 0.75334482483464E-16
 0.65949908227871E-16
 0.54148941963754E-16
 0.43445625459390E-16
 0.35968072052480E-16
 0.31451221040690E-16
 0.25561612755779E-16
 0.20180780300515E-16
 0.16272572336655E-16
 0.13839106428155E-16
 0.11291999887277E-16
 0.87826446088383E-17
 0.67566505854292E-17
 0.58168765946630E-17
 0.45408469891545E-17
 0.32486911290436E-17
 0.22378610951115E-17
 0.15334038412220E-17
 0.96983219202040E-18
 0.37529532374456E-18
   0.0000000000000000     
   0.0000000000000000     
   0.0000000000000000     
   0.0000000000000000     
   0.0000000000000000     
   0.0000000000000000     
   0.0000000000000000     
   0.0000000000000000     
   0.0000000000000000     
   0.0000000000000000     
   0.0000000000000000     
   0.0000000000000000     
   0.0000000000000000     
   0.0000000000000000     
   0.0000000000000000     
   0.0000000000000000     
   0.0000000000000000     
   0.0000000000000000     
   0.0000000000000000     
   0.0000000000000000     
   0.0000000000000000     
   0.0000000000000000     
   0.0000000000000000     
   0.0000000000000000     
   0.0000000000000000     
   0.0000000000000000     
   0.0000000000000000     
   0.0000000000000000     
   0.0000000000000000     
   0.0000000000000000     
   0.0000000000000000     
   0.0000000000000000     
   0.0000000000000000     
   0.0000000000000000     
   0.0000000000000000     
   0.0000000000000000     
   0.0000000000000000     
   0.0000000000000000     
   0.0000000000000000     
   0.0000000000000000     
   0.0000000000000000     
   0.0000000000000000     
   0.0000000000000000     
   0.0000000000000000     
   0.0000000000000000     
   0.0000000000000000     
   0.0000000000000000     
   0.0000000000000000     
   0.0000000000000000     
   0.0000000000000000     
   0.0000000000000000     
   0.0000000000000000     
   0.0000000000000000     
   0.0000000000000000     
   0.0000000000000000     
   0.0000000000000000     
   0.0000000000000000     
   0.0000000000000000     
   0.0000000000000000     
   0.0000000000000000     
   0.0000000000000000     
   0.0000000000000000     
   0.0000000000000000     
   0.0000000000000000     
   0.0000000000000000     
   0.0000000000000000     
   0.0000000000000000     
   0.0000000000000000     
   0.0000000000000000     
   0.0000000000000000     
   0.0000000000000000     
 0.36254955453764E-16
 0.43562040883214E-16
 0.37515182732976E-16
 0.59031771105473E-16
 0.62619319154559E-16
 0.63834587128733E-16
 0.91129745105398E-16
 0.11900069591273E-15
 0.15898901133331E-15
 0.27815155119793E-15
 0.45442456751094E-15
 0.77996424331761E-15
 0.12721737726073E-14
 0.19758443668508E-14
 0.29375250830666E-14
 0.41324810100091E-14
 0.54696785633168E-14
 0.68213898908946E-14
 0.79721444049301E-14
 0.89199842023919E-14
 0.96702487986488E-14
 0.10175941234509E-13
 0.10338146201605E-13
 0.10290701827972E-13
 0.10122717155845E-13
 0.96640925576296E-14
 0.92415905431093E-14
 0.87195407192950E-14
 0.81231450025958E-14
 0.74993539806192E-14
 0.69538222341370E-14
 0.63716768643983E-14
 0.58164503368029E-14
 0.52497020095985E-14
 0.47853125765758E-14
 0.42947228393956E-14
 0.38850221680084E-14
 0.34400967238467E-14
 0.30142219452537E-14
 0.26673316550277E-14
 0.24042631470229E-14
 0.20958407395095E-14
 0.17747144584266E-14
 0.16470101816786E-14
 0.13973460144453E-14
 0.12050844848562E-14
 0.10666555631228E-14
 0.93197754533268E-15
 0.79331700118822E-15
 0.68172402742845E-15
 0.56957585110648E-15
 0.51644802366125E-15
 0.44529404172590E-15
 0.38140142161812E-15
 0.31511264252384E-15
 0.26750751776401E-15
 0.23463784493758E-15
 0.19807491643028E-15
 0.15816347232832E-15
 0.13783957045725E-15
 0.12436159963906E-15
 0.10159193763729E-15
 0.81184184599103E-16
 0.68699509041862E-16
 0.62293115826888E-16
 0.49987980128150E-16
 0.40034863044255E-16
 0.33833419779195E-16
 0.27646292799604E-16
 0.24138117564585E-16
 0.18621037216526E-16
 0.16155112110898E-16
 0.13106471413165E-16
 0.10564319914646E-16
 0.84012832524092E-17
 0.67012838371437E-17
 0.52679730103349E-17
 0.41487284073498E-17
 0.29638359775859E-17
 0.21072509219297E-17
 0.14338535628707E-17
 0.80072047723489E-18
 0.19054561732821E-18
   0.0000000000000000     
   0.0000000000000000     
   0.0000000000000000     
   0.0000000000000000     
   0.0000000000000000     
   0.0000000000000000     
   0.0000000000000000     
   0.0000000000000000     
   0.0000000000000000     
   0.0000000000000000     
   0.0000000000000000     
   0.0000000000000000     
   0.0000000000000000     
   0.0000000000000000     
   0.0000000000000000     
   0.0000000000000000     
   0.0000000000000000     
   0.0000000000000000     
   0.0000000000000000     
   0.0000000000000000     
   0.0000000000000000     
   0.0000000000000000     
   0.0000000000000000     
   0.0000000000000000     
   0.0000000000000000     
   0.0000000000000000     
   0.0000000000000000     
   0.0000000000000000     
   0.0000000000000000     
   0.0000000000000000     
   0.0000000000000000     
   0.0000000000000000     
   0.0000000000000000     
   0.0000000000000000     
   0.0000000000000000     
   0.0000000000000000     
   0.0000000000000000     
   0.0000000000000000     
   0.0000000000000000     
   0.0000000000000000     
   0.0000000000000000     
   0.0000000000000000     
   0.0000000000000000     
   0.0000000000000000     
   0.0000000000000000     
   0.0000000000000000     
   0.0000000000000000     
   0.0000000000000000     
   0.0000000000000000     
   0.0000000000000000     
   0.0000000000000000     
   0.0000000000000000     
   0.0000000000000000     
   0.0000000000000000     
   0.0000000000000000     
   0.0000000000000000     
   0.0000000000000000     
   0.0000000000000000     
   0.0000000000000000     
   0.0000000000000000     
   0.0000000000000000     
   0.0000000000000000     
   0.0000000000000000     
   0.0000000000000000     
   0.0000000000000000     
   0.0000000000000000     
   0.0000000000000000     
 0.23724773609297E-16
 0.32791806727022E-16
 0.26570636419679E-16
 0.34931823860740E-16
 0.32105390265695E-16
 0.36586225464992E-16
 0.57185404666153E-16
 0.66072526189576E-16
 0.85736031874501E-16
 0.10613465068074E-15
 0.14061041079105E-15
 0.22620290456513E-15
 0.36433580624684E-15
 0.62817756126779E-15
 0.10656021672346E-14
 0.17316262760466E-14
 0.25739957451264E-14
 0.36396895101353E-14
 0.48257832499402E-14
 0.60921767040375E-14
 0.71369812317719E-14
 0.80832153113906E-14
 0.87793890818265E-14
 0.93184807018505E-14
 0.96262892038931E-14
 0.97912459848137E-14
 0.96239664981851E-14
 0.93645237690506E-14
 0.91856195727297E-14
 0.87697223043340E-14
 0.82908576626812E-14
 0.78049504869890E-14
 0.73993308590299E-14
 0.68988104774786E-14
 0.63502181717752E-14
 0.58477465873884E-14
 0.53708098262583E-14
 0.49095630892770E-14
 0.44941436577608E-14
 0.39704081062158E-14
 0.35397454706644E-14
 0.32042431777645E-14
 0.28271220046946E-14
 0.25249554379046E-14
 0.22500349230602E-14
 0.19312526080588E-14
 0.16971517856131E-14
 0.15623421157134E-14
 0.13315575678205E-14
 0.11362990521881E-14
 0.97023294719997E-15
 0.87201003993172E-15
 0.76649935076726E-15
 0.65189336644759E-15
 0.52856512547053E-15
 0.47340940670264E-15
 0.41346535759052E-15
 0.34892773072246E-15
 0.27756188838320E-15
 0.25573228495537E-15
 0.22646529770070E-15
 0.18169566676416E-15
 0.14943939051906E-15
 0.12395446186805E-15
 0.11713617389215E-15
 0.94827401897423E-16
 0.77208455406004E-16
 0.65385892252728E-16
 0.54308290910779E-16
 0.47767760589847E-16
 0.36166190762934E-16
 0.33894788695351E-16
 0.27755433903768E-16
 0.22649443731237E-16
 0.18058488267849E-16
 0.14990831613787E-16
 0.12597648429826E-16
 0.10231327157768E-16
 0.76993318597633E-17
 0.62345635814705E-17
 0.48564869057365E-17
 0.38330648183364E-17
 0.24846880187534E-17
 0.18306409189647E-17
 0.13630594207800E-17
 0.72297939946688E-18
 0.30343611110814E-19
   0.0000000000000000     
   0.0000000000000000     
   0.0000000000000000     
   0.0000000000000000     
   0.0000000000000000     
   0.0000000000000000     
   0.0000000000000000     
   0.0000000000000000     
   0.0000000000000000     
   0.0000000000000000     
   0.0000000000000000     
   0.0000000000000000     
   0.0000000000000000     
   0.0000000000000000     
   0.0000000000000000     
   0.0000000000000000     
   0.0000000000000000     
   0.0000000000000000     
   0.0000000000000000     
   0.0000000000000000     
   0.0000000000000000     
   0.0000000000000000     
   0.0000000000000000     
   0.0000000000000000     
   0.0000000000000000     
   0.0000000000000000     
   0.0000000000000000     
   0.0000000000000000     
   0.0000000000000000     
   0.0000000000000000     
   0.0000000000000000     
   0.0000000000000000     
   0.0000000000000000     
   0.0000000000000000     
   0.0000000000000000     
   0.0000000000000000     
   0.0000000000000000     
   0.0000000000000000     
   0.0000000000000000     
   0.0000000000000000     
   0.0000000000000000     
   0.0000000000000000     
   0.0000000000000000     
   0.0000000000000000     
   0.0000000000000000     
   0.0000000000000000     
   0.0000000000000000     
   0.0000000000000000     
   0.0000000000000000     
   0.0000000000000000     
   0.0000000000000000     
   0.0000000000000000     
   0.0000000000000000     
   0.0000000000000000     
   0.0000000000000000     
   0.0000000000000000     
   0.0000000000000000     
   0.0000000000000000     
   0.0000000000000000     
   0.0000000000000000     
   0.0000000000000000     
   0.0000000000000000     
 0.46313230491557E-17
 0.12289116589144E-16
 0.14500154399038E-16
 0.27164098899870E-16
 0.11642622233188E-16
 0.25761715214204E-16
 0.25806998121270E-16
 0.35676914885868E-16
 0.47817330866770E-16
 0.44852313619596E-16
 0.51892381901022E-16
 0.60667613556031E-16
 0.78046670790462E-16
 0.12233042348128E-15
 0.17468932839408E-15
 0.29769199602584E-15
 0.49577960168466E-15
 0.83359340337853E-15
 0.13535161477291E-14
 0.21016307772671E-14
 0.30507149343196E-14
 0.40792891299449E-14
 0.51178846489571E-14
 0.60859599379153E-14
 0.69972840667215E-14
 0.77550731817412E-14
 0.83007268373790E-14
 0.87084154628996E-14
 0.89648973960529E-14
 0.90080395685419E-14
 0.89941267880244E-14
 0.88448818160249E-14
 0.86149196335100E-14
 0.83817008598771E-14
 0.81864330215874E-14
 0.77902529046377E-14
 0.72034370545932E-14
 0.68310051871092E-14
 0.63934636004899E-14
 0.60045168616344E-14
 0.55830134275108E-14
 0.50082654275920E-14
 0.44851115531141E-14
 0.41434098308349E-14
 0.37127583387090E-14
 0.33886699601399E-14
 0.29594498317441E-14
 0.26624723451857E-14
 0.24134692248067E-14
 0.21031891157927E-14
 0.17955046288578E-14
 0.16345097599454E-14
 0.13937200201948E-14
 0.12541571794139E-14
 0.10888409159933E-14
 0.93005034502309E-15
 0.80942180813803E-15
 0.70674709085152E-15
 0.60077071174598E-15
 0.49983386182446E-15
 0.44340490928392E-15
 0.39984528789427E-15
 0.32442838939244E-15
 0.27346355596853E-15
 0.23106524920846E-15
 0.20880490992044E-15
 0.17186058600565E-15
 0.14164107509356E-15
 0.12209090730508E-15
 0.10205049554191E-15
 0.87382221565699E-16
 0.70365082442560E-16
 0.65445005144297E-16
 0.55454066390840E-16
 0.45060778715640E-16
 0.36222226332117E-16
 0.30244279983242E-16
 0.26252030416382E-16
 0.21470023824634E-16
 0.16939264877198E-16
 0.14247472843449E-16
 0.11355944495012E-16
 0.97480145935882E-17
 0.72472073910216E-17
 0.60865273604068E-17
 0.49240726930107E-17
 0.37056345494303E-17
 0.23320632444881E-17
 0.17347250871524E-17
 0.11234258154780E-17
 0.49046481610146E-18
   0.0000000000000000     
   0.0000000000000000     
   0.0000000000000000     
   0.0000000000000000     
   0.0000000000000000     
   0.0000000000000000     
   0.0000000000000000     
   0.0000000000000000     
   0.0000000000000000     
   0.0000000000000000     
   0.0000000000000000     
   0.0000000000000000     
   0.0000000000000000     
   0.0000000000000000     
   0.0000000000000000     
   0.0000000000000000     
   0.0000000000000000     
   0.0000000000000000     
   0.0000000000000000     
   0.0000000000000000     
   0.0000000000000000     
   0.0000000000000000     
   0.0000000000000000     
   0.0000000000000000     
   0.0000000000000000     
   0.0000000000000000     
   0.0000000000000000     
   0.0000000000000000     
   0.0000000000000000     
   0.0000000000000000     
   0.0000000000000000     
   0.0000000000000000     
   0.0000000000000000     
   0.0000000000000000     
   0.0000000000000000     
   0.0000000000000000     
   0.0000000000000000     
   0.0000000000000000     
   0.0000000000000000     
   0.0000000000000000     
   0.0000000000000000     
   0.0000000000000000     
   0.0000000000000000     
   0.0000000000000000     
   0.0000000000000000     
   0.0000000000000000     
   0.0000000000000000     
   0.0000000000000000     
   0.0000000000000000     
   0.0000000000000000     
   0.0000000000000000     
   0.0000000000000000     
   0.0000000000000000     
   0.0000000000000000     
   0.0000000000000000     
   0.0000000000000000     
   0.0000000000000000     
   0.0000000000000000     
   0.0000000000000000     
 0.41803812084228E-17
 0.62752931762939E-17
 0.55707472508090E-17
 0.99223067124391E-17
 0.89873376289668E-17
 0.98864116586155E-17
 0.12730530396819E-16
 0.13681818064077E-16
 0.20636900350714E-16
 0.21844095625427E-16
 0.25076402190347E-16
 0.30100637297469E-16
 0.42933999671078E-16
 0.52098646246633E-16
 0.67766030281012E-16
 0.91067736559391E-16
 0.13563617063676E-15
 0.20442718074496E-15
 0.36197352134780E-15
 0.64405544729607E-15
 0.10483045974117E-14
 0.16407180798034E-14
 0.23888586125593E-14
 0.32589463214532E-14
 0.41234407822566E-14
 0.49946284715208E-14
 0.57965525926262E-14
 0.65624224718873E-14
 0.72362214624578E-14
 0.77174741986262E-14
 0.79814115169750E-14
 0.82343998651412E-14
 0.84503175717198E-14
 0.84420085727806E-14
 0.84602981515936E-14
 0.84057714279180E-14
 0.81989973989970E-14
 0.78305552626793E-14
 0.75868550415596E-14
 0.72658276274322E-14
 0.69517247815029E-14
 0.66308446005105E-14
 0.60770753788005E-14
 0.55364047077825E-14
 0.51416276111772E-14
 0.47193226502568E-14
 0.44146245127043E-14
 0.39042821213495E-14
 0.35423252978023E-14
 0.31791743166276E-14
 0.27533218079722E-14
 0.25104600572223E-14
 0.22329025115197E-14
 0.19829126890836E-14
 0.17581454017576E-14
 0.15492501452129E-14
 0.13525130066996E-14
 0.11664724826428E-14
 0.10111695741051E-14
 0.87500920370089E-15
 0.75270715592459E-15
 0.68563036997101E-15
 0.55762327797219E-15
 0.47288925712808E-15
 0.41946952079438E-15
 0.36590999710642E-15
 0.30369960759097E-15
 0.26589428390895E-15
 0.21991930983123E-15
 0.18950074374259E-15
 0.16049877729162E-15
 0.13378673343623E-15
 0.12402802311502E-15
 0.10390034074185E-15
 0.84162108332132E-16
 0.70121591831484E-16
 0.60628979046298E-16
 0.51412687288653E-16
 0.41950616944111E-16
 0.34646796185692E-16
 0.28478650999347E-16
 0.25186283765422E-16
 0.20240164793536E-16
 0.16351796897280E-16
 0.14117030546878E-16
 0.11644483808242E-16
 0.89174740304287E-17
 0.69616323383733E-17
 0.57050169484234E-17
 0.44527792099430E-17
 0.30935591434021E-17
 0.21693165551546E-17
 0.16333125321154E-17
 0.97569974474527E-18
 0.32508277243573E-18
   0.0000000000000000     
   0.0000000000000000     
   0.0000000000000000     
   0.0000000000000000     
   0.0000000000000000     
   0.0000000000000000     
   0.0000000000000000     
   0.0000000000000000     
   0.0000000000000000     
   0.0000000000000000     
   0.0000000000000000     
   0.0000000000000000     
   0.0000000000000000     
   0.0000000000000000     
   0.0000000000000000     
   0.0000000000000000     
   0.0000000000000000     
   0.0000000000000000     
   0.0000000000000000     
   0.0000000000000000     
   0.0000000000000000     
   0.0000000000000000     
   0.0000000000000000     
   0.0000000000000000     
   0.0000000000000000     
   0.0000000000000000     
   0.0000000000000000     
   0.0000000000000000     
   0.0000000000000000     
   0.0000000000000000     
   0.0000000000000000     
   0.0000000000000000     
   0.0000000000000000     
   0.0000000000000000     
   0.0000000000000000     
   0.0000000000000000     
   0.0000000000000000     
   0.0000000000000000     
   0.0000000000000000     
   0.0000000000000000     
   0.0000000000000000     
   0.0000000000000000     
   0.0000000000000000     
   0.0000000000000000     
   0.0000000000000000     
   0.0000000000000000     
   0.0000000000000000     
   0.0000000000000000     
   0.0000000000000000     
   0.0000000000000000     
   0.0000000000000000     
   0.0000000000000000     
   0.0000000000000000     
   0.0000000000000000     
   0.0000000000000000     
 0.13705384698179E-17
 0.99025135200666E-18
 0.50748149445570E-17
 0.20359877461673E-17
 0.34740863029606E-17
 0.47425112031086E-17
 0.64207720001897E-17
 0.58383754482816E-17
 0.15397743031210E-16
 0.11618251224159E-16
 0.13317152046442E-16
 0.12618418765806E-16
 0.16585037570943E-16
 0.23473826218802E-16
 0.44808359783835E-16
 0.48000366808864E-16
 0.55923295699977E-16
 0.65382967829231E-16
 0.10002960389342E-15
 0.15650792875848E-15
 0.27423596379113E-15
 0.46876022980319E-15
 0.76923268785911E-15
 0.12143725391507E-14
 0.17654763512784E-14
 0.24226146116278E-14
 0.31487658817711E-14
 0.39418413491975E-14
 0.47100041605522E-14
 0.53881479182408E-14
 0.60065304026565E-14
 0.65929259306059E-14
 0.70220548926657E-14
 0.74681604354433E-14
 0.76948989743979E-14
 0.79056757902791E-14
 0.81039589363663E-14
 0.81248011786971E-14
 0.79594029427784E-14
 0.79257215676522E-14
 0.77934082633561E-14
 0.76373072475264E-14
 0.73708088115251E-14
 0.68625807060805E-14
 0.64674609993824E-14
 0.61659866300796E-14
 0.58104194598145E-14
 0.54277305881884E-14
 0.48649939492464E-14
 0.45163566414466E-14
 0.39877298791391E-14
 0.35851094684616E-14
 0.34245553046193E-14
 0.29906796076364E-14
 0.27336111563371E-14
 0.24341509859695E-14
 0.21432134241249E-14
 0.18653249937894E-14
 0.16401231612749E-14
 0.14538239782398E-14
 0.12482717688854E-14
 0.11299855332407E-14
 0.92956754431801E-15
 0.81390298851694E-15
 0.72272297986389E-15
 0.63112604399694E-15
 0.51721760248277E-15
 0.47764340913510E-15
 0.39144414085252E-15
 0.33881406728389E-15
 0.29118246345988E-15
 0.24549411552110E-15
 0.22680788885496E-15
 0.18664427662492E-15
 0.15577567831715E-15
 0.13216495849764E-15
 0.11522009080466E-15
 0.96611871588879E-16
 0.77210352989021E-16
 0.66655268377734E-16
 0.57377987603596E-16
 0.48164055720955E-16
 0.38584531830091E-16
 0.34366056932996E-16
 0.29980921093721E-16
 0.23659559568169E-16
 0.19297729864311E-16
 0.15429091196321E-16
 0.13441231604273E-16
 0.10687311134615E-16
 0.79437717732583E-17
 0.68930158824194E-17
 0.53877064737142E-17
 0.41208736641173E-17
 0.29690795301786E-17
 0.20503412802175E-17
 0.14100442695814E-17
 0.79562688254111E-18
 0.16015917551610E-18
   0.0000000000000000     
   0.0000000000000000     
   0.0000000000000000     
   0.0000000000000000     
   0.0000000000000000     
   0.0000000000000000     
   0.0000000000000000     
   0.0000000000000000     
   0.0000000000000000     
   0.0000000000000000     
   0.0000000000000000     
   0.0000000000000000     
   0.0000000000000000     
   0.0000000000000000     
   0.0000000000000000     
   0.0000000000000000     
   0.0000000000000000     
   0.0000000000000000     
   0.0000000000000000     
   0.0000000000000000     
   0.0000000000000000     
   0.0000000000000000     
   0.0000000000000000     
   0.0000000000000000     
   0.0000000000000000     
   0.0000000000000000     
   0.0000000000000000     
   0.0000000000000000     
   0.0000000000000000     
   0.0000000000000000     
   0.0000000000000000     
   0.0000000000000000     
   0.0000000000000000     
   0.0000000000000000     
   0.0000000000000000     
   0.0000000000000000     
   0.0000000000000000     
   0.0000000000000000     
   0.0000000000000000     
   0.0000000000000000     
   0.0000000000000000     
   0.0000000000000000     
   0.0000000000000000     
   0.0000000000000000     
   0.0000000000000000     
   0.0000000000000000     
   0.0000000000000000     
   0.0000000000000000     
   0.0000000000000000     
   0.0000000000000000     
 0.66682986134408E-18
 0.88983466747089E-18
 0.73026586356160E-18
 0.19123580597605E-17
 0.10376750160837E-17
 0.84055819825095E-18
 0.15714009513827E-17
 0.45137248220140E-17
 0.32483949591185E-17
 0.73947751332258E-17
 0.63477933305570E-17
 0.74668457719552E-17
 0.88766930057399E-17
 0.10125593810709E-16
 0.15144593029937E-16
 0.27304911000055E-16
 0.26587500809658E-16
 0.22153230715339E-16
 0.28644590686768E-16
 0.39649514637895E-16
 0.50480984102531E-16
 0.75572837388394E-16
 0.11060784759728E-15
 0.18836539639144E-15
 0.30393531802332E-15
 0.51981988858344E-15
 0.82159834644000E-15
 0.12488277148355E-14
 0.17557277795055E-14
 0.23263030777833E-14
 0.29149427720075E-14
 0.35791387854900E-14
 0.42882545515965E-14
 0.49064129532152E-14
 0.54421794785927E-14
 0.60044761846689E-14
 0.65216469523085E-14
 0.68412752894398E-14
 0.72535476412643E-14
 0.74813455528454E-14
 0.76134737875106E-14
 0.77862110582281E-14
 0.78454407786669E-14
 0.78429960160375E-14
 0.76390712682783E-14
 0.74694848687833E-14
 0.73180831959834E-14
 0.69397467028122E-14
 0.67581433235022E-14
 0.62664000817873E-14
 0.59032479269566E-14
 0.54746467474527E-14
 0.49298148694061E-14
 0.46356902323638E-14
 0.43282660740539E-14
 0.39715112158968E-14
 0.36052833361231E-14
 0.32003193939235E-14
 0.28671552981694E-14
 0.25362015149296E-14
 0.23307793548022E-14
 0.19976612534482E-14
 0.18037015573903E-14
 0.15632406926114E-14
 0.13844882263710E-14
 0.12126823718077E-14
 0.10552620213409E-14
 0.91317914779920E-15
 0.82771992823290E-15
 0.67207934470788E-15
 0.59338525480465E-15
 0.51614762451959E-15
 0.44102315643311E-15
 0.39633405188940E-15
 0.32810459952319E-15
 0.27642255315480E-15
 0.23959294444252E-15
 0.20570199784197E-15
 0.17325168837935E-15
 0.14317158499540E-15
 0.12800451696555E-15
 0.11156224921269E-15
 0.89477146362064E-16
 0.75511764178891E-16
 0.65542044379824E-16
 0.55670226521574E-16
 0.47626015951481E-16
 0.37247651406710E-16
 0.31976546726238E-16
 0.27107212631075E-16
 0.22145981823348E-16
 0.17774022107170E-16
 0.15246724751334E-16
 0.12271782949013E-16
 0.10446288241035E-16
 0.75795591194439E-17
 0.64754405326157E-17
 0.50025068047072E-17
 0.39186108552915E-17
 0.26716152302537E-17
 0.19014220696310E-17
 0.12461942257425E-17
 0.66743705458416E-18
   0.0000000000000000     
   0.0000000000000000     
   0.0000000000000000     
   0.0000000000000000     
   0.0000000000000000     
   0.0000000000000000     
   0.0000000000000000     
   0.0000000000000000     
   0.0000000000000000     
   0.0000000000000000     
   0.0000000000000000     
   0.0000000000000000     
   0.0000000000000000     
   0.0000000000000000     
   0.0000000000000000     
   0.0000000000000000     
   0.0000000000000000     
   0.0000000000000000     
   0.0000000000000000     
   0.0000000000000000     
   0.0000000000000000     
   0.0000000000000000     
   0.0000000000000000     
   0.0000000000000000     
   0.0000000000000000     
   0.0000000000000000     
   0.0000000000000000     
   0.0000000000000000     
   0.0000000000000000     
   0.0000000000000000     
   0.0000000000000000     
   0.0000000000000000     
   0.0000000000000000     
   0.0000000000000000     
   0.0000000000000000     
   0.0000000000000000     
   0.0000000000000000     
   0.0000000000000000     
   0.0000000000000000     
   0.0000000000000000     
   0.0000000000000000     
   0.0000000000000000     
   0.0000000000000000     
   0.0000000000000000     
   0.0000000000000000     
   0.0000000000000000     
   0.0000000000000000     
 0.20724588813828E-19
 0.47441594133540E-19
 0.29657170779799E-18
 0.74725073526586E-18
 0.93229767583984E-19
 0.22612342706560E-18
 0.55365961627510E-18
 0.10352612275545E-17
 0.15901006247675E-17
 0.22400141721372E-17
 0.27442123288638E-17
 0.33786812031275E-17
 0.31818160152418E-17
 0.30784630357722E-17
 0.75804301053719E-17
 0.89042428208237E-17
 0.11691105535766E-16
 0.92211643532987E-17
 0.14565445800073E-16
 0.17166414882940E-16
 0.26926278018648E-16
 0.28771157923591E-16
 0.38049253978743E-16
 0.52016557644281E-16
 0.74311950720701E-16
 0.12214090736702E-15
 0.19368701101762E-15
 0.33419705444249E-15
 0.53565641689942E-15
 0.82884386457419E-15
 0.11519375315017E-14
 0.15998736403190E-14
 0.21182213222425E-14
 0.26724726968814E-14
 0.32193350077267E-14
 0.37984672291329E-14
 0.43945490378336E-14
 0.49926946814800E-14
 0.54639127699672E-14
 0.59820312005973E-14
 0.64591163097956E-14
 0.67680292735883E-14
 0.71208852765985E-14
 0.73222570115250E-14
 0.75616923259434E-14
 0.75374813949874E-14
 0.76111798043206E-14
 0.75327482583175E-14
 0.73553518059696E-14
 0.74516734960732E-14
 0.70459737012821E-14
 0.67252815567722E-14
 0.62976369047877E-14
 0.58954007211982E-14
 0.57417506034025E-14
 0.52710923294841E-14
 0.48906720938675E-14
 0.45327059637954E-14
 0.41971879974293E-14
 0.37506294778464E-14
 0.34603942188462E-14
 0.30335303179124E-14
 0.27511612906841E-14
 0.24796084955956E-14
 0.21654204127933E-14
 0.19702479027971E-14
 0.17024672038056E-14
 0.15164601128563E-14
 0.13580640444021E-14
 0.11142804266701E-14
 0.98860636521365E-15
 0.85289491996047E-15
 0.75881728419274E-15
 0.67089225235821E-15
 0.55685014161475E-15
 0.48208930907912E-15
 0.42371828859817E-15
 0.36751571781968E-15
 0.31668059394544E-15
 0.25402880767961E-15
 0.22572905039061E-15
 0.20121471411454E-15
 0.16520561780021E-15
 0.13938912012233E-15
 0.12509614208063E-15
 0.10653376358688E-15
 0.89101436896118E-16
 0.71233238342808E-16
 0.62061303107381E-16
 0.52322768956961E-16
 0.43951881626561E-16
 0.35709753034766E-16
 0.31064097849837E-16
 0.26908871485049E-16
 0.21754800075926E-16
 0.17333043779277E-16
 0.14578197628346E-16
 0.12255530853922E-16
 0.99394421629344E-17
 0.71130597539843E-17
 0.62444814514992E-17
 0.48466983322005E-17
 0.38611478432102E-17
 0.25444355025035E-17
 0.18580647659903E-17
 0.12353969114296E-17
 0.49538457645107E-18
   0.0000000000000000     
   0.0000000000000000     
   0.0000000000000000     
   0.0000000000000000     
   0.0000000000000000     
   0.0000000000000000     
   0.0000000000000000     
   0.0000000000000000     
   0.0000000000000000     
   0.0000000000000000     
   0.0000000000000000     
   0.0000000000000000     
   0.0000000000000000     
   0.0000000000000000     
   0.0000000000000000     
   0.0000000000000000     
   0.0000000000000000     
   0.0000000000000000     
   0.0000000000000000     
   0.0000000000000000     
   0.0000000000000000     
   0.0000000000000000     
   0.0000000000000000     
   0.0000000000000000     
   0.0000000000000000     
   0.0000000000000000     
   0.0000000000000000     
   0.0000000000000000     
   0.0000000000000000     
   0.0000000000000000     
   0.0000000000000000     
   0.0000000000000000     
   0.0000000000000000     
   0.0000000000000000     
   0.0000000000000000     
   0.0000000000000000     
   0.0000000000000000     
   0.0000000000000000     
   0.0000000000000000     
   0.0000000000000000     
   0.0000000000000000     
   0.0000000000000000     
 0.18178203886154E-19
 0.41607259079508E-19
 0.26965476381308E-18
 0.14047610122363E-18
 0.64182141101046E-19
 0.11265762431087E-19
 0.68697428922406E-19
 0.12528001707613E-18
 0.31223262236290E-18
 0.40381545248005E-18
 0.75978537073027E-18
 0.76620787964873E-18
 0.12666256823290E-17
 0.10532195400463E-17
 0.11825503467318E-17
 0.20561169595834E-17
 0.33399295037776E-17
 0.48522587902874E-17
 0.39846035402183E-17
 0.79040227598038E-17
 0.95801341050320E-17
 0.90382380466673E-17
 0.12814408212179E-16
 0.20785675916054E-16
 0.23787270378793E-16
 0.32726411410777E-16
 0.42413654436647E-16
 0.48738783085614E-16
 0.71212467118360E-16
 0.12198678380159E-15
 0.20630574712819E-15
 0.32436591278568E-15
 0.50463377571212E-15
 0.74793716116948E-15
 0.10696334187288E-14
 0.14226242899398E-14
 0.18769934283487E-14
 0.23438942975731E-14
 0.28562783635902E-14
 0.33972978951849E-14
 0.39657910076390E-14
 0.45114278869164E-14
 0.50591448098898E-14
 0.54933994210953E-14
 0.60096764657178E-14
 0.64066134316755E-14
 0.67767623352999E-14
 0.69328433332029E-14
 0.72060360330788E-14
 0.74286250714511E-14
 0.75836546542119E-14
 0.75828641563116E-14
 0.73939533064312E-14
 0.72645141413165E-14
 0.70110051853725E-14
 0.67004223762829E-14
 0.65395924984986E-14
 0.61228383106847E-14
 0.59929341650451E-14
 0.55732581986339E-14
 0.51550751640622E-14
 0.47512521076885E-14
 0.42827920182153E-14
 0.39622472614039E-14
 0.37264969168623E-14
 0.32010577019940E-14
 0.30143729661349E-14
 0.26204033963559E-14
 0.23710022032749E-14
 0.21303170937994E-14
 0.17842007889219E-14
 0.16053376558554E-14
 0.13878358032701E-14
 0.12800321541911E-14
 0.11035445261378E-14
 0.92927884597090E-15
 0.82937512483425E-15
 0.72655055492876E-15
 0.64195432456266E-15
 0.55469588754141E-15
 0.44651906415734E-15
 0.40752198530438E-15
 0.35825985996319E-15
 0.30426725562783E-15
 0.25711900552597E-15
 0.22763746398428E-15
 0.19761323703168E-15
 0.16142421593331E-15
 0.13805602315837E-15
 0.11847082800003E-15
 0.10127853207442E-15
 0.84069844057158E-16
 0.71312291632581E-16
 0.63141850875498E-16
 0.51903859816892E-16
 0.42275300296753E-16
 0.35288925624393E-16
 0.31040385740531E-16
 0.25785438328745E-16
 0.20545588836488E-16
 0.16866729375232E-16
 0.14374744867445E-16
 0.11801549119043E-16
 0.94819478703687E-17
 0.71586250213106E-17
 0.62656886897466E-17
 0.47976231222622E-17
 0.34032597780144E-17
 0.23714027413171E-17
 0.16762325095659E-17
 0.10186538612831E-17
 0.32294485495387E-18
   0.0000000000000000     
   0.0000000000000000     
   0.0000000000000000     
   0.0000000000000000     
   0.0000000000000000     
   0.0000000000000000     
   0.0000000000000000     
   0.0000000000000000     
   0.0000000000000000     
   0.0000000000000000     
   0.0000000000000000     
   0.0000000000000000     
   0.0000000000000000     
   0.0000000000000000     
   0.0000000000000000     
   0.0000000000000000     
   0.0000000000000000     
   0.0000000000000000     
   0.0000000000000000     
   0.0000000000000000     
   0.0000000000000000     
   0.0000000000000000     
   0.0000000000000000     
   0.0000000000000000     
   0.0000000000000000     
   0.0000000000000000     
   0.0000000000000000     
   0.0000000000000000     
   0.0000000000000000     
   0.0000000000000000     
   0.0000000000000000     
   0.0000000000000000     
   0.0000000000000000     
   0.0000000000000000     
   0.0000000000000000     
   0.0000000000000000     
   0.0000000000000000     
   0.0000000000000000     
 0.21369881608852E-21
 0.31104900204561E-20
 0.19159497510622E-20
 0.32149296583640E-19
 0.22627390684042E-20
 0.44081941748731E-20
 0.48579209975695E-19
 0.29413702445900E-19
 0.11597841438823E-19
 0.12965574072545E-18
 0.12506825747251E-18
 0.43227754981851E-18
 0.65798718841194E-18
 0.34555515389629E-18
 0.32973978972614E-18
 0.17660028396887E-17
 0.18237294692548E-17
 0.16696105538237E-17
 0.14322120279073E-17
 0.24538818247699E-17
 0.29677101170806E-17
 0.42408356724713E-17
 0.64213401370537E-17
 0.83294123580830E-17
 0.13297702621006E-16
 0.15181273147215E-16
 0.15707995057104E-16
 0.17515998858930E-16
 0.24433163865547E-16
 0.28286790100580E-16
 0.41466941517568E-16
 0.70145000392679E-16
 0.12328622642934E-15
 0.19519503969860E-15
 0.29068797364850E-15
 0.45351642191955E-15
 0.64653381325800E-15
 0.91287851457097E-15
 0.12284383176680E-14
 0.16023499225585E-14
 0.20603315946887E-14
 0.25180631707612E-14
 0.30235696850368E-14
 0.35603991736919E-14
 0.41147330919737E-14
 0.46353674791894E-14
 0.51103039711206E-14
 0.55622965511861E-14
 0.59738378774493E-14
 0.65904859024980E-14
 0.67835921551337E-14
 0.70260029652279E-14
 0.72449591153579E-14
 0.74356811478548E-14
 0.73907229245879E-14
 0.71481179092134E-14
 0.72260984250253E-14
 0.71150626432582E-14
 0.70119667948048E-14
 0.67754696391072E-14
 0.65183058594030E-14
 0.60546261457308E-14
 0.56789237942056E-14
 0.52378982480331E-14
 0.50769368948503E-14
 0.45122475348690E-14
 0.41821291606738E-14
 0.38553031926861E-14
 0.34420082499546E-14
 0.32056895380046E-14
 0.27820215232160E-14
 0.25337043539363E-14
 0.21996404343198E-14
 0.20375800479615E-14
 0.17554650365888E-14
 0.15290553475575E-14
 0.13682373607380E-14
 0.12016817607651E-14
 0.10726089019911E-14
 0.93198164688319E-15
 0.76733374031588E-15
 0.70244504092532E-15
 0.61673995498337E-15
 0.49868525132120E-15
 0.44672873515732E-15
 0.39931817893816E-15
 0.34524102025074E-15
 0.28590693112921E-15
 0.25172352646166E-15
 0.21841927000914E-15
 0.18583019858925E-15
 0.15640572345257E-15
 0.13867015296940E-15
 0.11754753987171E-15
 0.98475012132608E-16
 0.81110849695463E-16
 0.70394279576560E-16
 0.62161140293411E-16
 0.50221347843549E-16
 0.41380333812910E-16
 0.34989333287043E-16
 0.29369425733172E-16
 0.25153471843421E-16
 0.20075638571512E-16
 0.17524939591135E-16
 0.14383714904363E-16
 0.11531912986038E-16
 0.86723775964481E-17
 0.68815275089277E-17
 0.59916602870028E-17
 0.46271228623988E-17
 0.31568413319978E-17
 0.22826466733177E-17
 0.16150840546381E-17
 0.88111910851637E-18
 0.13326649838447E-18
   0.0000000000000000     
   0.0000000000000000     
   0.0000000000000000     
   0.0000000000000000     
   0.0000000000000000     
   0.0000000000000000     
   0.0000000000000000     
   0.0000000000000000     
   0.0000000000000000     
   0.0000000000000000     
   0.0000000000000000     
   0.0000000000000000     
   0.0000000000000000     
   0.0000000000000000     
   0.0000000000000000     
   0.0000000000000000     
   0.0000000000000000     
   0.0000000000000000     
   0.0000000000000000     
   0.0000000000000000     
   0.0000000000000000     
   0.0000000000000000     
   0.0000000000000000     
   0.0000000000000000     
   0.0000000000000000     
   0.0000000000000000     
   0.0000000000000000     
   0.0000000000000000     
   0.0000000000000000     
   0.0000000000000000     
   0.0000000000000000     
   0.0000000000000000     
   0.0000000000000000     
   0.0000000000000000     
 0.48001273514068E-22
 0.49617632922745E-21
 0.30790734940769E-21
 0.38777996221301E-21
 0.30784915825794E-20
 0.18741468771220E-20
 0.36018491615472E-20
 0.15995897416774E-20
 0.38695869078317E-20
 0.47768121826127E-19
 0.45698741840814E-19
 0.21697240394883E-18
 0.41348551171066E-19
 0.14297642128490E-18
 0.15291467582654E-18
 0.43886660822112E-18
 0.20380860701037E-18
 0.38154317369483E-18
 0.30723097369026E-18
 0.12964035824123E-17
 0.17452352393691E-17
 0.17537520128304E-17
 0.18693385319898E-17
 0.15112400615125E-17
 0.31004057059537E-17
 0.74185323008016E-17
 0.64311403189005E-17
 0.86898058837776E-17
 0.79902720603751E-17
 0.77847459140605E-17
 0.14977150005389E-16
 0.25429559422420E-16
 0.35081575217334E-16
 0.36260918958233E-16
 0.66586943725198E-16
 0.10327681474094E-15
 0.15163476511941E-15
 0.24315197300415E-15
 0.36746134354277E-15
 0.56091709078967E-15
 0.77300367409170E-15
 0.10564650084902E-14
 0.13966889531239E-14
 0.17852214642961E-14
 0.22320795434048E-14
 0.27078152330819E-14
 0.31900148651638E-14
 0.36964060672887E-14
 0.42705850732579E-14
 0.47282050264690E-14
 0.52795569758961E-14
 0.56563148616929E-14
 0.62382286336806E-14
 0.66012172595991E-14
 0.68343285562053E-14
 0.68841060183819E-14
 0.70301937586750E-14
 0.74073784781040E-14
 0.72932645188381E-14
 0.73101632163615E-14
 0.73090043316188E-14
 0.70503822469697E-14
 0.69144143339256E-14
 0.63856437604988E-14
 0.62573480351292E-14
 0.58681139954532E-14
 0.55640924009097E-14
 0.51974776362153E-14
 0.47053955311568E-14
 0.44864623755905E-14
 0.40683093509889E-14
 0.37431953844496E-14
 0.33081075764633E-14
 0.30413709578853E-14
 0.26418643898092E-14
 0.24165695923757E-14
 0.21583549682767E-14
 0.19697343385271E-14
 0.17472025877056E-14
 0.15023870406555E-14
 0.13077942829585E-14
 0.11744262140492E-14
 0.10179039335205E-14
 0.87450365983628E-15
 0.76821022365408E-15
 0.68166577916437E-15
 0.58793191779605E-15
 0.50893608153339E-15
 0.45130430818142E-15
 0.37473659764100E-15
 0.33561667660192E-15
 0.27785831286121E-15
 0.24666392010847E-15
 0.21086352091424E-15
 0.18041740952645E-15
 0.15145729634312E-15
 0.13626973967604E-15
 0.11474927658378E-15
 0.94676080280570E-16
 0.77398131981777E-16
 0.67259296122436E-16
 0.58303810457263E-16
 0.50750521219492E-16
 0.40043871085205E-16
 0.35583000375318E-16
 0.29977293395841E-16
 0.23817204403191E-16
 0.18676795134629E-16
 0.16617087595829E-16
 0.13716091874341E-16
 0.11705606136999E-16
 0.86445007018189E-17
 0.72106358204718E-17
 0.58889406761423E-17
 0.43773238313161E-17
 0.28771391720280E-17
 0.21929870901835E-17
 0.14285468650672E-17
 0.68387389814481E-18
   0.0000000000000000     
   0.0000000000000000     
   0.0000000000000000     
   0.0000000000000000     
   0.0000000000000000     
   0.0000000000000000     
   0.0000000000000000     
   0.0000000000000000     
   0.0000000000000000     
   0.0000000000000000     
   0.0000000000000000     
   0.0000000000000000     
   0.0000000000000000     
   0.0000000000000000     
   0.0000000000000000     
   0.0000000000000000     
   0.0000000000000000     
   0.0000000000000000     
   0.0000000000000000     
   0.0000000000000000     
   0.0000000000000000     
   0.0000000000000000     
   0.0000000000000000     
   0.0000000000000000     
   0.0000000000000000     
   0.0000000000000000     
   0.0000000000000000     
   0.0000000000000000     
   0.0000000000000000     
   0.0000000000000000     
 0.53307448358163E-23
 0.53403727567679E-20
 0.11131002968482E-21
 0.71212772011109E-21
 0.18791673683242E-21
 0.12620471441763E-21
 0.33022080554141E-21
 0.28496239013648E-20
 0.24867091053714E-20
 0.13808789929030E-20
 0.18824998139826E-19
 0.26904131558180E-19
 0.61225664366054E-19
 0.10939160100356E-19
 0.49699432899936E-19
 0.89218492324509E-19
 0.11768444143474E-18
 0.82834179285737E-19
 0.77355959520811E-19
 0.14869677128636E-18
 0.56233975208337E-18
 0.38283699622243E-18
 0.56883775137718E-18
 0.72141954563306E-18
 0.55172951230555E-18
 0.10534353671764E-17
 0.23452934948457E-17
 0.24683895141211E-17
 0.28057741464122E-17
 0.23333441313707E-17
 0.43140802616780E-17
 0.81120925493359E-17
 0.11590108368489E-16
 0.11422950399392E-16
 0.95567151217391E-17
 0.21085818470997E-16
 0.23586504736552E-16
 0.37729882405626E-16
 0.52404811829816E-16
 0.82747944998157E-16
 0.13409904988807E-15
 0.20265218845539E-15
 0.30952110371032E-15
 0.46334696624926E-15
 0.66262971527026E-15
 0.89731164826290E-15
 0.12042998604478E-14
 0.15609948179897E-14
 0.19685752932444E-14
 0.23936727134357E-14
 0.28901326768992E-14
 0.33227694098038E-14
 0.39092265304217E-14
 0.44159066275467E-14
 0.49799077993755E-14
 0.52820924809950E-14
 0.57889364870336E-14
 0.61209204419771E-14
 0.65737694059558E-14
 0.68274012270849E-14
 0.69214691309067E-14
 0.71982867391144E-14
 0.74447590121190E-14
 0.73158147192662E-14
 0.70128090229299E-14
 0.69603267846780E-14
 0.68896157626611E-14
 0.65933137329637E-14
 0.63958825034050E-14
 0.59591763748349E-14
 0.58323423349975E-14
 0.53678454847353E-14
 0.51421789989092E-14
 0.45995655350225E-14
 0.42465110581065E-14
 0.38081356250615E-14
 0.35997487652347E-14
 0.31832037014324E-14
 0.29549928089289E-14
 0.26728119770885E-14
 0.23219214988889E-14
 0.21162182287876E-14
 0.18978499157361E-14
 0.16443133919761E-14
 0.14724398791113E-14
 0.13277368775117E-14
 0.11301912802083E-14
 0.97337293579629E-15
 0.86294041440654E-15
 0.73571296626247E-15
 0.65804841146211E-15
 0.58651835809382E-15
 0.49992151541193E-15
 0.43678958989023E-15
 0.38036720611226E-15
 0.31990711846722E-15
 0.27321625569781E-15
 0.24068699064129E-15
 0.20413931199418E-15
 0.17266282220716E-15
 0.14648801263846E-15
 0.12905714033589E-15
 0.11516216063678E-15
 0.94100527864050E-16
 0.78712317544601E-16
 0.70377717089932E-16
 0.58120742418948E-16
 0.46898887522881E-16
 0.38234881362514E-16
 0.34159593296681E-16
 0.29483490477344E-16
 0.24299339151094E-16
 0.19261224195345E-16
 0.16892827485943E-16
 0.13972113570882E-16
 0.10836578221876E-16
 0.83695500288748E-17
 0.68288363186987E-17
 0.55224913128919E-17
 0.41314100874317E-17
 0.29214187194110E-17
 0.22172976085761E-17
 0.14093464065954E-17
 0.52940612555226E-18
   0.0000000000000000     
   0.0000000000000000     
   0.0000000000000000     
   0.0000000000000000     
   0.0000000000000000     
   0.0000000000000000     
   0.0000000000000000     
   0.0000000000000000     
   0.0000000000000000     
   0.0000000000000000     
   0.0000000000000000     
   0.0000000000000000     
   0.0000000000000000     
   0.0000000000000000     
   0.0000000000000000     
   0.0000000000000000     
   0.0000000000000000     
   0.0000000000000000     
   0.0000000000000000     
   0.0000000000000000     
   0.0000000000000000     
   0.0000000000000000     
   0.0000000000000000     
   0.0000000000000000     
   0.0000000000000000     
   0.0000000000000000     
 0.19768648413462E-24
 0.52655577443983E-22
 0.28275172193732E-22
 0.32024004165033E-21
 0.49656656459010E-23
 0.49964878362305E-23
 0.44926169150218E-21
 0.10484518926216E-20
 0.47333151957956E-21
 0.37783967030526E-21
 0.22291263373387E-19
 0.10459869565987E-19
 0.50719949163559E-20
 0.75391548620537E-20
 0.18666645596815E-19
 0.96768382601903E-20
 0.97199372628625E-20
 0.28139431316681E-19
 0.40046097318234E-19
 0.61235921486777E-19
 0.13911042830462E-18
 0.10078193544917E-18
 0.20302620591660E-18
 0.38508054216383E-18
 0.27423448986090E-18
 0.25197032138571E-18
 0.69068429779668E-18
 0.74196381482452E-18
 0.69196120631777E-18
 0.14084124243943E-17
 0.22193746328681E-17
 0.28429283010317E-17
 0.41353221836165E-17
 0.33837301417703E-17
 0.61115267457537E-17
 0.88456220271847E-17
 0.10250892833330E-16
 0.12616386044442E-16
 0.17347357294239E-16
 0.21787001431504E-16
 0.30691801734697E-16
 0.41896401960293E-16
 0.67564025656499E-16
 0.11325852653498E-15
 0.18412666682602E-15
 0.25671838199187E-15
 0.38729475627448E-15
 0.56835381372718E-15
 0.77768209726709E-15
 0.10365215471844E-14
 0.13313875573751E-14
 0.17003128462256E-14
 0.21203355907763E-14
 0.25889307406209E-14
 0.30058246350797E-14
 0.35055332579624E-14
 0.40163062757037E-14
 0.46237030979748E-14
 0.49296900970080E-14
 0.54629283921761E-14
 0.58319991924394E-14
 0.63609468294797E-14
 0.67530103090909E-14
 0.67157630317933E-14
 0.69813455568865E-14
 0.69738694181212E-14
 0.73757944035421E-14
 0.71583069252446E-14
 0.70698724564627E-14
 0.68852441482696E-14
 0.69568770856030E-14
 0.66082288973470E-14
 0.64034968110402E-14
 0.59091288350621E-14
 0.56448324733435E-14
 0.52185545705397E-14
 0.49219620746224E-14
 0.44161395983735E-14
 0.41807037668620E-14
 0.38569634947937E-14
 0.34895586644480E-14
 0.32513827622453E-14
 0.28735012247320E-14
 0.25343304322752E-14
 0.22671758894954E-14
 0.21521183986360E-14
 0.17945456880503E-14
 0.15992163218233E-14
 0.14038025285421E-14
 0.12494192666147E-14
 0.11610744890657E-14
 0.98571538645179E-15
 0.83006427674306E-15
 0.77835975869553E-15
 0.67181996096685E-15
 0.56415492792698E-15
 0.47814241747657E-15
 0.42350574899476E-15
 0.36326007689958E-15
 0.31377363448503E-15
 0.27462368024669E-15
 0.24258183477162E-15
 0.20229255972391E-15
 0.17056338576879E-15
 0.14972682641005E-15
 0.12923693669234E-15
 0.10644273462095E-15
 0.89482744296864E-16
 0.76675681118033E-16
 0.66638903450390E-16
 0.56664956504720E-16
 0.48153879859570E-16
 0.39786719477660E-16
 0.34311852001626E-16
 0.29242490314942E-16
 0.23693658923555E-16
 0.18933532453039E-16
 0.16660525954835E-16
 0.13788390642709E-16
 0.10904266011307E-16
 0.86617968048293E-17
 0.72579301182658E-17
 0.56310640544513E-17
 0.39567573072529E-17
 0.28330399977225E-17
 0.20080144784219E-17
 0.11923334955744E-17
 0.34489633012043E-18
   0.0000000000000000     
   0.0000000000000000     
   0.0000000000000000     
   0.0000000000000000     
   0.0000000000000000     
   0.0000000000000000     
   0.0000000000000000     
   0.0000000000000000     
   0.0000000000000000     
   0.0000000000000000     
   0.0000000000000000     
   0.0000000000000000     
   0.0000000000000000     
   0.0000000000000000     
   0.0000000000000000     
   0.0000000000000000     
   0.0000000000000000     
   0.0000000000000000     
   0.0000000000000000     
   0.0000000000000000     
   0.0000000000000000     
   0.0000000000000000     
 0.13741112283912E-26
 0.13981949755322E-25
 0.21232526286455E-23
 0.12515057483073E-22
 0.40086957006852E-23
 0.13982761184431E-22
 0.18891502054101E-21
 0.79630956580983E-22
 0.14027472111594E-22
 0.83643148909190E-22
 0.17733822388833E-22
 0.38921788477707E-21
 0.68821387649309E-21
 0.44681462109659E-21
 0.60470424059008E-21
 0.19507449352029E-21
 0.40487094596673E-20
 0.80808271418315E-20
 0.84882883184723E-20
 0.15161610008215E-19
 0.21776330374308E-19
 0.33338930304210E-19
 0.58092501269618E-19
 0.20894724237890E-18
 0.18300900536204E-18
 0.76634483899614E-19
 0.17996586012986E-18
 0.96731342665755E-19
 0.29097207999806E-18
 0.47570381212866E-18
 0.74252144413521E-18
 0.74100652550852E-18
 0.88615522242444E-18
 0.18544451100904E-17
 0.36923223184388E-17
 0.48506968936697E-17
 0.82415439524413E-17
 0.63955379043081E-17
 0.89835911996841E-17
 0.78935733030291E-17
 0.12092287698170E-16
 0.11954082318546E-16
 0.16921617880167E-16
 0.29255056439383E-16
 0.47899937592432E-16
 0.58269886405390E-16
 0.97056639622423E-16
 0.15144233973940E-15
 0.22338676702737E-15
 0.31711842696725E-15
 0.46370313022954E-15
 0.64767805104681E-15
 0.87883142547564E-15
 0.11628862235865E-14
 0.14826547039879E-14
 0.18686618346900E-14
 0.22874090732462E-14
 0.27795530409219E-14
 0.31458736387708E-14
 0.36032703690829E-14
 0.42123367569492E-14
 0.47569786185096E-14
 0.51872850896623E-14
 0.55253242663456E-14
 0.60719368363726E-14
 0.62716785949112E-14
 0.67682575717221E-14
 0.68049939670827E-14
 0.69095523258274E-14
 0.70666129199959E-14
 0.71630409983128E-14
 0.71631529356738E-14
 0.71008391819214E-14
 0.68326252211734E-14
 0.67002477671388E-14
 0.63829981017037E-14
 0.60435246069814E-14
 0.58376631531109E-14
 0.55573541078434E-14
 0.51088761180507E-14
 0.48465486188714E-14
 0.45883475984507E-14
 0.40833224645249E-14
 0.37397804377142E-14
 0.35559008252107E-14
 0.31346764270397E-14
 0.27540568528972E-14
 0.24493217885204E-14
 0.22266994854756E-14
 0.20657968643859E-14
 0.18396532122530E-14
 0.15350668697587E-14
 0.14295194918267E-14
 0.12974300211120E-14
 0.11103083831958E-14
 0.90950576540075E-15
 0.82063839552428E-15
 0.73221024844477E-15
 0.64794263459306E-15
 0.54914116560016E-15
 0.48421220710304E-15
 0.42020358938764E-15
 0.36532931632265E-15
 0.30664885037268E-15
 0.26809781465463E-15
 0.23039563736634E-15
 0.20278433222337E-15
 0.16800620313689E-15
 0.14399532847161E-15
 0.12491151909804E-15
 0.11042542622060E-15
 0.88272228830659E-16
 0.76437041198665E-16
 0.68341485863788E-16
 0.56343436920537E-16
 0.44454646239175E-16
 0.38917218282158E-16
 0.34593189923409E-16
 0.28803497215271E-16
 0.23050621849004E-16
 0.19819192798413E-16
 0.16833262145763E-16
 0.13609713171526E-16
 0.10581329995818E-16
 0.87905155676642E-17
 0.71451598113696E-17
 0.55792022873726E-17
 0.39049418551047E-17
 0.28680799780939E-17
 0.20377517789149E-17
 0.10533141157042E-17
 0.10453103185929E-18
   0.0000000000000000     
   0.0000000000000000     
   0.0000000000000000     
   0.0000000000000000     
   0.0000000000000000     
   0.0000000000000000     
   0.0000000000000000     
   0.0000000000000000     
   0.0000000000000000     
   0.0000000000000000     
   0.0000000000000000     
   0.0000000000000000     
   0.0000000000000000     
   0.0000000000000000     
   0.0000000000000000     
   0.0000000000000000     
   0.0000000000000000     
   0.0000000000000000     
 0.19267510195361E-23
 0.17381039687784E-26
 0.66730466449206E-25
 0.11862068794400E-23
 0.47339581737276E-25
 0.55623725855283E-24
 0.21012456538218E-25
 0.31568194963119E-23
 0.44011409380762E-24
 0.20503452216215E-23
 0.28167198271092E-22
 0.38855762418779E-21
 0.95911557107551E-23
 0.44898507227252E-22
 0.32989496029642E-22
 0.30604744700341E-20
 0.16750959328512E-20
 0.13057133495487E-20
 0.63463742459588E-21
 0.55777392639096E-20
 0.45806362042666E-20
 0.67630884530313E-20
 0.37857214788410E-20
 0.68828967893011E-20
 0.27848067212684E-19
 0.24328280970170E-19
 0.17880575521458E-19
 0.18270913586997E-18
 0.23891451876711E-18
 0.11383783514893E-18
 0.29561072871928E-18
 0.39653565459967E-18
 0.42187885233427E-18
 0.12177506382082E-17
 0.14363142379187E-17
 0.29916015232092E-17
 0.13605298551681E-17
 0.19226916066363E-17
 0.35329322118995E-17
 0.31338492876631E-17
 0.26598262836335E-17
 0.34732807560183E-17
 0.66446880242817E-17
 0.11002786991554E-16
 0.14376158156475E-16
 0.18339609229502E-16
 0.23947150064000E-16
 0.40638970336355E-16
 0.57060580745978E-16
 0.77215031109329E-16
 0.11674897230746E-15
 0.17705478715360E-15
 0.25466388372834E-15
 0.39082866759747E-15
 0.54205471962701E-15
 0.74758896179604E-15
 0.98972452465023E-15
 0.12270281639060E-14
 0.15872605953217E-14
 0.19335753717095E-14
 0.24974001147668E-14
 0.28785103585671E-14
 0.33398978037552E-14
 0.38809395157007E-14
 0.44020739412874E-14
 0.48037042814157E-14
 0.52125027921278E-14
 0.56041616649878E-14
 0.59984126498856E-14
 0.64059541712714E-14
 0.66061509137506E-14
 0.68970509615812E-14
 0.70652600866872E-14
 0.71045832493422E-14
 0.70829023015997E-14
 0.69267035870661E-14
 0.68564050569245E-14
 0.68399937949991E-14
 0.66980075183853E-14
 0.63830680427808E-14
 0.61086120758331E-14
 0.58628398932951E-14
 0.54175594569393E-14
 0.51727031789050E-14
 0.48079960115371E-14
 0.42954934642307E-14
 0.39447949859908E-14
 0.36387343060492E-14
 0.34547254725244E-14
 0.30915811513364E-14
 0.26815066146497E-14
 0.24696547453647E-14
 0.22918121694312E-14
 0.20018716879753E-14
 0.17228244820551E-14
 0.15609750144872E-14
 0.13981838347097E-14
 0.12248195803022E-14
 0.10867446300292E-14
 0.94506706376955E-15
 0.84485335844334E-15
 0.73393061513743E-15
 0.62768810717744E-15
 0.54550992625227E-15
 0.48155058593271E-15
 0.41985355803386E-15
 0.36011516781103E-15
 0.30587787310100E-15
 0.27434787480105E-15
 0.23271329127306E-15
 0.19334877392738E-15
 0.16624483041792E-15
 0.14700438975413E-15
 0.12508027368367E-15
 0.10463421334592E-15
 0.87483677720348E-16
 0.79409785503346E-16
 0.67985789786852E-16
 0.56897632001176E-16
 0.45568980364854E-16
 0.40728609495599E-16
 0.35166217105140E-16
 0.28743516896407E-16
 0.22835043137834E-16
 0.20030660987059E-16
 0.17020379791758E-16
 0.13719308712619E-16
 0.10606121816377E-16
 0.90524267385769E-17
 0.74698020405289E-17
 0.56872047669221E-17
 0.39557541105948E-17
 0.29856918022593E-17
 0.20318109543738E-17
 0.93192172091388E-18
   0.0000000000000000     
   0.0000000000000000     
   0.0000000000000000     
   0.0000000000000000     
   0.0000000000000000     
   0.0000000000000000     
   0.0000000000000000     
   0.0000000000000000     
   0.0000000000000000     
   0.0000000000000000     
   0.0000000000000000     
   0.0000000000000000     
   0.0000000000000000     
   0.0000000000000000     
 0.40638321710680E-26
 0.96623223162883E-25
 0.21970723159081E-27
 0.63354789347279E-24
 0.11499355097582E-25
 0.60994950659428E-32
 0.47911215176237E-26
 0.21072752011696E-27
 0.27671868450227E-26
 0.26028724406690E-24
 0.19754719938020E-23
 0.81315282510188E-23
 0.40875689325777E-22
 0.13531420862198E-23
 0.35366932877194E-24
 0.26359206512459E-24
 0.12036658575118E-20
 0.86096483383854E-21
 0.18452886416844E-21
 0.81449795612214E-21
 0.12740113825638E-20
 0.38172673027876E-21
 0.32992772102912E-21
 0.15059130914683E-20
 0.58368391200220E-20
 0.37200544280197E-20
 0.31390123013592E-20
 0.10001714261571E-20
 0.19848392257026E-20
 0.22880773277803E-19
 0.21383965998221E-19
 0.81789125963452E-19
 0.74554742824867E-19
 0.23806847015787E-18
 0.35620595650817E-18
 0.42897289727357E-18
 0.54269727950461E-18
 0.33968742712889E-18
 0.61805740362008E-18
 0.75342387476100E-18
 0.63488805437868E-18
 0.10092904279448E-17
 0.22800398600795E-17
 0.45536787428595E-17
 0.54975709571798E-17
 0.50882262028483E-17
 0.72120452445184E-17
 0.85915759262091E-17
 0.15438682608181E-16
 0.17320953920821E-16
 0.21653058964819E-16
 0.22843388059697E-16
 0.40655563992229E-16
 0.63882180979653E-16
 0.10400827813337E-15
 0.14466587818304E-15
 0.22121415825725E-15
 0.31856949720404E-15
 0.43980117354042E-15
 0.57749281332598E-15
 0.82024397885566E-15
 0.10837593875898E-14
 0.13707372731217E-14
 0.17019910184681E-14
 0.21480514062827E-14
 0.26219803786973E-14
 0.30333009009563E-14
 0.33643843865018E-14
 0.39770087704397E-14
 0.45212061579679E-14
 0.49218283605370E-14
 0.53050544494050E-14
 0.58404883148871E-14
 0.62415845384971E-14
 0.64761812157427E-14
 0.66228158106150E-14
 0.67216878251245E-14
 0.69258831510862E-14
 0.72388288926946E-14
 0.71511926072245E-14
 0.68605735827106E-14
 0.69767040777164E-14
 0.67550848910676E-14
 0.65993854537648E-14
 0.65511459895738E-14
 0.59092067565080E-14
 0.56492992821677E-14
 0.52824934940496E-14
 0.51317942108988E-14
 0.47609157680956E-14
 0.43306642179080E-14
 0.40701017072437E-14
 0.36999363837712E-14
 0.33407130865009E-14
 0.29608705252794E-14
 0.26702542687798E-14
 0.24432236855661E-14
 0.21683821754685E-14
 0.19582300867674E-14
 0.17607139845228E-14
 0.16092870105151E-14
 0.13690417341618E-14
 0.12180610578056E-14
 0.10695766281190E-14
 0.94128260978677E-15
 0.83653742041330E-15
 0.73571191851090E-15
 0.62315723869272E-15
 0.54262647599231E-15
 0.47380435820710E-15
 0.41278379965417E-15
 0.35469963035067E-15
 0.30966289403844E-15
 0.26668395945271E-15
 0.22813710069177E-15
 0.19415804835191E-15
 0.16612394986854E-15
 0.14674088436984E-15
 0.12919001210406E-15
 0.11026049401221E-15
 0.93959191875963E-16
 0.80001243555604E-16
 0.68369298698029E-16
 0.57599929372222E-16
 0.48493312038962E-16
 0.41957166860649E-16
 0.35428527237519E-16
 0.29612138809299E-16
 0.24482808412059E-16
 0.21454131152020E-16
 0.18080631635909E-16
 0.14697703909691E-16
 0.11751499607791E-16
 0.99303826120153E-17
 0.79965661922858E-17
 0.61713374169012E-17
 0.44727483318899E-17
 0.33469580183722E-17
 0.22325318477022E-17
 0.81839865131079E-18
   0.0000000000000000     
   0.0000000000000000     
   0.0000000000000000     
   0.0000000000000000     
   0.0000000000000000     
   0.0000000000000000     
   0.0000000000000000     
   0.0000000000000000     
   0.0000000000000000     
   0.0000000000000000     
 0.46576431497571E-25
 0.40291045739557E-25
 0.63299411262975E-26
 0.19643493422600E-23
 0.85559926231016E-26
 0.64915417315703E-26
 0.14964042333539E-26
 0.17422770175725E-25
 0.10545974601718E-24
 0.60474020832670E-24
 0.10819416766106E-24
 0.11611219681543E-25
 0.16156580109955E-24
 0.78026070116702E-24
 0.13209434594255E-24
 0.52523214298241E-25
 0.42091837283591E-21
 0.19570419598320E-21
 0.15505093169651E-21
 0.19803013979728E-21
 0.23715016468474E-21
 0.18603316279623E-21
 0.31504173780806E-22
 0.32041169686773E-21
 0.22460676439149E-20
 0.56951252623684E-21
 0.54866366532298E-21
 0.65148491017224E-21
 0.37331673710380E-20
 0.80461961391381E-20
 0.70071776571349E-20
 0.21008490420655E-20
 0.10949854581440E-19
 0.10145407795776E-18
 0.92739715437209E-19
 0.17052293440381E-18
 0.33509570980578E-19
 0.63284229272860E-19
 0.69683489408889E-19
 0.67857276569044E-19
 0.32449073603275E-18
 0.70216206300421E-18
 0.12732376515428E-17
 0.22405200310469E-17
 0.17102075479513E-17
 0.16639062982870E-17
 0.31921232157363E-17
 0.35519246473244E-17
 0.58382793848873E-17
 0.61656358001118E-17
 0.69911163789467E-17
 0.67478750336348E-17
 0.13624614852256E-16
 0.20128825092324E-16
 0.25250489885773E-16
 0.34800399175868E-16
 0.55567025241119E-16
 0.79366685674499E-16
 0.11157201506492E-15
 0.16688266858144E-15
 0.23522701183525E-15
 0.32280296857034E-15
 0.46199957935251E-15
 0.64931962644486E-15
 0.92184084457550E-15
 0.11744183444228E-14
 0.14671752096182E-14
 0.17657885058362E-14
 0.22870090383415E-14
 0.27544413328251E-14
 0.31523711139416E-14
 0.35733956478510E-14
 0.41436701196983E-14
 0.47067224082975E-14
 0.50140351665087E-14
 0.53515067794988E-14
 0.57227199950122E-14
 0.61528729805480E-14
 0.66174435161516E-14
 0.67251022980296E-14
 0.68092299585867E-14
 0.71076019878635E-14
 0.71153491168668E-14
 0.72730444947156E-14
 0.69741774792251E-14
 0.68428662737149E-14
 0.67164375838111E-14
 0.66420277749053E-14
 0.63200997639967E-14
 0.59766171719925E-14
 0.58242279932506E-14
 0.54359740085670E-14
 0.49039934032178E-14
 0.46364048774957E-14
 0.42516129241194E-14
 0.38884278801930E-14
 0.35112400407555E-14
 0.32310196064121E-14
 0.30306931300720E-14
 0.27482381314501E-14
 0.23908169616068E-14
 0.21414717670003E-14
 0.19267426013828E-14
 0.16774006389495E-14
 0.15550025770889E-14
 0.13720196047054E-14
 0.11933719049439E-14
 0.10171267021359E-14
 0.91554573744832E-15
 0.82232227456615E-15
 0.72759567839059E-15
 0.61896305903513E-15
 0.53847029780615E-15
 0.47355587501083E-15
 0.41570470290019E-15
 0.35136658354884E-15
 0.30312061308500E-15
 0.26836731902642E-15
 0.23708668203366E-15
 0.19529902475763E-15
 0.16955943963075E-15
 0.15150079138887E-15
 0.13133670083177E-15
 0.10905031125704E-15
 0.92734440185967E-16
 0.83520272430342E-16
 0.71678784221404E-16
 0.59976126966004E-16
 0.51845753330083E-16
 0.45362582079084E-16
 0.38234417113606E-16
 0.31330398612556E-16
 0.27042826740361E-16
 0.23681671182977E-16
 0.20174278062019E-16
 0.15900997608503E-16
 0.13186920636056E-16
 0.11571001446417E-16
 0.95805907819923E-17
 0.70598291321933E-17
 0.54530399006081E-17
 0.40707198873261E-17
 0.24774826160126E-17
 0.68647950590373E-18
   0.0000000000000000     
   0.0000000000000000     
   0.0000000000000000     
   0.0000000000000000     
   0.0000000000000000     
   0.0000000000000000     
 0.96197891708276E-25
 0.16613594000368E-21
 0.32581918561051E-22
 0.13113741383952E-22
 0.10958097367620E-24
 0.49423380332133E-24
 0.32448864903326E-26
 0.11280548845762E-27
 0.35306038522560E-25
 0.60630141074128E-24
 0.55041866552878E-25
 0.63606843003146E-28
 0.10088331422362E-27
 0.15429641132719E-25
 0.55098296887822E-25
 0.47774612368830E-24
 0.73869426061581E-22
 0.60787524461074E-22
 0.25087909074334E-22
 0.36874533230545E-22
 0.40504113671848E-22
 0.96749517077840E-23
 0.11702562385474E-22
 0.14822548941678E-21
 0.33051359893677E-21
 0.20257210583155E-21
 0.26469669153229E-21
 0.31857694949186E-22
 0.30670142390080E-20
 0.49662617900501E-20
 0.74921536839612E-21
 0.10078132897632E-20
 0.46550215478449E-20
 0.17257927525254E-19
 0.26107534174682E-19
 0.25840724882391E-20
 0.23161802255834E-20
 0.12902465771364E-19
 0.27563238422588E-19
 0.46316049879816E-19
 0.55001117800442E-19
 0.38821167773687E-18
 0.35467719284057E-18
 0.61326083841274E-18
 0.63158980789748E-18
 0.72452732856591E-18
 0.12390290261839E-17
 0.10652412178853E-17
 0.11782708130134E-17
 0.21727668364981E-17
 0.30673523858783E-17
 0.33191487615453E-17
 0.38723022962983E-17
 0.66414566898090E-17
 0.92522322243905E-17
 0.12357253361438E-16
 0.17314418295001E-16
 0.23132197630781E-16
 0.25589034447273E-16
 0.35036483835162E-16
 0.48637706629040E-16
 0.76249241427063E-16
 0.11225174827078E-15
 0.17580607000514E-15
 0.28159741094472E-15
 0.38175039832865E-15
 0.50634896630513E-15
 0.68694799759912E-15
 0.99763837446423E-15
 0.12557198648886E-14
 0.15451819309938E-14
 0.19354194452281E-14
 0.24273886061032E-14
 0.28156811469829E-14
 0.32473682010883E-14
 0.36518665684332E-14
 0.42409086704226E-14
 0.48213045864071E-14
 0.52028549240514E-14
 0.55114875742033E-14
 0.59847084623500E-14
 0.63163716500999E-14
 0.66088258109507E-14
 0.69299809194955E-14
 0.68136293771507E-14
 0.70717751809403E-14
 0.71260888571339E-14
 0.72143133554901E-14
 0.69691181985681E-14
 0.70243606445134E-14
 0.68264351410687E-14
 0.63223667350990E-14
 0.62334740216968E-14
 0.59670720212107E-14
 0.55656335118870E-14
 0.52254005923443E-14
 0.49173060310787E-14
 0.47673355153291E-14
 0.43169893856401E-14
 0.38878984653690E-14
 0.35232044539307E-14
 0.32109146406212E-14
 0.29554589222815E-14
 0.26710997316136E-14
 0.24160888358489E-14
 0.21855438226102E-14
 0.19560339023850E-14
 0.17220036525356E-14
 0.15479438328421E-14
 0.13715096296936E-14
 0.11873310412898E-14
 0.10424916557696E-14
 0.94527096946684E-15
 0.82794147238965E-15
 0.70455230677249E-15
 0.60889829985791E-15
 0.55433038415636E-15
 0.47503934955789E-15
 0.41721387453332E-15
 0.34772488758902E-15
 0.31085315752938E-15
 0.27812300452572E-15
 0.24254343915902E-15
 0.19975383671466E-15
 0.18094625235839E-15
 0.16153888131032E-15
 0.13645507521517E-15
 0.11241063871672E-15
 0.99672309058782E-16
 0.88278512487473E-16
 0.77222408941859E-16
 0.64257465541195E-16
 0.56750858115282E-16
 0.50029241658978E-16
 0.43392032182261E-16
 0.35362880031147E-16
 0.31591073656672E-16
 0.28094511838504E-16
 0.24226314911681E-16
 0.19803130486955E-16
 0.17805401600328E-16
 0.15963140249396E-16
 0.14073630709768E-16
 0.12215688504722E-16
 0.15119847438118E-16
 0.96911472606151E-17
   0.0000000000000000     
   0.0000000000000000     
   0.0000000000000000     
   0.0000000000000000     
 0.21656366065160E-20
 0.24811741382631E-21
 0.54571823337666E-22
 0.44764359947716E-22
 0.57477684758510E-23
 0.42576982485337E-23
 0.61911308829615E-22
 0.79703290510839E-24
 0.23357449819211E-24
 0.42153391895168E-24
 0.16260864150252E-24
 0.34757746764240E-27
 0.40009062382173E-25
 0.13481595501513E-25
 0.20125565291814E-25
 0.42585432267501E-25
 0.52309534640974E-24
 0.11666545448543E-22
 0.13942193627318E-22
 0.15009697630477E-23
 0.71603181031536E-25
 0.21136144462836E-24
 0.68026249868073E-23
 0.56030612244727E-23
 0.84307822645581E-24
 0.29960177237366E-22
 0.17499699405756E-22
 0.10159679287687E-22
 0.64013372818369E-22
 0.33381709206172E-21
 0.61946079357456E-21
 0.49447929145342E-21
 0.98536943193385E-22
 0.53447312950014E-20
 0.47211717411549E-20
 0.81634052755460E-21
 0.14657353277329E-20
 0.59876216343290E-20
 0.54990740974356E-20
 0.27307261062677E-20
 0.19098941789632E-19
 0.16564678890528E-18
 0.11864942098733E-18
 0.11358751258985E-18
 0.20411567081533E-18
 0.32716358946053E-18
 0.39723066729083E-18
 0.44884368062756E-18
 0.33022173650517E-18
 0.71694317144224E-18
 0.12131142443116E-17
 0.16668352815651E-17
 0.15329856792758E-17
 0.27012893203320E-17
 0.60292944506880E-17
 0.60037968865634E-17
 0.56613343053965E-17
 0.82199503834200E-17
 0.86316393915906E-17
 0.10708750492155E-16
 0.12610840663867E-16
 0.17871015226474E-16
 0.28362701089273E-16
 0.40811941458349E-16
 0.59324580879885E-16
 0.10302788397134E-15
 0.13931599569206E-15
 0.20912462407733E-15
 0.29722975377131E-15
 0.42404556326086E-15
 0.54806799149937E-15
 0.78839447148198E-15
 0.10975821942349E-14
 0.13268004979809E-14
 0.16824393763812E-14
 0.20398755323501E-14
 0.25493873380067E-14
 0.29795819788774E-14
 0.34127253734414E-14
 0.38174124749258E-14
 0.43904268788153E-14
 0.48084129393407E-14
 0.53604653449046E-14
 0.55363843391557E-14
 0.60212937530905E-14
 0.63704619946664E-14
 0.67266221687771E-14
 0.67260435581163E-14
 0.70245193364080E-14
 0.72432248707538E-14
 0.70175968064833E-14
 0.72160229921649E-14
 0.69448049976240E-14
 0.68768888033241E-14
 0.68544074583898E-14
 0.65752019586563E-14
 0.63265316254629E-14
 0.59314591466872E-14
 0.55522421288033E-14
 0.52822433912037E-14
 0.49939995084027E-14
 0.46612229545108E-14
 0.43523366357919E-14
 0.40298612324832E-14
 0.36323872373807E-14
 0.33170931513346E-14
 0.29856545891845E-14
 0.27239447736679E-14
 0.24347213200827E-14
 0.21837163352072E-14
 0.19212004103490E-14
 0.17374727203175E-14
 0.15321988613314E-14
 0.13564987706614E-14
 0.11733692773382E-14
 0.10475423754567E-14
 0.94183422789584E-15
 0.82149553011647E-15
 0.70598283479082E-15
 0.62082861624017E-15
 0.56715000999397E-15
 0.50102863194746E-15
 0.42850065082034E-15
 0.37025322182619E-15
 0.32691159588319E-15
 0.28730497718575E-15
 0.24840558937763E-15
 0.21234446797933E-15
 0.18929168482656E-15
 0.16676623187564E-15
 0.14439177210495E-15
 0.12161273454766E-15
 0.10986531468028E-15
 0.97655331957351E-16
 0.86186125057779E-16
 0.75784434945174E-16
 0.66659187214202E-16
 0.60256666058428E-16
 0.54648194319994E-16
 0.50568586777633E-16
 0.45461216616961E-16
 0.42753284105473E-16
 0.36564562227626E-16
 0.30603442698146E-16
 0.27310355873651E-16
 0.22772212093841E-16
   0.0000000000000000     
   0.0000000000000000     
   0.0000000000000000     
 0.30900193708754E-21
 0.54060756451831E-20
 0.56842345538669E-22
 0.78512699150600E-21
 0.87068668164313E-22
 0.48454382397485E-23
 0.21636067439301E-21
 0.49646025527564E-21
 0.35134619849636E-23
 0.24911976623802E-23
 0.37906992266184E-23
 0.55313897613511E-22
 0.37127270901420E-23
 0.10112356945098E-23
 0.13461205495919E-24
 0.28626858703200E-24
 0.29561736411488E-24
 0.27186046894886E-23
 0.10442294305441E-22
 0.47119021649593E-23
 0.99703622796578E-25
 0.53455147680964E-26
 0.17123880512397E-25
 0.15114182348329E-25
 0.49423305429712E-25
 0.40807794223738E-24
 0.60656087965421E-24
 0.11846975901948E-23
 0.11470352459486E-23
 0.59692177469974E-23
 0.24392885233206E-21
 0.11174054819482E-22
 0.95921340418284E-22
 0.83941916987851E-22
 0.18560587463019E-21
 0.11642104767754E-20
 0.19515761988588E-21
 0.39721664291926E-21
 0.27369839070910E-20
 0.19343963127909E-20
 0.12068439267105E-20
 0.11187189000051E-19
 0.30518600229854E-19
 0.19615658985328E-19
 0.22731378126343E-19
 0.46562814722180E-19
 0.11414784715863E-18
 0.85002916422688E-19
 0.67436430040376E-19
 0.14424419856355E-18
 0.12009140939824E-18
 0.21619076233231E-18
 0.45408642883112E-18
 0.44051358420393E-18
 0.14575207729512E-17
 0.30650972571128E-17
 0.25026966913355E-17
 0.21535994953879E-17
 0.28460564196445E-17
 0.28702085898619E-17
 0.30359680914845E-17
 0.52002888837761E-17
 0.77790358471169E-17
 0.96293826778326E-17
 0.96751190031234E-17
 0.15781748178200E-16
 0.29184266173538E-16
 0.30560359663313E-16
 0.47404167038968E-16
 0.70358458793338E-16
 0.10077376842737E-15
 0.13770263520619E-15
 0.22919574204359E-15
 0.34285726866842E-15
 0.46269637238641E-15
 0.65421251601538E-15
 0.89295616717591E-15
 0.11723374658226E-14
 0.14462512980590E-14
 0.17767502241914E-14
 0.21704336031372E-14
 0.26225510387252E-14
 0.30701434865934E-14
 0.34685412307161E-14
 0.39527436123339E-14
 0.44236287751784E-14
 0.50176936835176E-14
 0.52543996982516E-14
 0.57115405722883E-14
 0.61831522014772E-14
 0.63923190454753E-14
 0.68437801813006E-14
 0.67490127770888E-14
 0.70557166687296E-14
 0.73482672217278E-14
 0.74015192335489E-14
 0.72275460904498E-14
 0.70531242309391E-14
 0.70026233199555E-14
 0.68638553775877E-14
 0.66930746881489E-14
 0.63863294690086E-14
 0.61606082563813E-14
 0.57477938719143E-14
 0.53506335587124E-14
 0.50804018050531E-14
 0.46902664999496E-14
 0.42719652312032E-14
 0.38557435307659E-14
 0.35915848432149E-14
 0.33381177572915E-14
 0.30146650663385E-14
 0.26829757053447E-14
 0.24247142854944E-14
 0.21551257929821E-14
 0.18981079110688E-14
 0.17025585312436E-14
 0.15078142683799E-14
 0.13785885355905E-14
 0.12124893166442E-14
 0.11045823543880E-14
 0.97324935977719E-15
 0.83685431849626E-15
 0.71636891151629E-15
 0.63765695817330E-15
 0.58465936669010E-15
 0.50917248495164E-15
 0.43745862411088E-15
 0.38400929972980E-15
 0.34527409027398E-15
 0.30635327136370E-15
 0.26799648962932E-15
 0.23585848771438E-15
 0.20772381009919E-15
 0.18902257477882E-15
 0.16820514369789E-15
 0.15097070328518E-15
 0.13602319444057E-15
 0.12274912731780E-15
 0.11078277167091E-15
 0.10131094784176E-15
 0.91105678260916E-16
 0.82814282837879E-16
 0.71105537645710E-16
 0.58855311997234E-16
 0.50275967657644E-16
 0.41689749081582E-16
 0.12834993210239E-16
   0.0000000000000000     
   0.0000000000000000     
 0.17522420831812E-19
 0.20886739797925E-19
 0.44337695449775E-22
 0.23632937727854E-21
 0.10568671639274E-19
 0.15949161280279E-21
 0.38294746587502E-21
 0.82062496979762E-21
 0.36132142011814E-22
 0.58769097776580E-22
 0.10968914669789E-22
 0.30510585380890E-21
 0.29749682056345E-22
 0.13287434347126E-23
 0.16529054931256E-24
 0.73690799453166E-25
 0.25232737626470E-21
 0.76087514262489E-22
 0.17465322763161E-22
 0.92304575533564E-23
 0.13453427932775E-25
 0.93883135893589E-26
 0.90649993487584E-26
 0.43460413072023E-26
 0.20111993839404E-27
 0.17554884916227E-24
 0.22452614630090E-24
 0.18079437054294E-24
 0.45775725967490E-24
 0.18119046672304E-24
 0.20712069024679E-24
 0.11799443639074E-23
 0.31041275809200E-22
 0.16854427991578E-21
 0.68712308126724E-22
 0.65303086032660E-23
 0.12254210543791E-22
 0.22991960247868E-23
 0.77517350829891E-21
 0.12309871982087E-21
 0.55052819549338E-21
 0.63184582375500E-21
 0.43221067033588E-20
 0.85905590144892E-20
 0.49472963721636E-20
 0.80979738128091E-20
 0.14412182444309E-19
 0.85742973817856E-20
 0.41855022911196E-19
 0.43356106558735E-19
 0.23729236006511E-19
 0.66691101808861E-19
 0.49188745993004E-19
 0.13818811335304E-18
 0.73279359948694E-18
 0.87632643505398E-18
 0.10606689875468E-17
 0.11754570133068E-17
 0.61960005883030E-18
 0.85391228583950E-18
 0.12419362894686E-17
 0.21389567625119E-17
 0.28307559243862E-17
 0.31906241263215E-17
 0.32427791572854E-17
 0.41707424453348E-17
 0.77302742083963E-17
 0.90886530923093E-17
 0.16482611983833E-16
 0.16029643923369E-16
 0.20112004716757E-16
 0.32218652991280E-16
 0.50382303786990E-16
 0.68261036963820E-16
 0.12355009281588E-15
 0.18955751518633E-15
 0.28082976975649E-15
 0.37699237379981E-15
 0.51325079347542E-15
 0.69727433584126E-15
 0.92278872724562E-15
 0.12047339275497E-14
 0.15398197722577E-14
 0.18311801560849E-14
 0.22734487685989E-14
 0.27805326290227E-14
 0.30967295561167E-14
 0.35933691665602E-14
 0.40790967511293E-14
 0.46149308263694E-14
 0.51008019730141E-14
 0.53338571149370E-14
 0.59079870795611E-14
 0.63921022129617E-14
 0.67062377836699E-14
 0.67897099597789E-14
 0.69642474687559E-14
 0.73169996817246E-14
 0.75035449242012E-14
 0.74681065001718E-14
 0.74207752990089E-14
 0.72333420939840E-14
 0.70539146621851E-14
 0.69396950184867E-14
 0.66314071310535E-14
 0.62367332627615E-14
 0.59682596642484E-14
 0.57118261627555E-14
 0.54015595387103E-14
 0.50395611216412E-14
 0.47228654605626E-14
 0.43726029492666E-14
 0.39805900062593E-14
 0.36098467322287E-14
 0.32342263299436E-14
 0.29581145551876E-14
 0.27104956675081E-14
 0.25057201903520E-14
 0.22327375303492E-14
 0.19840989909285E-14
 0.17812887420548E-14
 0.15913950988427E-14
 0.14195553794756E-14
 0.12579923926552E-14
 0.11227096311955E-14
 0.10006003316894E-14
 0.87853001638930E-15
 0.78578013605532E-15
 0.69854301831542E-15
 0.62870122753378E-15
 0.56035654850154E-15
 0.50141412767560E-15
 0.44335055857245E-15
 0.39535005178029E-15
 0.35008785736087E-15
 0.31488069835415E-15
 0.28190339878733E-15
 0.25609933510259E-15
 0.23141602192548E-15
 0.21052551465045E-15
 0.19044903504997E-15
 0.17254220968322E-15
 0.15532810814164E-15
 0.13667770756963E-15
 0.11710492307756E-15
 0.99552883902442E-16
 0.76406244530166E-16
 0.38817175275546E-16
   0.0000000000000000     
   0.0000000000000000     
 0.92851678180588E-19
 0.50756273427863E-19
 0.51932535977466E-20
 0.16505317274564E-19
 0.14720597644172E-20
 0.18308351945880E-20
 0.52468069962241E-21
 0.45153431908350E-20
 0.11086575639891E-20
 0.60584208290400E-20
 0.98300890041771E-20
 0.36918306008017E-21
 0.22207512888164E-22
 0.35088877096539E-22
 0.15668579006903E-22
 0.31309906232637E-23
 0.10639830813841E-20
 0.13668092602911E-21
 0.82032883993552E-22
 0.22498516062076E-22
 0.13736153925449E-24
 0.12380479035393E-24
 0.90282587719565E-25
 0.33116266675629E-25
 0.94952299458900E-25
 0.29140657632205E-24
 0.39792787291667E-25
 0.10979336279044E-25
 0.15598753945936E-25
 0.22654667996090E-25
 0.43743646001268E-25
 0.47610743818412E-24
 0.67021031411099E-22
 0.61692258541705E-22
 0.24410798376755E-23
 0.77132513107226E-24
 0.14632289643821E-23
 0.86777698498319E-22
 0.37540779104347E-22
 0.52354809024674E-22
 0.10880052518576E-21
 0.13366331322142E-21
 0.14533348846240E-20
 0.22931930858839E-20
 0.61071119021468E-21
 0.20204143331762E-20
 0.66718122672144E-20
 0.20316709134372E-20
 0.11110246857890E-19
 0.32429977179327E-20
 0.11387149385964E-20
 0.41071798297399E-20
 0.16812186004982E-19
 0.80049806293974E-19
 0.40412180497425E-18
 0.12830159870829E-18
 0.38503994868820E-18
 0.41994918068064E-18
 0.22254727443453E-18
 0.30156948047062E-18
 0.32792768113017E-18
 0.58490158429630E-18
 0.73735516553279E-18
 0.84830195856135E-18
 0.12633333174880E-17
 0.11589163304750E-17
 0.24144176501698E-17
 0.36306983798723E-17
 0.52375274802981E-17
 0.55602826871381E-17
 0.64241090428490E-17
 0.10999487535016E-16
 0.11607750515242E-16
 0.14726652340639E-16
 0.27624325072387E-16
 0.47256103527508E-16
 0.58120703684995E-16
 0.87350789043545E-16
 0.12474228080239E-15
 0.19475207232868E-15
 0.27392885189587E-15
 0.40300823800565E-15
 0.55821626184197E-15
 0.73582732400529E-15
 0.10459689135570E-14
 0.12736633614203E-14
 0.15655668830107E-14
 0.19218217761934E-14
 0.23979282517235E-14
 0.28681500141704E-14
 0.32211499228067E-14
 0.37494801725716E-14
 0.43079199724573E-14
 0.48123570731086E-14
 0.51037337307226E-14
 0.55434690031295E-14
 0.61503615380511E-14
 0.66474945913420E-14
 0.68147970861446E-14
 0.69098494737971E-14
 0.71264003240620E-14
 0.75009466107838E-14
 0.75029002276481E-14
 0.72670731164835E-14
 0.73142292388436E-14
 0.74595053389180E-14
 0.72921425429820E-14
 0.69426965986488E-14
 0.67451946368073E-14
 0.65473224126828E-14
 0.61923346472716E-14
 0.57867271264787E-14
 0.54960148420823E-14
 0.51009482391044E-14
 0.47648912308405E-14
 0.44396871200999E-14
 0.40820865509425E-14
 0.37096474738251E-14
 0.34045787925466E-14
 0.31047604959732E-14
 0.28452235153721E-14
 0.25784995372017E-14
 0.23167905940442E-14
 0.20869661695565E-14
 0.18914525801919E-14
 0.17004352829936E-14
 0.15125994602896E-14
 0.13609053543095E-14
 0.12245903513858E-14
 0.10992576952197E-14
 0.97891344061815E-15
 0.87356779314676E-15
 0.77431182044641E-15
 0.70395387269815E-15
 0.63145732763577E-15
 0.57263895253477E-15
 0.51432625293201E-15
 0.47029680748359E-15
 0.42565492786378E-15
 0.38574454185574E-15
 0.34993005242228E-15
 0.32241841830115E-15
 0.28667648180838E-15
 0.25015136301240E-15
 0.22058728399069E-15
 0.18731386277895E-15
 0.14144083070966E-15
 0.65043927134625E-16
   0.0000000000000000     
   0.0000000000000000     
 0.23152023352231E-19
 0.40112388425136E-19
 0.70732026328696E-19
 0.11012414229014E-18
 0.93865024492378E-20
 0.87041062369302E-20
 0.40116163978664E-20
 0.12320411945188E-20
 0.17699715769829E-20
 0.18016206247966E-19
 0.16697990199084E-19
 0.68323943022565E-20
 0.27784906715864E-21
 0.53055246499637E-21
 0.15962862373858E-21
 0.29141589958942E-20
 0.74340550198697E-21
 0.23699400824750E-21
 0.56258981500524E-21
 0.86113024383446E-22
 0.15415189964947E-21
 0.15046805539799E-23
 0.12643825664331E-22
 0.36069150715177E-23
 0.33523820305109E-24
 0.69052379906823E-24
 0.39753350821870E-24
 0.37235453112576E-24
 0.37917976588995E-25
 0.94828158645093E-26
 0.53247174098280E-25
 0.23535321317455E-24
 0.21124655050866E-25
 0.15006371846313E-25
 0.27224181945771E-25
 0.38709257273429E-25
 0.41150100184359E-23
 0.50932118609010E-22
 0.17093967473134E-23
 0.52180505472189E-22
 0.66719639431222E-22
 0.13981079350906E-22
 0.19881469033557E-21
 0.53949285613340E-21
 0.29458497385637E-21
 0.39291689566920E-21
 0.50880762008434E-21
 0.30199322183004E-21
 0.13030096329229E-21
 0.52076980019215E-21
 0.30008167889960E-21
 0.23184455134896E-20
 0.55811354608616E-20
 0.44770564438968E-19
 0.91490327754258E-19
 0.30950672847163E-19
 0.11967135985550E-18
 0.11756612471448E-18
 0.10040973138832E-18
 0.28016132556440E-19
 0.80454796828746E-19
 0.65932773179838E-19
 0.28977955310911E-18
 0.48729115734619E-18
 0.43025689726287E-18
 0.39500551537216E-18
 0.68745550073210E-18
 0.14042687536217E-17
 0.16726324025519E-17
 0.19932756820515E-17
 0.30125593871911E-17
 0.39144876545701E-17
 0.44915977439252E-17
 0.76800588696407E-17
 0.11281402314087E-16
 0.14067360046820E-16
 0.11835587972101E-16
 0.20482833024048E-16
 0.36085139373997E-16
 0.53531673858241E-16
 0.67676025002391E-16
 0.10192410811649E-15
 0.14346966606112E-15
 0.21193391749913E-15
 0.30826220844791E-15
 0.42160851319482E-15
 0.58274985801965E-15
 0.78511945012027E-15
 0.10518581303870E-14
 0.13311069568899E-14
 0.16536920624589E-14
 0.20594912192486E-14
 0.25361846272886E-14
 0.29249502562198E-14
 0.33802674582288E-14
 0.38877676322573E-14
 0.44453213954654E-14
 0.48291716078727E-14
 0.52180419891805E-14
 0.57500471198015E-14
 0.61715652413260E-14
 0.65408070913422E-14
 0.68727991775467E-14
 0.71780878818813E-14
 0.73693208815725E-14
 0.76610993744906E-14
 0.76675229710349E-14
 0.76279552565448E-14
 0.75529618569309E-14
 0.76012769714094E-14
 0.75286224186923E-14
 0.72715199657044E-14
 0.69460844900855E-14
 0.65955974391250E-14
 0.62607229688394E-14
 0.59467050229005E-14
 0.56385889179002E-14
 0.52995171444002E-14
 0.49524307432810E-14
 0.45949898986101E-14
 0.42498121797639E-14
 0.38892189733145E-14
 0.35843601435148E-14
 0.33183908297540E-14
 0.30361340042600E-14
 0.27316853496091E-14
 0.24745334939213E-14
 0.22383251632522E-14
 0.20318882647510E-14
 0.18394545679854E-14
 0.16588661212725E-14
 0.14957079126753E-14
 0.13562959630155E-14
 0.12168824197883E-14
 0.11033637566474E-14
 0.10038712683013E-14
 0.91097608006070E-15
 0.83516983264886E-15
 0.76410013923371E-15
 0.69192472154280E-15
 0.62747401264162E-15
 0.58185583102359E-15
 0.51697360915244E-15
 0.46537548956490E-15
 0.41025818095561E-15
 0.33950688351185E-15
 0.25227084646537E-15
 0.13588341756434E-15
   0.0000000000000000     
   0.0000000000000000     
 0.42945558828974E-18
 0.32443644529043E-18
 0.21727589142985E-18
 0.29305032737151E-18
 0.14556568237053E-19
 0.75709574192524E-19
 0.48982131268819E-19
 0.81069436437498E-20
 0.29248333851924E-19
 0.45303368439151E-19
 0.43198214715081E-19
 0.38620290818840E-19
 0.84263691432132E-20
 0.10532180420147E-19
 0.27297923397148E-21
 0.10457121275565E-20
 0.23333932302187E-20
 0.35040784956115E-21
 0.72740532565666E-21
 0.23934591446777E-21
 0.24496700662707E-21
 0.14026580711243E-22
 0.10484959775214E-21
 0.23720937711180E-22
 0.12869264380389E-22
 0.26204211083991E-24
 0.10607343366673E-23
 0.56818487144040E-24
 0.18069542268208E-24
 0.62440654444560E-25
 0.23377005909701E-24
 0.37248534404112E-24
 0.15413310874487E-26
 0.22977741831090E-26
 0.10415918454861E-25
 0.30905343729280E-25
 0.13296663693242E-22
 0.10346184173619E-22
 0.82555993128070E-24
 0.11899886810014E-22
 0.12961373614775E-22
 0.32524160417336E-23
 0.52304456421441E-22
 0.30487103059770E-22
 0.80122754063238E-22
 0.50038715747241E-22
 0.43860994505435E-22
 0.36802113514289E-22
 0.85354905179288E-22
 0.20027165518284E-21
 0.24653039971276E-21
 0.15958354597576E-20
 0.18486185999004E-20
 0.28307029153860E-20
 0.32522137180675E-20
 0.87232147022228E-20
 0.21258927639895E-19
 0.32334942168838E-19
 0.24370936458307E-19
 0.18956773968812E-19
 0.32676095603058E-19
 0.29081560041681E-19
 0.14836075117480E-18
 0.64688374760581E-19
 0.74824487794739E-19
 0.15959413142043E-18
 0.31215384935090E-18
 0.49354142572964E-18
 0.36221767613429E-18
 0.89064077299374E-18
 0.15619156094165E-17
 0.25006193155668E-17
 0.22591380798097E-17
 0.33071580917992E-17
 0.41585159357437E-17
 0.39567022635773E-17
 0.45620438180844E-17
 0.70248244788264E-17
 0.14354597704811E-16
 0.17771573377603E-16
 0.17780231990707E-16
 0.24886298492737E-16
 0.30335993993007E-16
 0.51789453632946E-16
 0.67634153135089E-16
 0.97362884985743E-16
 0.14891082404700E-15
 0.22600779496601E-15
 0.31511561156515E-15
 0.44934367043580E-15
 0.62227172702212E-15
 0.83850046661475E-15
 0.11182196768617E-14
 0.13887746361143E-14
 0.17175195575691E-14
 0.20907606621780E-14
 0.26200100113846E-14
 0.30401788741094E-14
 0.34476372754188E-14
 0.39846040229732E-14
 0.46996002622327E-14
 0.50935008184201E-14
 0.54655116982870E-14
 0.59565134997278E-14
 0.64454507674312E-14
 0.67924216301428E-14
 0.70727634298375E-14
 0.73703512824979E-14
 0.76682788952865E-14
 0.77845709477224E-14
 0.78491730958411E-14
 0.77986444283685E-14
 0.77619540664650E-14
 0.76492855661212E-14
 0.75195930010046E-14
 0.73086269887519E-14
 0.71004491160685E-14
 0.68253192453451E-14
 0.66122615999083E-14
 0.62836422179239E-14
 0.59149498707185E-14
 0.55417817512156E-14
 0.51431304991869E-14
 0.47508594060565E-14
 0.44313322122963E-14
 0.41133195147465E-14
 0.37773372154019E-14
 0.34823318054832E-14
 0.32232953508215E-14
 0.29532523187524E-14
 0.27042911258029E-14
 0.24785874774403E-14
 0.22763809857030E-14
 0.20628414978453E-14
 0.18779374873360E-14
 0.17126532643407E-14
 0.15767439166212E-14
 0.14414090295715E-14
 0.13224266600724E-14
 0.11985109619788E-14
 0.11063102643245E-14
 0.10213499220487E-14
 0.91280196668099E-15
 0.84336881192025E-15
 0.73623726212692E-15
 0.61233270768987E-15
 0.45579419119575E-15
 0.28120766903566E-15
   0.0000000000000000     
   0.0000000000000000     
 0.11407198554472E-17
 0.62747915795864E-18
 0.12467603270481E-17
 0.27913070248822E-18
 0.10040936662281E-18
 0.77149769372480E-19
 0.13554609388610E-18
 0.20561262766536E-18
 0.16909555490281E-18
 0.63622144768823E-19
 0.16169362929773E-18
 0.55541747374176E-19
 0.33678495469085E-19
 0.27353990280607E-19
 0.82674230069536E-20
 0.82616289657670E-20
 0.87813402868254E-20
 0.42072474975636E-20
 0.34083851226144E-20
 0.28031094031660E-20
 0.34303708230322E-21
 0.28210023952078E-21
 0.40532424842089E-21
 0.65032370041033E-21
 0.13672124051866E-21
 0.17776002001867E-21
 0.56037249712605E-23
 0.11763049420563E-22
 0.21680476231703E-22
 0.98883511545410E-23
 0.88811954925713E-24
 0.79767258627180E-22
 0.62406517932029E-22
 0.12931610017287E-24
 0.21603807387272E-25
 0.11599362781158E-23
 0.13591461784579E-22
 0.32505942276150E-23
 0.12590541164211E-25
 0.62382727370920E-27
 0.42885624352219E-24
 0.16569684793073E-23
 0.95424134107474E-23
 0.24642040800937E-23
 0.16235868717961E-23
 0.13753987090238E-23
 0.28726594435744E-23
 0.13166166008766E-22
 0.76418104565919E-22
 0.61677155879600E-22
 0.38562675803033E-21
 0.91832670475301E-21
 0.23834405153702E-21
 0.30020046978196E-21
 0.64226402029673E-21
 0.12289699511149E-20
 0.22942547939882E-20
 0.83541082899144E-20
 0.12409309790944E-20
 0.75349128365737E-20
 0.13665848989842E-19
 0.16782486532821E-19
 0.37041224227328E-19
 0.30991093779134E-19
 0.98334003985486E-20
 0.63107252228229E-19
 0.11039966901661E-18
 0.16040091838731E-18
 0.95501954132476E-19
 0.25479719611599E-18
 0.50277526347165E-18
 0.62864981323094E-18
 0.94217846131773E-18
 0.94485349382923E-18
 0.21646261344330E-17
 0.12778261950969E-17
 0.11810150235592E-17
 0.26953767099197E-17
 0.48999918104258E-17
 0.89438661710418E-17
 0.61051173090029E-17
 0.58930777024012E-17
 0.11029674059269E-16
 0.14881814287569E-16
 0.14742604331873E-16
 0.19928190362075E-16
 0.31521207278015E-16
 0.48441071178505E-16
 0.71420534306683E-16
 0.10903762004148E-15
 0.16233263174705E-15
 0.25436363882586E-15
 0.33542996082680E-15
 0.47001070495695E-15
 0.66058270397788E-15
 0.91527854444043E-15
 0.11603908189872E-14
 0.14462617461265E-14
 0.18627266743385E-14
 0.22925003771221E-14
 0.26941469583253E-14
 0.31810549918421E-14
 0.36333754493001E-14
 0.41556540196617E-14
 0.46720516537493E-14
 0.52408682346958E-14
 0.56897304266601E-14
 0.61324644860681E-14
 0.65320066526933E-14
 0.69226304147884E-14
 0.72043441959658E-14
 0.74956655781730E-14
 0.77709819268930E-14
 0.80227483760306E-14
 0.81748430976787E-14
 0.81724417067910E-14
 0.81544638167539E-14
 0.80274638761568E-14
 0.78449501843978E-14
 0.76443654947130E-14
 0.74696607159844E-14
 0.71769433455088E-14
 0.68936238178551E-14
 0.65874359791329E-14
 0.62188854658260E-14
 0.58806709908534E-14
 0.55243157070991E-14
 0.51717589047573E-14
 0.48220276088266E-14
 0.44880589966495E-14
 0.41625796533544E-14
 0.39060712227960E-14
 0.36067072240370E-14
 0.33102962147840E-14
 0.30516689517404E-14
 0.28344106613430E-14
 0.26185004416814E-14
 0.24008550660233E-14
 0.22215313223049E-14
 0.20230187454112E-14
 0.18591561228579E-14
 0.17062344316899E-14
 0.15706718996754E-14
 0.14308483366067E-14
 0.12997908337502E-14
 0.10677480887795E-14
 0.79948641633767E-15
 0.54714793918484E-15
   0.0000000000000000     
 0.34298506118877E-17
 0.53308604879151E-17
 0.49530820832371E-17
 0.53767258132271E-17
 0.10205586749241E-17
 0.85791762892124E-18
 0.71987934626321E-18
 0.84237462276153E-18
 0.94422195188814E-18
 0.35360787576563E-18
 0.19995093141985E-18
 0.52094450557181E-18
 0.26175332704753E-18
 0.10995093449047E-18
 0.76976519229050E-19
 0.13716740191630E-18
 0.43238804400541E-19
 0.32408499859771E-19
 0.11801839509902E-19
 0.21297419478253E-19
 0.91880165621500E-20
 0.62221953723036E-20
 0.13710154174243E-20
 0.38534003063486E-20
 0.39658970736537E-20
 0.35007672866911E-21
 0.34501691354257E-21
 0.21641232952514E-22
 0.94254382093131E-22
 0.31830081712190E-21
 0.38004681241652E-21
 0.96254331130523E-23
 0.24515762027586E-22
 0.14081719378761E-21
 0.24723568292247E-23
 0.36738768472370E-24
 0.24581990178536E-24
 0.39110212489841E-22
 0.42077090089750E-23
 0.10586513762172E-23
 0.30578943091671E-24
 0.40455566521405E-24
 0.71030502281609E-26
 0.34454408906925E-28
 0.26502057501221E-24
 0.48815546149065E-24
 0.54382950903667E-25
 0.10090446276079E-24
 0.33680593040832E-24
 0.18654400650603E-24
 0.37677236517544E-24
 0.21282436718085E-21
 0.17764233663242E-21
 0.11447726353993E-21
 0.16164070484165E-21
 0.10126535854658E-21
 0.16252298048709E-21
 0.95327324007734E-21
 0.16540153541739E-20
 0.32309695407087E-21
 0.14201257686408E-20
 0.62089522928912E-20
 0.91688001825090E-20
 0.76203267253664E-20
 0.71269836722329E-20
 0.78603825693967E-21
 0.21070270734134E-19
 0.51132893760909E-19
 0.58499720090531E-19
 0.29944448962000E-19
 0.16340621272040E-18
 0.15364880711494E-18
 0.91363493485204E-19
 0.33241638292286E-18
 0.55315135892025E-18
 0.64893517076616E-18
 0.28582758633061E-18
 0.47342144684494E-18
 0.83711805271752E-18
 0.17442355135914E-17
 0.27705586290512E-17
 0.13800174180772E-17
 0.21328215439785E-17
 0.39545130655047E-17
 0.68918528864848E-17
 0.59439021983560E-17
 0.62271372152063E-17
 0.64510640113115E-17
 0.12152887611903E-16
 0.18696956996369E-16
 0.27761394493670E-16
 0.36750237736943E-16
 0.53681403571950E-16
 0.82336666717406E-16
 0.12638478656499E-15
 0.19162857018185E-15
 0.27098828389433E-15
 0.38602179756033E-15
 0.52932060037274E-15
 0.73609263684830E-15
 0.94832880266524E-15
 0.12324168052657E-14
 0.15548192085033E-14
 0.19222693758690E-14
 0.23337115855779E-14
 0.27568582363138E-14
 0.32113560635673E-14
 0.37284745525652E-14
 0.42732064400072E-14
 0.48148732835531E-14
 0.53742929640594E-14
 0.58679263719200E-14
 0.63873843076553E-14
 0.68204332275359E-14
 0.72039556634824E-14
 0.75107604716940E-14
 0.78887132893760E-14
 0.81157797013101E-14
 0.83755327276774E-14
 0.84961986350373E-14
 0.85702588840359E-14
 0.86223122461850E-14
 0.85544003639023E-14
 0.84003517798687E-14
 0.81718088327524E-14
 0.79599599991168E-14
 0.77310112878612E-14
 0.73980219531815E-14
 0.70496591851814E-14
 0.67348537618703E-14
 0.63925207766302E-14
 0.60431933482626E-14
 0.57261112839103E-14
 0.53753896708496E-14
 0.50721789686736E-14
 0.47627076568138E-14
 0.44443697388014E-14
 0.41029132657034E-14
 0.38114428796862E-14
 0.35708265615371E-14
 0.33009322342763E-14
 0.30227244492860E-14
 0.27719100288681E-14
 0.25655733322788E-14
 0.22590783647409E-14
 0.21567295895833E-14
 0.17890640830738E-14
 0.13862304720086E-14
 0.98713956840827E-15
 0.49287842970659E-16
 0.75081567872423E-17
 0.10081214504296E-16
 0.97397988535151E-17
 0.46097994659928E-17
 0.27550755846544E-17
 0.31198793287068E-17
 0.34362506053408E-17
 0.24880883495932E-17
 0.22160186039022E-17
 0.14354042055761E-17
 0.10500193661265E-17
 0.99928715081358E-18
 0.70034734811374E-18
 0.28252728917912E-18
 0.29942102082629E-18
 0.28191329868000E-18
 0.10931005993166E-18
 0.69290208189110E-19
 0.52022854966319E-19
 0.13271642060921E-18
 0.31504013329886E-19
 0.27831806773919E-19
 0.34782145185616E-20
 0.84925977109296E-20
 0.50391413741771E-20
 0.23723818552173E-20
 0.77264517191629E-21
 0.51228864308061E-21
 0.93072046980894E-20
 0.13765535377735E-20
 0.64678758929010E-21
 0.21904008943863E-21
 0.24264840905732E-22
 0.19712704621670E-21
 0.36041482232672E-21
 0.49635765609669E-23
 0.10972207636680E-22
 0.10051380090516E-21
 0.46916162473220E-23
 0.33744399587139E-22
 0.32034174891489E-22
 0.18715976813181E-23
 0.11538478701718E-22
 0.30640770838183E-23
 0.11418680675683E-23
 0.18268400514603E-24
 0.13846893435253E-24
 0.12214005958874E-25
 0.32401642308255E-25
 0.51976181554723E-24
 0.17598852044372E-23
 0.61446594166510E-22
 0.37071685017069E-22
 0.56204922340082E-22
 0.32941896056874E-22
 0.47936474769984E-23
 0.20133663754764E-23
 0.37205000688402E-21
 0.10333300429568E-20
 0.40617355551062E-21
 0.28761964136894E-21
 0.36756005731547E-21
 0.55013295720470E-21
 0.74406666402524E-21
 0.32523096450740E-21
 0.13140841953681E-21
 0.64693389554048E-21
 0.11175311773422E-19
 0.12984928996992E-19
 0.14407430961960E-19
 0.20763462655644E-19
 0.92171340699767E-20
 0.19911826751201E-19
 0.36996232754370E-19
 0.21303316262058E-18
 0.30856699375290E-18
 0.58131860480964E-19
 0.87131773404639E-19
 0.11845658856772E-18
 0.62220472162558E-18
 0.10247586785294E-17
 0.42382585624255E-18
 0.36216757825905E-18
 0.19034722978607E-17
 0.24229427376713E-17
 0.27161553299326E-17
 0.18556977615477E-17
 0.35115332504693E-17
 0.37367850394915E-17
 0.62555841387393E-17
 0.84069622375468E-17
 0.87155172151297E-17
 0.13786891572578E-16
 0.17371029581223E-16
 0.29386649301189E-16
 0.41486837686860E-16
 0.59298129345317E-16
 0.92122566165004E-16
 0.13928349913873E-15
 0.20866143912600E-15
 0.28290960791502E-15
 0.40466526998508E-15
 0.57304468442822E-15
 0.77314661961666E-15
 0.99047033908818E-15
 0.12539882397825E-14
 0.15787086860387E-14
 0.19667452641682E-14
 0.24110451874192E-14
 0.28527604084402E-14
 0.33223899936353E-14
 0.38713111100454E-14
 0.44197540087697E-14
 0.49916003519164E-14
 0.55321066562537E-14
 0.60695745044488E-14
 0.66399209855507E-14
 0.70994361691208E-14
 0.75031427436106E-14
 0.78785778595440E-14
 0.82838643441998E-14
 0.85578391021344E-14
 0.88338053402548E-14
 0.90053306589837E-14
 0.91343459086378E-14
 0.91523183897358E-14
 0.91175674250183E-14
 0.89506054750750E-14
 0.88440433763112E-14
 0.86629165600369E-14
 0.84430454274556E-14
 0.81958883484335E-14
 0.78908506753904E-14
 0.75600128525638E-14
 0.72523261134225E-14
 0.69004630149521E-14
 0.65112051276093E-14
 0.61401022592777E-14
 0.57922478218584E-14
 0.54531533202926E-14
 0.50552820487124E-14
 0.46544366515195E-14
 0.42882427249354E-14
 0.39582823336274E-14
 0.35235788759489E-14
 0.31597527804171E-14
 0.28540999235439E-14
 0.23218191246801E-14
 0.17249149857101E-14
 0.57319592505371E-15
 0.19062811229258E-16
 0.26518769338339E-16
 0.17251099436488E-16
 0.93811887952857E-17
 0.87595563462413E-17
 0.97959058305663E-17
 0.62900716090991E-17
 0.46127795022578E-17
 0.68767634872009E-17
 0.50452011290400E-17
 0.37142912581579E-17
 0.21783496980382E-17
 0.12543353474317E-17
 0.48842272964816E-18
 0.13691599450059E-17
 0.10989078936562E-17
 0.65163385832240E-18
 0.10480257076770E-18
 0.26265138727400E-18
 0.40258325205446E-18
 0.12193505960709E-18
 0.94006184423048E-19
 0.18174572288611E-18
 0.15523086603389E-18
 0.31576514204207E-19
 0.14886356523956E-19
 0.97696710299400E-21
 0.20474561734554E-20
 0.93411505682834E-20
 0.53124042265955E-20
 0.66938106798179E-21
 0.67177366183847E-21
 0.11480858058348E-20
 0.46296779097554E-20
 0.12499785375217E-20
 0.46979053107729E-22
 0.14360153020062E-23
 0.40477145746134E-21
 0.68999619755251E-22
 0.73022556452818E-22
 0.52984629558627E-22
 0.16504356080696E-22
 0.66496600034910E-22
 0.14837179080415E-22
 0.15693875936904E-23
 0.45026306150002E-24
 0.20195609857371E-24
 0.41559752542592E-25
 0.32713162426097E-25
 0.56987721233068E-23
 0.13614734813577E-22
 0.84139999897426E-23
 0.19102701003275E-22
 0.11293239895989E-22
 0.43618666945895E-23
 0.53500212922551E-25
 0.25029721412064E-25
 0.23455546105203E-22
 0.78521888952828E-21
 0.25235181021920E-21
 0.18547894946125E-22
 0.21555582499483E-22
 0.60217821356167E-22
 0.52961260174746E-22
 0.25964976470987E-22
 0.20432724675792E-21
 0.40241753472871E-21
 0.16362267969371E-20
 0.10660418036828E-20
 0.89364398770653E-21
 0.95062160906628E-21
 0.23415065838525E-20
 0.61866405841872E-20
 0.33635484973062E-19
 0.10188275779227E-18
 0.69195950995287E-19
 0.21548921061632E-19
 0.18446429059255E-19
 0.77529338515267E-19
 0.30909671340835E-18
 0.32520584180959E-18
 0.15775811948313E-18
 0.11815216825702E-18
 0.35233220998010E-18
 0.31754150516285E-18
 0.10858776446032E-17
 0.13485104614496E-17
 0.25812581406996E-17
 0.72632312760004E-18
 0.26860891847637E-17
 0.36115289046077E-17
 0.31931850029304E-17
 0.38322381506695E-17
 0.73501008834626E-17
 0.98670461587651E-17
 0.85205372108461E-17
 0.14899134863690E-16
 0.24226236281225E-16
 0.33615480763533E-16
 0.50519051664556E-16
 0.66236531791439E-16
 0.98483735438395E-16
 0.16084846542265E-15
 0.22469437597148E-15
 0.30555798571006E-15
 0.41778060179576E-15
 0.57139992700804E-15
 0.75701577043491E-15
 0.10038538385032E-14
 0.12842121126375E-14
 0.16122364528450E-14
 0.20307641485155E-14
 0.24552569466227E-14
 0.29173396088517E-14
 0.33899857436410E-14
 0.39860262770420E-14
 0.45580813066690E-14
 0.51617850604695E-14
 0.57194124603878E-14
 0.63095974753209E-14
 0.68881384532397E-14
 0.74913507259176E-14
 0.79766090109159E-14
 0.84129072367647E-14
 0.88872780253593E-14
 0.92551487073813E-14
 0.95917534810114E-14
 0.97459966743106E-14
 0.98681209639292E-14
 0.99516665589619E-14
 0.10007183097644E-13
 0.99228779477158E-14
 0.97879589473500E-14
 0.96216741370633E-14
 0.94122130431303E-14
 0.90900022204660E-14
 0.87462291327028E-14
 0.83824607638329E-14
 0.79877472450679E-14
 0.75989486593347E-14
 0.71083926917165E-14
 0.66137209378650E-14
 0.61382211224393E-14
 0.56595510144407E-14
 0.52337796637194E-14
 0.45811514007352E-14
 0.39987111610179E-14
 0.36248497399016E-14
 0.27266991203382E-14
 0.11396901078188E-14
 0.40428619643365E-16
 0.43836125337103E-16
 0.25887007952921E-16
 0.19728399310961E-16
 0.13732404068506E-16
 0.21479272494731E-16
 0.12715327781376E-16
 0.84360735484447E-17
 0.16020137495254E-16
 0.81698929268814E-17
 0.74558686994833E-17
 0.54022665217969E-17
 0.32359092734567E-17
 0.20680425884063E-17
 0.30186684232394E-17
 0.25986886946645E-17
 0.16659150703972E-17
 0.40289151717058E-18
 0.10492800053553E-17
 0.11359291171711E-17
 0.35113312039559E-18
 0.55283734504998E-18
 0.32368731118042E-18
 0.22980305452938E-18
 0.72200359149575E-19
 0.36935311280772E-19
 0.11095970218263E-18
 0.14636356138593E-18
 0.15321381048974E-19
 0.14199064325496E-19
 0.19338670530799E-20
 0.73016289690960E-20
 0.17654875499696E-19
 0.18370500467044E-19
 0.11680887304939E-20
 0.28913076741278E-21
 0.11702532592062E-20
 0.19982588213588E-20
 0.91420776367483E-22
 0.15539546907198E-21
 0.16607285465285E-21
 0.62727013521202E-21
 0.48490843446405E-21
 0.98908284792117E-22
 0.10307648923556E-21
 0.52305061643622E-23
 0.38610073011984E-23
 0.68741304538526E-24
 0.33030391771508E-24
 0.19390752731136E-25
 0.27225622794512E-22
 0.30507977491945E-22
 0.18427868000671E-22
 0.10464194796677E-22
 0.23650515687110E-23
 0.10288100761187E-23
 0.20293236807191E-24
 0.62093133852201E-22
 0.17908731565781E-21
 0.62683102540064E-23
 0.16235552355256E-23
 0.54825674957268E-24
 0.40605380035080E-23
 0.37278475075235E-23
 0.13916726998277E-23
 0.27910630867078E-22
 0.72246178250665E-22
 0.39851627721547E-22
 0.18520680929098E-21
 0.37975874587978E-21
 0.25494832590146E-21
 0.26804156401564E-21
 0.24274873181412E-20
 0.27019075315751E-19
 0.10791399338451E-19
 0.66968475888334E-20
 0.57910533035259E-20
 0.13589005686298E-19
 0.22235464635345E-19
 0.93878487003319E-19
 0.11488388549325E-18
 0.48251077088247E-19
 0.68699250851034E-19
 0.85451267133340E-19
 0.91404012787781E-19
 0.51004225404726E-18
 0.87398948549080E-18
 0.62770068385320E-18
 0.37784183739732E-18
 0.14828103090249E-17
 0.13299272623464E-17
 0.84280695617865E-18
 0.21873810475153E-17
 0.38533733472754E-17
 0.35322555832182E-17
 0.28362108511452E-17
 0.69312327043327E-17
 0.63779971785803E-17
 0.96375380785184E-17
 0.17423339954076E-16
 0.18251245566604E-16
 0.21704814724700E-16
 0.34592122497741E-16
 0.53182504451659E-16
 0.82649540655616E-16
 0.11126537615867E-15
 0.14694204319741E-15
 0.19993562222252E-15
 0.29017461519153E-15
 0.40079658433432E-15
 0.56054021240363E-15
 0.74704582176536E-15
 0.10055093310762E-14
 0.12820850343099E-14
 0.16348612924308E-14
 0.20648346862899E-14
 0.24986997288135E-14
 0.29952649218680E-14
 0.35359158473702E-14
 0.41740435097570E-14
 0.47830719990095E-14
 0.54554419654346E-14
 0.61081442295035E-14
 0.68303010290474E-14
 0.74198420755213E-14
 0.80590141479760E-14
 0.85606774362433E-14
 0.90915181581117E-14
 0.95661115786295E-14
 0.10022420058837E-13
 0.10305736316929E-13
 0.10517091371349E-13
 0.10723192112337E-13
 0.10839281410390E-13
 0.10808024338362E-13
 0.10686783079148E-13
 0.10481250872950E-13
 0.10217698112752E-13
 0.99496455455306E-14
 0.95761199594107E-14
 0.91213001437246E-14
 0.86244390796457E-14
 0.80866068365012E-14
 0.74873049903363E-14
 0.68862649965528E-14
 0.60857630676326E-14
 0.53348368990015E-14
 0.45719640346356E-14
 0.37182700309774E-14
 0.20220105354614E-14
 0.58989163249304E-16
 0.49502365795512E-16
 0.38306461327292E-16
 0.31958026702302E-16
 0.36568180496504E-16
 0.31699004098193E-16
 0.30974839603378E-16
 0.22275977501625E-16
 0.20475291581130E-16
 0.15746146219464E-16
 0.11332276998872E-16
 0.10494597606910E-16
 0.99466221292966E-17
 0.99419521346497E-17
 0.79800990450456E-17
 0.58684758176983E-17
 0.39505703103381E-17
 0.26096700179829E-17
 0.25127537565700E-17
 0.22645098098993E-17
 0.14155238275919E-17
 0.82799311786113E-18
 0.49081146824769E-18
 0.55004788202085E-18
 0.27678518641573E-18
 0.25458375528058E-18
 0.15509065024718E-18
 0.25921231532634E-18
 0.57723291665106E-19
 0.78541513487902E-19
 0.84702552827280E-19
 0.82587608357122E-19
 0.88665764756471E-19
 0.30640338245381E-19
 0.17515044068788E-20
 0.19487120696742E-20
 0.53512463880856E-20
 0.36567139986571E-20
 0.11386872292883E-20
 0.10723043295098E-20
 0.79745065770677E-21
 0.35455456662500E-20
 0.19006135208218E-20
 0.36163633102384E-21
 0.31928836075298E-21
 0.23034852347664E-21
 0.18637462587231E-22
 0.43843407622068E-22
 0.72540383383181E-22
 0.10480790842669E-23
 0.19160121730706E-21
 0.79244056030645E-22
 0.43785123615646E-22
 0.61374812181838E-23
 0.21173491877826E-23
 0.47562261797271E-24
 0.20625005200485E-24
 0.40035883986366E-22
 0.26178776495282E-22
 0.10291420909275E-24
 0.32598056133910E-24
 0.16301987310032E-24
 0.22730950970747E-24
 0.49374094881902E-24
 0.50096794197131E-24
 0.13994975822496E-24
 0.57268522754568E-23
 0.50058865850963E-23
 0.44894561372023E-23
 0.13788026886816E-22
 0.36043694603526E-22
 0.17106623596898E-22
 0.21373663592652E-22
 0.15586488801764E-21
 0.24131949486873E-20
 0.34762121133078E-21
 0.20240624094104E-20
 0.25529527509710E-20
 0.42984018873547E-20
 0.33679162222357E-19
 0.33711980274181E-20
 0.55153022928786E-20
 0.10240269602676E-19
 0.20969680707747E-19
 0.27425817118821E-19
 0.23754326550349E-18
 0.19181846754469E-18
 0.12080707774259E-18
 0.22594085603181E-18
 0.50287065288307E-18
 0.36720667770936E-18
 0.57433409818194E-18
 0.80311440814283E-18
 0.12539260601399E-17
 0.93306933603000E-18
 0.12689911883500E-17
 0.27652400476307E-17
 0.18858986408050E-17
 0.38190399811758E-17
 0.59623576961943E-17
 0.67464205927728E-17
 0.10105184832807E-16
 0.74329027468415E-17
 0.13714766693822E-16
 0.25931051993132E-16
 0.30480969113150E-16
 0.29648376957550E-16
 0.40031562914728E-16
 0.63125190964964E-16
 0.93293523201004E-16
 0.14166067225069E-15
 0.19215385140902E-15
 0.29069141975918E-15
 0.40971979667603E-15
 0.57142857916264E-15
 0.76551418011993E-15
 0.10186545043450E-14
 0.12881522099198E-14
 0.16658525863866E-14
 0.20854611531937E-14
 0.25805775769937E-14
 0.30884382929750E-14
 0.37145673604978E-14
 0.43407794721145E-14
 0.49920668895240E-14
 0.56807539620991E-14
 0.63956529414679E-14
 0.71301571270392E-14
 0.77615692764708E-14
 0.84095240090164E-14
 0.88896108874181E-14
 0.94627052021038E-14
 0.99353039224512E-14
 0.10296024719368E-13
 0.10475044473040E-13
 0.10658251341462E-13
 0.10777963712460E-13
 0.10808134582566E-13
 0.10791533327852E-13
 0.10625868138866E-13
 0.10328358992703E-13
 0.99340664523852E-14
 0.94699373921476E-14
 0.89322872638436E-14
 0.83492291542545E-14
 0.75974586885737E-14
 0.67694415495245E-14
 0.58304739813901E-14
 0.45783786781344E-14
 0.23264076648995E-14
 0.94996107620826E-16
 0.56806498149518E-16
 0.63563070615909E-16
 0.68355309133930E-16
 0.56722773015650E-16
 0.53452201702348E-16
 0.57688182474329E-16
 0.57761975756769E-16
 0.35993292390140E-16
 0.30444090539231E-16
 0.20292843915650E-16
 0.17433461674420E-16
 0.17471953738385E-16
 0.25047142628486E-16
 0.22129038800097E-16
 0.12673760446751E-16
 0.84533704733403E-17
 0.88344230261392E-17
 0.74921853917991E-17
 0.43821975136760E-17
 0.43745548559386E-17
 0.19383692636653E-17
 0.14009027861081E-17
 0.17353085894697E-17
 0.12944600400786E-17
 0.10300035664290E-17
 0.46389496230239E-18
 0.66718369547364E-18
 0.36263447748018E-18
 0.45821938415887E-18
 0.27015512955656E-18
 0.38016239158966E-18
 0.23947297091799E-18
 0.16125247261911E-18
 0.58573711562091E-19
 0.62472194586632E-20
 0.15552540374047E-19
 0.54107540726997E-20
 0.23002474212192E-20
 0.12794084884165E-19
 0.18088251122925E-19
 0.11050297355658E-19
 0.28148798309624E-20
 0.43026465341375E-21
 0.32502717249168E-20
 0.13088890266630E-20
 0.56440007690741E-22
 0.67718820435187E-22
 0.19751077599539E-21
 0.10247733777381E-21
 0.78443532303901E-21
 0.10282620508087E-21
 0.11396465392631E-21
 0.44003989949930E-22
 0.19241985463592E-23
 0.16169628420082E-26
 0.74192214156377E-24
 0.19373712691759E-21
 0.74050230735397E-22
 0.20785166442854E-24
 0.19527240927151E-24
 0.56342954142474E-26
 0.23120481173710E-24
 0.10310587107268E-24
 0.22446312976216E-26
 0.23074602730406E-25
 0.63383886737752E-25
 0.74776402804095E-25
 0.37654869321767E-24
 0.16664228879771E-23
 0.95904470221618E-24
 0.44732512258379E-25
 0.36191575974077E-24
 0.17270952268623E-22
 0.25589342245318E-21
 0.22215042683011E-21
 0.68413968779824E-21
 0.51230469598620E-21
 0.29698755336159E-20
 0.49769933197304E-20
 0.13444951525326E-20
 0.18150730166946E-20
 0.67051655419343E-20
 0.13255536016398E-19
 0.25035300907414E-19
 0.43726026601695E-19
 0.10961216332774E-19
 0.71357996026896E-19
 0.86555820706166E-19
 0.11085038209598E-18
 0.65404923807723E-19
 0.17122286536010E-18
 0.18076996785056E-18
 0.19242320936057E-18
 0.35067462107626E-18
 0.53000514393072E-18
 0.76142851352085E-18
 0.10369516661617E-17
 0.16887561391039E-17
 0.24029928717069E-17
 0.32244310353774E-17
 0.50962432262708E-17
 0.48400607658132E-17
 0.10229720367609E-16
 0.97620737615518E-17
 0.98756091614547E-17
 0.85100150520016E-17
 0.11062175762487E-16
 0.17394262781115E-16
 0.22706910141768E-16
 0.35008464983635E-16
 0.43526490694027E-16
 0.63141254001969E-16
 0.99750222411537E-16
 0.14038022741144E-15
 0.20170691534689E-15
 0.27756456230661E-15
 0.38893602410840E-15
 0.54826604550244E-15
 0.73299432000350E-15
 0.98513116339256E-15
 0.12727770973256E-14
 0.16609086171994E-14
 0.20391386558205E-14
 0.25267382053303E-14
 0.30660142162798E-14
 0.36651144813499E-14
 0.42203732632745E-14
 0.48705576179748E-14
 0.54786619269319E-14
 0.61333334462443E-14
 0.68036763230559E-14
 0.73869993435483E-14
 0.79085216173926E-14
 0.84130548888724E-14
 0.88887054720532E-14
 0.92609282214685E-14
 0.95804168561467E-14
 0.97467218118590E-14
 0.98948021620550E-14
 0.98871652097932E-14
 0.97813387282582E-14
 0.94955234706522E-14
 0.91719728835656E-14
 0.87599582051336E-14
 0.82717347949071E-14
 0.74286011120684E-14
 0.64806168121107E-14
 0.52711567725277E-14
 0.29971868955702E-14
 0.10544456370710E-15
 0.11357987694680E-15
 0.12407821889474E-15
 0.13272352758100E-15
 0.10812985988362E-15
 0.99473069514509E-16
 0.78143546427039E-16
 0.80303032267047E-16
 0.74573039653141E-16
 0.58558595398852E-16
 0.52558740015343E-16
 0.47962578051624E-16
 0.38940178174381E-16
 0.46105317086343E-16
 0.37277867769214E-16
 0.23032733822164E-16
 0.20018996668989E-16
 0.15831253594175E-16
 0.15621878646139E-16
 0.98974504176348E-17
 0.96618040023805E-17
 0.89999002478576E-17
 0.73975113244786E-17
 0.65274062768448E-17
 0.42629724270061E-17
 0.34768651267650E-17
 0.14441094307540E-17
 0.15263975104037E-17
 0.11567443711138E-17
 0.86771411958031E-18
 0.55243765968913E-18
 0.10391169892556E-17
 0.40286686590745E-18
 0.69261834522214E-18
 0.23774640516335E-18
 0.83521080344752E-19
 0.42659522456777E-19
 0.46520369669814E-19
 0.29309940470761E-19
 0.99342387189324E-19
 0.79061840143013E-19
 0.21100277520332E-19
 0.13524716964512E-19
 0.89284076035109E-20
 0.10197516043152E-19
 0.37296699003450E-20
 0.60453232503121E-21
 0.24986328308968E-21
 0.34465782297318E-21
 0.42569012923059E-21
 0.12572761080864E-20
 0.24238151208486E-21
 0.29684499439923E-21
 0.11691636451538E-21
 0.19013532103169E-22
 0.98126629296364E-22
 0.17869831359570E-21
 0.96879532671890E-21
 0.86481466658675E-22
 0.22589220162862E-23
 0.18335576529297E-24
 0.20098037676470E-24
 0.21328291818123E-24
 0.46064764361953E-25
 0.60838319346562E-27
 0.42479740861447E-26
 0.13770174033161E-25
 0.44483161053707E-25
 0.75532233920333E-25
 0.88314990258346E-25
 0.77100061705024E-26
 0.50496495639077E-26
 0.20544926877092E-23
 0.10181833413104E-22
 0.23513312396573E-22
 0.41099756155669E-22
 0.52714919828662E-22
 0.58221480295882E-22
 0.44211770306369E-21
 0.24762295759638E-21
 0.72950129923927E-22
 0.20785848904733E-21
 0.29587409003694E-20
 0.30657052685744E-20
 0.21017413733558E-20
 0.69948517516123E-21
 0.31339145842994E-20
 0.48520298320535E-19
 0.16425509149677E-19
 0.11250592559675E-19
 0.19554012843286E-19
 0.25540201603099E-19
 0.33232024752563E-19
 0.36150779151513E-19
 0.12547346993505E-18
 0.20704390274127E-18
 0.20812866218971E-18
 0.58737849153457E-18
 0.33844744329030E-18
 0.13696637587342E-17
 0.15965724506201E-17
 0.13987897454393E-17
 0.16656919832498E-17
 0.32599746369912E-17
 0.31079766509103E-17
 0.23263458429380E-17
 0.31842158723441E-17
 0.33488921821866E-17
 0.78329128527868E-17
 0.89348118144607E-17
 0.15011515185229E-16
 0.15574447959433E-16
 0.17102601393635E-16
 0.26462866178589E-16
 0.36821577358162E-16
 0.47689838670608E-16
 0.61142310917488E-16
 0.81694371032327E-16
 0.12253890759969E-15
 0.18173712578776E-15
 0.24674945205458E-15
 0.35428163926188E-15
 0.49531262292066E-15
 0.65253182539575E-15
 0.87754513249567E-15
 0.11505325414812E-14
 0.14726503816699E-14
 0.17848163325506E-14
 0.21649542261909E-14
 0.25848323736543E-14
 0.31090547405530E-14
 0.35834103271510E-14
 0.41295536908454E-14
 0.46103262734784E-14
 0.51739430083817E-14
 0.56558797639777E-14
 0.61377560652389E-14
 0.64903125764444E-14
 0.68890937157391E-14
 0.72545095970265E-14
 0.75171845889380E-14
 0.76444675518238E-14
 0.76478187835779E-14
 0.76454338704132E-14
 0.74954472194097E-14
 0.73054427361427E-14
 0.68612430264604E-14
 0.62896070437789E-14
 0.54723747726242E-14
 0.34020963600239E-14
 0.28065989968873E-15
 0.31327367159843E-15
 0.34252865841163E-15
 0.35114987922551E-15
 0.26443260740681E-15
 0.23814558642730E-15
 0.19849334740140E-15
 0.17260843884455E-15
 0.16724814373306E-15
 0.13381340932034E-15
 0.10752088097249E-15
 0.10720601005299E-15
 0.87908492574398E-16
 0.77051627286526E-16
 0.63643016540827E-16
 0.54890361383391E-16
 0.43435075721159E-16
 0.37275323091695E-16
 0.31598904595190E-16
 0.27135783307684E-16
 0.22717839358990E-16
 0.21297125432909E-16
 0.20372933623285E-16
 0.14278833662729E-16
 0.94608977052833E-17
 0.83249816234011E-17
 0.42305332352330E-17
 0.29851288667616E-17
 0.42549067128683E-17
 0.30655485436227E-17
 0.18825076135540E-17
 0.17568605218386E-17
 0.21007761481246E-17
 0.30289624513376E-17
 0.86012220780213E-18
 0.31332503319492E-18
 0.88771204074404E-19
 0.93994066466775E-19
 0.25226972183108E-18
 0.36478366428209E-18
 0.21428976413330E-18
 0.91917656739816E-19
 0.94975137781380E-19
 0.54119272470135E-19
 0.37795415698479E-19
 0.94429783551240E-20
 0.28997995307860E-19
 0.22252942478797E-20
 0.61166265374614E-21
 0.96393493577706E-21
 0.22912697969207E-20
 0.25383090506830E-20
 0.10470614001456E-20
 0.58010894278640E-21
 0.28317539697904E-21
 0.72120325302729E-21
 0.14258573134191E-20
 0.79117887163633E-21
 0.28275518630339E-22
 0.16901746232895E-22
 0.39361890166386E-23
 0.36474504521061E-23
 0.14439824229997E-23
 0.50528829481360E-24
 0.56597837710889E-25
 0.40803290021247E-25
 0.40443928063628E-25
 0.52421801498370E-25
 0.36478714529631E-26
 0.52822220256961E-26
 0.21796648502078E-27
 0.43577305008606E-27
 0.32552767197910E-27
 0.57237628007228E-25
 0.10450635929167E-23
 0.14383614663568E-22
 0.89357355850590E-22
 0.13500316990278E-21
 0.12337574775706E-22
 0.38347507126767E-24
 0.44823724009732E-24
 0.10531878942882E-21
 0.66849743861146E-21
 0.62097257519716E-21
 0.46959141876285E-21
 0.21327691183670E-21
 0.38364759203113E-20
 0.16885587145059E-19
 0.61901627626779E-21
 0.32506659848075E-20
 0.47349258634477E-20
 0.46602084451464E-20
 0.52298928595941E-20
 0.85262772930785E-20
 0.29140165502975E-19
 0.60209393301595E-19
 0.13057650852548E-18
 0.14322576547409E-18
 0.19053460189235E-18
 0.70068966812765E-18
 0.66900802946868E-18
 0.51600012447306E-18
 0.46928527011324E-18
 0.10259122550582E-17
 0.89178156093633E-18
 0.22306413514171E-18
 0.78615775227876E-18
 0.15257688183643E-17
 0.35515982990442E-17
 0.42375126240279E-17
 0.73767510596476E-17
 0.77296874760530E-17
 0.60777272288083E-17
 0.86750561077438E-17
 0.13093945295201E-16
 0.16254450698555E-16
 0.17589075308762E-16
 0.17377125826847E-16
 0.27918151686787E-16
 0.42142185246227E-16
 0.52965251452807E-16
 0.75126650544255E-16
 0.10112355379857E-15
 0.14350078859162E-15
 0.19547775302939E-15
 0.27982548180062E-15
 0.38188242004358E-15
 0.51268631621970E-15
 0.64179249557862E-15
 0.82098273698643E-15
 0.10487589475628E-14
 0.12911658386523E-14
 0.15496119690416E-14
 0.18463698272288E-14
 0.21938264562600E-14
 0.24979280393106E-14
 0.28371380265033E-14
 0.31802403095374E-14
 0.35911464738149E-14
 0.38940017484863E-14
 0.42286061334922E-14
 0.44567036267985E-14
 0.47545686857322E-14
 0.49444143769934E-14
 0.50606163055436E-14
 0.50667531189850E-14
 0.49936262955348E-14
 0.49291904662922E-14
 0.45309232522774E-14
 0.30405281267403E-14
 0.85932447944392E-15
 0.10455323546656E-14
 0.11575202907471E-14
 0.10794519230235E-14
 0.91255890218985E-15
 0.81660627984043E-15
 0.71800365440218E-15
 0.63219805185682E-15
 0.56533948117991E-15
 0.47185628341417E-15
 0.39548146937131E-15
 0.33229079131762E-15
 0.27668250096544E-15
 0.22385385689704E-15
 0.17611144371575E-15
 0.14490971120815E-15
 0.11744953469241E-15
 0.94552920983854E-16
 0.76897670243012E-16
 0.66802283324481E-16
 0.52134008413143E-16
 0.42791780047280E-16
 0.34632661126222E-16
 0.35294216391908E-16
 0.20410854482769E-16
 0.17776324818071E-16
 0.10431735265391E-16
 0.79551420236226E-17
 0.97994024349745E-17
 0.96146432064727E-17
 0.53947081727790E-17
 0.51365860353038E-17
 0.50620860834912E-17
 0.49328121932151E-17
 0.35494708184281E-17
 0.14727646806835E-17
 0.12319737358321E-17
 0.54518612620984E-18
 0.63119173068942E-18
 0.80401006730796E-18
 0.41521966812978E-18
 0.57353683793514E-18
 0.35386780606456E-18
 0.25093480927318E-18
 0.15044118662955E-18
 0.42513513757585E-19
 0.78770474454913E-19
 0.14999057344640E-19
 0.43870168958312E-20
 0.49203436372472E-20
 0.78530146371492E-20
 0.23483925827532E-19
 0.21272921050085E-19
 0.39397658887273E-20
 0.22003549855836E-20
 0.38500952444138E-20
 0.27729427993458E-20
 0.27543507019172E-21
 0.42479284323672E-21
 0.26460057305032E-21
 0.20397483910259E-21
 0.26155443822228E-22
 0.34629690182978E-23
 0.17654932807463E-23
 0.21731913860852E-24
 0.41385967328275E-23
 0.37796769906270E-24
 0.16260899487895E-24
 0.28842541499124E-24
 0.39609574902212E-26
 0.50154428992348E-27
 0.27263737579743E-27
 0.46481553917240E-26
 0.63816500533302E-26
 0.26410429083779E-24
 0.16197747503386E-25
 0.24272692030063E-22
 0.40742111300167E-22
 0.16791388690441E-24
 0.26398255235990E-26
 0.43492673392459E-25
 0.24988123469907E-23
 0.10615013366574E-22
 0.79006492020778E-23
 0.66039245036736E-23
 0.28643277848683E-22
 0.24430142552038E-20
 0.39229671991363E-20
 0.18967254781234E-21
 0.10131668287825E-20
 0.41900795554436E-21
 0.75749254948450E-21
 0.71102438384309E-21
 0.11295687217628E-20
 0.36745581714924E-20
 0.88205454518323E-20
 0.67311940968997E-20
 0.32646767202648E-19
 0.12611880634944E-18
 0.24228584971374E-18
 0.92799725612667E-19
 0.67983054264426E-19
 0.29874936843983E-18
 0.34311686975563E-18
 0.19631842932415E-18
 0.93334850541556E-19
 0.16808494364436E-18
 0.56054025992000E-18
 0.85742667404350E-18
 0.21236079502386E-17
 0.24714452784010E-17
 0.22326103884206E-17
 0.23970263698154E-17
 0.32797728587162E-17
 0.44234449174309E-17
 0.56858770291345E-17
 0.83131560484355E-17
 0.75356099908277E-17
 0.12472189498448E-16
 0.14397536366203E-16
 0.16093130710225E-16
 0.23463582598041E-16
 0.32617831586450E-16
 0.34559920758110E-16
 0.44986106572973E-16
 0.58483292623961E-16
 0.79788333042512E-16
 0.11419206486939E-15
 0.13976697079732E-15
 0.18578814038182E-15
 0.24558497804223E-15
 0.31200529323658E-15
 0.39465377563947E-15
 0.49997312267826E-15
 0.60402442413900E-15
 0.72595642611561E-15
 0.87136530288489E-15
 0.10716615220441E-14
 0.12890029794849E-14
 0.14585825158789E-14
 0.16575166891864E-14
 0.18624403158183E-14
 0.21293617751192E-14
 0.22902913859597E-14
 0.24441568627980E-14
 0.25485388279435E-14
 0.26973793994787E-14
 0.29768786788531E-14
 0.26659998838506E-14
 0.19599881486491E-14
 0.19315778843068E-14
 0.26885330137022E-14
 0.29917842319211E-14
 0.27171005540808E-14
 0.25359422232987E-14
 0.24594119579863E-14
 0.22854896523921E-14
 0.21032271363643E-14
 0.18826710925516E-14
 0.16474483042334E-14
 0.14668198321751E-14
 0.12672622662708E-14
 0.10859576398238E-14
 0.92233723478710E-15
 0.75686222488666E-15
 0.60876449571708E-15
 0.50089799313597E-15
 0.39109136388375E-15
 0.31533860246173E-15
 0.25457053595275E-15
 0.19630982491231E-15
 0.13728731383839E-15
 0.11068729031152E-15
 0.89545807552251E-16
 0.62144778997823E-16
 0.45594173170970E-16
 0.33113278027529E-16
 0.23287051908186E-16
 0.20455141688974E-16
 0.25181607433758E-16
 0.12758186686295E-16
 0.78988748779119E-17
 0.99415296815669E-17
 0.85546946372013E-17
 0.87462316125931E-17
 0.51883995756687E-17
 0.45930557645567E-17
 0.18469655241334E-17
 0.13556241764484E-17
 0.20178275035476E-17
 0.24650833887948E-17
 0.14970519633332E-17
 0.74380019168797E-18
 0.67129688965890E-18
 0.48806002810140E-18
 0.29933771729867E-18
 0.16954096093078E-18
 0.66794177550699E-19
 0.80483546587543E-19
 0.34817561021173E-19
 0.37270651637185E-19
 0.15463452890440E-18
 0.83777284582195E-19
 0.28481819752611E-19
 0.28361826955786E-19
 0.20021522003712E-19
 0.67246095617409E-20
 0.15777159766061E-20
 0.34858183738228E-20
 0.51843010975450E-20
 0.18706023994337E-20
 0.17450126239609E-21
 0.43238199207924E-22
 0.10415121135599E-21
 0.15225279531149E-21
 0.12085652228613E-22
 0.64731037096581E-23
 0.29246591447667E-23
 0.21543296637285E-23
 0.17225359065741E-24
 0.53761637326733E-26
 0.45015494236148E-24
 0.17363563872207E-24
 0.18650533543170E-24
 0.56610847640098E-24
 0.12128091036385E-25
 0.87421016667993E-27
 0.12126295187046E-23
 0.34560938951840E-24
 0.95339246230623E-25
 0.14766947322418E-25
 0.90463950191086E-26
 0.33340415280577E-23
 0.39896796615130E-23
 0.12805564250390E-24
 0.24733136719673E-24
 0.80520149350531E-21
 0.60737509566685E-21
 0.49996077500883E-22
 0.16312224747815E-21
 0.22139484582390E-22
 0.38731968961420E-21
 0.31420467224224E-21
 0.97572776458547E-22
 0.11365416535923E-20
 0.51120828672291E-20
 0.72310980835778E-21
 0.81236783752280E-20
 0.44418320609849E-19
 0.45311112424776E-19
 0.49389419027547E-20
 0.26193655911467E-19
 0.15876871950651E-18
 0.52349823289920E-19
 0.22201183976798E-19
 0.27839484928364E-19
 0.58786431278663E-19
 0.15217223577670E-18
 0.18573880551797E-18
 0.67079918800938E-18
 0.60561121136848E-18
 0.38343448590349E-18
 0.50679603730206E-18
 0.85222909153703E-18
 0.14677665122229E-17
 0.22804302322383E-17
 0.26279720044180E-17
 0.48255933256001E-17
 0.44527016875959E-17
 0.53223287882796E-17
 0.74545589991001E-17
 0.11216882673485E-16
 0.12888472447048E-16
 0.14804758359893E-16
 0.18453061221341E-16
 0.22071788474922E-16
 0.32066789839468E-16
 0.36373105818833E-16
 0.39767011337079E-16
 0.55595144342582E-16
 0.69292648527481E-16
 0.76585467661918E-16
 0.89148552526956E-16
 0.11030926966132E-15
 0.13379254842985E-15
 0.16162157787556E-15
 0.20790982529222E-15
 0.26582744459774E-15
 0.33105621754655E-15
 0.40247731405043E-15
 0.46632461159739E-15
 0.55521497900411E-15
 0.65434081792863E-15
 0.75908380804907E-15
 0.83070139325959E-15
 0.93893395281094E-15
 0.10851007568424E-14
 0.12093233776018E-14
 0.10764001939959E-14
 0.83766343640211E-15
 0.31403929016340E-14
 0.46306338872522E-14
 0.49822979075011E-14
 0.51003200891527E-14
 0.51569035946501E-14
 0.50891785664695E-14
 0.49428373299937E-14
 0.47402541294921E-14
 0.44648502869696E-14
 0.42393062014887E-14
 0.39011311551914E-14
 0.35746177447104E-14
 0.31910136788504E-14
 0.28737496548405E-14
 0.25565219822886E-14
 0.22149695496401E-14
 0.18638801732877E-14
 0.15532583274425E-14
 0.12893401474550E-14
 0.10687783735270E-14
 0.84222499528022E-15
 0.63738393373700E-15
 0.50000617920098E-15
 0.37551611884068E-15
 0.28084511851606E-15
 0.19857249080282E-15
 0.14979549295993E-15
 0.10823338760246E-15
 0.73756558367209E-16
 0.61983033329456E-16
 0.36376684884806E-16
 0.27345327839296E-16
 0.24807005964629E-16
 0.16054758119784E-16
 0.13769988003947E-16
 0.13478442301232E-16
 0.84134278226321E-17
 0.69666418761611E-17
 0.33032430027854E-17
 0.35821475482960E-17
 0.56979199761068E-17
 0.32009113355173E-17
 0.19082449743778E-17
 0.19012841916283E-17
 0.10796495019084E-17
 0.78162449776184E-18
 0.57364231861072E-18
 0.24777548613480E-18
 0.30882307013257E-18
 0.25203443459173E-18
 0.14893256397535E-18
 0.52329101263164E-18
 0.21997708838293E-18
 0.18633055738974E-18
 0.13812990399287E-18
 0.71311351373624E-19
 0.18772504638973E-19
 0.17467298148258E-19
 0.14272837447736E-19
 0.12835157039310E-19
 0.90132843803413E-20
 0.96711357117942E-21
 0.14672768832756E-21
 0.31682795669262E-21
 0.41732157196336E-21
 0.56781303658153E-22
 0.18934198193005E-21
 0.18327273655698E-21
 0.45073540546388E-22
 0.35728668519215E-23
 0.44829867648741E-25
 0.20312115296314E-23
 0.13069089618117E-22
 0.33623546115097E-23
 0.11257317723577E-22
 0.25010217741445E-22
 0.70625790379447E-22
 0.92046024815892E-24
 0.30104540572647E-23
 0.27056252953856E-25
 0.35012168694705E-26
 0.99340823068177E-27
 0.20116415192772E-24
 0.38722441282469E-24
 0.11352528503315E-24
 0.10552927997200E-22
 0.26727336677090E-21
 0.67791915797623E-22
 0.78916143515998E-26
 0.28862485713282E-24
 0.10338132778129E-22
 0.32168797212346E-22
 0.54461183289524E-22
 0.32779737694224E-22
 0.35241216594097E-21
 0.60249248517773E-21
 0.34006893769946E-21
 0.54307605252794E-21
 0.18191788778027E-20
 0.17377835097497E-20
 0.18766473241966E-20
 0.92039745186000E-20
 0.42242832851099E-19
 0.77850839438543E-20
 0.16626662291930E-20
 0.61363624047825E-20
 0.22252821463789E-19
 0.16494893370683E-19
 0.78856877641185E-19
 0.17852263424961E-18
 0.22297112346092E-18
 0.12306839279940E-18
 0.13769002511324E-18
 0.14351364937925E-18
 0.53550579064544E-18
 0.84000431744128E-18
 0.53657448505223E-18
 0.10150589402805E-17
 0.17545987785493E-17
 0.19674701994929E-17
 0.21882288845177E-17
 0.43538091573471E-17
 0.51171569943616E-17
 0.83719317483084E-17
 0.60566930891088E-17
 0.82981054853779E-17
 0.17731751594921E-16
 0.14272864158133E-16
 0.21957614816719E-16
 0.27455791641215E-16
 0.25458677724850E-16
 0.31487284996780E-16
 0.35132585597101E-16
 0.37426300419339E-16
 0.45788724715609E-16
 0.50317326488589E-16
 0.66239099526577E-16
 0.84692651780881E-16
 0.10354405078308E-15
 0.10788015187812E-15
 0.12610399909613E-15
 0.15807292872090E-15
 0.18593724851681E-15
 0.21556998758461E-15
 0.25349805554432E-15
 0.29895316303165E-15
 0.36776201870692E-15
 0.35175135409217E-15
 0.30443834090822E-15
 0.28167679329363E-15
 0.34308852269664E-14
 0.54165290689688E-14
 0.62207701524691E-14
 0.68220181867462E-14
 0.73032421322004E-14
 0.75089879399223E-14
 0.76757984842965E-14
 0.76447182012160E-14
 0.76288250980597E-14
 0.74788590321285E-14
 0.72759452727388E-14
 0.69104690540936E-14
 0.65343040891474E-14
 0.61245948533463E-14
 0.56492479944739E-14
 0.51989361964439E-14
 0.46466945083671E-14
 0.41581733110772E-14
 0.36427391480908E-14
 0.31553897921129E-14
 0.26302224630871E-14
 0.21880370909067E-14
 0.17924819029227E-14
 0.14501014831792E-14
 0.11300835217271E-14
 0.86815172929713E-15
 0.67585988554455E-15
 0.50718538131557E-15
 0.35730571243462E-15
 0.26205807027518E-15
 0.18669776334025E-15
 0.12618218277462E-15
 0.89029554589221E-16
 0.56104491431228E-16
 0.42352978332636E-16
 0.30630659310456E-16
 0.22141391658662E-16
 0.17883994902095E-16
 0.11050995184142E-16
 0.87283405382157E-17
 0.10183889821968E-16
 0.77468719100557E-17
 0.58109387619231E-17
 0.53084618338782E-17
 0.37127298460713E-17
 0.29775677745126E-17
 0.21024578810855E-17
 0.18649864357824E-17
 0.14904744853203E-17
 0.89342633095037E-18
 0.54153687005038E-18
 0.10678840282472E-17
 0.83938678344383E-18
 0.69949706037640E-18
 0.36260137153536E-18
 0.15216641200265E-18
 0.28663182185375E-19
 0.32119008968667E-19
 0.27070897019866E-19
 0.30230444005386E-19
 0.35495909560836E-19
 0.16777377079018E-19
 0.10237442038503E-20
 0.52152811698714E-20
 0.31570892071656E-20
 0.32927487607025E-20
 0.81107966509571E-21
 0.57267846660628E-21
 0.17150319158229E-21
 0.39433975215826E-22
 0.14570523117964E-22
 0.48790674862579E-22
 0.57860584891173E-22
 0.11487923358479E-21
 0.65655090014186E-22
 0.70974342280585E-22
 0.12905779384712E-21
 0.36408129807853E-24
 0.26115919949913E-26
 0.19657234891745E-25
 0.79438327095315E-26
 0.89320593193855E-25
 0.20306680295592E-24
 0.47897422354369E-24
 0.10573866528445E-24
 0.13045905056979E-26
 0.17519352281922E-22
 0.58878159858997E-24
 0.73601751981815E-26
 0.59609387000304E-23
 0.45856461598304E-23
 0.22808200003198E-23
 0.15694336646377E-24
 0.10257140759792E-24
 0.25933030145127E-23
 0.66694614031614E-22
 0.11727123801534E-21
 0.96301569338807E-22
 0.84013319449471E-22
 0.99229075024119E-22
 0.27658285454831E-21
 0.35334308227968E-21
 0.18946784470504E-20
 0.52811418026636E-20
 0.27239521262497E-21
 0.15962075827639E-20
 0.57853547201446E-20
 0.86140776066332E-20
 0.58794021098529E-19
 0.58282029845571E-19
 0.42534314194331E-19
 0.33889647325799E-19
 0.22644862598822E-19
 0.47219422068170E-19
 0.22831538770043E-18
 0.47250571964447E-18
 0.32357024092757E-18
 0.33153020436978E-18
 0.90530771062195E-18
 0.39561257601168E-18
 0.62394332752138E-18
 0.10205883808630E-17
 0.18052947308447E-17
 0.39801174470261E-17
 0.27690704831122E-17
 0.29403361882684E-17
 0.52483598166537E-17
 0.70662496395429E-17
 0.11515756979537E-16
 0.14131952443012E-16
 0.77441644001393E-17
 0.14756747145532E-16
 0.18021336448742E-16
 0.19111403307490E-16
 0.18854428259875E-16
 0.25126575264012E-16
 0.31984774550404E-16
 0.39243793532788E-16
 0.44895393530851E-16
 0.47918672277539E-16
 0.50899078406145E-16
 0.60856513447521E-16
 0.77234496803494E-16
 0.80917689039019E-16
 0.10672726375530E-15
 0.12578158380562E-15
 0.13082700567081E-15
 0.11326060655249E-15
 0.10584478327226E-15
 0.10892159472769E-15
 0.30295564649692E-14
 0.52565675253497E-14
 0.65598090140697E-14
 0.75099617694543E-14
 0.82979644309015E-14
 0.87312139016919E-14
 0.92162635736737E-14
 0.95702729632035E-14
 0.98487470048116E-14
 0.99035888282327E-14
 0.99478350859483E-14
 0.97928558991421E-14
 0.95721772144366E-14
 0.92018889855363E-14
 0.89126698287588E-14
 0.84114950507986E-14
 0.79566275283912E-14
 0.74449064739636E-14
 0.68449722055637E-14
 0.61778798940785E-14
 0.54883046732806E-14
 0.48651573525073E-14
 0.42059720221447E-14
 0.36008580518609E-14
 0.30121765580124E-14
 0.25132959394039E-14
 0.20321612722038E-14
 0.16127071276196E-14
 0.12486173245005E-14
 0.97475833864952E-15
 0.75678196493524E-15
 0.55792564252101E-15
 0.39429728360881E-15
 0.26635776141194E-15
 0.19167098831868E-15
 0.12905994394784E-15
 0.91890831964705E-16
 0.59790703523119E-16
 0.42351585758176E-16
 0.31020629171564E-16
 0.26724664334352E-16
 0.20838363797540E-16
 0.14910485982200E-16
 0.10232789526078E-16
 0.11749506613963E-16
 0.83483313141100E-17
 0.51128000121577E-17
 0.39141615460166E-17
 0.28185187267331E-17
 0.21809783276932E-17
 0.23803541786908E-17
 0.40495119025200E-17
 0.21884926654225E-17
 0.13241979274685E-17
 0.64157420490135E-18
 0.30716810940392E-18
 0.21446183808642E-18
 0.13631083326656E-18
 0.51424084315502E-19
 0.14396448827038E-18
 0.87560889896563E-19
 0.22036505887546E-19
 0.15876575137023E-19
 0.28167105677656E-19
 0.52590761944285E-19
 0.22666199096936E-19
 0.10122729359156E-19
 0.47617368752606E-20
 0.10429245638843E-20
 0.31308587434962E-21
 0.13240270495337E-19
 0.72019464100167E-20
 0.43112559087062E-21
 0.27870484899269E-21
 0.39677128329804E-21
 0.26650619991380E-21
 0.65662006659943E-22
 0.65137981949111E-22
 0.70484525833435E-26
 0.91554685638457E-25
 0.31098968578638E-23
 0.39590512501292E-23
 0.31598972536894E-23
 0.11257012095082E-24
 0.20321341282237E-25
 0.16902777835189E-22
 0.44237626485841E-23
 0.38535229449656E-25
 0.16568265431373E-24
 0.41531178489475E-23
 0.64860067145917E-24
 0.58059924144422E-25
 0.63651630434314E-25
 0.59156553692270E-25
 0.23278918588161E-23
 0.12198302677556E-22
 0.51352752807361E-23
 0.95729266507615E-23
 0.24355433661998E-22
 0.25463517783870E-22
 0.15442031225574E-22
 0.80174988927900E-22
 0.63238280849305E-22
 0.28084418322305E-22
 0.82268479822100E-22
 0.51124686416373E-21
 0.10010896047538E-20
 0.76003174661691E-20
 0.18273390575146E-19
 0.85592555086438E-20
 0.15074295409549E-19
 0.20297517095516E-19
 0.44398046621652E-20
 0.11715638849392E-19
 0.79780485174237E-19
 0.22456144670574E-18
 0.12764697768571E-18
 0.93235429522858E-19
 0.29951364576837E-18
 0.19965208048845E-18
 0.23939077056128E-18
 0.17239308458527E-18
 0.68259063130032E-18
 0.13810108802946E-17
 0.13562222202392E-17
 0.63881339169317E-18
 0.23394562443849E-17
 0.37984933485355E-17
 0.51154318470336E-17
 0.41288944993798E-17
 0.46327747141923E-17
 0.77400109872207E-17
 0.84658903516994E-17
 0.12458654708612E-16
 0.10747740416431E-16
 0.12400771498712E-16
 0.15740181274976E-16
 0.19292201161153E-16
 0.20369437482152E-16
 0.23732510228046E-16
 0.30510860201685E-16
 0.33030476920043E-16
 0.45009929013357E-16
 0.48729734193184E-16
 0.59138165755256E-16
 0.76203197763498E-16
 0.76425753430920E-16
 0.69201944411422E-16
 0.51128317034733E-16
 0.10121104561137E-15
 0.23355452326518E-14
 0.45804074748984E-14
 0.58378208714584E-14
 0.68160666318877E-14
 0.76237765766553E-14
 0.83466590802766E-14
 0.89846189117449E-14
 0.95458912155111E-14
 0.99555102898649E-14
 0.10331780306418E-13
 0.10604842489102E-13
 0.10799175865444E-13
 0.10826761003215E-13
 0.10802132352530E-13
 0.10766597612524E-13
 0.10551405621112E-13
 0.10301663987480E-13
 0.99402193163751E-14
 0.94839325535046E-14
 0.88971165556410E-14
 0.83889518843586E-14
 0.77279730038885E-14
 0.70555955237087E-14
 0.63003982507958E-14
 0.56380880078986E-14
 0.49988309624064E-14
 0.43446842472313E-14
 0.36758963861120E-14
 0.30864220844681E-14
 0.26041720180762E-14
 0.21157694849855E-14
 0.16898755368905E-14
 0.13038907888926E-14
 0.10128456092383E-14
 0.75858475646359E-15
 0.56916893926426E-15
 0.40437463502430E-15
 0.27787483509540E-15
 0.20175250873881E-15
 0.14063219894699E-15
 0.10866001789626E-15
 0.68291700638083E-16
 0.46840018943695E-16
 0.37772099524124E-16
 0.30815166427006E-16
 0.21304585913039E-16
 0.14576488820404E-16
 0.75431352179376E-17
 0.84043510435947E-17
 0.68845890566036E-17
 0.57988824876832E-17
 0.70587229711830E-17
 0.42256277984483E-17
 0.27539179969921E-17
 0.13520394193556E-17
 0.93392466050504E-18
 0.78619006873672E-18
 0.73687058926696E-18
 0.15729288758645E-18
 0.43720966793975E-18
 0.33243244869828E-18
 0.11225227431493E-18
 0.83145725619699E-19
 0.89139747543356E-19
 0.13209402193371E-18
 0.37442895848505E-19
 0.56144406603982E-19
 0.18808201177409E-19
 0.70681688723958E-20
 0.76356759480273E-20
 0.30307647461980E-19
 0.14812432781973E-19
 0.55696362422966E-20
 0.12550462711081E-20
 0.22110566349626E-20
 0.68860842399124E-21
 0.62959223256722E-21
 0.35967480120248E-21
 0.45027936979872E-22
 0.63983780351789E-23
 0.45110043918381E-22
 0.15738871137877E-22
 0.51875553900646E-23
 0.14480439849918E-24
 0.77875757628312E-24
 0.27171175620652E-21
 0.82361623777903E-22
 0.48681510429480E-25
 0.17951025652765E-23
 0.32859835322572E-23
 0.41282684095043E-24
 0.20601384578718E-25
 0.27766945547561E-25
 0.10897550601381E-25
 0.90251445009225E-24
 0.13215352015145E-23
 0.68469992718474E-24
 0.55899361303264E-25
 0.29566574655522E-25
 0.33070266890269E-23
 0.14358029014828E-23
 0.47144569923277E-23
 0.67677503239353E-23
 0.11223456155231E-22
 0.18539122786080E-22
 0.30630227139293E-21
 0.78046506344281E-21
 0.18888506545620E-20
 0.11521852691832E-19
 0.27519869230046E-20
 0.88268860180306E-20
 0.40058294698836E-20
 0.83535637713514E-21
 0.11949940641171E-19
 0.51539296427330E-19
 0.60081841761449E-19
 0.33984556910585E-19
 0.33335146982666E-19
 0.57681499175390E-19
 0.13223070690760E-18
 0.63229875431847E-19
 0.60278586565152E-19
 0.22063163491941E-18
 0.53339558717436E-18
 0.34327982636927E-18
 0.18923133540934E-18
 0.15126014301489E-17
 0.14671657428042E-17
 0.12838153720677E-17
 0.18479985883882E-17
 0.32993589548010E-17
 0.22770060127880E-17
 0.31109000212075E-17
 0.72326138939002E-17
 0.47015088623551E-17
 0.47891447121625E-17
 0.77217509957253E-17
 0.72214895648619E-17
 0.80263636121191E-17
 0.14880740833630E-16
 0.15514935254516E-16
 0.17973911630660E-16
 0.13991830294212E-16
 0.26036647179693E-16
 0.31101141693616E-16
 0.35548593120386E-16
 0.39992629034251E-16
 0.42470851888500E-16
 0.45683898327332E-16
 0.61266695896008E-16
 0.20201958493766E-14
 0.37041484760184E-14
 0.46044602290003E-14
 0.53651145237640E-14
 0.61212889088954E-14
 0.68556488943054E-14
 0.74701080623120E-14
 0.80542254632174E-14
 0.85898625887570E-14
 0.91016795876181E-14
 0.96013792093339E-14
 0.99871790992193E-14
 0.10234886518517E-13
 0.10473214781888E-13
 0.10681269570642E-13
 0.10864017104939E-13
 0.10868733304443E-13
 0.10738915108782E-13
 0.10556086440916E-13
 0.10344163096926E-13
 0.10048703032164E-13
 0.95939945270667E-14
 0.91166163801775E-14
 0.85881565621791E-14
 0.80907308497642E-14
 0.74724091273831E-14
 0.68202289803676E-14
 0.61024242918065E-14
 0.54976187013138E-14
 0.48443732341391E-14
 0.42063364260102E-14
 0.35866564536809E-14
 0.30098779567882E-14
 0.25219032372155E-14
 0.20625911353144E-14
 0.16418305173253E-14
 0.12836125063452E-14
 0.99845614825754E-15
 0.76828508471293E-15
 0.57117530071191E-15
 0.40538438616775E-15
 0.28638610590464E-15
 0.21432634951877E-15
 0.15273319212406E-15
 0.10645670580230E-15
 0.72291947629315E-16
 0.45183270733253E-16
 0.29494573403428E-16
 0.25960639943140E-16
 0.21237257350433E-16
 0.14333795554441E-16
 0.12171036499987E-16
 0.98256624030966E-17
 0.76821435375191E-17
 0.57604951617060E-17
 0.25114056150455E-17
 0.24891334034503E-17
 0.22210822739145E-17
 0.13761384317338E-17
 0.90963487271909E-18
 0.77762367262842E-18
 0.39026415772694E-18
 0.34408490696416E-18
 0.37751291897400E-18
 0.31418408197114E-18
 0.96756123077035E-19
 0.21052226284740E-18
 0.16685217449180E-18
 0.69243615250620E-19
 0.20339982649173E-19
 0.40684240323257E-19
 0.12460699312282E-18
 0.34154220044919E-19
 0.56871546059277E-20
 0.53214329006871E-20
 0.14214563570830E-20
 0.10110956941136E-19
 0.17299063464383E-20
 0.72876783064127E-21
 0.48595462955722E-21
 0.13798340787292E-20
 0.60171074356019E-21
 0.22601431175459E-21
 0.47579607947568E-22
 0.24734775079930E-21
 0.11516183036143E-20
 0.67846534171756E-22
 0.87950413140645E-26
 0.25995799164969E-23
 0.53433226659971E-23
 0.13223207951442E-23
 0.57438961210113E-25
 0.44020235511496E-25
 0.92045130771966E-26
 0.44294599158906E-24
 0.52263101241464E-24
 0.51449952194740E-24
 0.57803829019615E-25
 0.10314550831254E-25
 0.41010771625319E-25
 0.93284332566902E-25
 0.11632187204483E-24
 0.38933580578582E-24
 0.99302475818171E-24
 0.32154205642192E-23
 0.12819788430603E-23
 0.47749707499820E-21
 0.18793655230533E-20
 0.60900922431075E-20
 0.32181935311591E-21
 0.25059275301124E-20
 0.45918422209870E-22
 0.11611862652483E-21
 0.17025788019840E-19
 0.95471044376556E-20
 0.32227351026851E-20
 0.14635931047126E-19
 0.21323251825115E-19
 0.35326314951938E-19
 0.27424410445227E-19
 0.24131011811655E-19
 0.17380052138987E-19
 0.11550275634245E-18
 0.14825818557518E-18
 0.42633904405475E-19
 0.87472976579459E-19
 0.57623316280550E-18
 0.35653786765263E-18
 0.27969290679140E-18
 0.13488554678602E-17
 0.16199445645432E-17
 0.59896987911211E-18
 0.37019797489324E-18
 0.19300805704544E-17
 0.19976404599133E-17
 0.15268702497378E-17
 0.36577894163676E-17
 0.46537542330933E-17
 0.46694510210216E-17
 0.80757142093069E-17
 0.10607919958816E-16
 0.10315895929290E-16
 0.59907319051710E-17
 0.13289676892304E-16
 0.17589680735874E-16
 0.20909443144888E-16
 0.17824143496119E-16
 0.19946332264976E-16
 0.32654891410386E-16
 0.25408350354516E-16
 0.11570363275207E-14
 0.27068109853497E-14
 0.35989681640429E-14
 0.39365212247767E-14
 0.45201769284081E-14
 0.51921556058402E-14
 0.56285706915956E-14
 0.61217250064111E-14
 0.66054413547016E-14
 0.71030538019124E-14
 0.75457042663156E-14
 0.79275633052583E-14
 0.83276236068422E-14
 0.87399993101620E-14
 0.91310780355352E-14
 0.95329545513664E-14
 0.97415350346722E-14
 0.99031548656098E-14
 0.10050435217706E-13
 0.10172134630795E-13
 0.10100952489455E-13
 0.99980454155914E-14
 0.97989376224865E-14
 0.96023836517492E-14
 0.92640304278626E-14
 0.89185000942740E-14
 0.84152245195618E-14
 0.79656530992178E-14
 0.75151947627345E-14
 0.69562146139612E-14
 0.63989949343414E-14
 0.57827437787189E-14
 0.52081944266548E-14
 0.46157663956892E-14
 0.40498417931788E-14
 0.34419702185742E-14
 0.29310683566317E-14
 0.24348159840017E-14
 0.20198390235583E-14
 0.15959301787341E-14
 0.12541252191515E-14
 0.99213034968156E-15
 0.77216661227072E-15
 0.57067025747651E-15
 0.41508316095470E-15
 0.29057944883741E-15
 0.21273606868760E-15
 0.14493134461195E-15
 0.96407420377194E-16
 0.77799440003017E-16
 0.49502769274740E-16
 0.36230705666212E-16
 0.29530089883530E-16
 0.19752814721785E-16
 0.12190627887454E-16
 0.85188863748091E-17
 0.63345476910024E-17
 0.56704639152098E-17
 0.47002595902358E-17
 0.25618505665467E-17
 0.22332915703535E-17
 0.95047047320572E-18
 0.74736901395382E-18
 0.10410697181988E-17
 0.95937136036031E-18
 0.31767030741719E-18
 0.29614142437721E-18
 0.58276825102225E-18
 0.32653550209354E-18
 0.16105626665328E-18
 0.12335419248998E-18
 0.38608983618499E-18
 0.25630957963480E-19
 0.14476295187908E-19
 0.19546505576016E-19
 0.35882385283866E-19
 0.57762296177669E-19
 0.30589657121892E-20
 0.27987918054249E-20
 0.39470964105594E-20
 0.49761263514264E-20
 0.27868271706766E-20
 0.50421960431175E-21
 0.13522827642019E-21
 0.25428541865146E-20
 0.40296965334029E-20
 0.43824002799648E-22
 0.90754173414696E-22
 0.83277224830965E-24
 0.16859135603662E-22
 0.35965065284364E-23
 0.12381023072452E-24
 0.67448172109476E-25
 0.97130974174435E-24
 0.35397537586393E-23
 0.66274050450297E-24
 0.42591019014876E-24
 0.40943840905619E-25
 0.38012349685812E-26
 0.22217888922263E-26
 0.14062786703599E-25
 0.17689645554836E-25
 0.44996969756637E-25
 0.16993807959522E-24
 0.62325984958072E-24
 0.31252901520931E-25
 0.97617807926084E-22
 0.17940918193010E-21
 0.16829978050176E-23
 0.37829416153507E-23
 0.22149283539127E-23
 0.67154811771849E-23
 0.22700866175124E-21
 0.67354051592416E-20
 0.20360995376088E-21
 0.13074809850156E-20
 0.67798448641165E-20
 0.58066424072392E-20
 0.69796977527780E-20
 0.10022679518366E-19
 0.21642813374472E-19
 0.75653963171660E-20
 0.84521575295127E-20
 0.10902343600706E-19
 0.13243606112302E-19
 0.31643456022362E-19
 0.15527904356394E-18
 0.22464712568630E-18
 0.11510732512614E-18
 0.68674848290621E-18
 0.45058608316014E-18
 0.27941407748660E-18
 0.63909640809595E-19
 0.10310554743228E-17
 0.85803097971071E-18
 0.45059473766815E-18
 0.92381869166624E-18
 0.20659391736776E-17
 0.18521584154841E-17
 0.39469360605623E-17
 0.32225315257782E-17
 0.25070630121736E-17
 0.42128152655803E-17
 0.45281091739362E-17
 0.10460083226306E-16
 0.82911420252871E-17
 0.91353234573403E-17
 0.10507361132748E-16
 0.22117477821509E-16
 0.17915953966338E-16
 0.54937254749846E-15
 0.16824825972294E-14
 0.23130875635163E-14
 0.28234866598067E-14
 0.31248754225209E-14
 0.34732530598883E-14
 0.39026491346521E-14
 0.42294787778436E-14
 0.45876152251170E-14
 0.49952753255766E-14
 0.54202306817252E-14
 0.57807228840187E-14
 0.61624717698759E-14
 0.65759465975049E-14
 0.69609653475433E-14
 0.72983590756989E-14
 0.76212699553221E-14
 0.79540460682431E-14
 0.82888771565003E-14
 0.85651498122355E-14
 0.87603872238681E-14
 0.89411625700770E-14
 0.90529056712740E-14
 0.92032415829107E-14
 0.91846854548742E-14
 0.91486126359074E-14
 0.89686278368371E-14
 0.88615130686785E-14
 0.86045105831837E-14
 0.82988076785480E-14
 0.78996448693994E-14
 0.75484173349063E-14
 0.70631504832470E-14
 0.65609639657953E-14
 0.60178427027871E-14
 0.54970338287125E-14
 0.49832376859956E-14
 0.44234001330819E-14
 0.38712987112440E-14
 0.33255089361888E-14
 0.28369149093915E-14
 0.23832927526887E-14
 0.19673723164735E-14
 0.15764140363331E-14
 0.12533274657751E-14
 0.96394424737529E-15
 0.74714039557892E-15
 0.54649417236183E-15
 0.39733966210583E-15
 0.30648033102945E-15
 0.20715457787537E-15
 0.15079353926400E-15
 0.10299270513547E-15
 0.69007864011468E-16
 0.43194705808923E-16
 0.27150450502412E-16
 0.17605478085433E-16
 0.14887779148278E-16
 0.12349233316541E-16
 0.72208612222896E-17
 0.52186378751948E-17
 0.33225400400720E-17
 0.41425201741378E-17
 0.33572407754207E-17
 0.23987278125045E-17
 0.17300437009738E-17
 0.19543499509973E-17
 0.17927625672815E-17
 0.10703259938294E-17
 0.85280848585792E-18
 0.72552135063577E-18
 0.54214937113557E-18
 0.12813879946265E-18
 0.55163569452182E-19
 0.69120379357883E-19
 0.18178064221674E-18
 0.14996206230023E-18
 0.28554441345655E-19
 0.72032787462930E-20
 0.12059888441869E-19
 0.14781814055031E-19
 0.15061777711215E-19
 0.59726454316715E-20
 0.47349967260768E-21
 0.13782194319508E-19
 0.80942782769968E-20
 0.47211399707502E-21
 0.54796807274175E-21
 0.17969954083250E-22
 0.25249160472215E-21
 0.12255923310968E-21
 0.25906841888421E-22
 0.26429939725313E-24
 0.11977592700107E-22
 0.18924974102640E-22
 0.24218262505062E-23
 0.11884369253529E-24
 0.84222379787989E-26
 0.21118735354353E-25
 0.42406311412807E-25
 0.26979349210662E-25
 0.10409197276610E-25
 0.91822748017629E-25
 0.15710019841692E-24
 0.95972813201474E-26
 0.10135451834998E-25
 0.23093333109737E-25
 0.33482477475475E-25
 0.21635350885976E-24
 0.23780084967656E-23
 0.14462559406577E-23
 0.19252932757162E-24
 0.82673691244432E-24
 0.12461160034058E-22
 0.40598218697813E-22
 0.92924733101815E-21
 0.33843525993811E-20
 0.21898117191765E-20
 0.41698386182830E-22
 0.28730614256597E-20
 0.10966688477422E-19
 0.72608825247205E-21
 0.18046486145099E-20
 0.65892125864708E-20
 0.90069742818541E-20
 0.18483579171090E-19
 0.17496525781900E-19
 0.91406892576958E-20
 0.37454373184743E-19
 0.14714628314422E-18
 0.19647413703926E-19
 0.71401437585657E-20
 0.29252156939770E-19
 0.36268746783240E-18
 0.17959629817035E-18
 0.14089766553780E-18
 0.27215450062926E-18
 0.72116774492250E-18
 0.32377848208881E-18
 0.23003681739340E-17
 0.42359528281544E-18
 0.96142616511800E-18
 0.30814988059583E-17
 0.25712033044293E-17
 0.33427951577519E-17
 0.25195939097380E-17
 0.25375225285734E-17
 0.81323291267298E-17
 0.78325482920921E-17
 0.78353457523220E-17
 0.51220185973876E-16
 0.99174269558632E-15
 0.13950071278684E-14
 0.17690924817569E-14
 0.21278785225030E-14
 0.22488556889100E-14
 0.25444572849878E-14
 0.27555335245384E-14
 0.30189339420342E-14
 0.33016789033550E-14
 0.35929818722418E-14
 0.38505125250284E-14
 0.41527063998278E-14
 0.44950134226494E-14
 0.48177874598449E-14
 0.51198347599553E-14
 0.54620075754444E-14
 0.58146379889518E-14
 0.61228492273927E-14
 0.64766974937249E-14
 0.68128602612565E-14
 0.71534214791502E-14
 0.74857253351024E-14
 0.77229641905176E-14
 0.79438781892854E-14
 0.81291458761171E-14
 0.82859893588777E-14
 0.83989976703185E-14
 0.84491243535228E-14
 0.84522260278461E-14
 0.84398304804138E-14
 0.83915511880516E-14
 0.81637432050752E-14
 0.79103933802805E-14
 0.75475743264169E-14
 0.71953787493052E-14
 0.67155155373393E-14
 0.62843016747862E-14
 0.57741837387171E-14
 0.53157264988970E-14
 0.47939107146145E-14
 0.42538475666791E-14
 0.37020038843966E-14
 0.32028829936402E-14
 0.27629907878521E-14
 0.23210863685320E-14
 0.18972590336914E-14
 0.15162787521683E-14
 0.12225646901092E-14
 0.95420254138612E-15
 0.73524267172479E-15
 0.53887834703913E-15
 0.39629681063697E-15
 0.28153570248986E-15
 0.19511098351486E-15
 0.12418789650836E-15
 0.80313971781594E-16
 0.57434404654981E-16
 0.39193299275763E-16
 0.25486468484175E-16
 0.20125268962006E-16
 0.18093643306652E-16
 0.10098450992474E-16
 0.10185594757077E-16
 0.60472314156793E-17
 0.40021776572817E-17
 0.36817863100965E-17
 0.32464856487260E-17
 0.26898928388592E-17
 0.12132172195882E-17
 0.19892691485669E-17
 0.11093166059900E-17
 0.39176195491552E-18
 0.19980517560057E-18
 0.11404726054442E-18
 0.68710106889330E-18
 0.45517417721931E-18
 0.93467120250941E-19
 0.68688703500634E-19
 0.48482982580529E-19
 0.24037687247153E-19
 0.58016005784033E-19
 0.39885094533208E-19
 0.83011720870199E-20
 0.54336977163634E-19
 0.11321545309344E-19
 0.26262129971653E-20
 0.18081861659041E-20
 0.54945200905860E-21
 0.71241540169624E-21
 0.27999249150190E-21
 0.84765205661991E-22
 0.32222575486204E-21
 0.38081404396719E-21
 0.12832884425813E-21
 0.31046365159998E-22
 0.16830770408546E-22
 0.14101394688157E-22
 0.48773406646177E-23
 0.49349440464539E-24
 0.11215714792965E-24
 0.14791805863621E-24
 0.75171814713782E-25
 0.26060341219902E-24
 0.17195200270933E-25
 0.11676888235236E-25
 0.42841222522102E-26
 0.79611341278109E-26
 0.18270433025529E-26
 0.98185053636207E-26
 0.62026245253551E-25
 0.34013539745208E-24
 0.53253635588110E-24
 0.64819786385057E-25
 0.51650693786023E-23
 0.18815368322905E-23
 0.86989821671198E-24
 0.10605251215574E-22
 0.32470029806179E-23
 0.60898332535308E-22
 0.23498988216397E-21
 0.31399567395966E-21
 0.10209054197151E-20
 0.20066811170679E-20
 0.25484881141073E-20
 0.53690397123162E-20
 0.46934972792660E-20
 0.31031313974769E-20
 0.11675534397700E-19
 0.51536699373577E-20
 0.13237325380493E-19
 0.10691194222930E-19
 0.88597899670828E-20
 0.44524410653651E-19
 0.32285448805127E-19
 0.38779469399871E-19
 0.11889324098101E-18
 0.18446702329109E-18
 0.92899499129537E-19
 0.18142238472739E-18
 0.25061595968829E-18
 0.46227162314762E-18
 0.13098593132685E-17
 0.17713096803361E-17
 0.57633622166697E-18
 0.54640103004901E-18
 0.15221498680859E-17
 0.73580354575037E-17
 0.47199742014680E-17
 0.49956733208009E-17
   0.0000000000000000     
 0.53941347817483E-15
 0.77962316975335E-15
 0.10466274601212E-14
 0.12734563035436E-14
 0.14167321032965E-14
 0.15681670833763E-14
 0.17170749295079E-14
 0.18826777433927E-14
 0.20594083762914E-14
 0.22566349096242E-14
 0.24078794329221E-14
 0.26120502544449E-14
 0.28399330519231E-14
 0.30766461433402E-14
 0.33193139726197E-14
 0.35965548005147E-14
 0.38635478706953E-14
 0.41635539848728E-14
 0.44903005623021E-14
 0.48067732635766E-14
 0.51723657932715E-14
 0.54914906715744E-14
 0.58080350238265E-14
 0.61608221686294E-14
 0.65155625836044E-14
 0.68533748091982E-14
 0.71182599249315E-14
 0.74350601693228E-14
 0.77131706598952E-14
 0.79795997116421E-14
 0.80366452361051E-14
 0.80380397459185E-14
 0.79811831473629E-14
 0.79589187799196E-14
 0.79171625316423E-14
 0.77725746514095E-14
 0.75377063275610E-14
 0.72188411142287E-14
 0.69109854617204E-14
 0.65068368361691E-14
 0.60895394584904E-14
 0.55705856164515E-14
 0.51203962598593E-14
 0.46015719277557E-14
 0.41110311856033E-14
 0.36053250600621E-14
 0.31477478721730E-14
 0.26863034431877E-14
 0.22452260799979E-14
 0.18468272104832E-14
 0.14642240631916E-14
 0.11499750580221E-14
 0.90175732540052E-15
 0.67403956011351E-15
 0.47990567399570E-15
 0.34258306402479E-15
 0.25278189552019E-15
 0.16657105727152E-15
 0.10954420929526E-15
 0.87121419705066E-16
 0.64381326015641E-16
 0.39007170316251E-16
 0.23954427089885E-16
 0.16796631317129E-16
 0.95970392370340E-17
 0.99520056782927E-17
 0.47543017661401E-17
 0.59059431588366E-17
 0.72887717158928E-17
 0.38271902058562E-17
 0.27597190208610E-17
 0.11925130454668E-17
 0.13380142930734E-17
 0.13778743305097E-17
 0.18954052651312E-17
 0.52351997826537E-18
 0.21853972181730E-18
 0.22848618782433E-18
 0.21621121316447E-18
 0.88897387133521E-19
 0.25942892772322E-18
 0.21114516805804E-18
 0.91224207770696E-19
 0.74449371688628E-19
 0.30953365627711E-19
 0.12773278232341E-19
 0.10592658427237E-19
 0.46789460869397E-20
 0.24152181540868E-20
 0.79204625342147E-21
 0.18547490220671E-21
 0.31746857909151E-20
 0.16034863099496E-20
 0.35294908066385E-21
 0.18415047313343E-21
 0.73687094927110E-22
 0.63761903161790E-22
 0.16814284767031E-22
 0.68982248160906E-23
 0.55157650338596E-23
 0.23992914710217E-23
 0.10133855391163E-23
 0.13002602189296E-23
 0.94114948897318E-25
 0.38279695166256E-25
 0.16128107051385E-25
 0.52809972720879E-26
 0.13560584004519E-26
 0.33870237577179E-26
 0.67825786430592E-28
 0.49644675886954E-24
 0.11067157079924E-24
 0.62856700885989E-26
 0.23434730179172E-25
 0.95847348715261E-25
 0.23284496961751E-24
 0.23101844574340E-23
 0.56953138574394E-24
 0.64969602588460E-25
 0.14374464791218E-23
 0.26480748170958E-23
 0.17638877012065E-21
 0.43372740377742E-21
 0.79442170440947E-21
 0.38144111080415E-21
 0.81859025394854E-22
 0.11606493498738E-20
 0.28417745864480E-21
 0.76186133505652E-21
 0.19898972858893E-20
 0.20163901936561E-20
 0.17892524318389E-20
 0.15690785720465E-19
 0.93939843911697E-20
 0.91534795656503E-20
 0.16016241424138E-19
 0.50205160132998E-19
 0.84678236786692E-19
 0.26353890850059E-19
 0.66047111759828E-19
 0.19075866455954E-18
 0.60523755818946E-18
 0.80461680473556E-18
 0.24590537307173E-18
 0.60966354208361E-18
 0.14236666226855E-17
 0.11267854554466E-17
 0.18550859272644E-17
   0.0000000000000000     
   0.0000000000000000     
 0.28007118973494E-15
 0.45382964361104E-15
 0.60948392663996E-15
 0.73939766582533E-15
 0.85078770294842E-15
 0.92094837777721E-15
 0.10159067038999E-14
 0.10958673007700E-14
 0.11862419012636E-14
 0.13077304817830E-14
 0.14251993513005E-14
 0.15710349770383E-14
 0.17132614851863E-14
 0.18657058448842E-14
 0.20427267409915E-14
 0.22526266904011E-14
 0.24445630558376E-14
 0.26767832704314E-14
 0.29240053383584E-14
 0.31983824460479E-14
 0.34710630372593E-14
 0.37522151257452E-14
 0.40822309978865E-14
 0.44184743309574E-14
 0.47779957637248E-14
 0.51261681976575E-14
 0.54474118288605E-14
 0.57918431448335E-14
 0.61483357911970E-14
 0.64731558531412E-14
 0.67391811592541E-14
 0.70493229139406E-14
 0.72822493939360E-14
 0.75436244431556E-14
 0.76938621045762E-14
 0.77917379449184E-14
 0.78227600520999E-14
 0.78575561495211E-14
 0.77209227204976E-14
 0.74999289158159E-14
 0.71899500233068E-14
 0.69247084854558E-14
 0.67608297499110E-14
 0.64579015316107E-14
 0.59139935802871E-14
 0.54297374555210E-14
 0.49849585649632E-14
 0.46124883807315E-14
 0.40096058981046E-14
 0.34301801680120E-14
 0.30246071907246E-14
 0.26688469668221E-14
 0.21669866180127E-14
 0.16998688393374E-14
 0.13988003665733E-14
 0.11297664647669E-14
 0.86237749533265E-15
 0.62679711378832E-15
 0.46631118605295E-15
 0.34094044470769E-15
 0.24358115812993E-15
 0.15696422349880E-15
 0.99306632106669E-16
 0.81339636685469E-16
 0.44062654836801E-16
 0.26885340199325E-16
 0.17721728654338E-16
 0.16160039071965E-16
 0.14655715404880E-16
 0.11215514047968E-16
 0.59947072781231E-17
 0.46771907201438E-17
 0.50677244313578E-17
 0.52977506034285E-17
 0.48271334280881E-17
 0.88913016184747E-18
 0.52528734053895E-18
 0.92148581076342E-18
 0.11153688433049E-17
 0.33917451316731E-18
 0.10763432541900E-17
 0.68826670738750E-18
 0.30660530729997E-18
 0.17542725683354E-18
 0.17842993327200E-18
 0.47619654688827E-19
 0.40407432892696E-19
 0.19748415977898E-19
 0.10574868539384E-19
 0.68068724670589E-20
 0.58785262092790E-20
 0.81880240946868E-20
 0.32150006857518E-20
 0.11984335708652E-20
 0.13410989735122E-20
 0.18362143136567E-20
 0.44742395742831E-21
 0.11059957553214E-21
 0.10465363353659E-21
 0.67597478751119E-22
 0.13056765464619E-22
 0.12666737117482E-22
 0.60862969001483E-23
 0.70898139949084E-23
 0.52317178642922E-21
 0.81918191929507E-22
 0.45928567887532E-24
 0.48025979361602E-24
 0.58185159453732E-25
 0.27168185046764E-24
 0.94446015703227E-24
 0.81567533967317E-27
 0.34767282233027E-26
 0.66390322153737E-26
 0.26199669015220E-25
 0.11402863954678E-24
 0.88977162008263E-24
 0.15386701479377E-23
 0.71167088432247E-25
 0.11874945372031E-25
 0.82242592904207E-25
 0.47586547372691E-23
 0.42188150823117E-23
 0.14452751489229E-21
 0.14588193011878E-22
 0.21825497817348E-22
 0.29004239242741E-22
 0.37776488531692E-22
 0.13178735716542E-21
 0.10267005825742E-20
 0.74046513095543E-21
 0.11117814258559E-20
 0.27100035369967E-20
 0.13072421972396E-20
 0.53821816683702E-20
 0.51157225964943E-20
 0.30679296768949E-19
 0.48932225678792E-20
 0.14636123027586E-19
 0.22096469970903E-19
 0.11961989696253E-18
 0.90463879264933E-19
 0.59988213629875E-19
 0.97840206609521E-19
 0.70483870973485E-18
 0.23638055582434E-18
 0.32737995339530E-18
 0.44547898238183E-18
   0.0000000000000000     
   0.0000000000000000     
 0.13602898406090E-15
 0.25163939446043E-15
 0.34034369748701E-15
 0.40822243596694E-15
 0.46824341193499E-15
 0.52076653647532E-15
 0.58361895299754E-15
 0.62845476125379E-15
 0.69033098631246E-15
 0.76695467381956E-15
 0.84317897480389E-15
 0.91791170928827E-15
 0.99955743298785E-15
 0.10966138851770E-14
 0.12200954376764E-14
 0.13446528076766E-14
 0.14815336244682E-14
 0.16458069382140E-14
 0.18274409062488E-14
 0.20196577265293E-14
 0.21894041320680E-14
 0.24103914441418E-14
 0.26663785754753E-14
 0.29497635609143E-14
 0.32460247821091E-14
 0.35472723580707E-14
 0.38725853593644E-14
 0.42094487809411E-14
 0.45324052099985E-14
 0.48762552487780E-14
 0.52522100789915E-14
 0.55953273295314E-14
 0.59638927477674E-14
 0.63568243919050E-14
 0.66981887476327E-14
 0.70250596479643E-14
 0.72172481546148E-14
 0.73721762833386E-14
 0.74789247292624E-14
 0.75029053120270E-14
 0.75678582800075E-14
 0.75880976696283E-14
 0.76165814401631E-14
 0.73089114408466E-14
 0.71098138913404E-14
 0.70008499100921E-14
 0.67218803977375E-14
 0.62122333343120E-14
 0.57391017985682E-14
 0.53444728347453E-14
 0.48887732582767E-14
 0.43532767750891E-14
 0.37931626574128E-14
 0.33713323144479E-14
 0.29653526124920E-14
 0.25410719437786E-14
 0.20616800853949E-14
 0.16816307294524E-14
 0.13565650631039E-14
 0.10554986999241E-14
 0.78629884252495E-15
 0.55604845730915E-15
 0.43211181067740E-15
 0.31679109975208E-15
 0.19659796169383E-15
 0.13738986007449E-15
 0.89224789231579E-16
 0.77823102957646E-16
 0.50751100239783E-16
 0.34962448024478E-16
 0.14980691357105E-16
 0.17182459426833E-16
 0.17297778191498E-16
 0.13529190870561E-16
 0.84586276287246E-17
 0.45025941595770E-17
 0.27999007642715E-17
 0.44235359176524E-17
 0.36537716358694E-17
 0.18451993245748E-17
 0.11771195417685E-17
 0.17449284853460E-17
 0.36385913997900E-18
 0.63686406343083E-18
 0.56472891866910E-18
 0.31238644439681E-18
 0.28730230085968E-18
 0.96039718333472E-19
 0.44958934125521E-19
 0.64316303261798E-19
 0.76399147738005E-19
 0.41572520291110E-19
 0.14115077561806E-19
 0.33300671112078E-19
 0.61308151700364E-19
 0.28001707347743E-19
 0.21592957144330E-20
 0.11281160849924E-20
 0.43673938461027E-21
 0.26289999448152E-20
 0.63054160792752E-21
 0.37578959890118E-22
 0.26429490405223E-21
 0.57370446448176E-21
 0.77414207625956E-21
 0.25107377816314E-20
 0.28161940144769E-21
 0.37136345017762E-23
 0.16125534204139E-23
 0.19413975114749E-24
 0.98473344769178E-24
 0.47750599707300E-25
 0.15683407335208E-25
 0.20025240087863E-25
 0.25601943011697E-25
 0.20906682288583E-26
 0.41518656180987E-24
 0.36173151244666E-23
 0.69907233239232E-27
 0.31069178673345E-27
 0.22130269584560E-26
 0.13646680698169E-25
 0.39175115992472E-24
 0.29650974253531E-24
 0.35220021962382E-25
 0.15924791236221E-23
 0.29760984661291E-22
 0.12123225024398E-22
 0.33986883682212E-22
 0.66193274223361E-21
 0.28121123298886E-21
 0.12151818464374E-21
 0.28361321221969E-22
 0.46164802716131E-21
 0.57031901680736E-20
 0.17936056802313E-20
 0.16378840867338E-20
 0.13570920347515E-20
 0.79358216582398E-20
 0.15272041773374E-19
 0.32619218262469E-20
 0.98648652679902E-20
 0.13264661416610E-19
 0.12003825325473E-18
 0.28773434827241E-18
 0.10725320580719E-19
 0.15112167066075E-18
 0.51104369953337E-20
   0.0000000000000000     
   0.0000000000000000     
 0.66240479335051E-16
 0.13946949034965E-15
 0.18547053848909E-15
 0.21922913311009E-15
 0.25094116207735E-15
 0.28939037221770E-15
 0.32368019718001E-15
 0.35208953194744E-15
 0.38739337329120E-15
 0.42854246395736E-15
 0.47234278135332E-15
 0.51524098142712E-15
 0.56939799245199E-15
 0.62971349257209E-15
 0.70811311847713E-15
 0.78094704979414E-15
 0.86541514469664E-15
 0.95871600903125E-15
 0.10823127554318E-14
 0.12020272863246E-14
 0.13440409344086E-14
 0.14989752907516E-14
 0.16875522140773E-14
 0.18834889909013E-14
 0.20678213173835E-14
 0.23061704441928E-14
 0.25667001466810E-14
 0.28120356216911E-14
 0.30821120744729E-14
 0.33990852405320E-14
 0.37532866322694E-14
 0.40957172959462E-14
 0.44665965559586E-14
 0.48149881051380E-14
 0.51388480399264E-14
 0.54774878914427E-14
 0.58023221959489E-14
 0.61208019243235E-14
 0.63832756649548E-14
 0.67208870997025E-14
 0.69610729536662E-14
 0.72062564044665E-14
 0.74123446896009E-14
 0.75213513050590E-14
 0.74855273523998E-14
 0.74786915811781E-14
 0.74947233635281E-14
 0.72152112872651E-14
 0.69222905313274E-14
 0.66514222834630E-14
 0.64532644377262E-14
 0.60192202448453E-14
 0.56417178099374E-14
 0.51870022883257E-14
 0.47984393455522E-14
 0.43034875945377E-14
 0.38013275119143E-14
 0.33058958754707E-14
 0.28640528865126E-14
 0.24420934129195E-14
 0.18987157973744E-14
 0.16009151970775E-14
 0.12728715385108E-14
 0.10036265218046E-14
 0.72261303882253E-15
 0.53687541646416E-15
 0.40863086982512E-15
 0.28971574566887E-15
 0.21342961116807E-15
 0.12698256831966E-15
 0.83197902879016E-16
 0.60350887341145E-16
 0.47351386828243E-16
 0.28842353516631E-16
 0.20702359995135E-16
 0.15982505223032E-16
 0.11121224351903E-16
 0.11027363551475E-16
 0.61568718268123E-17
 0.38087434452266E-17
 0.24915388600058E-17
 0.32176969008885E-17
 0.96400218425769E-18
 0.22417116554808E-17
 0.16492931611656E-17
 0.72671896330043E-18
 0.71637711780798E-18
 0.36868045709274E-18
 0.21545115921907E-18
 0.31334443481244E-18
 0.21974793445472E-18
 0.15379590358849E-18
 0.17867360345838E-18
 0.75570568597750E-19
 0.26211982099032E-18
 0.69049285176879E-19
 0.69551159775977E-20
 0.32226786790218E-19
 0.47713176714070E-19
 0.72551547226666E-20
 0.12140713431651E-20
 0.43221449799289E-21
 0.81899981732236E-21
 0.14015377878090E-20
 0.45477391799902E-20
 0.10687860357184E-19
 0.25592129299721E-21
 0.12919196880826E-20
 0.25898999162371E-22
 0.11343037565375E-23
 0.25453770342469E-23
 0.98010750358389E-24
 0.73046191524941E-23
 0.35304112542623E-24
 0.13992912790864E-24
 0.10333054810021E-23
 0.19550269076766E-23
 0.68673419086564E-24
 0.66460033411026E-27
 0.20840347089548E-27
 0.13929163498200E-27
 0.11580276993621E-25
 0.98233413211371E-25
 0.71346006044411E-25
 0.33525444415964E-25
 0.99682298060903E-26
 0.66160350499030E-23
 0.84224450889219E-23
 0.23599917635477E-22
 0.85920892965954E-22
 0.90614578385633E-23
 0.13785685892917E-23
 0.11732155988176E-22
 0.44724025984204E-21
 0.12384843782330E-20
 0.14026520598350E-21
 0.67389443794032E-23
 0.39237545114830E-21
 0.13349515614399E-20
 0.13782578077725E-19
 0.15688096763272E-20
 0.17872425851947E-20
 0.31850272191764E-20
 0.10839911946327E-19
 0.20313955465264E-19
 0.45360897962396E-20
 0.65032169799500E-19
 0.92806158596562E-20
   0.0000000000000000     
   0.0000000000000000     
 0.40042015987269E-16
 0.75089343230650E-16
 0.98656671571651E-16
 0.11674022839287E-15
 0.13687894363280E-15
 0.15717640835831E-15
 0.17444754924461E-15
 0.19042854432609E-15
 0.20820500485569E-15
 0.22971331121378E-15
 0.25717765261293E-15
 0.28313551958160E-15
 0.31749457671848E-15
 0.35371797835155E-15
 0.39863071381047E-15
 0.43874194843649E-15
 0.49016309807361E-15
 0.55259419700691E-15
 0.62727384396855E-15
 0.70703943745596E-15
 0.80805329869018E-15
 0.90556648077865E-15
 0.10146320006255E-14
 0.11211675626591E-14
 0.12674124235668E-14
 0.14214560388512E-14
 0.16247411109305E-14
 0.18174353026188E-14
 0.19924107620088E-14
 0.22077202838897E-14
 0.24787690939824E-14
 0.27175967734271E-14
 0.29767606060245E-14
 0.32607001923881E-14
 0.36056596493327E-14
 0.39327494806590E-14
 0.42941788725747E-14
 0.46511517230695E-14
 0.50236584977730E-14
 0.53576045067096E-14
 0.58461619574652E-14
 0.62517680988767E-14
 0.63653627742139E-14
 0.65793578007908E-14
 0.69178442281607E-14
 0.71595183506038E-14
 0.71814132982384E-14
 0.71249989641262E-14
 0.71528275807716E-14
 0.73115467634710E-14
 0.73349056113704E-14
 0.70742970280704E-14
 0.68243050503471E-14
 0.66452097850776E-14
 0.64272253911318E-14
 0.60588534234964E-14
 0.54448238567388E-14
 0.51806335788784E-14
 0.47172307326168E-14
 0.40278218837077E-14
 0.37033055565010E-14
 0.31478397913365E-14
 0.27492284615845E-14
 0.22973872876406E-14
 0.18536984891834E-14
 0.15104865660587E-14
 0.12214516932309E-14
 0.95869526158558E-15
 0.71415127978192E-15
 0.51882722582322E-15
 0.37326053106279E-15
 0.27333511917469E-15
 0.17378705654696E-15
 0.11393757041776E-15
 0.84421411144660E-16
 0.52960352363485E-16
 0.35482843732026E-16
 0.24582266292551E-16
 0.15018720545268E-16
 0.10708357557141E-16
 0.54038765547105E-17
 0.55362029114948E-17
 0.45058384199185E-17
 0.38172753098575E-17
 0.35388382039491E-17
 0.15255887851566E-17
 0.21681607489774E-17
 0.20907670503382E-17
 0.87917986262550E-18
 0.73372366683102E-18
 0.55226258227630E-18
 0.45558022542949E-18
 0.53028844795133E-18
 0.36285810193128E-18
 0.65879707516166E-18
 0.15417517185425E-18
 0.74204944003824E-19
 0.15165077871689E-18
 0.11684306090475E-18
 0.10377309975725E-19
 0.12352122102771E-20
 0.24855532820471E-20
 0.51246650755364E-20
 0.54403208462624E-20
 0.14080750666701E-19
 0.69401601598569E-20
 0.40699354398834E-20
 0.45501389405638E-20
 0.37369319999074E-22
 0.28178235449405E-21
 0.54287059415865E-20
 0.18421502748804E-21
 0.28862968002682E-21
 0.26600706848336E-21
 0.76697295552951E-22
 0.45657677371728E-23
 0.31557128434877E-24
 0.35916223975862E-25
 0.73969971096579E-26
 0.26179508633029E-25
 0.23140755305642E-26
 0.59591344504564E-25
 0.80420524736881E-25
 0.18539190339897E-25
 0.87890940148424E-27
 0.22781656881628E-26
 0.73815010096638E-27
 0.12995999519145E-23
 0.30098526157737E-23
 0.12170771803235E-24
 0.63811866307279E-23
 0.52791825374321E-24
 0.91079687161247E-24
 0.30983938361606E-23
 0.15355434821525E-22
 0.18899664885022E-22
 0.20466356538685E-22
 0.15948163138395E-21
 0.61765875966859E-21
 0.60753278011514E-20
 0.76887263888860E-21
 0.75884324770839E-21
 0.44807464171021E-21
 0.14614460672568E-21
 0.24354899131978E-20
 0.12705479931007E-19
 0.10205555039152E-18
 0.48150466736679E-20
   0.0000000000000000     
   0.0000000000000000     
 0.13093589178542E-16
 0.42858105430413E-16
 0.51636670737951E-16
 0.60062001995234E-16
 0.71927219087586E-16
 0.83420470287971E-16
 0.90767905309604E-16
 0.10154668583239E-15
 0.11129260202776E-15
 0.12410883553877E-15
 0.13661192402015E-15
 0.15107328241712E-15
 0.16876892881768E-15
 0.18973355514448E-15
 0.21333984787217E-15
 0.24076498953182E-15
 0.27489936431027E-15
 0.31425729636123E-15
 0.35811468684864E-15
 0.39326201120784E-15
 0.44820211140051E-15
 0.52294146710987E-15
 0.59046310533342E-15
 0.65760452739178E-15
 0.73851166820753E-15
 0.85213209785190E-15
 0.96413652036603E-15
 0.10694446574737E-14
 0.11986661219188E-14
 0.13726463767115E-14
 0.15492446016644E-14
 0.17080904622501E-14
 0.18961666324081E-14
 0.21647016961983E-14
 0.24717713502634E-14
 0.27119480771999E-14
 0.29315460937817E-14
 0.32449319345169E-14
 0.36408151547921E-14
 0.40367556056746E-14
 0.43085736177884E-14
 0.45938535385608E-14
 0.49629061897770E-14
 0.53414255861447E-14
 0.56512096130897E-14
 0.59126671801222E-14
 0.61371037283010E-14
 0.64142854536652E-14
 0.68801046693242E-14
 0.70907569720292E-14
 0.71299161599007E-14
 0.72048929523243E-14
 0.73441206526900E-14
 0.74244717056298E-14
 0.73063378992988E-14
 0.69053762145665E-14
 0.68373399201138E-14
 0.65080107611141E-14
 0.60748934639534E-14
 0.58933459650828E-14
 0.53324085242946E-14
 0.49751921565212E-14
 0.45485903677790E-14
 0.39860499203825E-14
 0.35375397687515E-14
 0.30615517430725E-14
 0.26050639348879E-14
 0.21927888749056E-14
 0.17532861800016E-14
 0.14488872078582E-14
 0.11692662321924E-14
 0.88823939127925E-15
 0.62932639200279E-15
 0.43909573411959E-15
 0.34494739691826E-15
 0.25215603141874E-15
 0.15002307118194E-15
 0.91647194093727E-16
 0.65580009309213E-16
 0.42023284009410E-16
 0.26562781076706E-16
 0.20008977255008E-16
 0.16370030369092E-16
 0.11002484397069E-16
 0.72723433435621E-17
 0.48547671195602E-17
 0.54478084396829E-17
 0.50097146645515E-17
 0.27625132078114E-17
 0.19301115710635E-17
 0.20793410616327E-17
 0.12494606807156E-17
 0.12079506916919E-17
 0.13434376031992E-17
 0.12479514596933E-17
 0.10599541064707E-17
 0.26995361312288E-18
 0.36234749293321E-18
 0.24184663048703E-18
 0.35836118958614E-19
 0.20154541974537E-19
 0.25508345474380E-19
 0.16796130209145E-19
 0.17672383284354E-19
 0.57437857188077E-19
 0.12294164909382E-19
 0.15075614163755E-19
 0.73620404513895E-20
 0.10979822737723E-20
 0.60861041223943E-20
 0.17874526047632E-19
 0.38595906998306E-21
 0.12183461620001E-20
 0.63247512680156E-20
 0.11830598289841E-20
 0.27428115298538E-22
 0.12351251138812E-23
 0.16066845239219E-22
 0.87309065740728E-24
 0.21454763834045E-23
 0.17186671895872E-23
 0.45259776443285E-24
 0.34309802974215E-24
 0.69542219109945E-25
 0.15755251983710E-26
 0.42322428484759E-26
 0.10165695883522E-27
 0.98055460043760E-24
 0.46446085470209E-24
 0.13076306735362E-27
 0.18898503193520E-25
 0.15694354213087E-23
 0.11650541640824E-23
 0.53053520484696E-24
 0.15970019211198E-24
 0.48369235083728E-24
 0.40412393580670E-23
 0.58507156305249E-23
 0.13626793808592E-21
 0.45961888828330E-21
 0.23458438044849E-21
 0.67367535427806E-22
 0.95883023495349E-22
 0.40143592505291E-22
 0.22135392220504E-22
 0.11849665777518E-19
 0.15124740907347E-19
 0.26227641471622E-20
   0.0000000000000000     
   0.0000000000000000     
   0.0000000000000000     
 0.22755349826589E-16
 0.27069077367129E-16
 0.30949212491673E-16
 0.37688070158024E-16
 0.43397117631671E-16
 0.46160905933786E-16
 0.51192330105987E-16
 0.54739433401958E-16
 0.60805929149360E-16
 0.66487258574552E-16
 0.75665548928071E-16
 0.85619517277722E-16
 0.97685641595763E-16
 0.11072643482328E-15
 0.12226851504159E-15
 0.14487088894557E-15
 0.16732470384679E-15
 0.19199399119562E-15
 0.21620315701810E-15
 0.25025305534962E-15
 0.28663686597575E-15
 0.32491488673531E-15
 0.36732851047639E-15
 0.42996042895965E-15
 0.49509606944958E-15
 0.56703313360241E-15
 0.62869041026788E-15
 0.71377359084018E-15
 0.81929008740346E-15
 0.93869360950676E-15
 0.10497853724316E-14
 0.11957788313083E-14
 0.13717474729853E-14
 0.15255844377159E-14
 0.16671491748180E-14
 0.19239309377123E-14
 0.22028984765392E-14
 0.24207732545251E-14
 0.26607299102483E-14
 0.29398514314083E-14
 0.32742715527152E-14
 0.36292298498009E-14
 0.38518133326881E-14
 0.40986574100856E-14
 0.44782372750242E-14
 0.49878430621088E-14
 0.53683009680261E-14
 0.56446578944124E-14
 0.59248241713238E-14
 0.63339612636936E-14
 0.66622910719809E-14
 0.70026776398096E-14
 0.71811143259236E-14
 0.70941945596524E-14
 0.72480819019677E-14
 0.71311612484454E-14
 0.71069773348625E-14
 0.72429418413236E-14
 0.68612287550857E-14
 0.66887914690032E-14
 0.64928585908580E-14
 0.60066439544068E-14
 0.56688579184772E-14
 0.53350784328192E-14
 0.49369951267613E-14
 0.43532622051608E-14
 0.38364573757839E-14
 0.33092815404613E-14
 0.29416487596316E-14
 0.25720270209291E-14
 0.20845534382654E-14
 0.16502224633711E-14
 0.13226396067556E-14
 0.11025428144273E-14
 0.78934184299080E-15
 0.57351378294390E-15
 0.41577671358708E-15
 0.31207092338238E-15
 0.20810786317175E-15
 0.12265836129364E-15
 0.80498019558570E-16
 0.58338891611625E-16
 0.41692121110866E-16
 0.25968755084410E-16
 0.17845693279316E-16
 0.12483389112987E-16
 0.11616799975375E-16
 0.61394514700290E-17
 0.59151347855771E-17
 0.51645599607850E-17
 0.20750632883232E-17
 0.39869197507439E-17
 0.27154512535772E-17
 0.22997439039388E-17
 0.18179332689383E-17
 0.10058567896563E-17
 0.11066610444995E-17
 0.67121905457990E-18
 0.17279761261868E-18
 0.71365644660803E-19
 0.73093297680116E-19
 0.76109894500627E-19
 0.64389777119998E-19
 0.11864777263075E-18
 0.68508127895346E-19
 0.34138222562028E-19
 0.15899313477750E-19
 0.28860947914907E-20
 0.10409753773312E-19
 0.29859183465957E-19
 0.20505492948829E-20
 0.59270561722054E-20
 0.83026721797923E-20
 0.40884070659353E-20
 0.27566969412437E-21
 0.94209711846747E-22
 0.36311051199959E-21
 0.12545490636442E-21
 0.23052571567927E-21
 0.20741147121783E-22
 0.85856796375244E-22
 0.11666570098194E-23
 0.45422503862558E-25
 0.26650169528492E-24
 0.78031353969205E-23
 0.13917191368660E-23
 0.56380926256180E-23
 0.14510917462369E-24
 0.22801773882631E-25
 0.30405875042151E-25
 0.49756406024721E-24
 0.17195631985081E-25
 0.16226486601014E-24
 0.11411059193919E-24
 0.46507734275994E-24
 0.29078797426745E-26
 0.59248670297742E-24
 0.17694769366576E-21
 0.20162258440882E-21
 0.11851233021502E-22
 0.49065125042871E-24
 0.80191374627588E-23
 0.21980784853174E-23
 0.14471228905994E-25
 0.14901311850722E-19
 0.15666703075986E-20
   0.0000000000000000     
   0.0000000000000000     
   0.0000000000000000     
   0.0000000000000000     
 0.99448722043376E-17
 0.15405490873208E-16
 0.12143824122155E-16
 0.13790833864728E-16
 0.15715334897288E-16
 0.17712400162095E-16
 0.19835589135884E-16
 0.23657262709336E-16
 0.27778388200429E-16
 0.31216106613341E-16
 0.34881823063342E-16
 0.41571017346823E-16
 0.48648521785268E-16
 0.55832126370930E-16
 0.63157618695424E-16
 0.76573949206495E-16
 0.89359412412590E-16
 0.10046213132438E-15
 0.11174586588876E-15
 0.13432881118359E-15
 0.15541578392142E-15
 0.17772127167102E-15
 0.19860080317320E-15
 0.23803750885140E-15
 0.27656967257681E-15
 0.31552450678151E-15
 0.35909508160067E-15
 0.42056756113956E-15
 0.49366736675946E-15
 0.54400417133925E-15
 0.59783191189966E-15
 0.70173637026516E-15
 0.81613446551033E-15
 0.93052179480499E-15
 0.10426365317371E-14
 0.11836851067304E-14
 0.13394130665261E-14
 0.15086451620786E-14
 0.16851197668428E-14
 0.19596509924813E-14
 0.22096768890787E-14
 0.23991133836302E-14
 0.26071510115461E-14
 0.29230998625605E-14
 0.33388685779771E-14
 0.36026448667643E-14
 0.39776618313117E-14
 0.43358704794983E-14
 0.46901357257215E-14
 0.50284185806063E-14
 0.54480937184545E-14
 0.57500480050495E-14
 0.60129311775120E-14
 0.63491974886892E-14
 0.64317521372681E-14
 0.67100529787915E-14
 0.70775485078286E-14
 0.69482515230957E-14
 0.71275132708444E-14
 0.72247483051091E-14
 0.71054604102091E-14
 0.68799891510473E-14
 0.68471775762892E-14
 0.66419517657671E-14
 0.63713045278868E-14
 0.59879068288936E-14
 0.54446556930915E-14
 0.50608635968400E-14
 0.47148416804988E-14
 0.43052491952422E-14
 0.37166666966838E-14
 0.32613002317204E-14
 0.28138030194209E-14
 0.24589740197806E-14
 0.19098023052127E-14
 0.15378509627952E-14
 0.12670718838192E-14
 0.10098471715198E-14
 0.69042290352886E-15
 0.49985273188637E-15
 0.36124817608693E-15
 0.26992241043326E-15
 0.17228446864312E-15
 0.10630715983521E-15
 0.75618227656450E-16
 0.53989629343519E-16
 0.35581840632005E-16
 0.21235749386953E-16
 0.17317097869921E-16
 0.12042331781126E-16
 0.93838020657592E-17
 0.10955400731213E-16
 0.55757057795999E-17
 0.81058702955450E-17
 0.45662498966980E-17
 0.42319830036963E-17
 0.37988133600105E-17
 0.17620302703934E-17
 0.21043829277274E-18
 0.37085474136736E-18
 0.41442253444455E-18
 0.29676550404790E-18
 0.27576675095199E-18
 0.49684051128585E-18
 0.23230153396024E-18
 0.38022098008279E-19
 0.22901791487609E-19
 0.20708245529245E-19
 0.23502941994920E-19
 0.96167431618499E-19
 0.45973070030545E-19
 0.29229389655497E-19
 0.20565412257650E-19
 0.10531284386514E-19
 0.89787229575500E-20
 0.16864441625009E-19
 0.52433630282738E-20
 0.73760385359755E-21
 0.11191363698107E-20
 0.84865139243480E-21
 0.73649013270293E-21
 0.32207584923969E-21
 0.37031413525583E-22
 0.10219818986110E-22
 0.29538819543134E-22
 0.84454527102678E-23
 0.17139271878137E-22
 0.19211189221032E-22
 0.75977239155904E-23
 0.31143626934020E-24
 0.28013488324289E-23
 0.41535777727866E-25
 0.19487538186461E-24
 0.28190361193312E-24
 0.56653288809726E-27
 0.34496473763296E-26
 0.39485614315804E-24
 0.75451759975685E-22
 0.36297290760601E-23
 0.18898274641095E-24
 0.65342922053594E-25
 0.28753757028161E-27
 0.24359659057401E-26
 0.59990901322666E-24
 0.55122732697173E-21
 0.23181929862415E-22
   0.0000000000000000     
   0.0000000000000000     
   0.0000000000000000     
   0.0000000000000000     
   0.0000000000000000     
   0.0000000000000000     
 0.68294628162330E-18
 0.25505009174490E-17
 0.41016051215144E-17
 0.53074035474969E-17
 0.67518311192233E-17
 0.91851197388942E-17
 0.11314837944652E-16
 0.13160761793627E-16
 0.15771977158289E-16
 0.19797574953902E-16
 0.23555421492329E-16
 0.26923447408956E-16
 0.31734345929197E-16
 0.38411942199334E-16
 0.44660452280416E-16
 0.51013827440520E-16
 0.59790373007304E-16
 0.71651253375159E-16
 0.83654528738303E-16
 0.93712788599594E-16
 0.10695473493571E-15
 0.12701455761212E-15
 0.14765908761600E-15
 0.16727282539677E-15
 0.19261945267880E-15
 0.23042930901536E-15
 0.27102086138381E-15
 0.30393837167660E-15
 0.34420907505528E-15
 0.41082509221473E-15
 0.48041957553290E-15
 0.54881366849978E-15
 0.60862827234213E-15
 0.69652691289233E-15
 0.80562527219410E-15
 0.94112012961848E-15
 0.10637712035425E-14
 0.12186841132621E-14
 0.13710223249743E-14
 0.15155120478767E-14
 0.17299291067993E-14
 0.19234459797698E-14
 0.21522229012779E-14
 0.24862162073716E-14
 0.27331799905244E-14
 0.30176092864452E-14
 0.33090380263594E-14
 0.36905346109546E-14
 0.40093636521398E-14
 0.42777292295586E-14
 0.46902266763208E-14
 0.49104843261625E-14
 0.52999623634511E-14
 0.58444461671848E-14
 0.59768160615339E-14
 0.62262167383606E-14
 0.65236386158228E-14
 0.68580984159160E-14
 0.68817500543496E-14
 0.71626253199823E-14
 0.71502547888668E-14
 0.72833763492511E-14
 0.70194617930988E-14
 0.68525204094351E-14
 0.66005545248273E-14
 0.64151344264886E-14
 0.63273270832634E-14
 0.58658367654165E-14
 0.53733589706713E-14
 0.50491473874170E-14
 0.46228281611485E-14
 0.41828978744291E-14
 0.34773468417212E-14
 0.30661617277220E-14
 0.27368830813174E-14
 0.22328367203094E-14
 0.17777028904109E-14
 0.14625940556377E-14
 0.11631129415019E-14
 0.89158045650063E-15
 0.64282433057609E-15
 0.45863852581404E-15
 0.32456101181189E-15
 0.23886174833276E-15
 0.16241608957987E-15
 0.10214858465375E-15
 0.70394501705669E-16
 0.52065055186395E-16
 0.33379298606261E-16
 0.27090859564095E-16
 0.16658615502181E-16
 0.11507382721576E-16
 0.69068243722367E-17
 0.97476185639949E-17
 0.91823622082725E-17
 0.35905910174029E-17
 0.22332665521996E-17
 0.16759539262041E-17
 0.14574968734396E-17
 0.12415340630521E-17
 0.17156857129368E-17
 0.16403793272810E-17
 0.41971449595170E-18
 0.17799579932584E-18
 0.11238431660924E-18
 0.97809455116400E-19
 0.22018399094402E-18
 0.31011323113869E-18
 0.13529068112263E-18
 0.48134954951327E-19
 0.27760443606923E-19
 0.51343761729685E-19
 0.21441472416364E-19
 0.21747389411951E-19
 0.92544125928375E-20
 0.22040079334614E-20
 0.53306524606697E-20
 0.33255493071925E-20
 0.36994190979661E-20
 0.17539947122565E-20
 0.49696280702056E-22
 0.47561531758992E-22
 0.29312061937533E-22
 0.65239258602593E-22
 0.27429138167251E-21
 0.38704867225777E-21
 0.35646881922130E-24
 0.13845224743111E-23
 0.79533204331245E-24
 0.12001682024842E-23
 0.27323633359700E-24
 0.25503213687194E-25
 0.73348730898086E-25
 0.64747442154133E-26
 0.31904765922397E-23
 0.50495350426167E-22
 0.41404488657972E-26
 0.82009161245268E-26
 0.52335419140738E-25
 0.19021255927099E-32
 0.27659983967496E-29
 0.38281119020148E-25
 0.63967897017239E-24
 0.16897701876137E-22
   0.0000000000000000     
   0.0000000000000000     
   0.0000000000000000     
   0.0000000000000000     
   0.0000000000000000     
   0.0000000000000000     
   0.0000000000000000     
   0.0000000000000000     
   0.0000000000000000     
   0.0000000000000000     
 0.76643961040270E-18
 0.20637757764579E-17
 0.32335597852701E-17
 0.43963578267110E-17
 0.61344369594803E-17
 0.80992873330674E-17
 0.98628161173912E-17
 0.11540208429440E-16
 0.14375399147131E-16
 0.17512491050986E-16
 0.20960573282312E-16
 0.24364631810309E-16
 0.30114058127110E-16
 0.36054464248298E-16
 0.41153923208787E-16
 0.46532337684649E-16
 0.56649109227407E-16
 0.67668340596601E-16
 0.78870611125431E-16
 0.88680096003546E-16
 0.10499954461089E-15
 0.12840332815183E-15
 0.14907912400102E-15
 0.16899682656316E-15
 0.19857667226439E-15
 0.23774926216830E-15
 0.27250880204944E-15
 0.30266909052892E-15
 0.34683156981726E-15
 0.41355995610423E-15
 0.47930293991344E-15
 0.54034460581347E-15
 0.62037858562889E-15
 0.71709024211271E-15
 0.81615057549488E-15
 0.93262885149743E-15
 0.10294512460773E-14
 0.12015825874743E-14
 0.13886010257426E-14
 0.15878975319770E-14
 0.17484346440992E-14
 0.19797632619523E-14
 0.22249508790325E-14
 0.24386267623457E-14
 0.27126620038291E-14
 0.30744811296511E-14
 0.33120574467937E-14
 0.36552192771355E-14
 0.41494052660361E-14
 0.43539585187761E-14
 0.46326399448419E-14
 0.50786447557230E-14
 0.54070783621381E-14
 0.56529058541179E-14
 0.60927888933670E-14
 0.63633484512113E-14
 0.67291384574767E-14
 0.68553946678859E-14
 0.69596574212169E-14
 0.69526669841381E-14
 0.69896757384982E-14
 0.71000679480260E-14
 0.70949995295364E-14
 0.68942052960601E-14
 0.65735335833779E-14
 0.65284135163272E-14
 0.61074678742084E-14
 0.58749469965772E-14
 0.51766449324359E-14
 0.48291375337793E-14
 0.45398893648425E-14
 0.38821536869501E-14
 0.34486169456542E-14
 0.29992891291009E-14
 0.25823550015247E-14
 0.21141827658908E-14
 0.16945954550453E-14
 0.13371904369265E-14
 0.10685638726459E-14
 0.79038973672753E-15
 0.57363993719369E-15
 0.43032375816241E-15
 0.30517677563046E-15
 0.20859447827102E-15
 0.14613535621891E-15
 0.94174840733972E-16
 0.56217760698501E-16
 0.41724124383920E-16
 0.28572966641157E-16
 0.21038989417302E-16
 0.22441331478329E-16
 0.13983749299453E-16
 0.66484026385900E-17
 0.44977355579436E-17
 0.43214870032863E-17
 0.55787980394644E-17
 0.42352080860251E-17
 0.39221017761684E-17
 0.97839392868920E-18
 0.73560725643600E-18
 0.51103530201709E-18
 0.67418939070348E-18
 0.66459109576593E-18
 0.47205661206501E-18
 0.26483130633629E-18
 0.19797078553999E-18
 0.12728599144504E-18
 0.17462746204281E-18
 0.49193829186526E-19
 0.28484453425738E-19
 0.16316100387184E-19
 0.97906726241732E-20
 0.10302353865585E-19
 0.10975131753946E-19
 0.17246473351951E-19
 0.53865839830399E-20
 0.34810934979673E-20
 0.10784477447713E-20
 0.28790816033830E-21
 0.36966488453912E-21
 0.72199079068047E-21
 0.98864505129205E-22
 0.65364965086264E-22
 0.13415999264175E-22
 0.36206378071102E-22
 0.86881442771691E-22
 0.92444313025103E-24
 0.34751327533304E-23
 0.12099204703628E-23
 0.92733805823168E-24
 0.43623179122084E-22
 0.11421461230796E-21
 0.37628849772493E-24
 0.11383142952149E-25
 0.13469137672246E-24
 0.19225054839684E-30
 0.92447236166296E-28
 0.17443561860774E-28
 0.25510298233302E-29
 0.45055275670343E-27
   0.0000000000000000     
   0.0000000000000000     
   0.0000000000000000     
   0.0000000000000000     
   0.0000000000000000     
   0.0000000000000000     
   0.0000000000000000     
   0.0000000000000000     
   0.0000000000000000     
   0.0000000000000000     
   0.0000000000000000     
   0.0000000000000000     
   0.0000000000000000     
   0.0000000000000000     
 0.91599667654920E-18
 0.19887184433589E-17
 0.29774211628427E-17
 0.37667962639686E-17
 0.55410473313584E-17
 0.73674821493480E-17
 0.90858028447180E-17
 0.10608615457760E-16
 0.13974009808447E-16
 0.17226723615441E-16
 0.19997709254005E-16
 0.22758809476236E-16
 0.28969075439923E-16
 0.34563269636565E-16
 0.40266396875472E-16
 0.46074615569415E-16
 0.56401518328096E-16
 0.67043887738583E-16
 0.78622672100443E-16
 0.89763747690869E-16
 0.11036660221941E-15
 0.13100893276506E-15
 0.14812410190347E-15
 0.16340726685164E-15
 0.19902818973358E-15
 0.23394658750690E-15
 0.27201589767094E-15
 0.30620674019502E-15
 0.35305443864156E-15
 0.41140020423525E-15
 0.47047978581028E-15
 0.53510932230611E-15
 0.64335827505751E-15
 0.74235912823652E-15
 0.85124453143847E-15
 0.94628215858933E-15
 0.10707803074947E-14
 0.12287181909889E-14
 0.13921284282888E-14
 0.15715277028022E-14
 0.17609279911356E-14
 0.19801874912072E-14
 0.22320808253028E-14
 0.25488144133332E-14
 0.27785690501717E-14
 0.30026978947939E-14
 0.34262545624761E-14
 0.37774130879704E-14
 0.39614409686131E-14
 0.43345203575692E-14
 0.48348649278885E-14
 0.50486297415947E-14
 0.55885712334665E-14
 0.57585385032191E-14
 0.60789351802271E-14
 0.62148627142053E-14
 0.65692535623128E-14
 0.67821333312757E-14
 0.69307119672332E-14
 0.70593347112924E-14
 0.69912857689004E-14
 0.72453202947245E-14
 0.69297808566128E-14
 0.69948191172132E-14
 0.64965391451274E-14
 0.64120115336223E-14
 0.61263875260389E-14
 0.54941915009041E-14
 0.52191563325717E-14
 0.47154426060513E-14
 0.43468531792332E-14
 0.38125194365376E-14
 0.33330043753900E-14
 0.28713896504823E-14
 0.24698451315588E-14
 0.19552900302328E-14
 0.15363116315206E-14
 0.12517424122774E-14
 0.98426499352629E-15
 0.74849646119778E-15
 0.53420109190816E-15
 0.36941277406109E-15
 0.26981857758093E-15
 0.19656195956078E-15
 0.12659334760716E-15
 0.87544550542021E-16
 0.64673341974960E-16
 0.34793092113986E-16
 0.18642964773890E-16
 0.14222648218247E-16
 0.12825021151604E-16
 0.98065789316639E-17
 0.10708276575510E-16
 0.78380947405588E-17
 0.67212273558136E-17
 0.21260942319589E-17
 0.28930317517365E-17
 0.18395010911565E-17
 0.11912275235023E-17
 0.57002310765020E-18
 0.64737849726067E-18
 0.83167127160827E-18
 0.35977444806639E-18
 0.19875682538292E-18
 0.17234380379448E-18
 0.70260944321431E-19
 0.16514820930031E-18
 0.20055499158362E-18
 0.44882800296135E-19
 0.19758322290945E-19
 0.35821150244189E-19
 0.17977214172508E-19
 0.70889093227208E-20
 0.13046911003359E-19
 0.29471845030539E-20
 0.14251310976700E-20
 0.20873379349335E-20
 0.49822871482813E-21
 0.15302118068322E-20
 0.97726825352019E-22
 0.60490442602312E-21
 0.16218594145482E-20
 0.11668202701492E-21
 0.13994637926631E-22
 0.11222809507768E-22
 0.31320730735160E-22
 0.33667797904183E-21
 0.16537159889795E-21
 0.25927976100653E-23
 0.81268896840003E-25
 0.11257142414596E-28
 0.12928627555737E-29
 0.45341485667985E-27
 0.18248046199164E-31
 0.31547657568604E-29
   0.0000000000000000     
   0.0000000000000000     
   0.0000000000000000     
   0.0000000000000000     
   0.0000000000000000     
   0.0000000000000000     
   0.0000000000000000     
   0.0000000000000000     
   0.0000000000000000     
   0.0000000000000000     
   0.0000000000000000     
   0.0000000000000000     
   0.0000000000000000     
   0.0000000000000000     
   0.0000000000000000     
   0.0000000000000000     
   0.0000000000000000     
   0.0000000000000000     
 0.97047110587644E-19
 0.10959953196393E-17
 0.20087969261229E-17
 0.29216577224191E-17
 0.38765501964393E-17
 0.55484090950028E-17
 0.73226279281475E-17
 0.87703177284449E-17
 0.10505077242576E-16
 0.13631681142906E-16
 0.16939696092985E-16
 0.19966053869757E-16
 0.22656515945521E-16
 0.28264390287949E-16
 0.34227661954574E-16
 0.40996373577921E-16
 0.47735545737817E-16
 0.57982053786100E-16
 0.67748514065367E-16
 0.77729769554670E-16
 0.89730877144463E-16
 0.11080787861486E-15
 0.13115452807485E-15
 0.14621720289647E-15
 0.16481254336212E-15
 0.20115998780599E-15
 0.23242306727989E-15
 0.27058194378608E-15
 0.30859715541290E-15
 0.36735353553284E-15
 0.43215791007898E-15
 0.48919268215959E-15
 0.53103508110062E-15
 0.64173527248841E-15
 0.73122690911317E-15
 0.84845508567738E-15
 0.95522350033808E-15
 0.10735029995876E-14
 0.12304366831472E-14
 0.14493522328486E-14
 0.15897091285589E-14
 0.17824951287303E-14
 0.20276711349592E-14
 0.23425294390994E-14
 0.25247210727088E-14
 0.27979894482201E-14
 0.31937378883011E-14
 0.34619783279118E-14
 0.37980941169052E-14
 0.40948331912185E-14
 0.44345102753293E-14
 0.47426374345156E-14
 0.51792512437792E-14
 0.54328554854102E-14
 0.57431169532250E-14
 0.61434544407128E-14
 0.64129017459653E-14
 0.66599659318737E-14
 0.69354288190564E-14
 0.69002543972548E-14
 0.73409470280903E-14
 0.70787233921282E-14
 0.70703576306634E-14
 0.69767644711167E-14
 0.66411955067228E-14
 0.65817829542057E-14
 0.62645311750736E-14
 0.60193120545051E-14
 0.53932051570801E-14
 0.51206716051797E-14
 0.47734751910615E-14
 0.41330872042302E-14
 0.36752300832164E-14
 0.31541322243306E-14
 0.27631773268949E-14
 0.22551644918731E-14
 0.18859537620843E-14
 0.14952735463923E-14
 0.11614692794336E-14
 0.89483525840471E-15
 0.67632482781020E-15
 0.48364473130531E-15
 0.32741176316183E-15
 0.23055904153464E-15
 0.14606132402689E-15
 0.84085653177501E-16
 0.55894533551140E-16
 0.36777539592195E-16
 0.27425005840325E-16
 0.23591221137768E-16
 0.16125530254405E-16
 0.96340779421587E-17
 0.81874686133806E-17
 0.77598147526374E-17
 0.42864991221301E-17
 0.48490329072633E-17
 0.29076776647347E-17
 0.32807003566834E-17
 0.18333032794938E-17
 0.68658686095461E-18
 0.63677088434979E-18
 0.51398257149050E-18
 0.39143831463180E-18
 0.34145201144895E-18
 0.57855584332754E-18
 0.10786586692846E-18
 0.10880437879134E-18
 0.17175462086124E-18
 0.24533158517998E-18
 0.85980344895183E-19
 0.11166899067986E-18
 0.10824187456521E-19
 0.16932087783781E-19
 0.80225293573190E-20
 0.20800446427691E-20
 0.66320801179600E-20
 0.16051887434720E-20
 0.22741215144562E-20
 0.59162769922554E-20
 0.26181757321648E-21
 0.13297366758822E-22
 0.29497621886007E-21
 0.36173132840105E-21
 0.33682500052418E-20
 0.34542842259130E-22
 0.48747154282863E-22
 0.17085459841514E-23
 0.41913379979329E-23
 0.24496917002978E-26
 0.24943612189851E-24
 0.15704158435152E-24
 0.59208423787977E-23
   0.0000000000000000     
   0.0000000000000000     
   0.0000000000000000     
   0.0000000000000000     
   0.0000000000000000     
   0.0000000000000000     
   0.0000000000000000     
   0.0000000000000000     
   0.0000000000000000     
   0.0000000000000000     
   0.0000000000000000     
   0.0000000000000000     
   0.0000000000000000     
   0.0000000000000000     
   0.0000000000000000     
   0.0000000000000000     
   0.0000000000000000     
   0.0000000000000000     
   0.0000000000000000     
   0.0000000000000000     
   0.0000000000000000     
   0.0000000000000000     
 0.32961647418531E-18
 0.12673185358629E-17
 0.20875346508738E-17
 0.28514823499557E-17
 0.38826815369812E-17
 0.56707556045297E-17
 0.72029156041227E-17
 0.85867636730857E-17
 0.10660897166517E-16
 0.13845878788246E-16
 0.16121427958007E-16
 0.19229782871995E-16
 0.23400754221041E-16
 0.29120427750160E-16
 0.34092297760735E-16
 0.39377808391605E-16
 0.47262241082074E-16
 0.57261421655134E-16
 0.67088625111986E-16
 0.77257334041735E-16
 0.90703259297896E-16
 0.10918505841660E-15
 0.12930096384998E-15
 0.14395644890629E-15
 0.16860221543644E-15
 0.20578300380240E-15
 0.24086882536377E-15
 0.27501874160412E-15
 0.31783445640724E-15
 0.37013189066007E-15
 0.43346371676782E-15
 0.48799524068953E-15
 0.54498397148640E-15
 0.63503895927720E-15
 0.76942967353224E-15
 0.85253475004658E-15
 0.94180220188529E-15
 0.11032967972074E-14
 0.12814503783988E-14
 0.14635180260406E-14
 0.16346883308798E-14
 0.18524386028920E-14
 0.20643729778531E-14
 0.22865910627994E-14
 0.25717223727346E-14
 0.27897647464693E-14
 0.31904724253054E-14
 0.34096668118765E-14
 0.38511707550702E-14
 0.40568802334291E-14
 0.45376086098893E-14
 0.49002172147109E-14
 0.52064922939060E-14
 0.57244008468969E-14
 0.60028273100706E-14
 0.61576270421128E-14
 0.67782073574739E-14
 0.67497290308169E-14
 0.68484210313052E-14
 0.69970942689850E-14
 0.71681075994898E-14
 0.72149774643667E-14
 0.71171525592042E-14
 0.68928347207263E-14
 0.66671857540396E-14
 0.65994879277514E-14
 0.63676521093493E-14
 0.58026489274084E-14
 0.54067632422003E-14
 0.50694135450182E-14
 0.45483042992381E-14
 0.40606532335372E-14
 0.34820624750007E-14
 0.30797701936669E-14
 0.26024139723045E-14
 0.21629685477337E-14
 0.17200516050271E-14
 0.13604247376316E-14
 0.10389039397978E-14
 0.78200519117039E-15
 0.55854984784699E-15
 0.37902360895481E-15
 0.26208109525899E-15
 0.16852563685098E-15
 0.11421272311380E-15
 0.67695500736204E-16
 0.43476255742187E-16
 0.32809549249926E-16
 0.28107309493682E-16
 0.18787486105186E-16
 0.15668052021797E-16
 0.11474114548297E-16
 0.66609149976506E-17
 0.66972569836610E-17
 0.35221056960295E-17
 0.33557143019093E-17
 0.24235928700245E-17
 0.22640957430450E-17
 0.15237610919766E-17
 0.20976134394413E-17
 0.13080509148040E-17
 0.37534860511039E-18
 0.53679720017066E-18
 0.86410717401251E-18
 0.32285700306701E-18
 0.17538351417913E-18
 0.45527118310288E-18
 0.92301986387296E-19
 0.63211718998251E-20
 0.56607925362092E-20
 0.22223353354545E-19
 0.19286473585307E-19
 0.62194463685791E-20
 0.46380956151275E-20
 0.64982734844662E-20
 0.12507168684466E-20
 0.17553675970642E-20
 0.95313980534783E-21
 0.33215322257974E-20
 0.86694959361692E-20
 0.66253264695539E-21
 0.17656056697005E-21
 0.56238408745046E-22
 0.68985362809423E-22
 0.34474712306569E-26
 0.86046517801977E-23
 0.30642500756658E-24
 0.83519707023516E-26
   0.0000000000000000     
   0.0000000000000000     
   0.0000000000000000     
   0.0000000000000000     
   0.0000000000000000     
   0.0000000000000000     
   0.0000000000000000     
   0.0000000000000000     
   0.0000000000000000     
   0.0000000000000000     
   0.0000000000000000     
   0.0000000000000000     
   0.0000000000000000     
   0.0000000000000000     
   0.0000000000000000     
   0.0000000000000000     
   0.0000000000000000     
   0.0000000000000000     
   0.0000000000000000     
   0.0000000000000000     
   0.0000000000000000     
   0.0000000000000000     
   0.0000000000000000     
   0.0000000000000000     
   0.0000000000000000     
   0.0000000000000000     
 0.52162590503712E-18
 0.13010362092155E-17
 0.21339355123695E-17
 0.27753004616236E-17
 0.41524256867739E-17
 0.56525879542711E-17
 0.68105831871660E-17
 0.85142476716935E-17
 0.10990585111952E-16
 0.13727137291948E-16
 0.16393248450439E-16
 0.19258115105152E-16
 0.24007917251607E-16
 0.28908854529523E-16
 0.33004211253226E-16
 0.38298098220286E-16
 0.47376733269859E-16
 0.58009214822656E-16
 0.67203145483497E-16
 0.77240921136820E-16
 0.93247261453421E-16
 0.11176676062346E-15
 0.12844872688175E-15
 0.14844972444526E-15
 0.17762743998732E-15
 0.21217330851874E-15
 0.24305396418306E-15
 0.27181499892920E-15
 0.30831576940733E-15
 0.38522646637024E-15
 0.45129360860693E-15
 0.49426659696853E-15
 0.55358801618713E-15
 0.65795728006875E-15
 0.76535167313845E-15
 0.88298204963529E-15
 0.10034421341484E-14
 0.11850002275191E-14
 0.12518351641995E-14
 0.14641685093123E-14
 0.15976667883491E-14
 0.18941724869722E-14
 0.21295035984505E-14
 0.23232984347479E-14
 0.25975360920664E-14
 0.28763900299719E-14
 0.32781535954740E-14
 0.36199060217855E-14
 0.39319756659044E-14
 0.43991704797309E-14
 0.46928258727721E-14
 0.49556356954977E-14
 0.55811103817858E-14
 0.56547415405340E-14
 0.59409363985145E-14
 0.62614597958284E-14
 0.67747053616815E-14
 0.69041460013188E-14
 0.70604568035614E-14
 0.69278272607946E-14
 0.72389341104093E-14
 0.71586861763700E-14
 0.71555369991981E-14
 0.69784037486414E-14
 0.66643856578934E-14
 0.67076614774287E-14
 0.62742485954438E-14
 0.56362573707277E-14
 0.53379806960806E-14
 0.49816371384785E-14
 0.44922377772979E-14
 0.39537158563829E-14
 0.33761904494673E-14
 0.28967880333912E-14
 0.24034068283112E-14
 0.19631864525377E-14
 0.15538788292167E-14
 0.12087736039193E-14
 0.91898419477349E-15
 0.65617012440391E-15
 0.45068568477073E-15
 0.30262878784418E-15
 0.21478598059630E-15
 0.14132527624846E-15
 0.92581332031887E-16
 0.59281314955410E-16
 0.39715408063011E-16
 0.21401718663292E-16
 0.15634469626105E-16
 0.15434286092894E-16
 0.11620471231882E-16
 0.92208783568143E-17
 0.84378063152428E-17
 0.60639836455655E-17
 0.55070603557736E-17
 0.46425960284295E-17
 0.19909232983170E-17
 0.11725516675354E-17
 0.21136990013867E-17
 0.22438864428026E-17
 0.93562452909307E-18
 0.71654544467591E-18
 0.14580219241847E-17
 0.49813593938898E-18
 0.11712753885896E-18
 0.65124152390772E-19
 0.11174737552033E-18
 0.46062489781023E-19
 0.29956188931940E-19
 0.15968564780450E-19
 0.20955816135488E-19
 0.21209063372351E-19
 0.49997380454682E-20
 0.91302849644776E-20
 0.10810644635468E-19
 0.68012791419753E-20
 0.17498183871793E-20
 0.49249998049315E-21
 0.21763562902775E-21
 0.77537080076835E-23
 0.70809755988772E-22
 0.18967021860421E-19
 0.38739833094965E-20
 0.13585107864137E-24
   0.0000000000000000     
   0.0000000000000000     
   0.0000000000000000     
   0.0000000000000000     
   0.0000000000000000     
   0.0000000000000000     
   0.0000000000000000     
   0.0000000000000000     
   0.0000000000000000     
   0.0000000000000000     
   0.0000000000000000     
   0.0000000000000000     
   0.0000000000000000     
   0.0000000000000000     
   0.0000000000000000     
   0.0000000000000000     
   0.0000000000000000     
   0.0000000000000000     
   0.0000000000000000     
   0.0000000000000000     
   0.0000000000000000     
   0.0000000000000000     
   0.0000000000000000     
   0.0000000000000000     
   0.0000000000000000     
   0.0000000000000000     
   0.0000000000000000     
   0.0000000000000000     
   0.0000000000000000     
   0.0000000000000000     
 0.71067634961645E-18
 0.15202174886542E-17
 0.21993151473343E-17
 0.29589699461067E-17
 0.44331886524717E-17
 0.58043768684264E-17
 0.72782874388080E-17
 0.87636109100222E-17
 0.11332123948559E-16
 0.13604104327997E-16
 0.16060735270546E-16
 0.18553247935625E-16
 0.23949177134081E-16
 0.29461848584014E-16
 0.33967098317980E-16
 0.41179877103061E-16
 0.49050515568538E-16
 0.58913301112537E-16
 0.68861011747744E-16
 0.77366207760602E-16
 0.96909282455711E-16
 0.11545371297218E-15
 0.13244310837533E-15
 0.14621643364085E-15
 0.18017242816331E-15
 0.22303301423066E-15
 0.24881379194225E-15
 0.27749034343805E-15
 0.32663579788181E-15
 0.38031660961291E-15
 0.44919326436762E-15
 0.49569498041632E-15
 0.60115336460578E-15
 0.69283935919570E-15
 0.76456322277362E-15
 0.89704482656224E-15
 0.98487391823067E-15
 0.11891568925828E-14
 0.13405327033769E-14
 0.14833707913059E-14
 0.16799044242027E-14
 0.19158203560629E-14
 0.22146820968364E-14
 0.24916732486561E-14
 0.26519735096854E-14
 0.30956658204788E-14
 0.33556205690823E-14
 0.36372951940561E-14
 0.41635003347210E-14
 0.44368227392377E-14
 0.47015243467929E-14
 0.50467549314695E-14
 0.56333283095248E-14
 0.58689103811426E-14
 0.63107485211541E-14
 0.63466790289406E-14
 0.68408563173115E-14
 0.68072781022782E-14
 0.71715166246265E-14
 0.73666793392956E-14
 0.72904689631209E-14
 0.73599578928398E-14
 0.72561641534464E-14
 0.69944889580026E-14
 0.67752562729048E-14
 0.65338396208905E-14
 0.61785601430727E-14
 0.56889266277430E-14
 0.52872537672747E-14
 0.47896868637781E-14
 0.43048948940506E-14
 0.37125406744630E-14
 0.32075424743487E-14
 0.27401022961749E-14
 0.22341138597198E-14
 0.18025126440662E-14
 0.13703487874888E-14
 0.10601027669668E-14
 0.77657885454168E-15
 0.56020445433162E-15
 0.37892830950211E-15
 0.25367914838894E-15
 0.16093669765076E-15
 0.96091004113123E-16
 0.60329025387145E-16
 0.43749310061671E-16
 0.29505365270485E-16
 0.19473966797793E-16
 0.20979450759748E-16
 0.13210400125058E-16
 0.12525978769407E-16
 0.66780074771824E-17
 0.49509826700001E-17
 0.52517204602237E-17
 0.44734122043717E-17
 0.46214437033849E-17
 0.32477921272428E-17
 0.27846262768855E-17
 0.25816549936098E-17
 0.77942465053758E-18
 0.23120056862568E-18
 0.47901991632475E-18
 0.67050984300181E-18
 0.20590142207134E-18
 0.90651480107612E-19
 0.17628071193540E-18
 0.49418090235234E-19
 0.10233364348186E-18
 0.30007295679013E-19
 0.20016953943796E-19
 0.13204200620303E-19
 0.41364944491813E-20
 0.88555078911126E-20
 0.33363251481562E-20
 0.81541694897254E-21
 0.13469036398072E-20
 0.30615937464648E-20
 0.61270430518489E-20
 0.17658478270769E-25
   0.0000000000000000     
   0.0000000000000000     
   0.0000000000000000     
   0.0000000000000000     
   0.0000000000000000     
   0.0000000000000000     
   0.0000000000000000     
   0.0000000000000000     
   0.0000000000000000     
   0.0000000000000000     
   0.0000000000000000     
   0.0000000000000000     
   0.0000000000000000     
   0.0000000000000000     
   0.0000000000000000     
   0.0000000000000000     
   0.0000000000000000     
   0.0000000000000000     
   0.0000000000000000     
   0.0000000000000000     
   0.0000000000000000     
   0.0000000000000000     
   0.0000000000000000     
   0.0000000000000000     
   0.0000000000000000     
   0.0000000000000000     
   0.0000000000000000     
   0.0000000000000000     
   0.0000000000000000     
   0.0000000000000000     
   0.0000000000000000     
   0.0000000000000000     
   0.0000000000000000     
   0.0000000000000000     
 0.13182859875953E-18
 0.89932781029714E-18
 0.16251762551697E-17
 0.23217721560488E-17
 0.31417087560630E-17
 0.44197061455811E-17
 0.57271534608206E-17
 0.70400274021633E-17
 0.87091683904338E-17
 0.11553570554830E-16
 0.14176366992689E-16
 0.17345147764385E-16
 0.19620468398137E-16
 0.24691048699404E-16
 0.30119240983136E-16
 0.33109661718532E-16
 0.40447815109518E-16
 0.51689474385519E-16
 0.61659322386616E-16
 0.69469818213694E-16
 0.82309140779489E-16
 0.10255337863275E-15
 0.11861449532549E-15
 0.13404763923695E-15
 0.15375156188503E-15
 0.17864455214417E-15
 0.21980655927654E-15
 0.24983882741357E-15
 0.29087594512947E-15
 0.33873717762671E-15
 0.38527053569216E-15
 0.45949747010749E-15
 0.53164160877151E-15
 0.60029489078967E-15
 0.71772756682924E-15
 0.80000969868799E-15
 0.90299209880954E-15
 0.10444871762498E-14
 0.12384955559430E-14
 0.14153460494006E-14
 0.15835790582197E-14
 0.17301156126918E-14
 0.20367188250013E-14
 0.22598969476218E-14
 0.24470935539966E-14
 0.28625780803975E-14
 0.31535121926721E-14
 0.34201196273198E-14
 0.37361018582446E-14
 0.42988737014196E-14
 0.45780283565280E-14
 0.50205691013855E-14
 0.53385667019921E-14
 0.55613249721819E-14
 0.60038857792879E-14
 0.62662577397657E-14
 0.66737223755630E-14
 0.69830279815532E-14
 0.70104563419564E-14
 0.73057187278251E-14
 0.74709278955128E-14
 0.74019677928823E-14
 0.74409801565830E-14
 0.70479761795178E-14
 0.70782287638442E-14
 0.68080004147879E-14
 0.65652457080809E-14
 0.61619291519060E-14
 0.56778567060291E-14
 0.51529878627507E-14
 0.46511909243428E-14
 0.41819688125159E-14
 0.35519759250680E-14
 0.30635329109458E-14
 0.25315882701495E-14
 0.20473512288325E-14
 0.15924206895611E-14
 0.12272570332103E-14
 0.92388043655043E-15
 0.65059577594362E-15
 0.44275100171070E-15
 0.28558622776383E-15
 0.18666225668292E-15
 0.11013961022264E-15
 0.70227724124143E-16
 0.47649772299413E-16
 0.32188918595941E-16
 0.25364919357845E-16
 0.19338629990955E-16
 0.16028478819340E-16
 0.16320628115519E-16
 0.96505348813687E-17
 0.11327962565359E-16
 0.83032027657806E-17
 0.44528255982928E-17
 0.38603197307524E-17
 0.20741459280479E-17
 0.24049341792857E-17
 0.19483315221830E-17
 0.14294606073238E-17
 0.41311412493062E-18
 0.46066162219669E-18
 0.57612473988688E-18
 0.17159952560098E-18
 0.82262795191776E-19
 0.13854555329697E-18
 0.77849725706034E-19
 0.14055118976430E-18
 0.95946220257775E-19
 0.38690107587173E-19
 0.77851603511219E-20
 0.23207145225488E-19
 0.14793024059527E-19
 0.89920406112267E-20
 0.10258911582981E-19
 0.12218583163239E-20
   0.0000000000000000     
   0.0000000000000000     
   0.0000000000000000     
   0.0000000000000000     
   0.0000000000000000     
   0.0000000000000000     
   0.0000000000000000     
   0.0000000000000000     
   0.0000000000000000     
   0.0000000000000000     
   0.0000000000000000     
   0.0000000000000000     
   0.0000000000000000     
   0.0000000000000000     
   0.0000000000000000     
   0.0000000000000000     
   0.0000000000000000     
   0.0000000000000000     
   0.0000000000000000     
   0.0000000000000000     
   0.0000000000000000     
   0.0000000000000000     
   0.0000000000000000     
   0.0000000000000000     
   0.0000000000000000     
   0.0000000000000000     
   0.0000000000000000     
   0.0000000000000000     
   0.0000000000000000     
   0.0000000000000000     
   0.0000000000000000     
   0.0000000000000000     
   0.0000000000000000     
   0.0000000000000000     
   0.0000000000000000     
   0.0000000000000000     
   0.0000000000000000     
   0.0000000000000000     
 0.30388643716551E-18
 0.95500385230097E-18
 0.16410785564306E-17
 0.23197080687766E-17
 0.34865409177947E-17
 0.48447361382769E-17
 0.60368979103176E-17
 0.67958175594140E-17
 0.93327100513981E-17
 0.11883771664967E-16
 0.14178822895814E-16
 0.16779678142614E-16
 0.21230528035245E-16
 0.26377683202967E-16
 0.30128240032832E-16
 0.35370140525585E-16
 0.43992829419698E-16
 0.54460607971804E-16
 0.63511473897087E-16
 0.70157557290404E-16
 0.82674353505571E-16
 0.10074431583288E-15
 0.12392702481531E-15
 0.13696682971139E-15
 0.16045796948785E-15
 0.18810985208745E-15
 0.22047435885011E-15
 0.25934233352002E-15
 0.29388681741401E-15
 0.35131858760305E-15
 0.42216754892994E-15
 0.46482280489121E-15
 0.53280292712863E-15
 0.62861890713922E-15
 0.74333334287748E-15
 0.85775700626172E-15
 0.90770290343375E-15
 0.10712607842786E-14
 0.12722950336599E-14
 0.14365067113918E-14
 0.16062902155285E-14
 0.19020418255042E-14
 0.20588592787521E-14
 0.23214583560031E-14
 0.25080659243585E-14
 0.29604700436196E-14
 0.32822770071466E-14
 0.36160392738057E-14
 0.40091169294126E-14
 0.42867634357149E-14
 0.46877557931961E-14
 0.49993923557861E-14
 0.53874984069936E-14
 0.60053816247462E-14
 0.61171558186460E-14
 0.64151084735311E-14
 0.69748496518030E-14
 0.73109624885225E-14
 0.71867837194475E-14
 0.74239175230309E-14
 0.73106841397054E-14
 0.76700171448911E-14
 0.74839311266097E-14
 0.72390098079536E-14
 0.71225876996718E-14
 0.68166343664524E-14
 0.64282153303657E-14
 0.60219474658390E-14
 0.55899863458846E-14
 0.50550725917660E-14
 0.45303363520873E-14
 0.39537379626633E-14
 0.33320928601543E-14
 0.28498668229669E-14
 0.23260672802010E-14
 0.18491480550888E-14
 0.14011445172460E-14
 0.10363209488332E-14
 0.74856779349924E-15
 0.50582219193249E-15
 0.31837577014079E-15
 0.18820050927677E-15
 0.12030834916720E-15
 0.69758000381854E-16
 0.48308756620289E-16
 0.37026355947280E-16
 0.33741474964868E-16
 0.21083596886237E-16
 0.24050206928065E-16
 0.14841750142917E-16
 0.74976055694599E-17
 0.97101577034995E-17
 0.68330594246898E-17
 0.76809172451976E-17
 0.61937519086364E-17
 0.11938565834798E-17
 0.19345717930163E-17
 0.18997407043915E-17
 0.16549167111354E-17
 0.55161915423141E-18
 0.12133114727943E-17
 0.60022722020859E-18
 0.17211893304055E-18
 0.45870957594276E-18
 0.62926271552232E-18
 0.28361985150014E-18
 0.97429801854714E-19
 0.17146453958753E-18
 0.77099714155440E-20
 0.35997197446584E-19
 0.33572411363238E-19
 0.26669891450792E-19
   0.0000000000000000     
   0.0000000000000000     
   0.0000000000000000     
   0.0000000000000000     
   0.0000000000000000     
   0.0000000000000000     
   0.0000000000000000     
   0.0000000000000000     
   0.0000000000000000     
   0.0000000000000000     
   0.0000000000000000     
   0.0000000000000000     
   0.0000000000000000     
   0.0000000000000000     
   0.0000000000000000     
   0.0000000000000000     
   0.0000000000000000     
   0.0000000000000000     
   0.0000000000000000     
   0.0000000000000000     
   0.0000000000000000     
   0.0000000000000000     
   0.0000000000000000     
   0.0000000000000000     
   0.0000000000000000     
   0.0000000000000000     
   0.0000000000000000     
   0.0000000000000000     
   0.0000000000000000     
   0.0000000000000000     
   0.0000000000000000     
   0.0000000000000000     
   0.0000000000000000     
   0.0000000000000000     
   0.0000000000000000     
   0.0000000000000000     
   0.0000000000000000     
   0.0000000000000000     
   0.0000000000000000     
   0.0000000000000000     
   0.0000000000000000     
   0.0000000000000000     
 0.52253634629702E-18
 0.11775111394054E-17
 0.17195229378926E-17
 0.24966248660136E-17
 0.38036301738984E-17
 0.47850657667717E-17
 0.60624013561474E-17
 0.77037622341505E-17
 0.98226651552999E-17
 0.12244266081207E-16
 0.14342363306784E-16
 0.17064936178369E-16
 0.22299856071385E-16
 0.27354977934557E-16
 0.30850232720505E-16
 0.36287401623634E-16
 0.45088852990939E-16
 0.56505056037114E-16
 0.64374611720463E-16
 0.71483721605984E-16
 0.89716502820769E-16
 0.10176890830642E-15
 0.11916571605891E-15
 0.13747206187613E-15
 0.16409788180465E-15
 0.20778947209453E-15
 0.23810299953594E-15
 0.26653758893489E-15
 0.31446152407458E-15
 0.36691176568760E-15
 0.42735759613082E-15
 0.50024024389522E-15
 0.53567471237211E-15
 0.65501794704824E-15
 0.77298669256346E-15
 0.84520608035667E-15
 0.98158370076739E-15
 0.11595170034926E-14
 0.13006398554254E-14
 0.14847250886950E-14
 0.16391381709479E-14
 0.19300465331672E-14
 0.22330342433404E-14
 0.23771153192917E-14
 0.27354896042641E-14
 0.30614404479468E-14
 0.33526470677450E-14
 0.37112893134363E-14
 0.39812030801594E-14
 0.44875581229620E-14
 0.49356725284029E-14
 0.51710734832371E-14
 0.57580987426826E-14
 0.61699398647927E-14
 0.64658324450842E-14
 0.66872458712269E-14
 0.70204723037061E-14
 0.72672742498006E-14
 0.74830095109113E-14
 0.76014334832809E-14
 0.76725403623234E-14
 0.77336028461352E-14
 0.75893004403918E-14
 0.73177496232896E-14
 0.71127622982699E-14
 0.68866104728923E-14
 0.64491553584249E-14
 0.59901762011774E-14
 0.54862838685714E-14
 0.49448986611442E-14
 0.43650997966069E-14
 0.37632219866188E-14
 0.31724043445370E-14
 0.26402277945488E-14
 0.21178043574287E-14
 0.16264659829417E-14
 0.11840232611619E-14
 0.80211277917545E-15
 0.53486078224938E-15
 0.33269249968506E-15
 0.18980533413928E-15
 0.11848585566743E-15
 0.77327067733652E-16
 0.48528295416841E-16
 0.42850497682076E-16
 0.28827453469210E-16
 0.24859352977213E-16
 0.19455175140736E-16
 0.14960052038552E-16
 0.13622071827687E-16
 0.90461775124261E-17
 0.55848695498922E-17
 0.58890077775437E-17
 0.50797595916888E-17
 0.40341058470951E-17
 0.25540926070336E-17
 0.38657016558091E-17
 0.76652722162660E-18
 0.64376261649181E-18
 0.18574527409681E-17
 0.11849340427055E-17
 0.71514228585386E-18
 0.42109613017651E-18
 0.89959000139750E-18
 0.17587847228132E-18
 0.17799020197467E-18
 0.49846094064907E-20
   0.0000000000000000     
   0.0000000000000000     
   0.0000000000000000     
   0.0000000000000000     
   0.0000000000000000     
   0.0000000000000000     
   0.0000000000000000     
   0.0000000000000000     
   0.0000000000000000     
   0.0000000000000000     
   0.0000000000000000     
   0.0000000000000000     
   0.0000000000000000     
   0.0000000000000000     
   0.0000000000000000     
   0.0000000000000000     
   0.0000000000000000     
   0.0000000000000000     
   0.0000000000000000     
   0.0000000000000000     
   0.0000000000000000     
   0.0000000000000000     
   0.0000000000000000     
   0.0000000000000000     
   0.0000000000000000     
   0.0000000000000000     
   0.0000000000000000     
   0.0000000000000000     
   0.0000000000000000     
   0.0000000000000000     
   0.0000000000000000     
   0.0000000000000000     
   0.0000000000000000     
   0.0000000000000000     
   0.0000000000000000     
   0.0000000000000000     
   0.0000000000000000     
   0.0000000000000000     
   0.0000000000000000     
   0.0000000000000000     
   0.0000000000000000     
   0.0000000000000000     
   0.0000000000000000     
   0.0000000000000000     
   0.0000000000000000     
   0.0000000000000000     
   0.0000000000000000     
 0.66771745076218E-18
 0.12862128178778E-17
 0.19952863907561E-17
 0.25834532760488E-17
 0.39390905464477E-17
 0.51405029915381E-17
 0.62891686039048E-17
 0.79270223418897E-17
 0.10432801831479E-16
 0.12646589158036E-16
 0.15262939315821E-16
 0.17545103123317E-16
 0.23079781146612E-16
 0.27787691924257E-16
 0.31388243006705E-16
 0.36947396416910E-16
 0.46647385933012E-16
 0.53686328932731E-16
 0.65184672641583E-16
 0.70986713350562E-16
 0.93678194332854E-16
 0.11398492968054E-15
 0.12805062367768E-15
 0.14716768491032E-15
 0.17659455487797E-15
 0.20798281271821E-15
 0.23638770899141E-15
 0.27511296012864E-15
 0.31242214191943E-15
 0.38285780506521E-15
 0.45203147210090E-15
 0.49063287167491E-15
 0.58086160931549E-15
 0.68578247495239E-15
 0.79202932011835E-15
 0.89389243504028E-15
 0.10226840296523E-14
 0.11946002603681E-14
 0.14532115015254E-14
 0.15262348786736E-14
 0.17846321814943E-14
 0.20663935646866E-14
 0.22424028196514E-14
 0.25285527465648E-14
 0.27797444858148E-14
 0.31285064689525E-14
 0.36798097900234E-14
 0.38797789990189E-14
 0.41946330535480E-14
 0.46977922128612E-14
 0.52098240912821E-14
 0.55291153748989E-14
 0.59899572878651E-14
 0.61768415401632E-14
 0.66436110363773E-14
 0.69519993165619E-14
 0.73696496234631E-14
 0.75410497715956E-14
 0.78311166145309E-14
 0.78231353234826E-14
 0.78302012448067E-14
 0.77629182877233E-14
 0.77889364862737E-14
 0.74824143715135E-14
 0.72788928883621E-14
 0.69190216104813E-14
 0.64393698876756E-14
 0.59252567474990E-14
 0.54040019848728E-14
 0.48518838268118E-14
 0.42496892073037E-14
 0.36012705481607E-14
 0.29589011030213E-14
 0.23398440709421E-14
 0.17674252154042E-14
 0.12730573135076E-14
 0.82787405552883E-15
 0.53387801995827E-15
 0.31809543596266E-15
 0.17968416879385E-15
 0.11078570213356E-15
 0.76132716527483E-16
 0.50293686777858E-16
 0.36926622892289E-16
 0.25694064828220E-16
 0.20096051485194E-16
 0.15768560078654E-16
 0.13956400634280E-16
 0.12428244925523E-16
 0.74500694148547E-17
 0.57463152134361E-17
 0.78643510627446E-17
 0.70792538193376E-17
 0.26484587401000E-17
 0.30077507247054E-17
 0.24021612061654E-17
 0.30204185994564E-17
 0.58129252116427E-18
 0.48665896453354E-18
 0.17845230621287E-17
 0.39632219573702E-18
 0.43292400736867E-18
 0.83400811536210E-19
   0.0000000000000000     
   0.0000000000000000     
   0.0000000000000000     
   0.0000000000000000     
   0.0000000000000000     
   0.0000000000000000     
   0.0000000000000000     
   0.0000000000000000     
   0.0000000000000000     
   0.0000000000000000     
   0.0000000000000000     
   0.0000000000000000     
   0.0000000000000000     
   0.0000000000000000     
   0.0000000000000000     
   0.0000000000000000     
   0.0000000000000000     
   0.0000000000000000     
   0.0000000000000000     
   0.0000000000000000     
   0.0000000000000000     
   0.0000000000000000     
   0.0000000000000000     
   0.0000000000000000     
   0.0000000000000000     
   0.0000000000000000     
   0.0000000000000000     
   0.0000000000000000     
   0.0000000000000000     
   0.0000000000000000     
   0.0000000000000000     
   0.0000000000000000     
   0.0000000000000000     
   0.0000000000000000     
   0.0000000000000000     
   0.0000000000000000     
   0.0000000000000000     
   0.0000000000000000     
   0.0000000000000000     
   0.0000000000000000     
   0.0000000000000000     
   0.0000000000000000     
   0.0000000000000000     
   0.0000000000000000     
   0.0000000000000000     
   0.0000000000000000     
   0.0000000000000000     
   0.0000000000000000     
   0.0000000000000000     
   0.0000000000000000     
 0.16452106741232E-18
 0.83906071301422E-18
 0.14980125489069E-17
 0.20970131122109E-17
 0.28408095260348E-17
 0.40839164021481E-17
 0.53450636520730E-17
 0.65724744971910E-17
 0.80983879166698E-17
 0.11031697853685E-16
 0.13050489138159E-16
 0.15456934924768E-16
 0.18842664204020E-16
 0.23072624205326E-16
 0.29039313111593E-16
 0.33515479474067E-16
 0.37894572256681E-16
 0.51007301757750E-16
 0.59997131107806E-16
 0.67476355810971E-16
 0.79690475067232E-16
 0.97647184688644E-16
 0.11414175028152E-15
 0.12966599859381E-15
 0.15182987049977E-15
 0.18255123914893E-15
 0.22075828483812E-15
 0.25357664155157E-15
 0.28501449405271E-15
 0.34212372675113E-15
 0.40695355000748E-15
 0.45779749075042E-15
 0.53036314257879E-15
 0.62779992057656E-15
 0.70163242046598E-15
 0.88118282580798E-15
 0.92270449145319E-15
 0.11222866201242E-14
 0.13215703809538E-14
 0.14282914850120E-14
 0.16328164916518E-14
 0.18748621815572E-14
 0.21057861232932E-14
 0.24503109765007E-14
 0.26910803895982E-14
 0.29295812406121E-14
 0.32925176955985E-14
 0.37656616414895E-14
 0.42142606762529E-14
 0.45345641832576E-14
 0.49723946144626E-14
 0.52341492008975E-14
 0.57630679567588E-14
 0.61799061138434E-14
 0.66292947919122E-14
 0.69143293972021E-14
 0.74477008590944E-14
 0.75763502682412E-14
 0.77501200487333E-14
 0.79426532233419E-14
 0.81848108789017E-14
 0.81377129273787E-14
 0.80884692476850E-14
 0.79669452059753E-14
 0.76554427646055E-14
 0.73711210318674E-14
 0.69683150311120E-14
 0.65614841508672E-14
 0.60035885689224E-14
 0.53913990003018E-14
 0.46937949122856E-14
 0.39825855607793E-14
 0.32127445551724E-14
 0.24531080651971E-14
 0.17526990137195E-14
 0.12020003722069E-14
 0.74782450451045E-15
 0.45230992128228E-15
 0.26567756274715E-15
 0.15867257935966E-15
 0.92844361926327E-16
 0.57202443566813E-16
 0.43984479785050E-16
 0.33956648375965E-16
 0.28953760008928E-16
 0.25304464933213E-16
 0.20210074620110E-16
 0.16202737219732E-16
 0.16770516529672E-16
 0.12791257887700E-16
 0.90508343184492E-17
 0.46700472447293E-17
 0.41930415404339E-17
 0.57148783644727E-17
 0.22668312677228E-17
 0.14195825976781E-17
 0.22591018168545E-17
 0.18915734952603E-17
 0.24285046888274E-17
   0.0000000000000000     
   0.0000000000000000     
   0.0000000000000000     
   0.0000000000000000     
   0.0000000000000000     
   0.0000000000000000     
   0.0000000000000000     
   0.0000000000000000     
   0.0000000000000000     
   0.0000000000000000     
   0.0000000000000000     
   0.0000000000000000     
   0.0000000000000000     
   0.0000000000000000     
   0.0000000000000000     
   0.0000000000000000     
   0.0000000000000000     
   0.0000000000000000     
   0.0000000000000000     
   0.0000000000000000     
   0.0000000000000000     
   0.0000000000000000     
   0.0000000000000000     
   0.0000000000000000     
   0.0000000000000000     
   0.0000000000000000     
   0.0000000000000000     
   0.0000000000000000     
   0.0000000000000000     
   0.0000000000000000     
   0.0000000000000000     
   0.0000000000000000     
   0.0000000000000000     
   0.0000000000000000     
   0.0000000000000000     
   0.0000000000000000     
   0.0000000000000000     
   0.0000000000000000     
   0.0000000000000000     
   0.0000000000000000     
   0.0000000000000000     
   0.0000000000000000     
   0.0000000000000000     
   0.0000000000000000     
   0.0000000000000000     
   0.0000000000000000     
   0.0000000000000000     
   0.0000000000000000     
   0.0000000000000000     
   0.0000000000000000     
   0.0000000000000000     
   0.0000000000000000     
   0.0000000000000000     
   0.0000000000000000     
   0.0000000000000000     
 0.31282493888408E-18
 0.94461660610520E-18
 0.15958728234280E-17
 0.21665940804225E-17
 0.33019336226920E-17
 0.44556270537482E-17
 0.57117468756861E-17
 0.68597757066740E-17
 0.88526513936200E-17
 0.11207981519713E-16
 0.13503561840891E-16
 0.15814842706599E-16
 0.20243337888204E-16
 0.26100616692229E-16
 0.30075938869908E-16
 0.35008101525995E-16
 0.42596798507255E-16
 0.50955764205501E-16
 0.60547800432449E-16
 0.67970013488577E-16
 0.83498379943846E-16
 0.10220395137631E-15
 0.12090437950789E-15
 0.13136169420072E-15
 0.16149914437290E-15
 0.19592969503790E-15
 0.23350820230266E-15
 0.26073554696174E-15
 0.30822597245336E-15
 0.36643229303717E-15
 0.41033241174867E-15
 0.49553082574174E-15
 0.56303349740832E-15
 0.67798843236949E-15
 0.79641963019723E-15
 0.88287510352404E-15
 0.96735813230540E-15
 0.11631032325733E-14
 0.13413693234370E-14
 0.15641127035553E-14
 0.17861271008266E-14
 0.19354192992567E-14
 0.22188032294036E-14
 0.25175758622681E-14
 0.28001345645729E-14
 0.31922144436739E-14
 0.36023901585589E-14
 0.39751924523210E-14
 0.42083485315585E-14
 0.47475668180372E-14
 0.52033487763281E-14
 0.56264799226424E-14
 0.60862787287049E-14
 0.66046536591134E-14
 0.68615058425575E-14
 0.72215669216866E-14
 0.76164246405129E-14
 0.80212044969133E-14
 0.81740739806286E-14
 0.83189274797594E-14
 0.85500203778952E-14
 0.84882481052909E-14
 0.83949419687987E-14
 0.82393846438077E-14
 0.79931540248766E-14
 0.76905507472713E-14
 0.72058723851714E-14
 0.65859981540218E-14
 0.58910505089287E-14
 0.50542028415463E-14
 0.41269360919094E-14
 0.32348419640564E-14
 0.23469371270342E-14
 0.16273326909639E-14
 0.10539467884896E-14
 0.64054851808067E-15
 0.36087890024250E-15
 0.19756534908591E-15
 0.12038992011192E-15
 0.78880583396929E-16
 0.63007055166249E-16
 0.49853445499117E-16
 0.37541327195336E-16
 0.29951724963992E-16
 0.25721048126777E-16
 0.20196606753785E-16
 0.11991135578176E-16
 0.11289556496051E-16
 0.13776127845342E-16
 0.10513833104232E-16
 0.97960589907342E-17
 0.84574803558604E-17
 0.55542720330272E-17
 0.45652363656485E-17
 0.20394185464424E-17
   0.0000000000000000     
   0.0000000000000000     
   0.0000000000000000     
   0.0000000000000000     
   0.0000000000000000     
   0.0000000000000000     
   0.0000000000000000     
   0.0000000000000000     
   0.0000000000000000     
   0.0000000000000000     
   0.0000000000000000     
   0.0000000000000000     
   0.0000000000000000     
   0.0000000000000000     
   0.0000000000000000     
   0.0000000000000000     
   0.0000000000000000     
   0.0000000000000000     
   0.0000000000000000     
   0.0000000000000000     
   0.0000000000000000     
   0.0000000000000000     
   0.0000000000000000     
   0.0000000000000000     
   0.0000000000000000     
   0.0000000000000000     
   0.0000000000000000     
   0.0000000000000000     
   0.0000000000000000     
   0.0000000000000000     
   0.0000000000000000     
   0.0000000000000000     
   0.0000000000000000     
   0.0000000000000000     
   0.0000000000000000     
   0.0000000000000000     
   0.0000000000000000     
   0.0000000000000000     
   0.0000000000000000     
   0.0000000000000000     
   0.0000000000000000     
   0.0000000000000000     
   0.0000000000000000     
   0.0000000000000000     
   0.0000000000000000     
   0.0000000000000000     
   0.0000000000000000     
   0.0000000000000000     
   0.0000000000000000     
   0.0000000000000000     
   0.0000000000000000     
   0.0000000000000000     
   0.0000000000000000     
   0.0000000000000000     
   0.0000000000000000     
   0.0000000000000000     
   0.0000000000000000     
   0.0000000000000000     
   0.0000000000000000     
 0.50387539324781E-18
 0.11158022263910E-17
 0.17692101283834E-17
 0.24337944879554E-17
 0.35407086725875E-17
 0.46793425249870E-17
 0.58316609110559E-17
 0.68693967296768E-17
 0.95704373018219E-17
 0.11913468029025E-16
 0.14322902302348E-16
 0.16400981355573E-16
 0.21671018717221E-16
 0.25738943979554E-16
 0.31075228108349E-16
 0.35901282154985E-16
 0.44588158930598E-16
 0.52946800387731E-16
 0.61700401402690E-16
 0.70938381562442E-16
 0.91328078096069E-16
 0.10597830942691E-15
 0.12743621537853E-15
 0.14302195324130E-15
 0.17415446157926E-15
 0.20477527540875E-15
 0.23724263695158E-15
 0.27462530369341E-15
 0.32776097885269E-15
 0.38449460645517E-15
 0.45364741961602E-15
 0.52181179252581E-15
 0.58329699417534E-15
 0.69294463553325E-15
 0.82034996432288E-15
 0.94009088482590E-15
 0.10853128148934E-14
 0.12435408172866E-14
 0.14333814119423E-14
 0.15878894631328E-14
 0.18285632455101E-14
 0.20966955815177E-14
 0.24164896194631E-14
 0.27130258963208E-14
 0.29975888696329E-14
 0.33226958475624E-14
 0.38087091641184E-14
 0.42021315586294E-14
 0.45614644492331E-14
 0.49891021021618E-14
 0.55066152722333E-14
 0.59250393985915E-14
 0.64091075402675E-14
 0.68632766190843E-14
 0.73480589759791E-14
 0.77443882036527E-14
 0.80996608541948E-14
 0.85264573276326E-14
 0.87337622513422E-14
 0.88527644386637E-14
 0.90209541862247E-14
 0.89781416308345E-14
 0.89428301531217E-14
 0.86823922392996E-14
 0.83319653589107E-14
 0.78031683113164E-14
 0.70249932417044E-14
 0.60711233408317E-14
 0.50779550123059E-14
 0.40156242723046E-14
 0.30391654462449E-14
 0.20868076284862E-14
 0.13449334223718E-14
 0.81808624855449E-15
 0.46740749413487E-15
 0.27350896524101E-15
 0.16886983016252E-15
 0.11722481326687E-15
 0.77141929526123E-16
 0.56851089601689E-16
 0.41653994847144E-16
 0.37420356406448E-16
 0.37454208765368E-16
 0.30063068287136E-16
 0.25248048158198E-16
 0.22342517481065E-16
 0.17253956941138E-16
 0.13414397049653E-16
 0.94267124395790E-17
 0.76873006060361E-17
 0.80952331550736E-17
   0.0000000000000000     
   0.0000000000000000     
   0.0000000000000000     
   0.0000000000000000     
   0.0000000000000000     
   0.0000000000000000     
   0.0000000000000000     
   0.0000000000000000     
   0.0000000000000000     
   0.0000000000000000     
   0.0000000000000000     
   0.0000000000000000     
   0.0000000000000000     
   0.0000000000000000     
   0.0000000000000000     
   0.0000000000000000     
   0.0000000000000000     
   0.0000000000000000     
   0.0000000000000000     
   0.0000000000000000     
   0.0000000000000000     
   0.0000000000000000     
   0.0000000000000000     
   0.0000000000000000     
   0.0000000000000000     
   0.0000000000000000     
   0.0000000000000000     
   0.0000000000000000     
   0.0000000000000000     
   0.0000000000000000     
   0.0000000000000000     
   0.0000000000000000     
   0.0000000000000000     
   0.0000000000000000     
   0.0000000000000000     
   0.0000000000000000     
   0.0000000000000000     
   0.0000000000000000     
   0.0000000000000000     
   0.0000000000000000     
   0.0000000000000000     
   0.0000000000000000     
   0.0000000000000000     
   0.0000000000000000     
   0.0000000000000000     
   0.0000000000000000     
   0.0000000000000000     
   0.0000000000000000     
   0.0000000000000000     
   0.0000000000000000     
   0.0000000000000000     
   0.0000000000000000     
   0.0000000000000000     
   0.0000000000000000     
   0.0000000000000000     
   0.0000000000000000     
   0.0000000000000000     
   0.0000000000000000     
   0.0000000000000000     
   0.0000000000000000     
   0.0000000000000000     
   0.0000000000000000     
 0.31769335171053E-19
 0.67731199129971E-18
 0.13163018348952E-17
 0.18799471216934E-17
 0.24439502024073E-17
 0.38902935158280E-17
 0.51239560381970E-17
 0.61318697370044E-17
 0.78110440690960E-17
 0.10118447816368E-16
 0.12541629713955E-16
 0.14966119793181E-16
 0.17871343588883E-16
 0.22874143031844E-16
 0.26346589964738E-16
 0.32299244705838E-16
 0.36654413767626E-16
 0.48637105168190E-16
 0.55137487346161E-16
 0.67045314223499E-16
 0.75642426571442E-16
 0.94473451342825E-16
 0.11136022617906E-15
 0.12924880784873E-15
 0.15220130231792E-15
 0.18878329439644E-15
 0.21520327039747E-15
 0.24922221887884E-15
 0.28602085649666E-15
 0.34276918287037E-15
 0.40474220689155E-15
 0.47406962056307E-15
 0.54551538738644E-15
 0.64156404159984E-15
 0.76053670569793E-15
 0.87082224401379E-15
 0.99891530016736E-15
 0.11573920653866E-14
 0.13278119116073E-14
 0.15329818924262E-14
 0.17247929867249E-14
 0.19756954743040E-14
 0.22543953493445E-14
 0.25706120490797E-14
 0.28766683757228E-14
 0.31838531559237E-14
 0.35441428379972E-14
 0.39421533411705E-14
 0.44678736368294E-14
 0.48991954224501E-14
 0.54088376411136E-14
 0.58947085074380E-14
 0.64866676978166E-14
 0.69397226709406E-14
 0.74195302263813E-14
 0.79478637457802E-14
 0.84157472803554E-14
 0.87807789196284E-14
 0.91438125797305E-14
 0.93430252318316E-14
 0.95913164284595E-14
 0.97135006065976E-14
 0.95702336284200E-14
 0.93418082895846E-14
 0.87974238686784E-14
 0.80425691370507E-14
 0.70936787025968E-14
 0.60549326059697E-14
 0.47756349455093E-14
 0.36058097225821E-14
 0.25211871983323E-14
 0.16792488700864E-14
 0.10263256154848E-14
 0.62469693393751E-15
 0.36348363979002E-15
 0.22795706653557E-15
 0.13387335180048E-15
 0.90757745605384E-16
 0.78333296183428E-16
 0.60357153702548E-16
 0.53349873839193E-16
 0.38150983755561E-16
 0.39765126469624E-16
 0.39257581369882E-16
 0.20069455310280E-16
 0.24241753046304E-16
 0.14433720857271E-16
   0.0000000000000000     
   0.0000000000000000     
   0.0000000000000000     
   0.0000000000000000     
   0.0000000000000000     
   0.0000000000000000     
   0.0000000000000000     
   0.0000000000000000     
   0.0000000000000000     
   0.0000000000000000     
   0.0000000000000000     
   0.0000000000000000     
   0.0000000000000000     
   0.0000000000000000     
   0.0000000000000000     
   0.0000000000000000     
   0.0000000000000000     
   0.0000000000000000     
   0.0000000000000000     
   0.0000000000000000     
   0.0000000000000000     
   0.0000000000000000     
   0.0000000000000000     
   0.0000000000000000     
   0.0000000000000000     
   0.0000000000000000     
   0.0000000000000000     
   0.0000000000000000     
   0.0000000000000000     
   0.0000000000000000     
   0.0000000000000000     
   0.0000000000000000     
   0.0000000000000000     
   0.0000000000000000     
   0.0000000000000000     
   0.0000000000000000     
   0.0000000000000000     
   0.0000000000000000     
   0.0000000000000000     
   0.0000000000000000     
   0.0000000000000000     
   0.0000000000000000     
   0.0000000000000000     
   0.0000000000000000     
   0.0000000000000000     
   0.0000000000000000     
   0.0000000000000000     
   0.0000000000000000     
   0.0000000000000000     
   0.0000000000000000     
   0.0000000000000000     
   0.0000000000000000     
   0.0000000000000000     
   0.0000000000000000     
   0.0000000000000000     
   0.0000000000000000     
   0.0000000000000000     
   0.0000000000000000     
   0.0000000000000000     
   0.0000000000000000     
   0.0000000000000000     
   0.0000000000000000     
   0.0000000000000000     
   0.0000000000000000     
   0.0000000000000000     
   0.0000000000000000     
   0.0000000000000000     
 0.18869912869304E-18
 0.85660468007540E-18
 0.14487546694580E-17
 0.20942743003148E-17
 0.29429260434594E-17
 0.40414117283157E-17
 0.54130929892566E-17
 0.66168870587070E-17
 0.83552423489389E-17
 0.10806743565788E-16
 0.12582127291929E-16
 0.16103621372457E-16
 0.19112819350458E-16
 0.24996634342364E-16
 0.28715949756774E-16
 0.34456129530366E-16
 0.40009825400345E-16
 0.49659037842516E-16
 0.57672206003102E-16
 0.68159784358010E-16
 0.82846994371000E-16
 0.10415633816431E-15
 0.11763010015091E-15
 0.13910510514486E-15
 0.16401605431361E-15
 0.19759760400945E-15
 0.22826254254644E-15
 0.26052433882184E-15
 0.31479755692212E-15
 0.37440918079953E-15
 0.43502317627624E-15
 0.50365336407976E-15
 0.58147675489761E-15
 0.69200201175547E-15
 0.81927155255921E-15
 0.91038528906950E-15
 0.10219639275844E-14
 0.12250597970996E-14
 0.14270813574534E-14
 0.16198341795960E-14
 0.18373679785090E-14
 0.20820690955964E-14
 0.23848370674810E-14
 0.26679944575962E-14
 0.29999807127212E-14
 0.34630631237103E-14
 0.38758994964869E-14
 0.43713393340709E-14
 0.48473083214803E-14
 0.53831234761470E-14
 0.59053366643682E-14
 0.63850838120614E-14
 0.70160376343071E-14
 0.76041478939542E-14
 0.81308464053299E-14
 0.86716118554283E-14
 0.91491636380516E-14
 0.95904022553113E-14
 0.99804568279842E-14
 0.10177200165275E-13
 0.10304877871601E-13
 0.10142145648309E-13
 0.96387896452781E-14
 0.88741472853048E-14
 0.79610955609185E-14
 0.67956553572276E-14
 0.54616563034526E-14
 0.41388016509133E-14
 0.29357171339377E-14
 0.20119507452763E-14
 0.12688124888951E-14
 0.78738857106245E-15
 0.43942600673008E-15
 0.28400082483429E-15
 0.17051588256817E-15
 0.12499591251902E-15
 0.96459607546926E-16
 0.77707397458355E-16
 0.77841174739925E-16
 0.61120977843799E-16
 0.33906776845753E-16
 0.36521621987658E-16
 0.36705085828140E-16
   0.0000000000000000     
   0.0000000000000000     
   0.0000000000000000     
   0.0000000000000000     
   0.0000000000000000     
   0.0000000000000000     
   0.0000000000000000     
   0.0000000000000000     
   0.0000000000000000     
   0.0000000000000000     
   0.0000000000000000     
   0.0000000000000000     
   0.0000000000000000     
   0.0000000000000000     
   0.0000000000000000     
   0.0000000000000000     
   0.0000000000000000     
   0.0000000000000000     
   0.0000000000000000     
   0.0000000000000000     
   0.0000000000000000     
   0.0000000000000000     
   0.0000000000000000     
   0.0000000000000000     
   0.0000000000000000     
   0.0000000000000000     
   0.0000000000000000     
   0.0000000000000000     
   0.0000000000000000     
   0.0000000000000000     
   0.0000000000000000     
   0.0000000000000000     
   0.0000000000000000     
   0.0000000000000000     
   0.0000000000000000     
   0.0000000000000000     
   0.0000000000000000     
   0.0000000000000000     
   0.0000000000000000     
   0.0000000000000000     
   0.0000000000000000     
   0.0000000000000000     
   0.0000000000000000     
   0.0000000000000000     
   0.0000000000000000     
   0.0000000000000000     
   0.0000000000000000     
   0.0000000000000000     
   0.0000000000000000     
   0.0000000000000000     
   0.0000000000000000     
   0.0000000000000000     
   0.0000000000000000     
   0.0000000000000000     
   0.0000000000000000     
   0.0000000000000000     
   0.0000000000000000     
   0.0000000000000000     
   0.0000000000000000     
   0.0000000000000000     
   0.0000000000000000     
   0.0000000000000000     
   0.0000000000000000     
   0.0000000000000000     
   0.0000000000000000     
   0.0000000000000000     
   0.0000000000000000     
   0.0000000000000000     
   0.0000000000000000     
   0.0000000000000000     
   0.0000000000000000     
 0.37105690427337E-18
 0.94882590997809E-18
 0.15694094068657E-17
 0.22687929423686E-17
 0.32856657285882E-17
 0.43267687635309E-17
 0.55829370585041E-17
 0.70765498843084E-17
 0.91190763527258E-17
 0.11862136663430E-16
 0.14286797144097E-16
 0.16490386091875E-16
 0.20266271392427E-16
 0.25599217573522E-16
 0.29830380116437E-16
 0.34752632029190E-16
 0.43459610012454E-16
 0.54110297421025E-16
 0.62449750010424E-16
 0.73268844869411E-16
 0.89164580539530E-16
 0.11169386127232E-15
 0.12561933589464E-15
 0.14373754364773E-15
 0.17475722550915E-15
 0.21285381593064E-15
 0.24594842155735E-15
 0.28683632137357E-15
 0.33717639018287E-15
 0.39817006971847E-15
 0.47500241461913E-15
 0.54496101714543E-15
 0.62010214890929E-15
 0.73567250765688E-15
 0.86769403238522E-15
 0.97456231913091E-15
 0.11408857948697E-14
 0.13180824217601E-14
 0.15097228319193E-14
 0.17239342605129E-14
 0.19031923566237E-14
 0.22491649153416E-14
 0.26302767065897E-14
 0.29234509825573E-14
 0.33591048856723E-14
 0.37895071198181E-14
 0.42892532731282E-14
 0.47958035054600E-14
 0.52395375752857E-14
 0.58715673487838E-14
 0.65177107651775E-14
 0.71541813378354E-14
 0.77611850099259E-14
 0.84041915401305E-14
 0.90569604311916E-14
 0.96938223857128E-14
 0.10246587528145E-13
 0.10559214111187E-13
 0.10818315321597E-13
 0.10612021790415E-13
 0.10232325770535E-13
 0.95142428226318E-14
 0.86289286085185E-14
 0.72510238503881E-14
 0.59067564641177E-14
 0.45528053385857E-14
 0.33355784110816E-14
 0.22363401590644E-14
 0.14523673831204E-14
 0.89859198623199E-15
 0.57852469725497E-15
 0.34915230948776E-15
 0.22742326930824E-15
 0.15709420553214E-15
 0.12659073493807E-15
 0.83197610847857E-16
 0.50578318503095E-16
 0.61250862484042E-16
   0.0000000000000000     
   0.0000000000000000     
   0.0000000000000000     
   0.0000000000000000     
   0.0000000000000000     
   0.0000000000000000     
   0.0000000000000000     
   0.0000000000000000     
   0.0000000000000000     
   0.0000000000000000     
   0.0000000000000000     
   0.0000000000000000     
   0.0000000000000000     
   0.0000000000000000     
   0.0000000000000000     
   0.0000000000000000     
   0.0000000000000000     
   0.0000000000000000     
   0.0000000000000000     
   0.0000000000000000     
   0.0000000000000000     
   0.0000000000000000     
   0.0000000000000000     
   0.0000000000000000     
   0.0000000000000000     
   0.0000000000000000     
   0.0000000000000000     
   0.0000000000000000     
   0.0000000000000000     
   0.0000000000000000     
   0.0000000000000000     
   0.0000000000000000     
   0.0000000000000000     
   0.0000000000000000     
   0.0000000000000000     
   0.0000000000000000     
   0.0000000000000000     
   0.0000000000000000     
   0.0000000000000000     
   0.0000000000000000     
   0.0000000000000000     
   0.0000000000000000     
   0.0000000000000000     
   0.0000000000000000     
   0.0000000000000000     
   0.0000000000000000     
   0.0000000000000000     
   0.0000000000000000     
   0.0000000000000000     
   0.0000000000000000     
   0.0000000000000000     
   0.0000000000000000     
   0.0000000000000000     
   0.0000000000000000     
   0.0000000000000000     
   0.0000000000000000     
   0.0000000000000000     
   0.0000000000000000     
   0.0000000000000000     
   0.0000000000000000     
   0.0000000000000000     
   0.0000000000000000     
   0.0000000000000000     
   0.0000000000000000     
   0.0000000000000000     
   0.0000000000000000     
   0.0000000000000000     
   0.0000000000000000     
   0.0000000000000000     
   0.0000000000000000     
   0.0000000000000000     
   0.0000000000000000     
   0.0000000000000000     
   0.0000000000000000     
   0.0000000000000000     
   0.0000000000000000     
 0.54890658367949E-18
 0.11532122248712E-17
 0.17178325525502E-17
 0.22819454587703E-17
 0.35523296416569E-17
 0.50907477204426E-17
 0.62925894025343E-17
 0.72236325668715E-17
 0.97758686907508E-17
 0.12447444121815E-16
 0.14558712929568E-16
 0.16797996427330E-16
 0.22355731403489E-16
 0.26772227192001E-16
 0.33024662518890E-16
 0.36602250304819E-16
 0.47025604600982E-16
 0.59183541322264E-16
 0.66461789998306E-16
 0.76791867392241E-16
 0.94605845230909E-16
 0.11509595635371E-15
 0.13650042414032E-15
 0.15374840804963E-15
 0.19193765869607E-15
 0.22075365395910E-15
 0.26572768189604E-15
 0.30238790238159E-15
 0.37154076224794E-15
 0.42694680016459E-15
 0.50692894417767E-15
 0.58745203833052E-15
 0.67461401195477E-15
 0.80854826028626E-15
 0.91519544891357E-15
 0.10447078493107E-14
 0.12194764662546E-14
 0.13967414772853E-14
 0.16660590190539E-14
 0.19090195253272E-14
 0.21596024907439E-14
 0.25211825991147E-14
 0.28861795053560E-14
 0.32925945398604E-14
 0.37685550752452E-14
 0.41838402249474E-14
 0.47693193409237E-14
 0.53482180000949E-14
 0.59660347442818E-14
 0.66352543199918E-14
 0.73217431408097E-14
 0.81404848705480E-14
 0.89170841040616E-14
 0.95902384326257E-14
 0.10205083777275E-13
 0.10675061360954E-13
 0.10968212588316E-13
 0.10852341389982E-13
 0.10514622830457E-13
 0.98589750202575E-14
 0.88779286486175E-14
 0.76050359330451E-14
 0.62442784884149E-14
 0.47763418546706E-14
 0.35482883359255E-14
 0.24717019599841E-14
 0.16613171653408E-14
 0.10092757045634E-14
 0.65569747503181E-15
 0.36800953742730E-15
 0.27950270044798E-15
 0.10864162489995E-15
 0.10819881657460E-15
 0.87869615147231E-16
   0.0000000000000000     
   0.0000000000000000     
   0.0000000000000000     
   0.0000000000000000     
   0.0000000000000000     
   0.0000000000000000     
   0.0000000000000000     
   0.0000000000000000     
   0.0000000000000000     
   0.0000000000000000     
   0.0000000000000000     
   0.0000000000000000     
   0.0000000000000000     
   0.0000000000000000     
   0.0000000000000000     
   0.0000000000000000     
   0.0000000000000000     
   0.0000000000000000     
   0.0000000000000000     
   0.0000000000000000     
   0.0000000000000000     
   0.0000000000000000     
   0.0000000000000000     
   0.0000000000000000     
   0.0000000000000000     
   0.0000000000000000     
   0.0000000000000000     
   0.0000000000000000     
   0.0000000000000000     
   0.0000000000000000     
   0.0000000000000000     
   0.0000000000000000     
   0.0000000000000000     
   0.0000000000000000     
   0.0000000000000000     
   0.0000000000000000     
   0.0000000000000000     
   0.0000000000000000     
   0.0000000000000000     
   0.0000000000000000     
   0.0000000000000000     
   0.0000000000000000     
   0.0000000000000000     
   0.0000000000000000     
   0.0000000000000000     
   0.0000000000000000     
   0.0000000000000000     
   0.0000000000000000     
   0.0000000000000000     
   0.0000000000000000     
   0.0000000000000000     
   0.0000000000000000     
   0.0000000000000000     
   0.0000000000000000     
   0.0000000000000000     
   0.0000000000000000     
   0.0000000000000000     
   0.0000000000000000     
   0.0000000000000000     
   0.0000000000000000     
   0.0000000000000000     
   0.0000000000000000     
   0.0000000000000000     
   0.0000000000000000     
   0.0000000000000000     
   0.0000000000000000     
   0.0000000000000000     
   0.0000000000000000     
   0.0000000000000000     
   0.0000000000000000     
   0.0000000000000000     
   0.0000000000000000     
   0.0000000000000000     
   0.0000000000000000     
   0.0000000000000000     
   0.0000000000000000     
   0.0000000000000000     
   0.0000000000000000     
   0.0000000000000000     
 0.72401602873997E-19
 0.68128697898049E-18
 0.14094009407086E-17
 0.21238985272021E-17
 0.27313934423508E-17
 0.39629295132257E-17
 0.52101314568859E-17
 0.64127276502329E-17
 0.76443978120058E-17
 0.10905482402564E-16
 0.12562758361592E-16
 0.16049001232355E-16
 0.18821883051981E-16
 0.23833827861568E-16
 0.29572947099720E-16
 0.33755998214036E-16
 0.40855217185651E-16
 0.50377446029415E-16
 0.59998667693009E-16
 0.74361551662645E-16
 0.84271609962188E-16
 0.10694217456600E-15
 0.12318615849749E-15
 0.14258946492679E-15
 0.16869650869723E-15
 0.20472145297163E-15
 0.24506489490476E-15
 0.27694849526089E-15
 0.32895749593654E-15
 0.39388037738583E-15
 0.46429531374781E-15
 0.54121046125981E-15
 0.61425927748793E-15
 0.74055157279109E-15
 0.86552250113349E-15
 0.99322296124935E-15
 0.11681712602264E-14
 0.13646537818570E-14
 0.15762336370032E-14
 0.18393362322908E-14
 0.21232275469960E-14
 0.24903640531284E-14
 0.28608451879182E-14
 0.32391734397133E-14
 0.36865509942700E-14
 0.42110872434757E-14
 0.48185454013231E-14
 0.54468642604613E-14
 0.61371424528414E-14
 0.68964843909676E-14
 0.77324579098958E-14
 0.85469634711623E-14
 0.93142688141245E-14
 0.99892197828345E-14
 0.10529501474628E-13
 0.10748385304619E-13
 0.10767349986167E-13
 0.10465157727212E-13
 0.99106042872917E-14
 0.88042991172595E-14
 0.76027797999927E-14
 0.62302607707650E-14
 0.49308011401453E-14
 0.35670802426282E-14
 0.24696477589586E-14
 0.17096506796574E-14
 0.11622860838171E-14
 0.72671725028184E-15
 0.30375402076970E-15
 0.28259588747504E-15
   0.0000000000000000     
   0.0000000000000000     
   0.0000000000000000     
   0.0000000000000000     
   0.0000000000000000     
   0.0000000000000000     
   0.0000000000000000     
   0.0000000000000000     
   0.0000000000000000     
   0.0000000000000000     
   0.0000000000000000     
   0.0000000000000000     
   0.0000000000000000     
   0.0000000000000000     
   0.0000000000000000     
   0.0000000000000000     
   0.0000000000000000     
   0.0000000000000000     
   0.0000000000000000     
   0.0000000000000000     
   0.0000000000000000     
   0.0000000000000000     
   0.0000000000000000     
   0.0000000000000000     
   0.0000000000000000     
   0.0000000000000000     
   0.0000000000000000     
   0.0000000000000000     
   0.0000000000000000     
   0.0000000000000000     
   0.0000000000000000     
   0.0000000000000000     
   0.0000000000000000     
   0.0000000000000000     
   0.0000000000000000     
   0.0000000000000000     
   0.0000000000000000     
   0.0000000000000000     
   0.0000000000000000     
   0.0000000000000000     
   0.0000000000000000     
   0.0000000000000000     
   0.0000000000000000     
   0.0000000000000000     
   0.0000000000000000     
   0.0000000000000000     
   0.0000000000000000     
   0.0000000000000000     
   0.0000000000000000     
   0.0000000000000000     
   0.0000000000000000     
   0.0000000000000000     
   0.0000000000000000     
   0.0000000000000000     
   0.0000000000000000     
   0.0000000000000000     
   0.0000000000000000     
   0.0000000000000000     
   0.0000000000000000     
   0.0000000000000000     
   0.0000000000000000     
   0.0000000000000000     
   0.0000000000000000     
   0.0000000000000000     
   0.0000000000000000     
   0.0000000000000000     
   0.0000000000000000     
   0.0000000000000000     
   0.0000000000000000     
   0.0000000000000000     
   0.0000000000000000     
   0.0000000000000000     
   0.0000000000000000     
   0.0000000000000000     
   0.0000000000000000     
   0.0000000000000000     
   0.0000000000000000     
   0.0000000000000000     
   0.0000000000000000     
   0.0000000000000000     
   0.0000000000000000     
   0.0000000000000000     
   0.0000000000000000     
   0.0000000000000000     
 0.24374464482184E-18
 0.87447372761524E-18
 0.14973330193625E-17
 0.20883642409304E-17
 0.29611599288969E-17
 0.44788653153583E-17
 0.54959358167199E-17
 0.69022210152684E-17
 0.86145768564894E-17
 0.11392873371850E-16
 0.13990986422149E-16
 0.16655253307205E-16
 0.20507428339634E-16
 0.25926518311183E-16
 0.30526506851531E-16
 0.37075463322275E-16
 0.45054458246378E-16
 0.57206440044975E-16
 0.66019679921949E-16
 0.73603958647499E-16
 0.91665894995431E-16
 0.11054895725825E-15
 0.13355883499042E-15
 0.15179575328851E-15
 0.18497977798344E-15
 0.22530192963229E-15
 0.25783770687165E-15
 0.30660392904535E-15
 0.35650941802501E-15
 0.43427980904570E-15
 0.50145162317673E-15
 0.58141524181008E-15
 0.67731050344787E-15
 0.83326973685159E-15
 0.94398571089367E-15
 0.10974375463645E-14
 0.13009853843700E-14
 0.15329009672013E-14
 0.18113599051769E-14
 0.21006481950287E-14
 0.24324297659470E-14
 0.28224455974969E-14
 0.32680587915871E-14
 0.37671271965514E-14
 0.43210323788726E-14
 0.49643760506425E-14
 0.56723753318990E-14
 0.64703194697813E-14
 0.72784510318033E-14
 0.81001579667914E-14
 0.88836093898172E-14
 0.95462232665723E-14
 0.10103923687905E-13
 0.10385569265794E-13
 0.10351764426492E-13
 0.10089406532046E-13
 0.94212791705942E-14
 0.84349096773230E-14
 0.72619403025900E-14
 0.58957939095421E-14
 0.47333454857147E-14
 0.32959244975714E-14
 0.26144935308056E-14
 0.12213655569386E-14
 0.93275296532302E-15
 0.10102359962059E-15
   0.0000000000000000     
   0.0000000000000000     
   0.0000000000000000     
   0.0000000000000000     
   0.0000000000000000     
   0.0000000000000000     
   0.0000000000000000     
   0.0000000000000000     
   0.0000000000000000     
   0.0000000000000000     
   0.0000000000000000     
   0.0000000000000000     
   0.0000000000000000     
   0.0000000000000000     
   0.0000000000000000     
   0.0000000000000000     
   0.0000000000000000     
   0.0000000000000000     
   0.0000000000000000     
   0.0000000000000000     
   0.0000000000000000     
   0.0000000000000000     
   0.0000000000000000     
   0.0000000000000000     
   0.0000000000000000     
   0.0000000000000000     
   0.0000000000000000     
   0.0000000000000000     
   0.0000000000000000     
   0.0000000000000000     
   0.0000000000000000     
   0.0000000000000000     
   0.0000000000000000     
   0.0000000000000000     
   0.0000000000000000     
   0.0000000000000000     
   0.0000000000000000     
   0.0000000000000000     
   0.0000000000000000     
   0.0000000000000000     
   0.0000000000000000     
   0.0000000000000000     
   0.0000000000000000     
   0.0000000000000000     
   0.0000000000000000     
   0.0000000000000000     
   0.0000000000000000     
   0.0000000000000000     
   0.0000000000000000     
   0.0000000000000000     
   0.0000000000000000     
   0.0000000000000000     
   0.0000000000000000     
   0.0000000000000000     
   0.0000000000000000     
   0.0000000000000000     
   0.0000000000000000     
   0.0000000000000000     
   0.0000000000000000     
   0.0000000000000000     
   0.0000000000000000     
   0.0000000000000000     
   0.0000000000000000     
   0.0000000000000000     
   0.0000000000000000     
   0.0000000000000000     
   0.0000000000000000     
   0.0000000000000000     
   0.0000000000000000     
   0.0000000000000000     
   0.0000000000000000     
   0.0000000000000000     
   0.0000000000000000     
   0.0000000000000000     
   0.0000000000000000     
   0.0000000000000000     
   0.0000000000000000     
   0.0000000000000000     
   0.0000000000000000     
   0.0000000000000000     
   0.0000000000000000     
   0.0000000000000000     
   0.0000000000000000     
   0.0000000000000000     
   0.0000000000000000     
   0.0000000000000000     
   0.0000000000000000     
   0.0000000000000000     
 0.41145864081920E-18
 0.10773618948085E-17
 0.16966150231848E-17
 0.23335085760551E-17
 0.34187050310637E-17
 0.47510827800157E-17
 0.59177872060207E-17
 0.75248743418850E-17
 0.93827549574285E-17
 0.12353411498886E-16
 0.14869469447363E-16
 0.17673926887681E-16
 0.23359730804677E-16
 0.28775631335686E-16
 0.33572997214098E-16
 0.38266258049860E-16
 0.47713255137793E-16
 0.59472759835599E-16
 0.69166615217774E-16
 0.84246420253050E-16
 0.99870796654954E-16
 0.12275418725530E-15
 0.14133806272311E-15
 0.16520638782224E-15
 0.20283478923083E-15
 0.24249338433646E-15
 0.28925116561913E-15
 0.33134597251670E-15
 0.39071997317922E-15
 0.48425602300698E-15
 0.56619663446381E-15
 0.64014567176519E-15
 0.75165162393111E-15
 0.91593391158300E-15
 0.10768172192894E-14
 0.12702543220154E-14
 0.15207707579241E-14
 0.17753312995043E-14
 0.21043126360146E-14
 0.24452802995330E-14
 0.28786465107874E-14
 0.33593565384664E-14
 0.39014038868610E-14
 0.45121233351118E-14
 0.52256795638985E-14
 0.59601012199704E-14
 0.68015500983819E-14
 0.76086083591382E-14
 0.82300747892522E-14
 0.89220099228099E-14
 0.93796798205373E-14
 0.96317142117443E-14
 0.95781544482129E-14
 0.92965529029778E-14
 0.85447260791681E-14
 0.76316632216182E-14
 0.66335722994936E-14
 0.54655456422928E-14
 0.40444421161341E-14
 0.25394514543362E-14
 0.18360305458576E-14
   0.0000000000000000     
   0.0000000000000000     
   0.0000000000000000     
   0.0000000000000000     
   0.0000000000000000     
   0.0000000000000000     
   0.0000000000000000     
   0.0000000000000000     
   0.0000000000000000     
   0.0000000000000000     
   0.0000000000000000     
   0.0000000000000000     
   0.0000000000000000     
   0.0000000000000000     
   0.0000000000000000     
   0.0000000000000000     
   0.0000000000000000     
   0.0000000000000000     
   0.0000000000000000     
   0.0000000000000000     
   0.0000000000000000     
   0.0000000000000000     
   0.0000000000000000     
   0.0000000000000000     
   0.0000000000000000     
   0.0000000000000000     
   0.0000000000000000     
   0.0000000000000000     
   0.0000000000000000     
   0.0000000000000000     
   0.0000000000000000     
   0.0000000000000000     
   0.0000000000000000     
   0.0000000000000000     
   0.0000000000000000     
   0.0000000000000000     
   0.0000000000000000     
   0.0000000000000000     
   0.0000000000000000     
   0.0000000000000000     
   0.0000000000000000     
   0.0000000000000000     
   0.0000000000000000     
   0.0000000000000000     
   0.0000000000000000     
   0.0000000000000000     
   0.0000000000000000     
   0.0000000000000000     
   0.0000000000000000     
   0.0000000000000000     
   0.0000000000000000     
   0.0000000000000000     
   0.0000000000000000     
   0.0000000000000000     
   0.0000000000000000     
   0.0000000000000000     
   0.0000000000000000     
   0.0000000000000000     
   0.0000000000000000     
   0.0000000000000000     
   0.0000000000000000     
   0.0000000000000000     
   0.0000000000000000     
   0.0000000000000000     
   0.0000000000000000     
   0.0000000000000000     
   0.0000000000000000     
   0.0000000000000000     
   0.0000000000000000     
   0.0000000000000000     
   0.0000000000000000     
   0.0000000000000000     
   0.0000000000000000     
   0.0000000000000000     
   0.0000000000000000     
   0.0000000000000000     
   0.0000000000000000     
   0.0000000000000000     
   0.0000000000000000     
   0.0000000000000000     
   0.0000000000000000     
   0.0000000000000000     
   0.0000000000000000     
   0.0000000000000000     
   0.0000000000000000     
   0.0000000000000000     
   0.0000000000000000     
   0.0000000000000000     
   0.0000000000000000     
   0.0000000000000000     
   0.0000000000000000     
   0.0000000000000000     
   0.0000000000000000     
 0.59278606260483E-18
 0.12155807428690E-17
 0.18567008062833E-17
 0.25643186555340E-17
 0.37595844985167E-17
 0.51808519091930E-17
 0.66382797079024E-17
 0.80787485257533E-17
 0.10879209556184E-16
 0.13741539872030E-16
 0.16218199790451E-16
 0.18465925291407E-16
 0.24536322275765E-16
 0.30486589799897E-16
 0.36694771058186E-16
 0.42990041314400E-16
 0.52952898977585E-16
 0.65983856650440E-16
 0.75699533954688E-16
 0.86744186235974E-16
 0.11184485616280E-15
 0.13373869203918E-15
 0.16032133735460E-15
 0.18173830743961E-15
 0.22474344553897E-15
 0.26911457564311E-15
 0.32597012770375E-15
 0.37311162335053E-15
 0.44024410625459E-15
 0.54073327208471E-15
 0.62297723154973E-15
 0.74811631611218E-15
 0.90255339495489E-15
 0.10842159583533E-14
 0.12714606193521E-14
 0.15161285348697E-14
 0.17967167106233E-14
 0.21387305105806E-14
 0.25198223664075E-14
 0.29436698728068E-14
 0.34797071974656E-14
 0.40584530263392E-14
 0.47287303997636E-14
 0.54742779150516E-14
 0.61839788926698E-14
 0.68686223620936E-14
 0.75286288261285E-14
 0.80444184800458E-14
 0.84384357685008E-14
 0.85236325730625E-14
 0.87322812072230E-14
 0.79941925241803E-14
 0.73916030732716E-14
 0.63830573216571E-14
 0.46402143988684E-14
 0.35237337687688E-14
   0.0000000000000000     
   0.0000000000000000     
   0.0000000000000000     
   0.0000000000000000     
   0.0000000000000000     
   0.0000000000000000     
   0.0000000000000000     
   0.0000000000000000     
   0.0000000000000000     
   0.0000000000000000     
   0.0000000000000000     
   0.0000000000000000     
   0.0000000000000000     
   0.0000000000000000     
   0.0000000000000000     
   0.0000000000000000     
   0.0000000000000000     
   0.0000000000000000     
   0.0000000000000000     
   0.0000000000000000     
   0.0000000000000000     
   0.0000000000000000     
   0.0000000000000000     
   0.0000000000000000     
   0.0000000000000000     
   0.0000000000000000     
   0.0000000000000000     
   0.0000000000000000     
   0.0000000000000000     
   0.0000000000000000     
   0.0000000000000000     
   0.0000000000000000     
   0.0000000000000000     
   0.0000000000000000     
   0.0000000000000000     
   0.0000000000000000     
   0.0000000000000000     
   0.0000000000000000     
   0.0000000000000000     
   0.0000000000000000     
   0.0000000000000000     
   0.0000000000000000     
   0.0000000000000000     
   0.0000000000000000     
   0.0000000000000000     
   0.0000000000000000     
   0.0000000000000000     
   0.0000000000000000     
   0.0000000000000000     
   0.0000000000000000     
   0.0000000000000000     
   0.0000000000000000     
   0.0000000000000000     
   0.0000000000000000     
   0.0000000000000000     
   0.0000000000000000     
   0.0000000000000000     
   0.0000000000000000     
   0.0000000000000000     
   0.0000000000000000     
   0.0000000000000000     
   0.0000000000000000     
   0.0000000000000000     
   0.0000000000000000     
   0.0000000000000000     
   0.0000000000000000     
   0.0000000000000000     
   0.0000000000000000     
   0.0000000000000000     
   0.0000000000000000     
   0.0000000000000000     
   0.0000000000000000     
   0.0000000000000000     
   0.0000000000000000     
   0.0000000000000000     
   0.0000000000000000     
   0.0000000000000000     
   0.0000000000000000     
   0.0000000000000000     
   0.0000000000000000     
   0.0000000000000000     
   0.0000000000000000     
   0.0000000000000000     
   0.0000000000000000     
   0.0000000000000000     
   0.0000000000000000     
   0.0000000000000000     
   0.0000000000000000     
   0.0000000000000000     
   0.0000000000000000     
   0.0000000000000000     
   0.0000000000000000     
   0.0000000000000000     
   0.0000000000000000     
   0.0000000000000000     
   0.0000000000000000     
   0.0000000000000000     
 0.12987124185155E-18
 0.77418648868243E-18
 0.13803021512480E-17
 0.21800956322131E-17
 0.30940885027196E-17
 0.43168857263912E-17
 0.59492842208119E-17
 0.70885432207021E-17
 0.86790959863125E-17
 0.11781816634467E-16
 0.14430989180773E-16
 0.18310771613634E-16
 0.21698780890986E-16
 0.27784732163320E-16
 0.33730571256971E-16
 0.39937983557396E-16
 0.45401009625002E-16
 0.59174884647805E-16
 0.72205887747468E-16
 0.84984792831521E-16
 0.10356438199396E-15
 0.12362392386907E-15
 0.15073105299323E-15
 0.17515192086182E-15
 0.20701814801210E-15
 0.25963528068912E-15
 0.30461497549321E-15
 0.35979658957461E-15
 0.41692149500562E-15
 0.51802710316472E-15
 0.63096827312180E-15
 0.75954559854596E-15
 0.90114310232267E-15
 0.10809605376130E-14
 0.12927315917717E-14
 0.15407381402880E-14
 0.18501939986358E-14
 0.22142431815289E-14
 0.26563086519120E-14
 0.31073030068966E-14
 0.36633729137712E-14
 0.42865582554601E-14
 0.49072893296220E-14
 0.55813274081910E-14
 0.60911038155978E-14
 0.66061512210678E-14
 0.69459145660907E-14
 0.72446988332158E-14
 0.70216836315605E-14
 0.68245244546192E-14
 0.59115777385294E-14
 0.47759448802818E-14
 0.24615343716079E-14
   0.0000000000000000     
   0.0000000000000000     
   0.0000000000000000     
   0.0000000000000000     
   0.0000000000000000     
   0.0000000000000000     
   0.0000000000000000     
   0.0000000000000000     
   0.0000000000000000     
   0.0000000000000000     
   0.0000000000000000     
   0.0000000000000000     
   0.0000000000000000     
   0.0000000000000000     
   0.0000000000000000     
   0.0000000000000000     
   0.0000000000000000     
   0.0000000000000000     
   0.0000000000000000     
   0.0000000000000000     
   0.0000000000000000     
   0.0000000000000000     
   0.0000000000000000     
   0.0000000000000000     
   0.0000000000000000     
   0.0000000000000000     
   0.0000000000000000     
   0.0000000000000000     
   0.0000000000000000     
   0.0000000000000000     
   0.0000000000000000     
   0.0000000000000000     
   0.0000000000000000     
   0.0000000000000000     
   0.0000000000000000     
   0.0000000000000000     
   0.0000000000000000     
   0.0000000000000000     
   0.0000000000000000     
   0.0000000000000000     
   0.0000000000000000     
   0.0000000000000000     
   0.0000000000000000     
   0.0000000000000000     
   0.0000000000000000     
   0.0000000000000000     
   0.0000000000000000     
   0.0000000000000000     
   0.0000000000000000     
   0.0000000000000000     
   0.0000000000000000     
   0.0000000000000000     
   0.0000000000000000     
   0.0000000000000000     
   0.0000000000000000     
   0.0000000000000000     
   0.0000000000000000     
   0.0000000000000000     
   0.0000000000000000     
   0.0000000000000000     
   0.0000000000000000     
   0.0000000000000000     
   0.0000000000000000     
   0.0000000000000000     
   0.0000000000000000     
   0.0000000000000000     
   0.0000000000000000     
   0.0000000000000000     
   0.0000000000000000     
   0.0000000000000000     
   0.0000000000000000     
   0.0000000000000000     
   0.0000000000000000     
   0.0000000000000000     
   0.0000000000000000     
   0.0000000000000000     
   0.0000000000000000     
   0.0000000000000000     
   0.0000000000000000     
   0.0000000000000000     
   0.0000000000000000     
   0.0000000000000000     
   0.0000000000000000     
   0.0000000000000000     
   0.0000000000000000     
   0.0000000000000000     
   0.0000000000000000     
   0.0000000000000000     
   0.0000000000000000     
   0.0000000000000000     
   0.0000000000000000     
   0.0000000000000000     
   0.0000000000000000     
   0.0000000000000000     
   0.0000000000000000     
   0.0000000000000000     
   0.0000000000000000     
   0.0000000000000000     
   0.0000000000000000     
   0.0000000000000000     
   0.0000000000000000     
 0.31962352242118E-18
 0.10113041460146E-17
 0.17584285052176E-17
 0.23992083193095E-17
 0.34374431427135E-17
 0.47336224801175E-17
 0.64506564276058E-17
 0.80249879702495E-17
 0.10188730092747E-16
 0.13251553194361E-16
 0.16404854358587E-16
 0.19237221111268E-16
 0.23577930553098E-16
 0.29995345712397E-16
 0.36830518469147E-16
 0.43028828238992E-16
 0.53735750524804E-16
 0.67497665167176E-16
 0.78982067810714E-16
 0.94490601614918E-16
 0.11316347578739E-15
 0.14250267814901E-15
 0.17290459720232E-15
 0.19884499459224E-15
 0.24008046452908E-15
 0.29088484491267E-15
 0.35396846510654E-15
 0.43026625623096E-15
 0.52907585593586E-15
 0.63071173818485E-15
 0.76365869210989E-15
 0.91796093004955E-15
 0.11166904923927E-14
 0.13499568816921E-14
 0.16419495365471E-14
 0.19662746071003E-14
 0.23305971754738E-14
 0.27877707255475E-14
 0.32804270445844E-14
 0.37821428347017E-14
 0.42911324642757E-14
 0.47573524252364E-14
 0.53056828635860E-14
 0.53593634973740E-14
 0.58082746025634E-14
 0.52202712000336E-14
 0.51191856928570E-14
 0.33276900302845E-14
   0.0000000000000000     
   0.0000000000000000     
   0.0000000000000000     
   0.0000000000000000     
   0.0000000000000000     
   0.0000000000000000     
   0.0000000000000000     
   0.0000000000000000     
   0.0000000000000000     
   0.0000000000000000     
   0.0000000000000000     
   0.0000000000000000     
   0.0000000000000000     
   0.0000000000000000     
   0.0000000000000000     
   0.0000000000000000     
   0.0000000000000000     
   0.0000000000000000     
   0.0000000000000000     
   0.0000000000000000     
   0.0000000000000000     
   0.0000000000000000     
   0.0000000000000000     
   0.0000000000000000     
   0.0000000000000000     
   0.0000000000000000     
   0.0000000000000000     
   0.0000000000000000     
   0.0000000000000000     
   0.0000000000000000     
   0.0000000000000000     
   0.0000000000000000     
   0.0000000000000000     
   0.0000000000000000     
   0.0000000000000000     
   0.0000000000000000     
   0.0000000000000000     
   0.0000000000000000     
   0.0000000000000000     
   0.0000000000000000     
   0.0000000000000000     
   0.0000000000000000     
   0.0000000000000000     
   0.0000000000000000     
   0.0000000000000000     
   0.0000000000000000     
   0.0000000000000000     
   0.0000000000000000     
   0.0000000000000000     
   0.0000000000000000     
   0.0000000000000000     
   0.0000000000000000     
   0.0000000000000000     
   0.0000000000000000     
   0.0000000000000000     
   0.0000000000000000     
   0.0000000000000000     
   0.0000000000000000     
   0.0000000000000000     
   0.0000000000000000     
   0.0000000000000000     
   0.0000000000000000     
   0.0000000000000000     
   0.0000000000000000     
   0.0000000000000000     
   0.0000000000000000     
   0.0000000000000000     
   0.0000000000000000     
   0.0000000000000000     
   0.0000000000000000     
   0.0000000000000000     
   0.0000000000000000     
   0.0000000000000000     
   0.0000000000000000     
   0.0000000000000000     
   0.0000000000000000     
   0.0000000000000000     
   0.0000000000000000     
   0.0000000000000000     
   0.0000000000000000     
   0.0000000000000000     
   0.0000000000000000     
   0.0000000000000000     
   0.0000000000000000     
   0.0000000000000000     
   0.0000000000000000     
   0.0000000000000000     
   0.0000000000000000     
   0.0000000000000000     
   0.0000000000000000     
   0.0000000000000000     
   0.0000000000000000     
   0.0000000000000000     
   0.0000000000000000     
   0.0000000000000000     
   0.0000000000000000     
   0.0000000000000000     
   0.0000000000000000     
   0.0000000000000000     
   0.0000000000000000     
   0.0000000000000000     
   0.0000000000000000     
   0.0000000000000000     
   0.0000000000000000     
   0.0000000000000000     
   0.0000000000000000     
 0.50992849230073E-18
 0.11951707654384E-17
 0.19078717005001E-17
 0.26661241234444E-17
 0.39433391562695E-17
 0.56101664640646E-17
 0.70300303282014E-17
 0.85419723039828E-17
 0.11189144894610E-16
 0.14501137833262E-16
 0.17944482062339E-16
 0.21109210551680E-16
 0.27203225087953E-16
 0.34349013377246E-16
 0.40891493228053E-16
 0.47676616386263E-16
 0.60504324337534E-16
 0.74868827132075E-16
 0.91123511712137E-16
 0.10613294974223E-15
 0.13270111826031E-15
 0.16328246243662E-15
 0.19363109510450E-15
 0.23653783029432E-15
 0.29082117644558E-15
 0.36211257716669E-15
 0.43800645982111E-15
 0.53626892469783E-15
 0.65816628615695E-15
 0.80238980095379E-15
 0.97961957623184E-15
 0.11939330939678E-14
 0.14468248283651E-14
 0.17474260276165E-14
 0.20798278935557E-14
 0.24176390847319E-14
 0.28424237704647E-14
 0.31575045616786E-14
 0.36209491024713E-14
 0.36931872606765E-14
 0.38619911946301E-14
 0.35550217102503E-14
 0.32141113622164E-14
   0.0000000000000000     
   0.0000000000000000     
   0.0000000000000000     
   0.0000000000000000     
   0.0000000000000000     
   0.0000000000000000     
   0.0000000000000000     
   0.0000000000000000     
   0.0000000000000000     
   0.0000000000000000     
   0.0000000000000000     
   0.0000000000000000     
   0.0000000000000000     
   0.0000000000000000     
   0.0000000000000000     
   0.0000000000000000     
   0.0000000000000000     
   0.0000000000000000     
   0.0000000000000000     
   0.0000000000000000     
   0.0000000000000000     
   0.0000000000000000     
   0.0000000000000000     
   0.0000000000000000     
   0.0000000000000000     
   0.0000000000000000     
   0.0000000000000000     
   0.0000000000000000     
   0.0000000000000000     
   0.0000000000000000     
   0.0000000000000000     
   0.0000000000000000     
   0.0000000000000000     
   0.0000000000000000     
   0.0000000000000000     
   0.0000000000000000     
   0.0000000000000000     
   0.0000000000000000     
   0.0000000000000000     
   0.0000000000000000     
   0.0000000000000000     
   0.0000000000000000     
   0.0000000000000000     
   0.0000000000000000     
   0.0000000000000000     
   0.0000000000000000     
   0.0000000000000000     
   0.0000000000000000     
   0.0000000000000000     
   0.0000000000000000     
   0.0000000000000000     
   0.0000000000000000     
   0.0000000000000000     
   0.0000000000000000     
   0.0000000000000000     
   0.0000000000000000     
   0.0000000000000000     
   0.0000000000000000     
   0.0000000000000000     
   0.0000000000000000     
   0.0000000000000000     
   0.0000000000000000     
   0.0000000000000000     
   0.0000000000000000     
   0.0000000000000000     
   0.0000000000000000     
   0.0000000000000000     
   0.0000000000000000     
   0.0000000000000000     
   0.0000000000000000     
   0.0000000000000000     
   0.0000000000000000     
   0.0000000000000000     
   0.0000000000000000     
   0.0000000000000000     
   0.0000000000000000     
   0.0000000000000000     
   0.0000000000000000     
   0.0000000000000000     
   0.0000000000000000     
   0.0000000000000000     
   0.0000000000000000     
   0.0000000000000000     
   0.0000000000000000     
   0.0000000000000000     
   0.0000000000000000     
   0.0000000000000000     
   0.0000000000000000     
   0.0000000000000000     
   0.0000000000000000     
   0.0000000000000000     
   0.0000000000000000     
   0.0000000000000000     
   0.0000000000000000     
   0.0000000000000000     
   0.0000000000000000     
   0.0000000000000000     
   0.0000000000000000     
   0.0000000000000000     
   0.0000000000000000     
   0.0000000000000000     
   0.0000000000000000     
   0.0000000000000000     
   0.0000000000000000     
   0.0000000000000000     
   0.0000000000000000     
   0.0000000000000000     
   0.0000000000000000     
   0.0000000000000000     
   0.0000000000000000     
   0.0000000000000000     
 0.71039968117651E-18
 0.14882799010982E-17
 0.22378816200631E-17
 0.30056967386822E-17
 0.45345927677930E-17
 0.59540028394683E-17
 0.77717777750714E-17
 0.97441341607515E-17
 0.12928864969925E-16
 0.16520524839915E-16
 0.19580417041267E-16
 0.23575221832316E-16
 0.31144479506679E-16
 0.37810839839337E-16
 0.45925342864290E-16
 0.55915397896086E-16
 0.71759223330927E-16
 0.87332084019533E-16
 0.10611019263717E-15
 0.12543096605815E-15
 0.15789284382278E-15
 0.19537572598302E-15
 0.24410911509911E-15
 0.30340516779067E-15
 0.37394529987762E-15
 0.46878302955657E-15
 0.57075662783118E-15
 0.70722196940071E-15
 0.86398694528059E-15
 0.10553718368114E-14
 0.12708772830641E-14
 0.15156603355409E-14
 0.17559947431793E-14
 0.20663185049659E-14
 0.22360296961626E-14
 0.26239809811570E-14
 0.23815093096398E-14
 0.25500411575919E-14
 0.12093187585169E-14
   0.0000000000000000     
   0.0000000000000000     
   0.0000000000000000     
   0.0000000000000000     
   0.0000000000000000     
   0.0000000000000000     
   0.0000000000000000     
   0.0000000000000000     
   0.0000000000000000     
   0.0000000000000000     
   0.0000000000000000     
   0.0000000000000000     
   0.0000000000000000     
   0.0000000000000000     
   0.0000000000000000     
   0.0000000000000000     
   0.0000000000000000     
   0.0000000000000000     
   0.0000000000000000     
   0.0000000000000000     
   0.0000000000000000     
   0.0000000000000000     
   0.0000000000000000     
   0.0000000000000000     
   0.0000000000000000     
   0.0000000000000000     
   0.0000000000000000     
   0.0000000000000000     
   0.0000000000000000     
   0.0000000000000000     
   0.0000000000000000     
   0.0000000000000000     
   0.0000000000000000     
   0.0000000000000000     
   0.0000000000000000     
   0.0000000000000000     
   0.0000000000000000     
   0.0000000000000000     
   0.0000000000000000     
   0.0000000000000000     
   0.0000000000000000     
   0.0000000000000000     
   0.0000000000000000     
   0.0000000000000000     
   0.0000000000000000     
   0.0000000000000000     
   0.0000000000000000     
   0.0000000000000000     
   0.0000000000000000     
   0.0000000000000000     
   0.0000000000000000     
   0.0000000000000000     
   0.0000000000000000     
   0.0000000000000000     
   0.0000000000000000     
   0.0000000000000000     
   0.0000000000000000     
   0.0000000000000000     
   0.0000000000000000     
   0.0000000000000000     
   0.0000000000000000     
   0.0000000000000000     
   0.0000000000000000     
   0.0000000000000000     
   0.0000000000000000     
   0.0000000000000000     
   0.0000000000000000     
   0.0000000000000000     
   0.0000000000000000     
   0.0000000000000000     
   0.0000000000000000     
   0.0000000000000000     
   0.0000000000000000     
   0.0000000000000000     
   0.0000000000000000     
   0.0000000000000000     
   0.0000000000000000     
   0.0000000000000000     
   0.0000000000000000     
   0.0000000000000000     
   0.0000000000000000     
   0.0000000000000000     
   0.0000000000000000     
   0.0000000000000000     
   0.0000000000000000     
   0.0000000000000000     
   0.0000000000000000     
   0.0000000000000000     
   0.0000000000000000     
   0.0000000000000000     
   0.0000000000000000     
   0.0000000000000000     
   0.0000000000000000     
   0.0000000000000000     
   0.0000000000000000     
   0.0000000000000000     
   0.0000000000000000     
   0.0000000000000000     
   0.0000000000000000     
   0.0000000000000000     
   0.0000000000000000     
   0.0000000000000000     
   0.0000000000000000     
   0.0000000000000000     
   0.0000000000000000     
   0.0000000000000000     
   0.0000000000000000     
   0.0000000000000000     
   0.0000000000000000     
   0.0000000000000000     
   0.0000000000000000     
   0.0000000000000000     
   0.0000000000000000     
   0.0000000000000000     
 0.19396954446169E-18
 0.96665663991244E-18
 0.16878410843400E-17
 0.24378582169339E-17
 0.36359587845252E-17
 0.54061802563338E-17
 0.71250583720406E-17
 0.87349811999217E-17
 0.11152480387044E-16
 0.14784044043769E-16
 0.18465450361812E-16
 0.22162503981842E-16
 0.28160753200938E-16
 0.36926783921448E-16
 0.45212501699774E-16
 0.54488836603203E-16
 0.68012042312749E-16
 0.86122809714491E-16
 0.10509319658488E-15
 0.13204904998252E-15
 0.16696800485101E-15
 0.21038582549377E-15
 0.26164619382025E-15
 0.32499923450605E-15
 0.40545706461445E-15
 0.50184860574294E-15
 0.61639712299667E-15
 0.74092175902747E-15
 0.91976128384107E-15
 0.10458585527718E-14
 0.12862035833500E-14
 0.13289545707965E-14
 0.14270337715980E-14
 0.13696976667491E-14
 0.11503903611076E-14
   0.0000000000000000     
   0.0000000000000000     
   0.0000000000000000     
   0.0000000000000000     
   0.0000000000000000     
   0.0000000000000000     
   0.0000000000000000     
   0.0000000000000000     
   0.0000000000000000     
   0.0000000000000000     
   0.0000000000000000     
   0.0000000000000000     
   0.0000000000000000     
   0.0000000000000000     
   0.0000000000000000     
   0.0000000000000000     
   0.0000000000000000     
   0.0000000000000000     
   0.0000000000000000     
   0.0000000000000000     
   0.0000000000000000     
   0.0000000000000000     
   0.0000000000000000     
   0.0000000000000000     
   0.0000000000000000     
   0.0000000000000000     
   0.0000000000000000     
   0.0000000000000000     
   0.0000000000000000     
   0.0000000000000000     
   0.0000000000000000     
   0.0000000000000000     
   0.0000000000000000     
   0.0000000000000000     
   0.0000000000000000     
   0.0000000000000000     
   0.0000000000000000     
   0.0000000000000000     
   0.0000000000000000     
   0.0000000000000000     
   0.0000000000000000     
   0.0000000000000000     
   0.0000000000000000     
   0.0000000000000000     
   0.0000000000000000     
   0.0000000000000000     
   0.0000000000000000     
   0.0000000000000000     
   0.0000000000000000     
   0.0000000000000000     
   0.0000000000000000     
   0.0000000000000000     
   0.0000000000000000     
   0.0000000000000000     
   0.0000000000000000     
   0.0000000000000000     
   0.0000000000000000     
   0.0000000000000000     
   0.0000000000000000     
   0.0000000000000000     
   0.0000000000000000     
   0.0000000000000000     
   0.0000000000000000     
   0.0000000000000000     
   0.0000000000000000     
   0.0000000000000000     
   0.0000000000000000     
   0.0000000000000000     
   0.0000000000000000     
   0.0000000000000000     
   0.0000000000000000     
   0.0000000000000000     
   0.0000000000000000     
   0.0000000000000000     
   0.0000000000000000     
   0.0000000000000000     
   0.0000000000000000     
   0.0000000000000000     
   0.0000000000000000     
   0.0000000000000000     
   0.0000000000000000     
   0.0000000000000000     
   0.0000000000000000     
   0.0000000000000000     
   0.0000000000000000     
   0.0000000000000000     
   0.0000000000000000     
   0.0000000000000000     
   0.0000000000000000     
   0.0000000000000000     
   0.0000000000000000     
   0.0000000000000000     
   0.0000000000000000     
   0.0000000000000000     
   0.0000000000000000     
   0.0000000000000000     
   0.0000000000000000     
   0.0000000000000000     
   0.0000000000000000     
   0.0000000000000000     
   0.0000000000000000     
   0.0000000000000000     
   0.0000000000000000     
   0.0000000000000000     
   0.0000000000000000     
   0.0000000000000000     
   0.0000000000000000     
   0.0000000000000000     
   0.0000000000000000     
   0.0000000000000000     
   0.0000000000000000     
   0.0000000000000000     
   0.0000000000000000     
   0.0000000000000000     
   0.0000000000000000     
   0.0000000000000000     
   0.0000000000000000     
   0.0000000000000000     
   0.0000000000000000     
 0.40909936255096E-18
 0.12959682609108E-17
 0.21553808526618E-17
 0.28901207844718E-17
 0.42992878240089E-17
 0.61735445608681E-17
 0.79245590529053E-17
 0.98960560577813E-17
 0.13182381206245E-16
 0.17432895826587E-16
 0.21786926752328E-16
 0.26259151775245E-16
 0.34627982308232E-16
 0.44653138870460E-16
 0.55499196142210E-16
 0.69138550578962E-16
 0.87389632134419E-16
 0.11398929422365E-15
 0.14323987084024E-15
 0.18221803403847E-15
 0.22840100003958E-15
 0.28423294340221E-15
 0.35644023451004E-15
 0.43414422934196E-15
 0.51907760963037E-15
 0.62754590424054E-15
 0.70951627958543E-15
 0.87313430136873E-15
 0.76373866626655E-15
 0.82725318666515E-15
   0.0000000000000000     
   0.0000000000000000     
   0.0000000000000000     
   0.0000000000000000     
   0.0000000000000000     
   0.0000000000000000     
   0.0000000000000000     
   0.0000000000000000     
   0.0000000000000000     
   0.0000000000000000     
   0.0000000000000000     
   0.0000000000000000     
   0.0000000000000000     
   0.0000000000000000     
   0.0000000000000000     
   0.0000000000000000     
   0.0000000000000000     
   0.0000000000000000     
   0.0000000000000000     
   0.0000000000000000     
   0.0000000000000000     
   0.0000000000000000     
   0.0000000000000000     
   0.0000000000000000     
   0.0000000000000000     
   0.0000000000000000     
   0.0000000000000000     
   0.0000000000000000     
   0.0000000000000000     
   0.0000000000000000     
   0.0000000000000000     
   0.0000000000000000     
   0.0000000000000000     
   0.0000000000000000     
   0.0000000000000000     
   0.0000000000000000     
   0.0000000000000000     
   0.0000000000000000     
   0.0000000000000000     
   0.0000000000000000     
   0.0000000000000000     
   0.0000000000000000     
   0.0000000000000000     
   0.0000000000000000     
   0.0000000000000000     
   0.0000000000000000     
   0.0000000000000000     
   0.0000000000000000     
   0.0000000000000000     
   0.0000000000000000     
   0.0000000000000000     
   0.0000000000000000     
   0.0000000000000000     
   0.0000000000000000     
   0.0000000000000000     
   0.0000000000000000     
   0.0000000000000000     
   0.0000000000000000     
   0.0000000000000000     
   0.0000000000000000     
   0.0000000000000000     
   0.0000000000000000     
   0.0000000000000000     
   0.0000000000000000     
   0.0000000000000000     
   0.0000000000000000     
   0.0000000000000000     
   0.0000000000000000     
   0.0000000000000000     
   0.0000000000000000     
   0.0000000000000000     
   0.0000000000000000     
   0.0000000000000000     
   0.0000000000000000     
   0.0000000000000000     
   0.0000000000000000     
   0.0000000000000000     
   0.0000000000000000     
   0.0000000000000000     
   0.0000000000000000     
   0.0000000000000000     
   0.0000000000000000     
   0.0000000000000000     
   0.0000000000000000     
   0.0000000000000000     
   0.0000000000000000     
   0.0000000000000000     
   0.0000000000000000     
   0.0000000000000000     
   0.0000000000000000     
   0.0000000000000000     
   0.0000000000000000     
   0.0000000000000000     
   0.0000000000000000     
   0.0000000000000000     
   0.0000000000000000     
   0.0000000000000000     
   0.0000000000000000     
   0.0000000000000000     
   0.0000000000000000     
   0.0000000000000000     
   0.0000000000000000     
   0.0000000000000000     
   0.0000000000000000     
   0.0000000000000000     
   0.0000000000000000     
   0.0000000000000000     
   0.0000000000000000     
   0.0000000000000000     
   0.0000000000000000     
   0.0000000000000000     
   0.0000000000000000     
   0.0000000000000000     
   0.0000000000000000     
   0.0000000000000000     
   0.0000000000000000     
   0.0000000000000000     
   0.0000000000000000     
   0.0000000000000000     
   0.0000000000000000     
   0.0000000000000000     
   0.0000000000000000     
   0.0000000000000000     
   0.0000000000000000     
 0.67364334722889E-18
 0.15304468965262E-17
 0.24631875727729E-17
 0.34707742080626E-17
 0.52313187600803E-17
 0.72460544916180E-17
 0.94617101713182E-17
 0.11888805212917E-16
 0.16371575651541E-16
 0.21304079366518E-16
 0.26897493802871E-16
 0.32941924946650E-16
 0.44530539806200E-16
 0.57838594505483E-16
 0.75104641585979E-16
 0.99188402093685E-16
 0.12657882306250E-15
 0.15903627683060E-15
 0.19708397738301E-15
 0.25067129281719E-15
 0.28967531791600E-15
 0.36934715479560E-15
 0.38913773794636E-15
 0.41793154044163E-15
 0.40063053812383E-15
 0.17094509358676E-15
   0.0000000000000000     
   0.0000000000000000     
   0.0000000000000000     
   0.0000000000000000     
   0.0000000000000000     
   0.0000000000000000     
   0.0000000000000000     
   0.0000000000000000     
   0.0000000000000000     
   0.0000000000000000     
   0.0000000000000000     
   0.0000000000000000     
   0.0000000000000000     
   0.0000000000000000     
   0.0000000000000000     
   0.0000000000000000     
   0.0000000000000000     
   0.0000000000000000     
   0.0000000000000000     
   0.0000000000000000     
   0.0000000000000000     
   0.0000000000000000     
   0.0000000000000000     
   0.0000000000000000     
   0.0000000000000000     
   0.0000000000000000     
   0.0000000000000000     
   0.0000000000000000     
   0.0000000000000000     
   0.0000000000000000     
   0.0000000000000000     
   0.0000000000000000     
   0.0000000000000000     
   0.0000000000000000     
   0.0000000000000000     
   0.0000000000000000     
   0.0000000000000000     
   0.0000000000000000     
   0.0000000000000000     
   0.0000000000000000     
   0.0000000000000000     
   0.0000000000000000     
   0.0000000000000000     
   0.0000000000000000     
   0.0000000000000000     
   0.0000000000000000     
   0.0000000000000000     
   0.0000000000000000     
   0.0000000000000000     
   0.0000000000000000     
   0.0000000000000000     
   0.0000000000000000     
   0.0000000000000000     
   0.0000000000000000     
   0.0000000000000000     
   0.0000000000000000     
   0.0000000000000000     
   0.0000000000000000     
   0.0000000000000000     
   0.0000000000000000     
   0.0000000000000000     
   0.0000000000000000     
   0.0000000000000000     
   0.0000000000000000     
   0.0000000000000000     
   0.0000000000000000     
   0.0000000000000000     
   0.0000000000000000     
   0.0000000000000000     
   0.0000000000000000     
   0.0000000000000000     
   0.0000000000000000     
   0.0000000000000000     
   0.0000000000000000     
   0.0000000000000000     
   0.0000000000000000     
   0.0000000000000000     
   0.0000000000000000     
   0.0000000000000000     
   0.0000000000000000     
   0.0000000000000000     
   0.0000000000000000     
   0.0000000000000000     
   0.0000000000000000     
   0.0000000000000000     
   0.0000000000000000     
   0.0000000000000000     
   0.0000000000000000     
   0.0000000000000000     
   0.0000000000000000     
   0.0000000000000000     
   0.0000000000000000     
   0.0000000000000000     
   0.0000000000000000     
   0.0000000000000000     
   0.0000000000000000     
   0.0000000000000000     
   0.0000000000000000     
   0.0000000000000000     
   0.0000000000000000     
   0.0000000000000000     
   0.0000000000000000     
   0.0000000000000000     
   0.0000000000000000     
   0.0000000000000000     
   0.0000000000000000     
   0.0000000000000000     
   0.0000000000000000     
   0.0000000000000000     
   0.0000000000000000     
   0.0000000000000000     
   0.0000000000000000     
   0.0000000000000000     
   0.0000000000000000     
   0.0000000000000000     
   0.0000000000000000     
   0.0000000000000000     
   0.0000000000000000     
   0.0000000000000000     
   0.0000000000000000     
   0.0000000000000000     
   0.0000000000000000     
   0.0000000000000000     
   0.0000000000000000     
   0.0000000000000000     
   0.0000000000000000     
   0.0000000000000000     
 0.63450807541375E-19
 0.99941985988974E-18
 0.20001135634053E-17
 0.29830044420463E-17
 0.43097841813148E-17
 0.65910621224820E-17
 0.89506039087200E-17
 0.11582692467939E-16
 0.14889918460433E-16
 0.21103621846676E-16
 0.27939490046803E-16
 0.37068881622698E-16
 0.51040121773083E-16
 0.68050130908729E-16
 0.87868662421384E-16
 0.10484558887842E-15
 0.13256928701652E-15
 0.16721488697340E-15
 0.19239209426716E-15
 0.23738593507693E-15
 0.18680760339109E-15
 0.16774928029845E-15
   0.0000000000000000     
   0.0000000000000000     
   0.0000000000000000     
   0.0000000000000000     
   0.0000000000000000     
   0.0000000000000000     
   0.0000000000000000     
   0.0000000000000000     
   0.0000000000000000     
   0.0000000000000000     
   0.0000000000000000     
   0.0000000000000000     
   0.0000000000000000     
   0.0000000000000000     
   0.0000000000000000     
   0.0000000000000000     
   0.0000000000000000     
   0.0000000000000000     
   0.0000000000000000     
   0.0000000000000000     
   0.0000000000000000     
   0.0000000000000000     
   0.0000000000000000     
   0.0000000000000000     
   0.0000000000000000     
   0.0000000000000000     
   0.0000000000000000     
   0.0000000000000000     
   0.0000000000000000     
   0.0000000000000000     
   0.0000000000000000     
   0.0000000000000000     
   0.0000000000000000     
   0.0000000000000000     
   0.0000000000000000     
   0.0000000000000000     
   0.0000000000000000     
   0.0000000000000000     
   0.0000000000000000     
   0.0000000000000000     
   0.0000000000000000     
   0.0000000000000000     
   0.0000000000000000     
   0.0000000000000000     
   0.0000000000000000     
   0.0000000000000000     
   0.0000000000000000     
   0.0000000000000000     
   0.0000000000000000     
   0.0000000000000000     
   0.0000000000000000     
   0.0000000000000000     
   0.0000000000000000     
   0.0000000000000000     
   0.0000000000000000     
   0.0000000000000000     
   0.0000000000000000     
   0.0000000000000000     
   0.0000000000000000     
   0.0000000000000000     
   0.0000000000000000     
   0.0000000000000000     
   0.0000000000000000     
   0.0000000000000000     
   0.0000000000000000     
   0.0000000000000000     
   0.0000000000000000     
   0.0000000000000000     
   0.0000000000000000     
   0.0000000000000000     
   0.0000000000000000     
   0.0000000000000000     
   0.0000000000000000     
   0.0000000000000000     
   0.0000000000000000     
   0.0000000000000000     
   0.0000000000000000     
   0.0000000000000000     
   0.0000000000000000     
   0.0000000000000000     
   0.0000000000000000     
   0.0000000000000000     
   0.0000000000000000     
   0.0000000000000000     
   0.0000000000000000     
   0.0000000000000000     
   0.0000000000000000     
   0.0000000000000000     
   0.0000000000000000     
   0.0000000000000000     
   0.0000000000000000     
   0.0000000000000000     
   0.0000000000000000     
   0.0000000000000000     
   0.0000000000000000     
   0.0000000000000000     
   0.0000000000000000     
   0.0000000000000000     
   0.0000000000000000     
   0.0000000000000000     
   0.0000000000000000     
   0.0000000000000000     
   0.0000000000000000     
   0.0000000000000000     
   0.0000000000000000     
   0.0000000000000000     
   0.0000000000000000     
   0.0000000000000000     
   0.0000000000000000     
   0.0000000000000000     
   0.0000000000000000     
   0.0000000000000000     
   0.0000000000000000     
   0.0000000000000000     
   0.0000000000000000     
   0.0000000000000000     
   0.0000000000000000     
   0.0000000000000000     
   0.0000000000000000     
   0.0000000000000000     
   0.0000000000000000     
   0.0000000000000000     
   0.0000000000000000     
   0.0000000000000000     
   0.0000000000000000     
   0.0000000000000000     
   0.0000000000000000     
   0.0000000000000000     
   0.0000000000000000     
   0.0000000000000000     
   0.0000000000000000     
   0.0000000000000000     
 0.35029832014583E-18
 0.14331699976721E-17
 0.25595763339723E-17
 0.38443389017878E-17
 0.57735927798292E-17
 0.84956285414631E-17
 0.12092861181757E-16
 0.15819007078170E-16
 0.22152432763660E-16
 0.32680350380399E-16
 0.46073054170527E-16
 0.60810905444578E-16
 0.68465481889374E-16
 0.91398943981722E-16
 0.10087167454986E-15
 0.10286505892007E-15
 0.83674354150507E-16
   0.0000000000000000     
   0.0000000000000000     
   0.0000000000000000     
   0.0000000000000000     
   0.0000000000000000     
   0.0000000000000000     
   0.0000000000000000     
   0.0000000000000000     
   0.0000000000000000     
   0.0000000000000000     
   0.0000000000000000     
   0.0000000000000000     
   0.0000000000000000     
   0.0000000000000000     
   0.0000000000000000     
   0.0000000000000000     
   0.0000000000000000     
   0.0000000000000000     
   0.0000000000000000     
   0.0000000000000000     
   0.0000000000000000     
   0.0000000000000000     
   0.0000000000000000     
   0.0000000000000000     
   0.0000000000000000     
   0.0000000000000000     
   0.0000000000000000     
   0.0000000000000000     
   0.0000000000000000     
   0.0000000000000000     
   0.0000000000000000     
   0.0000000000000000     
   0.0000000000000000     
   0.0000000000000000     
   0.0000000000000000     
   0.0000000000000000     
   0.0000000000000000     
   0.0000000000000000     
   0.0000000000000000     
   0.0000000000000000     
   0.0000000000000000     
   0.0000000000000000     
   0.0000000000000000     
   0.0000000000000000     
   0.0000000000000000     
   0.0000000000000000     
   0.0000000000000000     
   0.0000000000000000     
   0.0000000000000000     
   0.0000000000000000     
   0.0000000000000000     
   0.0000000000000000     
   0.0000000000000000     
   0.0000000000000000     
   0.0000000000000000     
   0.0000000000000000     
   0.0000000000000000     
   0.0000000000000000     
   0.0000000000000000     
   0.0000000000000000     
   0.0000000000000000     
   0.0000000000000000     
   0.0000000000000000     
   0.0000000000000000     
   0.0000000000000000     
   0.0000000000000000     
   0.0000000000000000     
   0.0000000000000000     
   0.0000000000000000     
   0.0000000000000000     
   0.0000000000000000     
   0.0000000000000000     
   0.0000000000000000     
   0.0000000000000000     
   0.0000000000000000     
   0.0000000000000000     
   0.0000000000000000     
   0.0000000000000000     
   0.0000000000000000     
   0.0000000000000000     
   0.0000000000000000     
   0.0000000000000000     
   0.0000000000000000     
   0.0000000000000000     
   0.0000000000000000     
   0.0000000000000000     
   0.0000000000000000     
   0.0000000000000000     
   0.0000000000000000     
   0.0000000000000000     
   0.0000000000000000     
   0.0000000000000000     
   0.0000000000000000     
   0.0000000000000000     
   0.0000000000000000     
   0.0000000000000000     
   0.0000000000000000     
   0.0000000000000000     
   0.0000000000000000     
   0.0000000000000000     
   0.0000000000000000     
   0.0000000000000000     
   0.0000000000000000     
   0.0000000000000000     
   0.0000000000000000     
   0.0000000000000000     
   0.0000000000000000     
   0.0000000000000000     
   0.0000000000000000     
   0.0000000000000000     
   0.0000000000000000     
   0.0000000000000000     
   0.0000000000000000     
   0.0000000000000000     
   0.0000000000000000     
   0.0000000000000000     
   0.0000000000000000     
   0.0000000000000000     
   0.0000000000000000     
   0.0000000000000000     
   0.0000000000000000     
   0.0000000000000000     
   0.0000000000000000     
   0.0000000000000000     
   0.0000000000000000     
   0.0000000000000000     
   0.0000000000000000     
   0.0000000000000000     
   0.0000000000000000     
   0.0000000000000000     
   0.0000000000000000     
   0.0000000000000000     
   0.0000000000000000     
   0.0000000000000000     
   0.0000000000000000     
   0.0000000000000000     
   0.0000000000000000     
 0.76644048069234E-18
 0.20543569610207E-17
 0.36571161907268E-17
 0.53507375100993E-17
 0.84384591816448E-17
 0.13143946645280E-16
 0.20042394824924E-16
 0.29988289612837E-16
 0.39075801964517E-16
 0.43717360900872E-16
 0.54272859440962E-16
 0.35601740116522E-16
   0.0000000000000000     
   0.0000000000000000     
   0.0000000000000000     
   0.0000000000000000     
   0.0000000000000000     
   0.0000000000000000     
   0.0000000000000000     
   0.0000000000000000     
   0.0000000000000000     
   0.0000000000000000     
   0.0000000000000000     
   0.0000000000000000     
   0.0000000000000000     
   0.0000000000000000     
   0.0000000000000000     
   0.0000000000000000     
   0.0000000000000000     
   0.0000000000000000     
   0.0000000000000000     
   0.0000000000000000     
   0.0000000000000000     
   0.0000000000000000     
   0.0000000000000000     
   0.0000000000000000     
   0.0000000000000000     
   0.0000000000000000     
   0.0000000000000000     
   0.0000000000000000     
   0.0000000000000000     
   0.0000000000000000     
   0.0000000000000000     
   0.0000000000000000     
   0.0000000000000000     
   0.0000000000000000     
   0.0000000000000000     
   0.0000000000000000     
   0.0000000000000000     
   0.0000000000000000     
   0.0000000000000000     
   0.0000000000000000     
   0.0000000000000000     
   0.0000000000000000     
   0.0000000000000000     
   0.0000000000000000     
   0.0000000000000000     
   0.0000000000000000     
   0.0000000000000000     
   0.0000000000000000     
   0.0000000000000000     
   0.0000000000000000     
   0.0000000000000000     
   0.0000000000000000     
   0.0000000000000000     
   0.0000000000000000     
   0.0000000000000000     
   0.0000000000000000     
   0.0000000000000000     
   0.0000000000000000     
   0.0000000000000000     
   0.0000000000000000     
   0.0000000000000000     
   0.0000000000000000     
   0.0000000000000000     
   0.0000000000000000     
   0.0000000000000000     
   0.0000000000000000     
   0.0000000000000000     
   0.0000000000000000     
   0.0000000000000000     
   0.0000000000000000     
   0.0000000000000000     
   0.0000000000000000     
   0.0000000000000000     
   0.0000000000000000     
   0.0000000000000000     
   0.0000000000000000     
   0.0000000000000000     
   0.0000000000000000     
   0.0000000000000000     
   0.0000000000000000     
   0.0000000000000000     
   0.0000000000000000     
   0.0000000000000000     
   0.0000000000000000     
   0.0000000000000000     
   0.0000000000000000     
   0.0000000000000000     
   0.0000000000000000     
   0.0000000000000000     
   0.0000000000000000     
   0.0000000000000000     
   0.0000000000000000     
   0.0000000000000000     
   0.0000000000000000     
   0.0000000000000000     
   0.0000000000000000     
   0.0000000000000000     
   0.0000000000000000     
   0.0000000000000000     
   0.0000000000000000     
   0.0000000000000000     
   0.0000000000000000     
   0.0000000000000000     
   0.0000000000000000     
   0.0000000000000000     
   0.0000000000000000     
   0.0000000000000000     
   0.0000000000000000     
   0.0000000000000000     
   0.0000000000000000     
   0.0000000000000000     
   0.0000000000000000     
   0.0000000000000000     
   0.0000000000000000     
   0.0000000000000000     
   0.0000000000000000     
   0.0000000000000000     
   0.0000000000000000     
   0.0000000000000000     
   0.0000000000000000     
   0.0000000000000000     
   0.0000000000000000     
   0.0000000000000000     
   0.0000000000000000     
   0.0000000000000000     
   0.0000000000000000     
   0.0000000000000000     
   0.0000000000000000     
   0.0000000000000000     
   0.0000000000000000     
   0.0000000000000000     
   0.0000000000000000     
   0.0000000000000000     
   0.0000000000000000     
   0.0000000000000000     
   0.0000000000000000     
   0.0000000000000000     
   0.0000000000000000     
   0.0000000000000000     
   0.0000000000000000     
   0.0000000000000000     
   0.0000000000000000     
 0.14259438826996E-17
 0.32954258713859E-17
 0.58180940933090E-17
 0.10168878425822E-16
 0.19784769570998E-16
 0.22549275714489E-16
 0.19447560637858E-16
   0.0000000000000000     
   0.0000000000000000     
   0.0000000000000000     
   0.0000000000000000     
   0.0000000000000000     
   0.0000000000000000     
   0.0000000000000000     
   0.0000000000000000     
   0.0000000000000000     
   0.0000000000000000     
   0.0000000000000000     
   0.0000000000000000     
   0.0000000000000000     
   0.0000000000000000     
   0.0000000000000000     
   0.0000000000000000     
   0.0000000000000000     
   0.0000000000000000     
   0.0000000000000000     
   0.0000000000000000     
   0.0000000000000000     
   0.0000000000000000     
   0.0000000000000000     
   0.0000000000000000     
   0.0000000000000000     
   0.0000000000000000     
   0.0000000000000000     
   0.0000000000000000     
   0.0000000000000000     
   0.0000000000000000     
   0.0000000000000000     
   0.0000000000000000     
   0.0000000000000000     
   0.0000000000000000     
   0.0000000000000000     
   0.0000000000000000     
   0.0000000000000000     
   0.0000000000000000     
   0.0000000000000000     
   0.0000000000000000     
   0.0000000000000000     
   0.0000000000000000     
   0.0000000000000000     
   0.0000000000000000     
   0.0000000000000000     
   0.0000000000000000     
   0.0000000000000000     
   0.0000000000000000     
   0.0000000000000000     
   0.0000000000000000     
   0.0000000000000000     
   0.0000000000000000     
   0.0000000000000000     
   0.0000000000000000     
   0.0000000000000000     
   0.0000000000000000     
   0.0000000000000000     
   0.0000000000000000     
   0.0000000000000000     
   0.0000000000000000     
   0.0000000000000000     
   0.0000000000000000     
   0.0000000000000000     
   0.0000000000000000     
   0.0000000000000000     
   0.0000000000000000     
   0.0000000000000000     
   0.0000000000000000     
   0.0000000000000000     
   0.0000000000000000     
   0.0000000000000000     
   0.0000000000000000     
   0.0000000000000000     
   0.0000000000000000     
   0.0000000000000000     
   0.0000000000000000     
   0.0000000000000000     
   0.0000000000000000     
   0.0000000000000000     
   0.0000000000000000     
   0.0000000000000000     
   0.0000000000000000     
   0.0000000000000000     
   0.0000000000000000     
   0.0000000000000000     
   0.0000000000000000     
   0.0000000000000000     
   0.0000000000000000     
   0.0000000000000000     
   0.0000000000000000     
   0.0000000000000000     
   0.0000000000000000     
   0.0000000000000000     
   0.0000000000000000     
   0.0000000000000000     
   0.0000000000000000     
   0.0000000000000000     
   0.0000000000000000     
   0.0000000000000000     
   0.0000000000000000     
   0.0000000000000000     
   0.0000000000000000     
   0.0000000000000000     
   0.0000000000000000     
   0.0000000000000000     
   0.0000000000000000     
   0.0000000000000000     
   0.0000000000000000     
   0.0000000000000000     
   0.0000000000000000     
   0.0000000000000000     
   0.0000000000000000     
   0.0000000000000000     
   0.0000000000000000     
   0.0000000000000000     
   0.0000000000000000     
   0.0000000000000000     
   0.0000000000000000     
   0.0000000000000000     
   0.0000000000000000     
   0.0000000000000000     
   0.0000000000000000     
   0.0000000000000000     
   0.0000000000000000     
   0.0000000000000000     
   0.0000000000000000     
   0.0000000000000000     
   0.0000000000000000     
   0.0000000000000000     
   0.0000000000000000     
   0.0000000000000000     
   0.0000000000000000     
   0.0000000000000000     
   0.0000000000000000     
   0.0000000000000000     
   0.0000000000000000     
   0.0000000000000000     
   0.0000000000000000     
   0.0000000000000000     
   0.0000000000000000     
   0.0000000000000000     
   0.0000000000000000     
   0.0000000000000000     
   0.0000000000000000     
   0.0000000000000000     
   0.0000000000000000     
 0.34857032048568E-18
 0.36529315340922E-17
 0.10092969126596E-16
   0.0000000000000000     
   0.0000000000000000     
   0.0000000000000000     
   0.0000000000000000     
   0.0000000000000000     
   0.0000000000000000     
   0.0000000000000000     
   0.0000000000000000     
   0.0000000000000000     
   0.0000000000000000     
   0.0000000000000000     
   0.0000000000000000     
   0.0000000000000000     
   0.0000000000000000     
   0.0000000000000000     
   0.0000000000000000     
   0.0000000000000000     
   0.0000000000000000     
   0.0000000000000000     
   0.0000000000000000     
   0.0000000000000000     
   0.0000000000000000     
   0.0000000000000000     
   0.0000000000000000     
   0.0000000000000000     
   0.0000000000000000     
   0.0000000000000000     
   0.0000000000000000     
   0.0000000000000000     
   0.0000000000000000     
   0.0000000000000000     
   0.0000000000000000     
   0.0000000000000000     
   0.0000000000000000     
   0.0000000000000000     
   0.0000000000000000     
   0.0000000000000000     
   0.0000000000000000     
   0.0000000000000000     
   0.0000000000000000     
   0.0000000000000000     
   0.0000000000000000     
   0.0000000000000000     
   0.0000000000000000     
   0.0000000000000000     
   0.0000000000000000     
   0.0000000000000000     
   0.0000000000000000     
   0.0000000000000000     
   0.0000000000000000     
   0.0000000000000000     
   0.0000000000000000     
   0.0000000000000000     
   0.0000000000000000     
   0.0000000000000000     
   0.0000000000000000     
   0.0000000000000000     
   0.0000000000000000     
   0.0000000000000000     
   0.0000000000000000     
   0.0000000000000000     
   0.0000000000000000     
   0.0000000000000000     
   0.0000000000000000     
   0.0000000000000000     
   0.0000000000000000     
   0.0000000000000000     
   0.0000000000000000     
   0.0000000000000000     
   0.0000000000000000     
   0.0000000000000000     
   0.0000000000000000     
   0.0000000000000000     
   0.0000000000000000     
   0.0000000000000000     
   0.0000000000000000     
   0.0000000000000000     
   0.0000000000000000     
   0.0000000000000000     
   0.0000000000000000     
   0.0000000000000000     
   0.0000000000000000     
   0.0000000000000000     
   0.0000000000000000     
   0.0000000000000000     
   0.0000000000000000     
   0.0000000000000000     
   0.0000000000000000     
   0.0000000000000000     
   0.0000000000000000     
   0.0000000000000000     
   0.0000000000000000     
   0.0000000000000000     
   0.0000000000000000     
   0.0000000000000000     
   0.0000000000000000     
   0.0000000000000000     
   0.0000000000000000     
   0.0000000000000000     
   0.0000000000000000     
   0.0000000000000000     
   0.0000000000000000     
   0.0000000000000000     
   0.0000000000000000     
   0.0000000000000000     
   0.0000000000000000     
   0.0000000000000000     
   0.0000000000000000     
   0.0000000000000000     
   0.0000000000000000     
   0.0000000000000000     
   0.0000000000000000     
   0.0000000000000000     
   0.0000000000000000     
   0.0000000000000000     
   0.0000000000000000     
   0.0000000000000000     
   0.0000000000000000     
   0.0000000000000000     
   0.0000000000000000     
   0.0000000000000000     
   0.0000000000000000     
   0.0000000000000000     
   0.0000000000000000     
   0.0000000000000000     
   0.0000000000000000     
   0.0000000000000000     
   0.0000000000000000     
   0.0000000000000000     
   0.0000000000000000     
   0.0000000000000000     
   0.0000000000000000     
   0.0000000000000000     
   0.0000000000000000     
   0.0000000000000000     
   0.0000000000000000     
   0.0000000000000000     
   0.0000000000000000     
   0.0000000000000000     
   0.0000000000000000     
   0.0000000000000000     
   0.0000000000000000     
   0.0000000000000000     
   0.0000000000000000     
   0.0000000000000000     
   0.0000000000000000     
   0.0000000000000000     
   0.0000000000000000     
   0.0000000000000000     
   0.0000000000000000     
   0.0000000000000000     
   0.0000000000000000     
   0.0000000000000000     
   0.0000000000000000     
   0.0000000000000000     
   0.0000000000000000     
   0.0000000000000000     
   0.0000000000000000     
   0.0000000000000000     
   0.0000000000000000     
   0.0000000000000000     
   0.0000000000000000     
   0.0000000000000000     
   0.0000000000000000     
   0.0000000000000000     
   0.0000000000000000     
   0.0000000000000000     
   0.0000000000000000     
   0.0000000000000000     
   0.0000000000000000     
   0.0000000000000000     
   0.0000000000000000     
   0.0000000000000000     
   0.0000000000000000     
   0.0000000000000000     
   0.0000000000000000     
   0.0000000000000000     
   0.0000000000000000     
   0.0000000000000000     
   0.0000000000000000     
   0.0000000000000000     
   0.0000000000000000     
   0.0000000000000000     
   0.0000000000000000     
   0.0000000000000000     
   0.0000000000000000     
   0.0000000000000000     
   0.0000000000000000     
   0.0000000000000000     
   0.0000000000000000     
   0.0000000000000000     
   0.0000000000000000     
   0.0000000000000000     
   0.0000000000000000     
   0.0000000000000000     
   0.0000000000000000     
   0.0000000000000000     
   0.0000000000000000     
   0.0000000000000000     
   0.0000000000000000     
   0.0000000000000000     
   0.0000000000000000     
   0.0000000000000000     
   0.0000000000000000     
   0.0000000000000000     
   0.0000000000000000     
   0.0000000000000000     
   0.0000000000000000     
   0.0000000000000000     
   0.0000000000000000     
   0.0000000000000000     
   0.0000000000000000     
   0.0000000000000000     
   0.0000000000000000     
   0.0000000000000000     
   0.0000000000000000     
   0.0000000000000000     
   0.0000000000000000     
   0.0000000000000000     
   0.0000000000000000     
   0.0000000000000000     
   0.0000000000000000     
   0.0000000000000000     
   0.0000000000000000     
   0.0000000000000000     
   0.0000000000000000     
   0.0000000000000000     
   0.0000000000000000     
   0.0000000000000000     
   0.0000000000000000     
   0.0000000000000000     
   0.0000000000000000     
   0.0000000000000000     
   0.0000000000000000     
   0.0000000000000000     
   0.0000000000000000     
   0.0000000000000000     
   0.0000000000000000     
   0.0000000000000000     
   0.0000000000000000     
   0.0000000000000000     
   0.0000000000000000     
   0.0000000000000000     
   0.0000000000000000     
   0.0000000000000000     
   0.0000000000000000     
   0.0000000000000000     
   0.0000000000000000     
   0.0000000000000000     
   0.0000000000000000     
   0.0000000000000000     
   0.0000000000000000     
   0.0000000000000000     
   0.0000000000000000     
   0.0000000000000000     
   0.0000000000000000     
   0.0000000000000000     
   0.0000000000000000     
   0.0000000000000000     
   0.0000000000000000     
   0.0000000000000000     
   0.0000000000000000     
   0.0000000000000000     
   0.0000000000000000     
   0.0000000000000000     
   0.0000000000000000     
   0.0000000000000000     
   0.0000000000000000     
   0.0000000000000000     
   0.0000000000000000     
   0.0000000000000000     
   0.0000000000000000     
   0.0000000000000000     
   0.0000000000000000     
   0.0000000000000000     
   0.0000000000000000     
   0.0000000000000000     
   0.0000000000000000     
   0.0000000000000000     
   0.0000000000000000     
   0.0000000000000000     
   0.0000000000000000     
   0.0000000000000000     
   0.0000000000000000     
   0.0000000000000000     
   0.0000000000000000     
   0.0000000000000000     
   0.0000000000000000     
   0.0000000000000000     
   0.0000000000000000     
   0.0000000000000000     
   0.0000000000000000     
   0.0000000000000000     
   0.0000000000000000     
   0.0000000000000000     
   0.0000000000000000     
   0.0000000000000000     
   0.0000000000000000     
   0.0000000000000000     
   0.0000000000000000     
   0.0000000000000000     
   0.0000000000000000     
   0.0000000000000000     
   0.0000000000000000     
   0.0000000000000000     
   0.0000000000000000     
   0.0000000000000000     
   0.0000000000000000     
   0.0000000000000000     
   0.0000000000000000     
   0.0000000000000000     
   0.0000000000000000     
   0.0000000000000000     
   0.0000000000000000     
   0.0000000000000000     
   0.0000000000000000     
   0.0000000000000000     
   0.0000000000000000     
   0.0000000000000000     
   0.0000000000000000     
   0.0000000000000000     
   0.0000000000000000     
   0.0000000000000000     
   0.0000000000000000     
   0.0000000000000000     
   0.0000000000000000     
   0.0000000000000000     
   0.0000000000000000     
   0.0000000000000000     
   0.0000000000000000     
   0.0000000000000000     
   0.0000000000000000     
   0.0000000000000000     
   0.0000000000000000     
   0.0000000000000000     
   0.0000000000000000     
   0.0000000000000000     
   0.0000000000000000     
   0.0000000000000000     
   0.0000000000000000     
   0.0000000000000000     
   0.0000000000000000     
   0.0000000000000000     
   0.0000000000000000     
   0.0000000000000000     
   0.0000000000000000     
   0.0000000000000000     
   0.0000000000000000     
   0.0000000000000000     
   0.0000000000000000     
   0.0000000000000000     
   0.0000000000000000     
   0.0000000000000000     
   0.0000000000000000     
   0.0000000000000000     
   0.0000000000000000     
   0.0000000000000000     
   0.0000000000000000     
   0.0000000000000000     
   0.0000000000000000     
   0.0000000000000000     
   0.0000000000000000     
   0.0000000000000000     
   0.0000000000000000     
   0.0000000000000000     
   0.0000000000000000     
   0.0000000000000000     
   0.0000000000000000     
   0.0000000000000000     
   0.0000000000000000     
   0.0000000000000000     
   0.0000000000000000     
   0.0000000000000000     
   0.0000000000000000     
   0.0000000000000000     
   0.0000000000000000     
   0.0000000000000000     
   0.0000000000000000     
   0.0000000000000000     
   0.0000000000000000     
   0.0000000000000000     
   0.0000000000000000     
   0.0000000000000000     
   0.0000000000000000     
   0.0000000000000000     
   0.0000000000000000     
   0.0000000000000000     
   0.0000000000000000     
   0.0000000000000000     
   0.0000000000000000     
   0.0000000000000000     
   0.0000000000000000     
   0.0000000000000000     
   0.0000000000000000     
   0.0000000000000000     
   0.0000000000000000     
   0.0000000000000000     
   0.0000000000000000     
   0.0000000000000000     
   0.0000000000000000     
   0.0000000000000000     
   0.0000000000000000     
   0.0000000000000000     
   0.0000000000000000     
   0.0000000000000000     
   0.0000000000000000     
   0.0000000000000000     
   0.0000000000000000     
   0.0000000000000000     
   0.0000000000000000     
   0.0000000000000000     
   0.0000000000000000     
   0.0000000000000000     
   0.0000000000000000     
   0.0000000000000000     
   0.0000000000000000     
   0.0000000000000000     
   0.0000000000000000     
   0.0000000000000000     
   0.0000000000000000     
   0.0000000000000000     
   0.0000000000000000     
   0.0000000000000000     
   0.0000000000000000     
   0.0000000000000000     
   0.0000000000000000     
   0.0000000000000000     
   0.0000000000000000     
   0.0000000000000000     
   0.0000000000000000     
   0.0000000000000000     
   0.0000000000000000     
   0.0000000000000000     
   0.0000000000000000     
   0.0000000000000000     
   0.0000000000000000     
   0.0000000000000000     
   0.0000000000000000     
   0.0000000000000000     
   0.0000000000000000     
   0.0000000000000000     
   0.0000000000000000     
   0.0000000000000000     
   0.0000000000000000     
   0.0000000000000000     
   0.0000000000000000     
   0.0000000000000000     
   0.0000000000000000     
   0.0000000000000000     
   0.0000000000000000     
   0.0000000000000000     
   0.0000000000000000     
   0.0000000000000000     
   0.0000000000000000     
   0.0000000000000000     
   0.0000000000000000     
   0.0000000000000000     
   0.0000000000000000     
   0.0000000000000000     
   0.0000000000000000     
   0.0000000000000000     
   0.0000000000000000     
   0.0000000000000000     
   0.0000000000000000     
   0.0000000000000000     
   0.0000000000000000     
   0.0000000000000000     
   0.0000000000000000     
   0.0000000000000000     
   0.0000000000000000     
   0.0000000000000000     
   0.0000000000000000     
   0.0000000000000000     
   0.0000000000000000     
   0.0000000000000000     
   0.0000000000000000     
   0.0000000000000000     
   0.0000000000000000     
   0.0000000000000000     
   0.0000000000000000     
   0.0000000000000000     
   0.0000000000000000     
   0.0000000000000000     
   0.0000000000000000     
   0.0000000000000000     
   0.0000000000000000     
   0.0000000000000000     
   0.0000000000000000     
   0.0000000000000000     
   0.0000000000000000     
   0.0000000000000000     
   0.0000000000000000     
   0.0000000000000000     
   0.0000000000000000     
   0.0000000000000000     
   0.0000000000000000     
   0.0000000000000000     
   0.0000000000000000     
   0.0000000000000000     
   0.0000000000000000     
   0.0000000000000000     
   0.0000000000000000     
   0.0000000000000000     
   0.0000000000000000     
   0.0000000000000000     
   0.0000000000000000     
   0.0000000000000000     
   0.0000000000000000     
   0.0000000000000000     
   0.0000000000000000     
   0.0000000000000000     
   0.0000000000000000     
   0.0000000000000000     
   0.0000000000000000     
   0.0000000000000000     
   0.0000000000000000     
   0.0000000000000000     
   0.0000000000000000     
   0.0000000000000000     
   0.0000000000000000     
   0.0000000000000000     
   0.0000000000000000     
   0.0000000000000000     
   0.0000000000000000     
   0.0000000000000000     
   0.0000000000000000     
   0.0000000000000000     
   0.0000000000000000     
   0.0000000000000000     
   0.0000000000000000     
   0.0000000000000000     
   0.0000000000000000     
   0.0000000000000000     
   0.0000000000000000     
   0.0000000000000000     
   0.0000000000000000     
   0.0000000000000000     
   0.0000000000000000     
   0.0000000000000000     
   0.0000000000000000     
   0.0000000000000000     
   0.0000000000000000     
   0.0000000000000000     
   0.0000000000000000     
   0.0000000000000000     
   0.0000000000000000     
   0.0000000000000000     
   0.0000000000000000     
   0.0000000000000000     
   0.0000000000000000     
   0.0000000000000000     
   0.0000000000000000     
   0.0000000000000000     
   0.0000000000000000     
   0.0000000000000000     
   0.0000000000000000     
   0.0000000000000000     
   0.0000000000000000     
   0.0000000000000000     
   0.0000000000000000     
   0.0000000000000000     
   0.0000000000000000     
   0.0000000000000000     
   0.0000000000000000     
   0.0000000000000000     
   0.0000000000000000     
   0.0000000000000000     
   0.0000000000000000     
   0.0000000000000000     
   0.0000000000000000     
   0.0000000000000000     
   0.0000000000000000     
   0.0000000000000000     
   0.0000000000000000     
   0.0000000000000000     
   0.0000000000000000     
   0.0000000000000000     
   0.0000000000000000     
   0.0000000000000000     
   0.0000000000000000     
   0.0000000000000000     
   0.0000000000000000     
   0.0000000000000000     
   0.0000000000000000     
   0.0000000000000000     
   0.0000000000000000     
   0.0000000000000000     
   0.0000000000000000     
   0.0000000000000000     
   0.0000000000000000     
   0.0000000000000000     
   0.0000000000000000     
   0.0000000000000000     
   0.0000000000000000     
   0.0000000000000000     
   0.0000000000000000     
   0.0000000000000000     
   0.0000000000000000     
   0.0000000000000000     
   0.0000000000000000     
   0.0000000000000000     
   0.0000000000000000     
   0.0000000000000000     
   0.0000000000000000     
   0.0000000000000000     
   0.0000000000000000     
   0.0000000000000000     
   0.0000000000000000     
   0.0000000000000000     
   0.0000000000000000     
   0.0000000000000000     
   0.0000000000000000     
   0.0000000000000000     
   0.0000000000000000     
   0.0000000000000000     
   0.0000000000000000     
   0.0000000000000000     
   0.0000000000000000     
   0.0000000000000000     
   0.0000000000000000     
   0.0000000000000000     
   0.0000000000000000     
   0.0000000000000000     
   0.0000000000000000     
   0.0000000000000000     
   0.0000000000000000     
   0.0000000000000000     
   0.0000000000000000     
   0.0000000000000000     
   0.0000000000000000     
   0.0000000000000000     
   0.0000000000000000     
   0.0000000000000000     
   0.0000000000000000     
   0.0000000000000000     
   0.0000000000000000     
   0.0000000000000000     
   0.0000000000000000     
   0.0000000000000000     
   0.0000000000000000     
   0.0000000000000000     
   0.0000000000000000     
   0.0000000000000000     
   0.0000000000000000     
   0.0000000000000000     
   0.0000000000000000     
   0.0000000000000000     
   0.0000000000000000     
   0.0000000000000000     
   0.0000000000000000     
   0.0000000000000000     
   0.0000000000000000     
   0.0000000000000000     
   0.0000000000000000     
   0.0000000000000000     
   0.0000000000000000     
   0.0000000000000000     
   0.0000000000000000     
   0.0000000000000000     
   0.0000000000000000     
   0.0000000000000000     
   0.0000000000000000     
   0.0000000000000000     
   0.0000000000000000     
   0.0000000000000000     
   0.0000000000000000     
   0.0000000000000000     
   0.0000000000000000     
   0.0000000000000000     
   0.0000000000000000     
   0.0000000000000000     
   0.0000000000000000     
   0.0000000000000000     
   0.0000000000000000     
   0.0000000000000000     
   0.0000000000000000     
   0.0000000000000000     
   0.0000000000000000     
   0.0000000000000000     
   0.0000000000000000     
   0.0000000000000000     
   0.0000000000000000     
   0.0000000000000000     
   0.0000000000000000     
   0.0000000000000000     
   0.0000000000000000     
   0.0000000000000000     
   0.0000000000000000     
   0.0000000000000000     
   0.0000000000000000     
   0.0000000000000000     
   0.0000000000000000     
   0.0000000000000000     
   0.0000000000000000     
   0.0000000000000000     
   0.0000000000000000     
   0.0000000000000000     
   0.0000000000000000     
   0.0000000000000000     
   0.0000000000000000     
   0.0000000000000000     
   0.0000000000000000     
   0.0000000000000000     
   0.0000000000000000     
   0.0000000000000000     
   0.0000000000000000     
   0.0000000000000000     
   0.0000000000000000     
   0.0000000000000000     
   0.0000000000000000     
   0.0000000000000000     
   0.0000000000000000     
   0.0000000000000000     
   0.0000000000000000     
   0.0000000000000000     
   0.0000000000000000     
   0.0000000000000000     
   0.0000000000000000     
   0.0000000000000000     
   0.0000000000000000     
   0.0000000000000000     
   0.0000000000000000     
   0.0000000000000000     
   0.0000000000000000     
   0.0000000000000000     
   0.0000000000000000     
   0.0000000000000000     
   0.0000000000000000     
   0.0000000000000000     
   0.0000000000000000     
   0.0000000000000000     
   0.0000000000000000     
   0.0000000000000000     
   0.0000000000000000     
   0.0000000000000000     
   0.0000000000000000     
   0.0000000000000000     
   0.0000000000000000     
   0.0000000000000000     
   0.0000000000000000     
   0.0000000000000000     
   0.0000000000000000     
   0.0000000000000000     
   0.0000000000000000     
   0.0000000000000000     
   0.0000000000000000     
   0.0000000000000000     
   0.0000000000000000     
   0.0000000000000000     
   0.0000000000000000     
   0.0000000000000000     
   0.0000000000000000     
   0.0000000000000000     
   0.0000000000000000     
   0.0000000000000000     
   0.0000000000000000     
   0.0000000000000000     
   0.0000000000000000     
   0.0000000000000000     
   0.0000000000000000     
   0.0000000000000000     
   0.0000000000000000     
   0.0000000000000000     
   0.0000000000000000     
   0.0000000000000000     
   0.0000000000000000     
   0.0000000000000000     
   0.0000000000000000     
   0.0000000000000000     
   0.0000000000000000     
   0.0000000000000000     
   0.0000000000000000     
   0.0000000000000000     
   0.0000000000000000     
   0.0000000000000000     
   0.0000000000000000     
   0.0000000000000000     
   0.0000000000000000     
   0.0000000000000000     
   0.0000000000000000     
   0.0000000000000000     
   0.0000000000000000     
   0.0000000000000000     
   0.0000000000000000     
   0.0000000000000000     
   0.0000000000000000     
   0.0000000000000000     
   0.0000000000000000     
   0.0000000000000000     
   0.0000000000000000     
   0.0000000000000000     
   0.0000000000000000     
   0.0000000000000000     
   0.0000000000000000     
   0.0000000000000000     
   0.0000000000000000     
   0.0000000000000000     
   0.0000000000000000     
   0.0000000000000000     
   0.0000000000000000     
   0.0000000000000000     
   0.0000000000000000     
   0.0000000000000000     
   0.0000000000000000     
   0.0000000000000000     
   0.0000000000000000     
   0.0000000000000000     
   0.0000000000000000     
   0.0000000000000000     
   0.0000000000000000     
   0.0000000000000000     
   0.0000000000000000     
   0.0000000000000000     
   0.0000000000000000     
   0.0000000000000000     
   0.0000000000000000     
   0.0000000000000000     
   0.0000000000000000     
   0.0000000000000000     
   0.0000000000000000     
   0.0000000000000000     
   0.0000000000000000     
   0.0000000000000000     
   0.0000000000000000     
   0.0000000000000000     
   0.0000000000000000     
   0.0000000000000000     
   0.0000000000000000     
   0.0000000000000000     
   0.0000000000000000     
   0.0000000000000000     
   0.0000000000000000     
   0.0000000000000000     
   0.0000000000000000     
   0.0000000000000000     
   0.0000000000000000     
   0.0000000000000000     
   0.0000000000000000     
   0.0000000000000000     
   0.0000000000000000     
   0.0000000000000000     
   0.0000000000000000     
   0.0000000000000000     
   0.0000000000000000     
   0.0000000000000000     
   0.0000000000000000     
   0.0000000000000000     
   0.0000000000000000     
   0.0000000000000000     
   0.0000000000000000     
   0.0000000000000000     
   0.0000000000000000     
   0.0000000000000000     
   0.0000000000000000     
   0.0000000000000000     
   0.0000000000000000     
   0.0000000000000000     
   0.0000000000000000     
   0.0000000000000000     
   0.0000000000000000     
   0.0000000000000000     
   0.0000000000000000     
   0.0000000000000000     
   0.0000000000000000     
   0.0000000000000000     
   0.0000000000000000     
   0.0000000000000000     
   0.0000000000000000     
   0.0000000000000000     
   0.0000000000000000     
   0.0000000000000000     
   0.0000000000000000     
   0.0000000000000000     
   0.0000000000000000     
   0.0000000000000000     
   0.0000000000000000     
   0.0000000000000000     
   0.0000000000000000     
   0.0000000000000000     
   0.0000000000000000     
   0.0000000000000000     
   0.0000000000000000     
   0.0000000000000000     
   0.0000000000000000     
   0.0000000000000000     
   0.0000000000000000     
   0.0000000000000000     
   0.0000000000000000     
   0.0000000000000000     
   0.0000000000000000     
   0.0000000000000000     
   0.0000000000000000     
   0.0000000000000000     
   0.0000000000000000     
   0.0000000000000000     
   0.0000000000000000     
   0.0000000000000000     
   0.0000000000000000     
   0.0000000000000000     
   0.0000000000000000     
   0.0000000000000000     
   0.0000000000000000     
   0.0000000000000000     
   0.0000000000000000     
   0.0000000000000000     
   0.0000000000000000     
   0.0000000000000000     
   0.0000000000000000     
   0.0000000000000000     
   0.0000000000000000     
   0.0000000000000000     
   0.0000000000000000     
   0.0000000000000000     
   0.0000000000000000     
   0.0000000000000000     
   0.0000000000000000     
   0.0000000000000000     
   0.0000000000000000     
   0.0000000000000000     
   0.0000000000000000     
   0.0000000000000000     
   0.0000000000000000     
   0.0000000000000000     
   0.0000000000000000     
   0.0000000000000000     
   0.0000000000000000     
   0.0000000000000000     
   0.0000000000000000     
   0.0000000000000000     
   0.0000000000000000     
   0.0000000000000000     
   0.0000000000000000     
   0.0000000000000000     
   0.0000000000000000     
   0.0000000000000000     
   0.0000000000000000     
   0.0000000000000000     
   0.0000000000000000     
   0.0000000000000000     
   0.0000000000000000     
   0.0000000000000000     
   0.0000000000000000     
   0.0000000000000000     
   0.0000000000000000     
   0.0000000000000000     
   0.0000000000000000     
   0.0000000000000000     
   0.0000000000000000     
   0.0000000000000000     
   0.0000000000000000     
   0.0000000000000000     
   0.0000000000000000     
   0.0000000000000000     
   0.0000000000000000     
   0.0000000000000000     
   0.0000000000000000     
   0.0000000000000000     
   0.0000000000000000     
   0.0000000000000000     
   0.0000000000000000     
   0.0000000000000000     
   0.0000000000000000     
   0.0000000000000000     
   0.0000000000000000     
   0.0000000000000000     
   0.0000000000000000     
   0.0000000000000000     
   0.0000000000000000     
   0.0000000000000000     
   0.0000000000000000     
   0.0000000000000000     
   0.0000000000000000     
   0.0000000000000000     
   0.0000000000000000     
   0.0000000000000000     
   0.0000000000000000     
   0.0000000000000000     
   0.0000000000000000     
   0.0000000000000000     
   0.0000000000000000     
   0.0000000000000000     
   0.0000000000000000     
   0.0000000000000000     
   0.0000000000000000     
   0.0000000000000000     
   0.0000000000000000     
   0.0000000000000000     
   0.0000000000000000     
   0.0000000000000000     
   0.0000000000000000     
   0.0000000000000000     
   0.0000000000000000     
   0.0000000000000000     
   0.0000000000000000     
   0.0000000000000000     
   0.0000000000000000     
   0.0000000000000000     
   0.0000000000000000     
   0.0000000000000000     
   0.0000000000000000     
   0.0000000000000000     
   0.0000000000000000     
   0.0000000000000000     
   0.0000000000000000     
   0.0000000000000000     
   0.0000000000000000     
   0.0000000000000000     
   0.0000000000000000     
   0.0000000000000000     
   0.0000000000000000     
   0.0000000000000000     
   0.0000000000000000     
   0.0000000000000000     
   0.0000000000000000     
   0.0000000000000000     
   0.0000000000000000     
   0.0000000000000000     
   0.0000000000000000     
   0.0000000000000000     
   0.0000000000000000     
   0.0000000000000000     
   0.0000000000000000     
   0.0000000000000000     
   0.0000000000000000     
   0.0000000000000000     
   0.0000000000000000     
   0.0000000000000000     
   0.0000000000000000     
   0.0000000000000000     
   0.0000000000000000     
   0.0000000000000000     
   0.0000000000000000     
   0.0000000000000000     
   0.0000000000000000     
   0.0000000000000000     
   0.0000000000000000     
   0.0000000000000000     
   0.0000000000000000     
   0.0000000000000000     
   0.0000000000000000     
   0.0000000000000000     
   0.0000000000000000     
   0.0000000000000000     
   0.0000000000000000     
   0.0000000000000000     
   0.0000000000000000     
   0.0000000000000000     
   0.0000000000000000     
   0.0000000000000000     
   0.0000000000000000     
   0.0000000000000000     
   0.0000000000000000     
   0.0000000000000000     
   0.0000000000000000     
   0.0000000000000000     
   0.0000000000000000     
   0.0000000000000000     
   0.0000000000000000     
   0.0000000000000000     
   0.0000000000000000     
   0.0000000000000000     
   0.0000000000000000     
   0.0000000000000000     
   0.0000000000000000     
   0.0000000000000000     
   0.0000000000000000     
   0.0000000000000000     
   0.0000000000000000     
   0.0000000000000000     
   0.0000000000000000     
   0.0000000000000000     
   0.0000000000000000     
   0.0000000000000000     
   0.0000000000000000     
   0.0000000000000000     
   0.0000000000000000     
   0.0000000000000000     
   0.0000000000000000     
   0.0000000000000000     
   0.0000000000000000     
   0.0000000000000000     
   0.0000000000000000     
   0.0000000000000000     
   0.0000000000000000     
   0.0000000000000000     
   0.0000000000000000     
   0.0000000000000000     
   0.0000000000000000     
   0.0000000000000000     
   0.0000000000000000     
   0.0000000000000000     
   0.0000000000000000     
   0.0000000000000000     
   0.0000000000000000     
   0.0000000000000000     
   0.0000000000000000     
   0.0000000000000000     
   0.0000000000000000     
   0.0000000000000000     
   0.0000000000000000     
   0.0000000000000000     
   0.0000000000000000     
   0.0000000000000000     
   0.0000000000000000     
   0.0000000000000000     
   0.0000000000000000     
   0.0000000000000000     
   0.0000000000000000     
   0.0000000000000000     
   0.0000000000000000     
   0.0000000000000000     
   0.0000000000000000     
   0.0000000000000000     
   0.0000000000000000     
   0.0000000000000000     
   0.0000000000000000     
   0.0000000000000000     
   0.0000000000000000     
   0.0000000000000000     
   0.0000000000000000     
   0.0000000000000000     
   0.0000000000000000     
   0.0000000000000000     
   0.0000000000000000     
   0.0000000000000000     
   0.0000000000000000     
   0.0000000000000000     
   0.0000000000000000     
   0.0000000000000000     
   0.0000000000000000     
   0.0000000000000000     
   0.0000000000000000     
   0.0000000000000000     
   0.0000000000000000     
   0.0000000000000000     
   0.0000000000000000     
   0.0000000000000000     
   0.0000000000000000     
   0.0000000000000000     
   0.0000000000000000     
   0.0000000000000000     
   0.0000000000000000     
   0.0000000000000000     
   0.0000000000000000     
   0.0000000000000000     
   0.0000000000000000     
   0.0000000000000000     
   0.0000000000000000     
   0.0000000000000000     
   0.0000000000000000     
   0.0000000000000000     
   0.0000000000000000     
   0.0000000000000000     
   0.0000000000000000     
   0.0000000000000000     
   0.0000000000000000     
   0.0000000000000000     
   0.0000000000000000     
   0.0000000000000000     
   0.0000000000000000     
   0.0000000000000000     
   0.0000000000000000     
   0.0000000000000000     
   0.0000000000000000     
   0.0000000000000000     
   0.0000000000000000     
   0.0000000000000000     
   0.0000000000000000     
   0.0000000000000000     
   0.0000000000000000     
   0.0000000000000000     
   0.0000000000000000     
   0.0000000000000000     
   0.0000000000000000     
   0.0000000000000000     
   0.0000000000000000     
   0.0000000000000000     
   0.0000000000000000     
   0.0000000000000000     
   0.0000000000000000     
   0.0000000000000000     
   0.0000000000000000     
   0.0000000000000000     
   0.0000000000000000     
   0.0000000000000000     
   0.0000000000000000     
   0.0000000000000000     
   0.0000000000000000     
   0.0000000000000000     
   0.0000000000000000     
   0.0000000000000000     
   0.0000000000000000     
   0.0000000000000000     
   0.0000000000000000     
   0.0000000000000000     
   0.0000000000000000     
   0.0000000000000000     
   0.0000000000000000     
   0.0000000000000000     
   0.0000000000000000     
   0.0000000000000000     
   0.0000000000000000     
   0.0000000000000000     
   0.0000000000000000     
   0.0000000000000000     
   0.0000000000000000     
   0.0000000000000000     
   0.0000000000000000     
   0.0000000000000000     
   0.0000000000000000     
   0.0000000000000000     
   0.0000000000000000     
   0.0000000000000000     
   0.0000000000000000     
   0.0000000000000000     
   0.0000000000000000     
   0.0000000000000000     
   0.0000000000000000     
   0.0000000000000000     
   0.0000000000000000     
   0.0000000000000000     
   0.0000000000000000     
   0.0000000000000000     
   0.0000000000000000     
   0.0000000000000000     
   0.0000000000000000     
   0.0000000000000000     
   0.0000000000000000     
   0.0000000000000000     
   0.0000000000000000     
   0.0000000000000000     
   0.0000000000000000     
   0.0000000000000000     
   0.0000000000000000     
   0.0000000000000000     
   0.0000000000000000     
   0.0000000000000000     
   0.0000000000000000     
   0.0000000000000000     
   0.0000000000000000     
   0.0000000000000000     
   0.0000000000000000     
   0.0000000000000000     
   0.0000000000000000     
   0.0000000000000000     
   0.0000000000000000     
   0.0000000000000000     
   0.0000000000000000     
   0.0000000000000000     
   0.0000000000000000     
   0.0000000000000000     
   0.0000000000000000     
   0.0000000000000000     
   0.0000000000000000     
   0.0000000000000000     
   0.0000000000000000     
   0.0000000000000000     
   0.0000000000000000     
   0.0000000000000000     
   0.0000000000000000     
   0.0000000000000000     
   0.0000000000000000     
   0.0000000000000000     
   0.0000000000000000     
   0.0000000000000000     
   0.0000000000000000     
   0.0000000000000000     
   0.0000000000000000     
   0.0000000000000000     
   0.0000000000000000     
   0.0000000000000000     
   0.0000000000000000     
   0.0000000000000000     
   0.0000000000000000     
   0.0000000000000000     
   0.0000000000000000     
   0.0000000000000000     
   0.0000000000000000     
   0.0000000000000000     
   0.0000000000000000     
   0.0000000000000000     
   0.0000000000000000     
   0.0000000000000000     
   0.0000000000000000     
   0.0000000000000000     
   0.0000000000000000     
   0.0000000000000000     
   0.0000000000000000     
   0.0000000000000000     
   0.0000000000000000     
   0.0000000000000000     
   0.0000000000000000     
   0.0000000000000000     
   0.0000000000000000     
   0.0000000000000000     
   0.0000000000000000     
   0.0000000000000000     
   0.0000000000000000     
   0.0000000000000000     
   0.0000000000000000     
   0.0000000000000000     
   0.0000000000000000     
   0.0000000000000000     
   0.0000000000000000     
   0.0000000000000000     
   0.0000000000000000     
   0.0000000000000000     
   0.0000000000000000     
   0.0000000000000000     
   0.0000000000000000     
   0.0000000000000000     
   0.0000000000000000     
   0.0000000000000000     
   0.0000000000000000     
   0.0000000000000000     
   0.0000000000000000     
   0.0000000000000000     
   0.0000000000000000     
   0.0000000000000000     
   0.0000000000000000     
   0.0000000000000000     
   0.0000000000000000     
   0.0000000000000000     
   0.0000000000000000     
   0.0000000000000000     
   0.0000000000000000     
   0.0000000000000000     
   0.0000000000000000     
   0.0000000000000000     
   0.0000000000000000     
   0.0000000000000000     
   0.0000000000000000     
   0.0000000000000000     
   0.0000000000000000     
   0.0000000000000000     
   0.0000000000000000     
   0.0000000000000000     
   0.0000000000000000     
   0.0000000000000000     
   0.0000000000000000     
   0.0000000000000000     
   0.0000000000000000     
   0.0000000000000000     
   0.0000000000000000     
   0.0000000000000000     
   0.0000000000000000     
   0.0000000000000000     
   0.0000000000000000     
   0.0000000000000000     
   0.0000000000000000     
   0.0000000000000000     
   0.0000000000000000     
   0.0000000000000000     
   0.0000000000000000     
   0.0000000000000000     
   0.0000000000000000     
   0.0000000000000000     
   0.0000000000000000     
   0.0000000000000000     
   0.0000000000000000     
   0.0000000000000000     
   0.0000000000000000     
   0.0000000000000000     
   0.0000000000000000     
   0.0000000000000000     
   0.0000000000000000     
   0.0000000000000000     
   0.0000000000000000     
   0.0000000000000000     
   0.0000000000000000     
   0.0000000000000000     
   0.0000000000000000     
   0.0000000000000000     
   0.0000000000000000     
   0.0000000000000000     
   0.0000000000000000     
   0.0000000000000000     
   0.0000000000000000     
   0.0000000000000000     
   0.0000000000000000     
   0.0000000000000000     
   0.0000000000000000     
   0.0000000000000000     
   0.0000000000000000     
   0.0000000000000000     
   0.0000000000000000     
   0.0000000000000000     
   0.0000000000000000     
   0.0000000000000000     
   0.0000000000000000     
   0.0000000000000000     
   0.0000000000000000     
   0.0000000000000000     
   0.0000000000000000     
   0.0000000000000000     
   0.0000000000000000     
   0.0000000000000000     
   0.0000000000000000     
   0.0000000000000000     
   0.0000000000000000     
   0.0000000000000000     
   0.0000000000000000     
   0.0000000000000000     
   0.0000000000000000     
   0.0000000000000000     
   0.0000000000000000     
   0.0000000000000000     
   0.0000000000000000     
   0.0000000000000000     
   0.0000000000000000     
   0.0000000000000000     
   0.0000000000000000     
   0.0000000000000000     
   0.0000000000000000     
   0.0000000000000000     
   0.0000000000000000     
   0.0000000000000000     
   0.0000000000000000     
   0.0000000000000000     
   0.0000000000000000     
   0.0000000000000000     
   0.0000000000000000     
   0.0000000000000000     
   0.0000000000000000     
   0.0000000000000000     
   0.0000000000000000     
   0.0000000000000000     
   0.0000000000000000     
   0.0000000000000000     
   0.0000000000000000     
   0.0000000000000000     
   0.0000000000000000     
   0.0000000000000000     
   0.0000000000000000     
   0.0000000000000000     
   0.0000000000000000     
   0.0000000000000000     
   0.0000000000000000     
   0.0000000000000000     
   0.0000000000000000     
   0.0000000000000000     
   0.0000000000000000     
   0.0000000000000000     
   0.0000000000000000     
   0.0000000000000000     
   0.0000000000000000     
   0.0000000000000000     
   0.0000000000000000     
   0.0000000000000000     
   0.0000000000000000     
   0.0000000000000000     
   0.0000000000000000     
   0.0000000000000000     
   0.0000000000000000     
   0.0000000000000000     
   0.0000000000000000     
   0.0000000000000000     
   0.0000000000000000     
   0.0000000000000000     
   0.0000000000000000     
   0.0000000000000000     
   0.0000000000000000     
   0.0000000000000000     
   0.0000000000000000     
   0.0000000000000000     
   0.0000000000000000     
   0.0000000000000000     
   0.0000000000000000     
   0.0000000000000000     
   0.0000000000000000     
   0.0000000000000000     
   0.0000000000000000     
   0.0000000000000000     
   0.0000000000000000     
   0.0000000000000000     
   0.0000000000000000     
   0.0000000000000000     
   0.0000000000000000     
   0.0000000000000000     
   0.0000000000000000     
   0.0000000000000000     
   0.0000000000000000     
   0.0000000000000000     
   0.0000000000000000     
   0.0000000000000000     
   0.0000000000000000     
   0.0000000000000000     
   0.0000000000000000     
   0.0000000000000000     
   0.0000000000000000     
   0.0000000000000000     
   0.0000000000000000     
   0.0000000000000000     
   0.0000000000000000     
   0.0000000000000000     
   0.0000000000000000     
   0.0000000000000000     
   0.0000000000000000     
   0.0000000000000000     
   0.0000000000000000     
   0.0000000000000000     
   0.0000000000000000     
   0.0000000000000000     
   0.0000000000000000     
   0.0000000000000000     
   0.0000000000000000     
   0.0000000000000000     
   0.0000000000000000     
   0.0000000000000000     
   0.0000000000000000     
   0.0000000000000000     
   0.0000000000000000     
   0.0000000000000000     
   0.0000000000000000     
   0.0000000000000000     
   0.0000000000000000     
   0.0000000000000000     
   0.0000000000000000     
   0.0000000000000000     
   0.0000000000000000     
   0.0000000000000000     
   0.0000000000000000     
   0.0000000000000000     
   0.0000000000000000     
   0.0000000000000000     
   0.0000000000000000     
   0.0000000000000000     
   0.0000000000000000     
   0.0000000000000000     
   0.0000000000000000     
   0.0000000000000000     
   0.0000000000000000     
   0.0000000000000000     
   0.0000000000000000     
   0.0000000000000000     
   0.0000000000000000     
   0.0000000000000000     
   0.0000000000000000     
   0.0000000000000000     
   0.0000000000000000     
   0.0000000000000000     
   0.0000000000000000     
   0.0000000000000000     
   0.0000000000000000     
   0.0000000000000000     
   0.0000000000000000     
   0.0000000000000000     
   0.0000000000000000     
   0.0000000000000000     
   0.0000000000000000     
   0.0000000000000000     
   0.0000000000000000     
   0.0000000000000000     
   0.0000000000000000     
   0.0000000000000000     
   0.0000000000000000     
   0.0000000000000000     
   0.0000000000000000     
   0.0000000000000000     
   0.0000000000000000     
   0.0000000000000000     
   0.0000000000000000     
   0.0000000000000000     
   0.0000000000000000     
   0.0000000000000000     
   0.0000000000000000     
   0.0000000000000000     
   0.0000000000000000     
   0.0000000000000000     
   0.0000000000000000     
   0.0000000000000000     
   0.0000000000000000     
   0.0000000000000000     
   0.0000000000000000     
   0.0000000000000000     
   0.0000000000000000     
   0.0000000000000000     
   0.0000000000000000     
   0.0000000000000000     
   0.0000000000000000     
   0.0000000000000000     
   0.0000000000000000     
   0.0000000000000000     
   0.0000000000000000     
   0.0000000000000000     
   0.0000000000000000     
   0.0000000000000000     
   0.0000000000000000     
   0.0000000000000000     
   0.0000000000000000     
   0.0000000000000000     
   0.0000000000000000     
   0.0000000000000000     
   0.0000000000000000     
   0.0000000000000000     
   0.0000000000000000     
   0.0000000000000000     
   0.0000000000000000     
   0.0000000000000000     
   0.0000000000000000     
   0.0000000000000000     
   0.0000000000000000     
   0.0000000000000000     
   0.0000000000000000     
   0.0000000000000000     
   0.0000000000000000     
   0.0000000000000000     
   0.0000000000000000     
   0.0000000000000000     
   0.0000000000000000     
   0.0000000000000000     
   0.0000000000000000     
   0.0000000000000000     
   0.0000000000000000     
   0.0000000000000000     
   0.0000000000000000     
   0.0000000000000000     
   0.0000000000000000     
   0.0000000000000000     
   0.0000000000000000     
   0.0000000000000000     
   0.0000000000000000     
   0.0000000000000000     
   0.0000000000000000     
   0.0000000000000000     
   0.0000000000000000     
   0.0000000000000000     
   0.0000000000000000     
   0.0000000000000000     
   0.0000000000000000     
   0.0000000000000000     
   0.0000000000000000     
   0.0000000000000000     
   0.0000000000000000     
   0.0000000000000000     
   0.0000000000000000     
   0.0000000000000000     
   0.0000000000000000     
   0.0000000000000000     
   0.0000000000000000     
   0.0000000000000000     
   0.0000000000000000     
   0.0000000000000000     
   0.0000000000000000     
   0.0000000000000000     
   0.0000000000000000     
   0.0000000000000000     
   0.0000000000000000     
   0.0000000000000000     
   0.0000000000000000     
   0.0000000000000000     
   0.0000000000000000     
   0.0000000000000000     
   0.0000000000000000     
   0.0000000000000000     
   0.0000000000000000     
   0.0000000000000000     
   0.0000000000000000     
   0.0000000000000000     
   0.0000000000000000     
   0.0000000000000000     
   0.0000000000000000     
   0.0000000000000000     
   0.0000000000000000     
   0.0000000000000000     
   0.0000000000000000     
   0.0000000000000000     
   0.0000000000000000     
   0.0000000000000000     
   0.0000000000000000     
   0.0000000000000000     
   0.0000000000000000     
   0.0000000000000000     
   0.0000000000000000     
   0.0000000000000000     
   0.0000000000000000     
   0.0000000000000000     
   0.0000000000000000     
   0.0000000000000000     
   0.0000000000000000     
   0.0000000000000000     
   0.0000000000000000     
   0.0000000000000000     
   0.0000000000000000     
   0.0000000000000000     
   0.0000000000000000     
   0.0000000000000000     
   0.0000000000000000     
   0.0000000000000000     
   0.0000000000000000     
   0.0000000000000000     
   0.0000000000000000     
   0.0000000000000000     
   0.0000000000000000     
   0.0000000000000000     
   0.0000000000000000     
   0.0000000000000000     
   0.0000000000000000     
   0.0000000000000000     
   0.0000000000000000     
   0.0000000000000000     
   0.0000000000000000     
   0.0000000000000000     
   0.0000000000000000     
   0.0000000000000000     
   0.0000000000000000     
   0.0000000000000000     
   0.0000000000000000     
   0.0000000000000000     
   0.0000000000000000     
   0.0000000000000000     
   0.0000000000000000     
   0.0000000000000000     
   0.0000000000000000     
   0.0000000000000000     
   0.0000000000000000     
   0.0000000000000000     
   0.0000000000000000     
   0.0000000000000000     
   0.0000000000000000     
   0.0000000000000000     
   0.0000000000000000     
   0.0000000000000000     
   0.0000000000000000     
   0.0000000000000000     
   0.0000000000000000     
   0.0000000000000000     
   0.0000000000000000     
   0.0000000000000000     
   0.0000000000000000     
   0.0000000000000000     
   0.0000000000000000     
   0.0000000000000000     
   0.0000000000000000     
   0.0000000000000000     
   0.0000000000000000     
   0.0000000000000000     
   0.0000000000000000     
   0.0000000000000000     
   0.0000000000000000     
   0.0000000000000000     
   0.0000000000000000     
   0.0000000000000000     
   0.0000000000000000     
   0.0000000000000000     
   0.0000000000000000     
   0.0000000000000000     
   0.0000000000000000     
   0.0000000000000000     
   0.0000000000000000     
   0.0000000000000000     
   0.0000000000000000     
   0.0000000000000000     
   0.0000000000000000     
   0.0000000000000000     
   0.0000000000000000     
   0.0000000000000000     
   0.0000000000000000     
   0.0000000000000000     
   0.0000000000000000     
   0.0000000000000000     
   0.0000000000000000     
   0.0000000000000000     
   0.0000000000000000     
   0.0000000000000000     
   0.0000000000000000     
   0.0000000000000000     
   0.0000000000000000     
   0.0000000000000000     
   0.0000000000000000     
   0.0000000000000000     
   0.0000000000000000     
   0.0000000000000000     
   0.0000000000000000     
   0.0000000000000000     
   0.0000000000000000     
   0.0000000000000000     
   0.0000000000000000     
   0.0000000000000000     
   0.0000000000000000     
   0.0000000000000000     
   0.0000000000000000     
   0.0000000000000000     
   0.0000000000000000     
   0.0000000000000000     
   0.0000000000000000     
   0.0000000000000000     
   0.0000000000000000     
   0.0000000000000000     
   0.0000000000000000     
   0.0000000000000000     
   0.0000000000000000     
   0.0000000000000000     
   0.0000000000000000     
   0.0000000000000000     
   0.0000000000000000     
   0.0000000000000000     
   0.0000000000000000     
   0.0000000000000000     
   0.0000000000000000     
   0.0000000000000000     
   0.0000000000000000     
   0.0000000000000000     
   0.0000000000000000     
   0.0000000000000000     
   0.0000000000000000     
   0.0000000000000000     
   0.0000000000000000     
   0.0000000000000000     
   0.0000000000000000     
   0.0000000000000000     
   0.0000000000000000     
   0.0000000000000000     
   0.0000000000000000     
   0.0000000000000000     
   0.0000000000000000     
   0.0000000000000000     
   0.0000000000000000     
   0.0000000000000000     
   0.0000000000000000     
   0.0000000000000000     
   0.0000000000000000     
   0.0000000000000000     
   0.0000000000000000     
   0.0000000000000000     
   0.0000000000000000     
   0.0000000000000000     
   0.0000000000000000     
   0.0000000000000000     
   0.0000000000000000     
   0.0000000000000000     
   0.0000000000000000     
   0.0000000000000000     
   0.0000000000000000     
   0.0000000000000000     
   0.0000000000000000     
   0.0000000000000000     
   0.0000000000000000     
   0.0000000000000000     
   0.0000000000000000     
   0.0000000000000000     
   0.0000000000000000     
   0.0000000000000000     
   0.0000000000000000     
   0.0000000000000000     
   0.0000000000000000     
   0.0000000000000000     
   0.0000000000000000     
   0.0000000000000000     
   0.0000000000000000     
   0.0000000000000000     
   0.0000000000000000     
   0.0000000000000000     
   0.0000000000000000     
   0.0000000000000000     
   0.0000000000000000     
   0.0000000000000000     
   0.0000000000000000     
   0.0000000000000000     
   0.0000000000000000     
   0.0000000000000000     
   0.0000000000000000     
   0.0000000000000000     
   0.0000000000000000     
   0.0000000000000000     
   0.0000000000000000     
   0.0000000000000000     
   0.0000000000000000     
   0.0000000000000000     
   0.0000000000000000     
   0.0000000000000000     
   0.0000000000000000     
   0.0000000000000000     
   0.0000000000000000     
   0.0000000000000000     
   0.0000000000000000     
   0.0000000000000000     
   0.0000000000000000     
   0.0000000000000000     
   0.0000000000000000     
   0.0000000000000000     
   0.0000000000000000     
   0.0000000000000000     
   0.0000000000000000     
   0.0000000000000000     
   0.0000000000000000     
   0.0000000000000000     
   0.0000000000000000     
   0.0000000000000000     
   0.0000000000000000     
   0.0000000000000000     
   0.0000000000000000     
   0.0000000000000000     
   0.0000000000000000     
   0.0000000000000000     
   0.0000000000000000     
   0.0000000000000000     
   0.0000000000000000     
   0.0000000000000000     
   0.0000000000000000     
   0.0000000000000000     
   0.0000000000000000     
   0.0000000000000000     
   0.0000000000000000     
   0.0000000000000000     
   0.0000000000000000     
   0.0000000000000000     
   0.0000000000000000     
   0.0000000000000000     
   0.0000000000000000     
   0.0000000000000000     
   0.0000000000000000     
   0.0000000000000000     
   0.0000000000000000     
   0.0000000000000000     
   0.0000000000000000     
   0.0000000000000000     
   0.0000000000000000     
   0.0000000000000000     
   0.0000000000000000     
   0.0000000000000000     
   0.0000000000000000     
   0.0000000000000000     
   0.0000000000000000     
   0.0000000000000000     
   0.0000000000000000     
   0.0000000000000000     
   0.0000000000000000     
   0.0000000000000000     
   0.0000000000000000     
   0.0000000000000000     
   0.0000000000000000     
   0.0000000000000000     
   0.0000000000000000     
   0.0000000000000000     
   0.0000000000000000     
   0.0000000000000000     
   0.0000000000000000     
   0.0000000000000000     
   0.0000000000000000     
   0.0000000000000000     
   0.0000000000000000     
   0.0000000000000000     
   0.0000000000000000     
   0.0000000000000000     
   0.0000000000000000     
   0.0000000000000000     
   0.0000000000000000     
   0.0000000000000000     
   0.0000000000000000     
   0.0000000000000000     
   0.0000000000000000     
   0.0000000000000000     
   0.0000000000000000     
   0.0000000000000000     
   0.0000000000000000     
   0.0000000000000000     
   0.0000000000000000     
   0.0000000000000000     
   0.0000000000000000     
   0.0000000000000000     
   0.0000000000000000     
   0.0000000000000000     
   0.0000000000000000     
   0.0000000000000000     
   0.0000000000000000     
   0.0000000000000000     
   0.0000000000000000     
   0.0000000000000000     
   0.0000000000000000     
   0.0000000000000000     
   0.0000000000000000     
   0.0000000000000000     
   0.0000000000000000     
   0.0000000000000000     
   0.0000000000000000     
   0.0000000000000000     
   0.0000000000000000     
   0.0000000000000000     
   0.0000000000000000     
   0.0000000000000000     
   0.0000000000000000     
   0.0000000000000000     
   0.0000000000000000     
   0.0000000000000000     
   0.0000000000000000     
   0.0000000000000000     
   0.0000000000000000     
   0.0000000000000000     
   0.0000000000000000     
   0.0000000000000000     
   0.0000000000000000     
   0.0000000000000000     
   0.0000000000000000     
   0.0000000000000000     
   0.0000000000000000     
   0.0000000000000000     
   0.0000000000000000     
   0.0000000000000000     
   0.0000000000000000     
   0.0000000000000000     
   0.0000000000000000     
   0.0000000000000000     
   0.0000000000000000     
   0.0000000000000000     
   0.0000000000000000     
   0.0000000000000000     
   0.0000000000000000     
   0.0000000000000000     
   0.0000000000000000     
   0.0000000000000000     
   0.0000000000000000     
   0.0000000000000000     
   0.0000000000000000     
   0.0000000000000000     
   0.0000000000000000     
   0.0000000000000000     
   0.0000000000000000     
   0.0000000000000000     
   0.0000000000000000     
   0.0000000000000000     
   0.0000000000000000     
   0.0000000000000000     
   0.0000000000000000     
   0.0000000000000000     
   0.0000000000000000     
   0.0000000000000000     
   0.0000000000000000     
   0.0000000000000000     
   0.0000000000000000     
   0.0000000000000000     
   0.0000000000000000     
   0.0000000000000000     
   0.0000000000000000     
   0.0000000000000000     
   0.0000000000000000     
   0.0000000000000000     
   0.0000000000000000     
   0.0000000000000000     
   0.0000000000000000     
   0.0000000000000000     
   0.0000000000000000     
   0.0000000000000000     
   0.0000000000000000     
   0.0000000000000000     
   0.0000000000000000     
   0.0000000000000000     
   0.0000000000000000     
   0.0000000000000000     
   0.0000000000000000     
   0.0000000000000000     
   0.0000000000000000     
   0.0000000000000000     
   0.0000000000000000     
   0.0000000000000000     
   0.0000000000000000     
   0.0000000000000000     
   0.0000000000000000     
   0.0000000000000000     
   0.0000000000000000     
   0.0000000000000000     
   0.0000000000000000     
   0.0000000000000000     
   0.0000000000000000     
   0.0000000000000000     
   0.0000000000000000     
   0.0000000000000000     
   0.0000000000000000     
   0.0000000000000000     
   0.0000000000000000     
   0.0000000000000000     
   0.0000000000000000     
   0.0000000000000000     
   0.0000000000000000     
   0.0000000000000000     
   0.0000000000000000     
   0.0000000000000000     
   0.0000000000000000     
   0.0000000000000000     
   0.0000000000000000     
   0.0000000000000000     
   0.0000000000000000     
   0.0000000000000000     
   0.0000000000000000     
   0.0000000000000000     
   0.0000000000000000     
   0.0000000000000000     
   0.0000000000000000     
   0.0000000000000000     
   0.0000000000000000     
   0.0000000000000000     
   0.0000000000000000     
   0.0000000000000000     
   0.0000000000000000     
   0.0000000000000000     
   0.0000000000000000     
   0.0000000000000000     
   0.0000000000000000     
   0.0000000000000000     
   0.0000000000000000     
   0.0000000000000000     
   0.0000000000000000     
   0.0000000000000000     
   0.0000000000000000     
   0.0000000000000000     
   0.0000000000000000     
   0.0000000000000000     
   0.0000000000000000     
   0.0000000000000000     
   0.0000000000000000     
   0.0000000000000000     
   0.0000000000000000     
   0.0000000000000000     
   0.0000000000000000     
   0.0000000000000000     
   0.0000000000000000     
   0.0000000000000000     
   0.0000000000000000     
   0.0000000000000000     
   0.0000000000000000     
   0.0000000000000000     
   0.0000000000000000     
   0.0000000000000000     
   0.0000000000000000     
   0.0000000000000000     
   0.0000000000000000     
   0.0000000000000000     
   0.0000000000000000     
   0.0000000000000000     
   0.0000000000000000     
   0.0000000000000000     
   0.0000000000000000     
   0.0000000000000000     
   0.0000000000000000     
   0.0000000000000000     
   0.0000000000000000     
   0.0000000000000000     
   0.0000000000000000     
   0.0000000000000000     
   0.0000000000000000     
   0.0000000000000000     
   0.0000000000000000     
   0.0000000000000000     
   0.0000000000000000     
   0.0000000000000000     
   0.0000000000000000     
   0.0000000000000000     
   0.0000000000000000     
   0.0000000000000000     
   0.0000000000000000     
   0.0000000000000000     
   0.0000000000000000     
   0.0000000000000000     
   0.0000000000000000     
   0.0000000000000000     
   0.0000000000000000     
   0.0000000000000000     
   0.0000000000000000     
   0.0000000000000000     
   0.0000000000000000     
   0.0000000000000000     
   0.0000000000000000     
   0.0000000000000000     
   0.0000000000000000     
   0.0000000000000000     
   0.0000000000000000     
   0.0000000000000000     
   0.0000000000000000     
   0.0000000000000000     
   0.0000000000000000     
   0.0000000000000000     
   0.0000000000000000     
   0.0000000000000000     
   0.0000000000000000     
   0.0000000000000000     
   0.0000000000000000     
   0.0000000000000000     
   0.0000000000000000     
   0.0000000000000000     
   0.0000000000000000     
   0.0000000000000000     
   0.0000000000000000     
   0.0000000000000000     
   0.0000000000000000     
   0.0000000000000000     
   0.0000000000000000     
   0.0000000000000000     
   0.0000000000000000     
   0.0000000000000000     
   0.0000000000000000     
   0.0000000000000000     
   0.0000000000000000     
   0.0000000000000000     
   0.0000000000000000     
   0.0000000000000000     
   0.0000000000000000     
   0.0000000000000000     
   0.0000000000000000     
   0.0000000000000000     
   0.0000000000000000     
   0.0000000000000000     
   0.0000000000000000     
   0.0000000000000000     
   0.0000000000000000     
   0.0000000000000000     
   0.0000000000000000     
   0.0000000000000000     
   0.0000000000000000     
   0.0000000000000000     
   0.0000000000000000     
   0.0000000000000000     
   0.0000000000000000     
   0.0000000000000000     
   0.0000000000000000     
   0.0000000000000000     
   0.0000000000000000     
   0.0000000000000000     
   0.0000000000000000     
   0.0000000000000000     
   0.0000000000000000     
   0.0000000000000000     
   0.0000000000000000     
   0.0000000000000000     
   0.0000000000000000     
   0.0000000000000000     
   0.0000000000000000     
   0.0000000000000000     
   0.0000000000000000     
   0.0000000000000000     
   0.0000000000000000     
   0.0000000000000000     
   0.0000000000000000     
   0.0000000000000000     
   0.0000000000000000     
   0.0000000000000000     
   0.0000000000000000     
   0.0000000000000000     
   0.0000000000000000     
   0.0000000000000000     
   0.0000000000000000     
   0.0000000000000000     
   0.0000000000000000     
   0.0000000000000000     
   0.0000000000000000     
   0.0000000000000000     
   0.0000000000000000     
   0.0000000000000000     
   0.0000000000000000     
   0.0000000000000000     
   0.0000000000000000     
   0.0000000000000000     
   0.0000000000000000     
   0.0000000000000000     
   0.0000000000000000     
   0.0000000000000000     
   0.0000000000000000     
   0.0000000000000000     
   0.0000000000000000     
   0.0000000000000000     
   0.0000000000000000     
   0.0000000000000000     
   0.0000000000000000     
   0.0000000000000000     
   0.0000000000000000     
   0.0000000000000000     
   0.0000000000000000     
   0.0000000000000000     
   0.0000000000000000     
   0.0000000000000000     
   0.0000000000000000     
   0.0000000000000000     
   0.0000000000000000     
   0.0000000000000000     
   0.0000000000000000     
   0.0000000000000000     
   0.0000000000000000     
   0.0000000000000000     
   0.0000000000000000     
   0.0000000000000000     
   0.0000000000000000     
   0.0000000000000000     
   0.0000000000000000     
   0.0000000000000000     
   0.0000000000000000     
   0.0000000000000000     
   0.0000000000000000     
   0.0000000000000000     
   0.0000000000000000     
   0.0000000000000000     
   0.0000000000000000     
   0.0000000000000000     
   0.0000000000000000     
   0.0000000000000000     
   0.0000000000000000     
   0.0000000000000000     
   0.0000000000000000     
   0.0000000000000000     
   0.0000000000000000     
   0.0000000000000000     
   0.0000000000000000     
   0.0000000000000000     
   0.0000000000000000     
   0.0000000000000000     
   0.0000000000000000     
   0.0000000000000000     
   0.0000000000000000     
   0.0000000000000000     
   0.0000000000000000     
   0.0000000000000000     
   0.0000000000000000     
   0.0000000000000000     
   0.0000000000000000     
   0.0000000000000000     
   0.0000000000000000     
   0.0000000000000000     
   0.0000000000000000     
   0.0000000000000000     
   0.0000000000000000     
   0.0000000000000000     
   0.0000000000000000     
   0.0000000000000000     
   0.0000000000000000     
   0.0000000000000000     
   0.0000000000000000     
   0.0000000000000000     
   0.0000000000000000     
   0.0000000000000000     
   0.0000000000000000     
   0.0000000000000000     
   0.0000000000000000     
   0.0000000000000000     
   0.0000000000000000     
   0.0000000000000000     
   0.0000000000000000     
   0.0000000000000000     
   0.0000000000000000     
   0.0000000000000000     
   0.0000000000000000     
   0.0000000000000000     
   0.0000000000000000     
   0.0000000000000000     
   0.0000000000000000     
   0.0000000000000000     
   0.0000000000000000     
   0.0000000000000000     
   0.0000000000000000     
   0.0000000000000000     
   0.0000000000000000     
   0.0000000000000000     
   0.0000000000000000     
   0.0000000000000000     
   0.0000000000000000     
   0.0000000000000000     
   0.0000000000000000     
   0.0000000000000000     
   0.0000000000000000     
   0.0000000000000000     
   0.0000000000000000     
   0.0000000000000000     
   0.0000000000000000     
   0.0000000000000000     
   0.0000000000000000     
   0.0000000000000000     
   0.0000000000000000     
   0.0000000000000000     
   0.0000000000000000     
   0.0000000000000000     
   0.0000000000000000     
   0.0000000000000000     
   0.0000000000000000     
   0.0000000000000000     
   0.0000000000000000     
   0.0000000000000000     
   0.0000000000000000     
   0.0000000000000000     
   0.0000000000000000     
   0.0000000000000000     
   0.0000000000000000     
   0.0000000000000000     
   0.0000000000000000     
   0.0000000000000000     
   0.0000000000000000     
   0.0000000000000000     
   0.0000000000000000     
   0.0000000000000000     
   0.0000000000000000     
   0.0000000000000000     
   0.0000000000000000     
   0.0000000000000000     
   0.0000000000000000     
   0.0000000000000000     
   0.0000000000000000     
   0.0000000000000000     
   0.0000000000000000     
   0.0000000000000000     
   0.0000000000000000     
   0.0000000000000000     
   0.0000000000000000     
   0.0000000000000000     
   0.0000000000000000     
   0.0000000000000000     
   0.0000000000000000     
   0.0000000000000000     
   0.0000000000000000     
   0.0000000000000000     
   0.0000000000000000     
   0.0000000000000000     
   0.0000000000000000     
   0.0000000000000000     
   0.0000000000000000     
   0.0000000000000000     
   0.0000000000000000     
   0.0000000000000000     
   0.0000000000000000     
   0.0000000000000000     
   0.0000000000000000     
   0.0000000000000000     
   0.0000000000000000     
   0.0000000000000000     
   0.0000000000000000     
   0.0000000000000000     
   0.0000000000000000     
   0.0000000000000000     
   0.0000000000000000     
   0.0000000000000000     
   0.0000000000000000     
   0.0000000000000000     
   0.0000000000000000     
   0.0000000000000000     
   0.0000000000000000     
   0.0000000000000000     
   0.0000000000000000     
   0.0000000000000000     
   0.0000000000000000     
   0.0000000000000000     
   0.0000000000000000     
   0.0000000000000000     
   0.0000000000000000     
   0.0000000000000000     
   0.0000000000000000     
   0.0000000000000000     
   0.0000000000000000     
   0.0000000000000000     
   0.0000000000000000     
   0.0000000000000000     
   0.0000000000000000     
   0.0000000000000000     
   0.0000000000000000     
   0.0000000000000000     
   0.0000000000000000     
   0.0000000000000000     
   0.0000000000000000     
   0.0000000000000000     
   0.0000000000000000     
   0.0000000000000000     
   0.0000000000000000     
   0.0000000000000000     
   0.0000000000000000     
   0.0000000000000000     
   0.0000000000000000     
   0.0000000000000000     
   0.0000000000000000     
   0.0000000000000000     
   0.0000000000000000     
   0.0000000000000000     
   0.0000000000000000     
   0.0000000000000000     
   0.0000000000000000     
   0.0000000000000000     
   0.0000000000000000     
   0.0000000000000000     
   0.0000000000000000     
   0.0000000000000000     
   0.0000000000000000     
   0.0000000000000000     
   0.0000000000000000     
   0.0000000000000000     
   0.0000000000000000     
   0.0000000000000000     
   0.0000000000000000     
   0.0000000000000000     
   0.0000000000000000     
   0.0000000000000000     
   0.0000000000000000     
   0.0000000000000000     
   0.0000000000000000     
   0.0000000000000000     
   0.0000000000000000     
   0.0000000000000000     
   0.0000000000000000     
   0.0000000000000000     
   0.0000000000000000     
   0.0000000000000000     
   0.0000000000000000     
   0.0000000000000000     
   0.0000000000000000     
   0.0000000000000000     
   0.0000000000000000     
   0.0000000000000000     
   0.0000000000000000     
   0.0000000000000000     
   0.0000000000000000     
   0.0000000000000000     
   0.0000000000000000     
   0.0000000000000000     
   0.0000000000000000     
   0.0000000000000000     
   0.0000000000000000     
   0.0000000000000000     
   0.0000000000000000     
   0.0000000000000000     
   0.0000000000000000     
   0.0000000000000000     
   0.0000000000000000     
   0.0000000000000000     
   0.0000000000000000     
   0.0000000000000000     
   0.0000000000000000     
   0.0000000000000000     
   0.0000000000000000     
   0.0000000000000000     
   0.0000000000000000     
   0.0000000000000000     
   0.0000000000000000     
   0.0000000000000000     
   0.0000000000000000     
   0.0000000000000000     
   0.0000000000000000     
   0.0000000000000000     
   0.0000000000000000     
   0.0000000000000000     
   0.0000000000000000     
   0.0000000000000000     
   0.0000000000000000     
   0.0000000000000000     
   0.0000000000000000     
   0.0000000000000000     
   0.0000000000000000     
   0.0000000000000000     
   0.0000000000000000     
   0.0000000000000000     
   0.0000000000000000     
   0.0000000000000000     
   0.0000000000000000     
   0.0000000000000000     
   0.0000000000000000     
   0.0000000000000000     
   0.0000000000000000     
   0.0000000000000000     
   0.0000000000000000     
   0.0000000000000000     
   0.0000000000000000     
   0.0000000000000000     
   0.0000000000000000     
   0.0000000000000000     
   0.0000000000000000     
   0.0000000000000000     
   0.0000000000000000     
   0.0000000000000000     
   0.0000000000000000     
   0.0000000000000000     
   0.0000000000000000     
   0.0000000000000000     
   0.0000000000000000     
   0.0000000000000000     
   0.0000000000000000     
   0.0000000000000000     
   0.0000000000000000     
   0.0000000000000000     
   0.0000000000000000     
   0.0000000000000000     
   0.0000000000000000     
   0.0000000000000000     
   0.0000000000000000     
   0.0000000000000000     
   0.0000000000000000     
   0.0000000000000000     
   0.0000000000000000     
   0.0000000000000000     
   0.0000000000000000     
   0.0000000000000000     
   0.0000000000000000     
   0.0000000000000000     
   0.0000000000000000     
   0.0000000000000000     
   0.0000000000000000     
   0.0000000000000000     
   0.0000000000000000     
   0.0000000000000000     
   0.0000000000000000     
   0.0000000000000000     
   0.0000000000000000     
   0.0000000000000000     
   0.0000000000000000     
   0.0000000000000000     
   0.0000000000000000     
   0.0000000000000000     
   0.0000000000000000     
   0.0000000000000000     
   0.0000000000000000     
   0.0000000000000000     
   0.0000000000000000     
   0.0000000000000000     
   0.0000000000000000     
   0.0000000000000000     
   0.0000000000000000     
   0.0000000000000000     
   0.0000000000000000     
   0.0000000000000000     
   0.0000000000000000     
   0.0000000000000000     
   0.0000000000000000     
   0.0000000000000000     
   0.0000000000000000     
   0.0000000000000000     
   0.0000000000000000     
   0.0000000000000000     
   0.0000000000000000     
   0.0000000000000000     
   0.0000000000000000     
   0.0000000000000000     
   0.0000000000000000     
   0.0000000000000000     
   0.0000000000000000     
   0.0000000000000000     
   0.0000000000000000     
   0.0000000000000000     
   0.0000000000000000     
   0.0000000000000000     
   0.0000000000000000     
   0.0000000000000000     
   0.0000000000000000     
   0.0000000000000000     
   0.0000000000000000     
   0.0000000000000000     
   0.0000000000000000     
   0.0000000000000000     
   0.0000000000000000     
   0.0000000000000000     
   0.0000000000000000     
   0.0000000000000000     
   0.0000000000000000     
   0.0000000000000000     
   0.0000000000000000     
   0.0000000000000000     
   0.0000000000000000     
   0.0000000000000000     
   0.0000000000000000     
   0.0000000000000000     
   0.0000000000000000     
   0.0000000000000000     
   0.0000000000000000     
   0.0000000000000000     
   0.0000000000000000     
   0.0000000000000000     
   0.0000000000000000     
   0.0000000000000000     
   0.0000000000000000     
   0.0000000000000000     
   0.0000000000000000     
   0.0000000000000000     
   0.0000000000000000     
   0.0000000000000000     
   0.0000000000000000     
   0.0000000000000000     
   0.0000000000000000     
   0.0000000000000000     
   0.0000000000000000     
   0.0000000000000000     
   0.0000000000000000     
   0.0000000000000000     
   0.0000000000000000     
   0.0000000000000000     
   0.0000000000000000     
   0.0000000000000000     
   0.0000000000000000     
   0.0000000000000000     
   0.0000000000000000     
   0.0000000000000000     
   0.0000000000000000     
   0.0000000000000000     
   0.0000000000000000     
   0.0000000000000000     
   0.0000000000000000     
   0.0000000000000000     
   0.0000000000000000     
   0.0000000000000000     
   0.0000000000000000     
   0.0000000000000000     
   0.0000000000000000     
   0.0000000000000000     
   0.0000000000000000     
   0.0000000000000000     
   0.0000000000000000     
   0.0000000000000000     
   0.0000000000000000     
   0.0000000000000000     
   0.0000000000000000     
   0.0000000000000000     
   0.0000000000000000     
   0.0000000000000000     
   0.0000000000000000     
   0.0000000000000000     
   0.0000000000000000     
   0.0000000000000000     
   0.0000000000000000     
   0.0000000000000000     
   0.0000000000000000     
   0.0000000000000000     
   0.0000000000000000     
   0.0000000000000000     
   0.0000000000000000     
   0.0000000000000000     
   0.0000000000000000     
   0.0000000000000000     
   0.0000000000000000     
   0.0000000000000000     
   0.0000000000000000     
   0.0000000000000000     
   0.0000000000000000     
   0.0000000000000000     
   0.0000000000000000     
   0.0000000000000000     
   0.0000000000000000     
   0.0000000000000000     
   0.0000000000000000     
   0.0000000000000000     
   0.0000000000000000     
   0.0000000000000000     
   0.0000000000000000     
   0.0000000000000000     
   0.0000000000000000     
   0.0000000000000000     
   0.0000000000000000     
   0.0000000000000000     
   0.0000000000000000     
   0.0000000000000000     
   0.0000000000000000     
   0.0000000000000000     
   0.0000000000000000     
   0.0000000000000000     
   0.0000000000000000     
   0.0000000000000000     
   0.0000000000000000     
   0.0000000000000000     
   0.0000000000000000     
   0.0000000000000000     
   0.0000000000000000     
   0.0000000000000000     
   0.0000000000000000     
   0.0000000000000000     
   0.0000000000000000     
   0.0000000000000000     
   0.0000000000000000     
   0.0000000000000000     
   0.0000000000000000     
   0.0000000000000000     
   0.0000000000000000     
   0.0000000000000000     
   0.0000000000000000     
   0.0000000000000000     
   0.0000000000000000     
   0.0000000000000000     
   0.0000000000000000     
   0.0000000000000000     
   0.0000000000000000     
   0.0000000000000000     
   0.0000000000000000     
   0.0000000000000000     
   0.0000000000000000     
   0.0000000000000000     
   0.0000000000000000     
   0.0000000000000000     
   0.0000000000000000     
   0.0000000000000000     
   0.0000000000000000     
   0.0000000000000000     
   0.0000000000000000     
   0.0000000000000000     
   0.0000000000000000     
   0.0000000000000000     
   0.0000000000000000     
   0.0000000000000000     
   0.0000000000000000     
   0.0000000000000000     
   0.0000000000000000     
   0.0000000000000000     
   0.0000000000000000     
   0.0000000000000000     
   0.0000000000000000     
   0.0000000000000000     
   0.0000000000000000     
   0.0000000000000000     
   0.0000000000000000     
   0.0000000000000000     
   0.0000000000000000     
   0.0000000000000000     
   0.0000000000000000     
   0.0000000000000000     
   0.0000000000000000     
   0.0000000000000000     
   0.0000000000000000     
   0.0000000000000000     
   0.0000000000000000     
   0.0000000000000000     
   0.0000000000000000     
   0.0000000000000000     
   0.0000000000000000     
   0.0000000000000000     
   0.0000000000000000     
   0.0000000000000000     
   0.0000000000000000     
   0.0000000000000000     
   0.0000000000000000     
   0.0000000000000000     
   0.0000000000000000     
   0.0000000000000000     
   0.0000000000000000     
   0.0000000000000000     
   0.0000000000000000     
   0.0000000000000000     
   0.0000000000000000     
   0.0000000000000000     
   0.0000000000000000     
   0.0000000000000000     
   0.0000000000000000     
   0.0000000000000000     
   0.0000000000000000     
   0.0000000000000000     
   0.0000000000000000     
   0.0000000000000000     
   0.0000000000000000     
   0.0000000000000000     
   0.0000000000000000     
   0.0000000000000000     
   0.0000000000000000     
   0.0000000000000000     
   0.0000000000000000     
   0.0000000000000000     
   0.0000000000000000     
   0.0000000000000000     
   0.0000000000000000     
   0.0000000000000000     
   0.0000000000000000     
   0.0000000000000000     
   0.0000000000000000     
   0.0000000000000000     
   0.0000000000000000     
   0.0000000000000000     
   0.0000000000000000     
   0.0000000000000000     
   0.0000000000000000     
   0.0000000000000000     
   0.0000000000000000     
   0.0000000000000000     
   0.0000000000000000     
   0.0000000000000000     
   0.0000000000000000     
   0.0000000000000000     
   0.0000000000000000     
   0.0000000000000000     
   0.0000000000000000     
   0.0000000000000000     
   0.0000000000000000     
   0.0000000000000000     
   0.0000000000000000     
   0.0000000000000000     
   0.0000000000000000     
   0.0000000000000000     
   0.0000000000000000     
   0.0000000000000000     
   0.0000000000000000     
   0.0000000000000000     
   0.0000000000000000     
   0.0000000000000000     
   0.0000000000000000     
   0.0000000000000000     
   0.0000000000000000     
   0.0000000000000000     
   0.0000000000000000     
   0.0000000000000000     
   0.0000000000000000     
   0.0000000000000000     
   0.0000000000000000     
   0.0000000000000000     
   0.0000000000000000     
   0.0000000000000000     
   0.0000000000000000     
   0.0000000000000000     
   0.0000000000000000     
   0.0000000000000000     
   0.0000000000000000     
   0.0000000000000000     
   0.0000000000000000     
   0.0000000000000000     
   0.0000000000000000     
   0.0000000000000000     
   0.0000000000000000     
   0.0000000000000000     
   0.0000000000000000     
   0.0000000000000000     
   0.0000000000000000     
   0.0000000000000000     
   0.0000000000000000     
   0.0000000000000000     
   0.0000000000000000     
   0.0000000000000000     
   0.0000000000000000     
   0.0000000000000000     
   0.0000000000000000     
   0.0000000000000000     
   0.0000000000000000     
   0.0000000000000000     
   0.0000000000000000     
   0.0000000000000000     
   0.0000000000000000     
   0.0000000000000000     
   0.0000000000000000     
   0.0000000000000000     
   0.0000000000000000     
   0.0000000000000000     
   0.0000000000000000     
   0.0000000000000000     
   0.0000000000000000     
   0.0000000000000000     
   0.0000000000000000     
   0.0000000000000000     
   0.0000000000000000     
   0.0000000000000000     
   0.0000000000000000     
   0.0000000000000000     
   0.0000000000000000     
   0.0000000000000000     
   0.0000000000000000     
   0.0000000000000000     
   0.0000000000000000     
   0.0000000000000000     
   0.0000000000000000     
   0.0000000000000000     
   0.0000000000000000     
   0.0000000000000000     
   0.0000000000000000     
   0.0000000000000000     
   0.0000000000000000     
   0.0000000000000000     
   0.0000000000000000     
   0.0000000000000000     
   0.0000000000000000     
   0.0000000000000000     
   0.0000000000000000     
   0.0000000000000000     
   0.0000000000000000     
   0.0000000000000000     
   0.0000000000000000     
   0.0000000000000000     
   0.0000000000000000     
   0.0000000000000000     
   0.0000000000000000     
   0.0000000000000000     
   0.0000000000000000     
   0.0000000000000000     
   0.0000000000000000     
   0.0000000000000000     
   0.0000000000000000     
   0.0000000000000000     
   0.0000000000000000     
   0.0000000000000000     
   0.0000000000000000     
   0.0000000000000000     
   0.0000000000000000     
   0.0000000000000000     
   0.0000000000000000     
   0.0000000000000000     
   0.0000000000000000     
   0.0000000000000000     
   0.0000000000000000     
   0.0000000000000000     
   0.0000000000000000     
   0.0000000000000000     
   0.0000000000000000     
   0.0000000000000000     
   0.0000000000000000     
   0.0000000000000000     
   0.0000000000000000     
   0.0000000000000000     
   0.0000000000000000     
   0.0000000000000000     
   0.0000000000000000     
   0.0000000000000000     
   0.0000000000000000     
   0.0000000000000000     
   0.0000000000000000     
   0.0000000000000000     
   0.0000000000000000     
   0.0000000000000000     
   0.0000000000000000     
   0.0000000000000000     
   0.0000000000000000     
   0.0000000000000000     
   0.0000000000000000     
   0.0000000000000000     
   0.0000000000000000     
   0.0000000000000000     
   0.0000000000000000     
   0.0000000000000000     
   0.0000000000000000     
   0.0000000000000000     
   0.0000000000000000     
   0.0000000000000000     
   0.0000000000000000     
   0.0000000000000000     
   0.0000000000000000     
   0.0000000000000000     
   0.0000000000000000     
   0.0000000000000000     
   0.0000000000000000     
   0.0000000000000000     
   0.0000000000000000     
   0.0000000000000000     
   0.0000000000000000     
   0.0000000000000000     
   0.0000000000000000     
   0.0000000000000000     
   0.0000000000000000     
   0.0000000000000000     
   0.0000000000000000     
   0.0000000000000000     
   0.0000000000000000     
   0.0000000000000000     
   0.0000000000000000     
   0.0000000000000000     
   0.0000000000000000     
   0.0000000000000000     
   0.0000000000000000     
   0.0000000000000000     
   0.0000000000000000     
   0.0000000000000000     
   0.0000000000000000     
   0.0000000000000000     
   0.0000000000000000     
   0.0000000000000000     
   0.0000000000000000     
   0.0000000000000000     
   0.0000000000000000     
   0.0000000000000000     
   0.0000000000000000     
   0.0000000000000000     
   0.0000000000000000     
   0.0000000000000000     
   0.0000000000000000     
   0.0000000000000000     
   0.0000000000000000     
   0.0000000000000000     
   0.0000000000000000     
   0.0000000000000000     
   0.0000000000000000     
   0.0000000000000000     
   0.0000000000000000     
   0.0000000000000000     
   0.0000000000000000     
   0.0000000000000000     
   0.0000000000000000     
   0.0000000000000000     
   0.0000000000000000     
   0.0000000000000000     
   0.0000000000000000     
   0.0000000000000000     
   0.0000000000000000     
   0.0000000000000000     
   0.0000000000000000     
   0.0000000000000000     
   0.0000000000000000     
   0.0000000000000000     
   0.0000000000000000     
   0.0000000000000000     
   0.0000000000000000     
   0.0000000000000000     
   0.0000000000000000     
   0.0000000000000000     
   0.0000000000000000     
   0.0000000000000000     
   0.0000000000000000     
   0.0000000000000000     
   0.0000000000000000     
   0.0000000000000000     
   0.0000000000000000     
   0.0000000000000000     
   0.0000000000000000     
   0.0000000000000000     
   0.0000000000000000     
   0.0000000000000000     
   0.0000000000000000     
   0.0000000000000000     
   0.0000000000000000     
   0.0000000000000000     
   0.0000000000000000     
   0.0000000000000000     
   0.0000000000000000     
   0.0000000000000000     
   0.0000000000000000     
   0.0000000000000000     
   0.0000000000000000     
   0.0000000000000000     
   0.0000000000000000     
   0.0000000000000000     
   0.0000000000000000     
   0.0000000000000000     
   0.0000000000000000     
   0.0000000000000000     
   0.0000000000000000     
   0.0000000000000000     
   0.0000000000000000     
   0.0000000000000000     
   0.0000000000000000     
   0.0000000000000000     
   0.0000000000000000     
   0.0000000000000000     
   0.0000000000000000     
   0.0000000000000000     
   0.0000000000000000     
   0.0000000000000000     
   0.0000000000000000     
   0.0000000000000000     
   0.0000000000000000     
   0.0000000000000000     
   0.0000000000000000     
   0.0000000000000000     
   0.0000000000000000     
   0.0000000000000000     
   0.0000000000000000     
   0.0000000000000000     
   0.0000000000000000     
   0.0000000000000000     
   0.0000000000000000     
   0.0000000000000000     
   0.0000000000000000     
   0.0000000000000000     
   0.0000000000000000     
   0.0000000000000000     
   0.0000000000000000     
   0.0000000000000000     
   0.0000000000000000     
   0.0000000000000000     
   0.0000000000000000     
   0.0000000000000000     
   0.0000000000000000     
   0.0000000000000000     
   0.0000000000000000     
   0.0000000000000000     
   0.0000000000000000     
   0.0000000000000000     
   0.0000000000000000     
   0.0000000000000000     
   0.0000000000000000     
   0.0000000000000000     
   0.0000000000000000     
   0.0000000000000000     
   0.0000000000000000     
   0.0000000000000000     
   0.0000000000000000     
   0.0000000000000000     
   0.0000000000000000     
   0.0000000000000000     
   0.0000000000000000     
   0.0000000000000000     
   0.0000000000000000     
   0.0000000000000000     
   0.0000000000000000     
   0.0000000000000000     
   0.0000000000000000     
   0.0000000000000000     
   0.0000000000000000     
   0.0000000000000000     
   0.0000000000000000     
   0.0000000000000000     
   0.0000000000000000     
   0.0000000000000000     
   0.0000000000000000     
   0.0000000000000000     
   0.0000000000000000     
   0.0000000000000000     
   0.0000000000000000     
   0.0000000000000000     
   0.0000000000000000     
   0.0000000000000000     
   0.0000000000000000     
   0.0000000000000000     
   0.0000000000000000     
   0.0000000000000000     
   0.0000000000000000     
   0.0000000000000000     
   0.0000000000000000     
   0.0000000000000000     
   0.0000000000000000     
   0.0000000000000000     
   0.0000000000000000     
   0.0000000000000000     
   0.0000000000000000     
   0.0000000000000000     
   0.0000000000000000     
   0.0000000000000000     
   0.0000000000000000     
   0.0000000000000000     
   0.0000000000000000     
   0.0000000000000000     
   0.0000000000000000     
   0.0000000000000000     
   0.0000000000000000     
   0.0000000000000000     
   0.0000000000000000     
   0.0000000000000000     
   0.0000000000000000     
   0.0000000000000000     
   0.0000000000000000     
   0.0000000000000000     
   0.0000000000000000     
   0.0000000000000000     
   0.0000000000000000     
   0.0000000000000000     
   0.0000000000000000     
   0.0000000000000000     
   0.0000000000000000     
   0.0000000000000000     
   0.0000000000000000     
   0.0000000000000000     
   0.0000000000000000     
   0.0000000000000000     
   0.0000000000000000     
   0.0000000000000000     
   0.0000000000000000     
   0.0000000000000000     
   0.0000000000000000     
   0.0000000000000000     
   0.0000000000000000     
   0.0000000000000000     
   0.0000000000000000     
   0.0000000000000000     
   0.0000000000000000     
   0.0000000000000000     
   0.0000000000000000     
   0.0000000000000000     
   0.0000000000000000     
   0.0000000000000000     
   0.0000000000000000     
   0.0000000000000000     
   0.0000000000000000     
   0.0000000000000000     
   0.0000000000000000     
   0.0000000000000000     
   0.0000000000000000     
   0.0000000000000000     
   0.0000000000000000     
   0.0000000000000000     
   0.0000000000000000     
   0.0000000000000000     
   0.0000000000000000     
   0.0000000000000000     
   0.0000000000000000     
   0.0000000000000000     
   0.0000000000000000     
   0.0000000000000000     
   0.0000000000000000     
   0.0000000000000000     
   0.0000000000000000     
   0.0000000000000000     
   0.0000000000000000     
   0.0000000000000000     
   0.0000000000000000     
   0.0000000000000000     
   0.0000000000000000     
   0.0000000000000000     
   0.0000000000000000     
   0.0000000000000000     
   0.0000000000000000     
   0.0000000000000000     
   0.0000000000000000     
   0.0000000000000000     
   0.0000000000000000     
   0.0000000000000000     
   0.0000000000000000     
   0.0000000000000000     
   0.0000000000000000     
   0.0000000000000000     
   0.0000000000000000     
   0.0000000000000000     
   0.0000000000000000     
   0.0000000000000000     
   0.0000000000000000     
   0.0000000000000000     
   0.0000000000000000     
   0.0000000000000000     
   0.0000000000000000     
   0.0000000000000000     
   0.0000000000000000     
   0.0000000000000000     
   0.0000000000000000     
   0.0000000000000000     
   0.0000000000000000     
   0.0000000000000000     
   0.0000000000000000     
   0.0000000000000000     
   0.0000000000000000     
   0.0000000000000000     
   0.0000000000000000     
   0.0000000000000000     
   0.0000000000000000     
   0.0000000000000000     
   0.0000000000000000     
   0.0000000000000000     
   0.0000000000000000     
   0.0000000000000000     
   0.0000000000000000     
   0.0000000000000000     
   0.0000000000000000     
   0.0000000000000000     
   0.0000000000000000     
   0.0000000000000000     
   0.0000000000000000     
   0.0000000000000000     
   0.0000000000000000     
   0.0000000000000000     
   0.0000000000000000     
   0.0000000000000000     
   0.0000000000000000     
   0.0000000000000000     
   0.0000000000000000     
   0.0000000000000000     
   0.0000000000000000     
   0.0000000000000000     
   0.0000000000000000     
   0.0000000000000000     
   0.0000000000000000     
   0.0000000000000000     
   0.0000000000000000     
   0.0000000000000000     
   0.0000000000000000     
   0.0000000000000000     
   0.0000000000000000     
   0.0000000000000000     
   0.0000000000000000     
   0.0000000000000000     
   0.0000000000000000     
   0.0000000000000000     
   0.0000000000000000     
   0.0000000000000000     
   0.0000000000000000     
   0.0000000000000000     
   0.0000000000000000     
   0.0000000000000000     
   0.0000000000000000     
   0.0000000000000000     
   0.0000000000000000     
   0.0000000000000000     
   0.0000000000000000     
   0.0000000000000000     
   0.0000000000000000     
   0.0000000000000000     
   0.0000000000000000     
   0.0000000000000000     
   0.0000000000000000     
   0.0000000000000000     
   0.0000000000000000     
   0.0000000000000000     
   0.0000000000000000     
   0.0000000000000000     
   0.0000000000000000     
   0.0000000000000000     
   0.0000000000000000     
   0.0000000000000000     
   0.0000000000000000     
   0.0000000000000000     
   0.0000000000000000     
   0.0000000000000000     
   0.0000000000000000     
   0.0000000000000000     
   0.0000000000000000     
   0.0000000000000000     
   0.0000000000000000     
   0.0000000000000000     
   0.0000000000000000     
   0.0000000000000000     
   0.0000000000000000     
   0.0000000000000000     
   0.0000000000000000     
   0.0000000000000000     
   0.0000000000000000     
   0.0000000000000000     
   0.0000000000000000     
   0.0000000000000000     
   0.0000000000000000     
   0.0000000000000000     
   0.0000000000000000     
   0.0000000000000000     
   0.0000000000000000     
   0.0000000000000000     
   0.0000000000000000     
   0.0000000000000000     
   0.0000000000000000     
   0.0000000000000000     
   0.0000000000000000     
   0.0000000000000000     
   0.0000000000000000     
   0.0000000000000000     
   0.0000000000000000     
   0.0000000000000000     
   0.0000000000000000     
   0.0000000000000000     
   0.0000000000000000     
   0.0000000000000000     
   0.0000000000000000     
   0.0000000000000000     
   0.0000000000000000     
   0.0000000000000000     
   0.0000000000000000     
   0.0000000000000000     
   0.0000000000000000     
   0.0000000000000000     
   0.0000000000000000     
   0.0000000000000000     
   0.0000000000000000     
   0.0000000000000000     
   0.0000000000000000     
   0.0000000000000000     
   0.0000000000000000     
   0.0000000000000000     
   0.0000000000000000     
   0.0000000000000000     
   0.0000000000000000     
   0.0000000000000000     
   0.0000000000000000     
   0.0000000000000000     
   0.0000000000000000     
   0.0000000000000000     
   0.0000000000000000     
   0.0000000000000000     
   0.0000000000000000     
   0.0000000000000000     
   0.0000000000000000     
   0.0000000000000000     
   0.0000000000000000     
   0.0000000000000000     
   0.0000000000000000     
   0.0000000000000000     
   0.0000000000000000     
   0.0000000000000000     
   0.0000000000000000     
   0.0000000000000000     
   0.0000000000000000     
   0.0000000000000000     
   0.0000000000000000     
   0.0000000000000000     
   0.0000000000000000     
   0.0000000000000000     
   0.0000000000000000     
   0.0000000000000000     
   0.0000000000000000     
   0.0000000000000000     
   0.0000000000000000     
   0.0000000000000000     
   0.0000000000000000     
   0.0000000000000000     
   0.0000000000000000     
   0.0000000000000000     
   0.0000000000000000     
   0.0000000000000000     
   0.0000000000000000     
   0.0000000000000000     
   0.0000000000000000     
   0.0000000000000000     
   0.0000000000000000     
   0.0000000000000000     
   0.0000000000000000     
   0.0000000000000000     
   0.0000000000000000     
   0.0000000000000000     
   0.0000000000000000     
   0.0000000000000000     
   0.0000000000000000     
   0.0000000000000000     
   0.0000000000000000     
   0.0000000000000000     
   0.0000000000000000     
   0.0000000000000000     
   0.0000000000000000     
   0.0000000000000000     
   0.0000000000000000     
   0.0000000000000000     
   0.0000000000000000     
   0.0000000000000000     
   0.0000000000000000     
   0.0000000000000000     
   0.0000000000000000     
   0.0000000000000000     
   0.0000000000000000     
   0.0000000000000000     
   0.0000000000000000     
   0.0000000000000000     
   0.0000000000000000     
   0.0000000000000000     
   0.0000000000000000     
   0.0000000000000000     
   0.0000000000000000     
   0.0000000000000000     
   0.0000000000000000     
   0.0000000000000000     
   0.0000000000000000     
   0.0000000000000000     
   0.0000000000000000     
   0.0000000000000000     
   0.0000000000000000     
   0.0000000000000000     
   0.0000000000000000     
   0.0000000000000000     
   0.0000000000000000     
   0.0000000000000000     
   0.0000000000000000     
   0.0000000000000000     
   0.0000000000000000     
   0.0000000000000000     
   0.0000000000000000     
   0.0000000000000000     
   0.0000000000000000     
   0.0000000000000000     
   0.0000000000000000     
   0.0000000000000000     
   0.0000000000000000     
   0.0000000000000000     
   0.0000000000000000     
   0.0000000000000000     
   0.0000000000000000     
   0.0000000000000000     
   0.0000000000000000     
   0.0000000000000000     
   0.0000000000000000     
   0.0000000000000000     
   0.0000000000000000     
   0.0000000000000000     
   0.0000000000000000     
   0.0000000000000000     
   0.0000000000000000     
   0.0000000000000000     
   0.0000000000000000     
   0.0000000000000000     
   0.0000000000000000     
   0.0000000000000000     
   0.0000000000000000     
   0.0000000000000000     
   0.0000000000000000     
   0.0000000000000000     
   0.0000000000000000     
   0.0000000000000000     
   0.0000000000000000     
   0.0000000000000000     
   0.0000000000000000     
   0.0000000000000000     
   0.0000000000000000     
   0.0000000000000000     
   0.0000000000000000     
   0.0000000000000000     
   0.0000000000000000     
   0.0000000000000000     
   0.0000000000000000     
   0.0000000000000000     
   0.0000000000000000     
   0.0000000000000000     
   0.0000000000000000     
   0.0000000000000000     
   0.0000000000000000     
   0.0000000000000000     
   0.0000000000000000     
   0.0000000000000000     
   0.0000000000000000     
   0.0000000000000000     
   0.0000000000000000     
   0.0000000000000000     
   0.0000000000000000     
   0.0000000000000000     
   0.0000000000000000     
   0.0000000000000000     
   0.0000000000000000     
   0.0000000000000000     
   0.0000000000000000     
   0.0000000000000000     
   0.0000000000000000     
   0.0000000000000000     
   0.0000000000000000     
   0.0000000000000000     
   0.0000000000000000     
   0.0000000000000000     
   0.0000000000000000     
   0.0000000000000000     
   0.0000000000000000     
   0.0000000000000000     
   0.0000000000000000     
   0.0000000000000000     
   0.0000000000000000     
   0.0000000000000000     
   0.0000000000000000     
   0.0000000000000000     
   0.0000000000000000     
   0.0000000000000000     
   0.0000000000000000     
   0.0000000000000000     
   0.0000000000000000     
   0.0000000000000000     
   0.0000000000000000     
   0.0000000000000000     
   0.0000000000000000     
   0.0000000000000000     
   0.0000000000000000     
   0.0000000000000000     
   0.0000000000000000     
   0.0000000000000000     
   0.0000000000000000     
   0.0000000000000000     
   0.0000000000000000     
   0.0000000000000000     
   0.0000000000000000     
   0.0000000000000000     
   0.0000000000000000     
  
