           1
         150         150
           1
   29920000000000.000        29920000000000.000     
 0.22000000000000E+01
  
   0.0000000000000000     
   0.0000000000000000     
   0.0000000000000000     
   0.0000000000000000     
   0.0000000000000000     
   0.0000000000000000     
   0.0000000000000000     
   0.0000000000000000     
   0.0000000000000000     
   0.0000000000000000     
   0.0000000000000000     
   0.0000000000000000     
   0.0000000000000000     
   0.0000000000000000     
   0.0000000000000000     
   0.0000000000000000     
   0.0000000000000000     
   0.0000000000000000     
   0.0000000000000000     
   0.0000000000000000     
   0.0000000000000000     
   0.0000000000000000     
   0.0000000000000000     
   0.0000000000000000     
   0.0000000000000000     
   0.0000000000000000     
   0.0000000000000000     
   0.0000000000000000     
   0.0000000000000000     
   0.0000000000000000     
   0.0000000000000000     
   0.0000000000000000     
   0.0000000000000000     
   0.0000000000000000     
   0.0000000000000000     
   0.0000000000000000     
   0.0000000000000000     
   0.0000000000000000     
   0.0000000000000000     
   0.0000000000000000     
   0.0000000000000000     
   0.0000000000000000     
   0.0000000000000000     
   0.0000000000000000     
   0.0000000000000000     
   0.0000000000000000     
   0.0000000000000000     
   0.0000000000000000     
   0.0000000000000000     
   0.0000000000000000     
   0.0000000000000000     
   0.0000000000000000     
   0.0000000000000000     
   0.0000000000000000     
   0.0000000000000000     
   0.0000000000000000     
   0.0000000000000000     
   0.0000000000000000     
   0.0000000000000000     
   0.0000000000000000     
   0.0000000000000000     
   0.0000000000000000     
   0.0000000000000000     
   0.0000000000000000     
   0.0000000000000000     
   0.0000000000000000     
   0.0000000000000000     
   0.0000000000000000     
   0.0000000000000000     
   0.0000000000000000     
   0.0000000000000000     
   0.0000000000000000     
   0.0000000000000000     
   0.0000000000000000     
   0.0000000000000000     
   0.0000000000000000     
   0.0000000000000000     
   0.0000000000000000     
   0.0000000000000000     
   0.0000000000000000     
   0.0000000000000000     
   0.0000000000000000     
   0.0000000000000000     
   0.0000000000000000     
   0.0000000000000000     
   0.0000000000000000     
   0.0000000000000000     
   0.0000000000000000     
   0.0000000000000000     
   0.0000000000000000     
   0.0000000000000000     
   0.0000000000000000     
   0.0000000000000000     
   0.0000000000000000     
   0.0000000000000000     
   0.0000000000000000     
   0.0000000000000000     
   0.0000000000000000     
   0.0000000000000000     
   0.0000000000000000     
   0.0000000000000000     
   0.0000000000000000     
   0.0000000000000000     
   0.0000000000000000     
   0.0000000000000000     
   0.0000000000000000     
   0.0000000000000000     
   0.0000000000000000     
   0.0000000000000000     
   0.0000000000000000     
   0.0000000000000000     
   0.0000000000000000     
   0.0000000000000000     
   0.0000000000000000     
   0.0000000000000000     
   0.0000000000000000     
   0.0000000000000000     
   0.0000000000000000     
   0.0000000000000000     
   0.0000000000000000     
   0.0000000000000000     
   0.0000000000000000     
   0.0000000000000000     
   0.0000000000000000     
   0.0000000000000000     
   0.0000000000000000     
   0.0000000000000000     
   0.0000000000000000     
   0.0000000000000000     
   0.0000000000000000     
   0.0000000000000000     
   0.0000000000000000     
   0.0000000000000000     
   0.0000000000000000     
   0.0000000000000000     
   0.0000000000000000     
   0.0000000000000000     
   0.0000000000000000     
   0.0000000000000000     
   0.0000000000000000     
   0.0000000000000000     
   0.0000000000000000     
   0.0000000000000000     
   0.0000000000000000     
   0.0000000000000000     
   0.0000000000000000     
   0.0000000000000000     
   0.0000000000000000     
   0.0000000000000000     
   0.0000000000000000     
   0.0000000000000000     
   0.0000000000000000     
   0.0000000000000000     
   0.0000000000000000     
   0.0000000000000000     
   0.0000000000000000     
   0.0000000000000000     
   0.0000000000000000     
   0.0000000000000000     
   0.0000000000000000     
   0.0000000000000000     
   0.0000000000000000     
   0.0000000000000000     
   0.0000000000000000     
   0.0000000000000000     
   0.0000000000000000     
   0.0000000000000000     
   0.0000000000000000     
   0.0000000000000000     
   0.0000000000000000     
   0.0000000000000000     
   0.0000000000000000     
   0.0000000000000000     
   0.0000000000000000     
   0.0000000000000000     
   0.0000000000000000     
   0.0000000000000000     
   0.0000000000000000     
   0.0000000000000000     
   0.0000000000000000     
   0.0000000000000000     
   0.0000000000000000     
   0.0000000000000000     
   0.0000000000000000     
   0.0000000000000000     
   0.0000000000000000     
   0.0000000000000000     
   0.0000000000000000     
   0.0000000000000000     
   0.0000000000000000     
   0.0000000000000000     
   0.0000000000000000     
   0.0000000000000000     
   0.0000000000000000     
   0.0000000000000000     
   0.0000000000000000     
   0.0000000000000000     
   0.0000000000000000     
   0.0000000000000000     
   0.0000000000000000     
   0.0000000000000000     
   0.0000000000000000     
   0.0000000000000000     
   0.0000000000000000     
   0.0000000000000000     
   0.0000000000000000     
   0.0000000000000000     
   0.0000000000000000     
   0.0000000000000000     
   0.0000000000000000     
   0.0000000000000000     
   0.0000000000000000     
   0.0000000000000000     
   0.0000000000000000     
   0.0000000000000000     
   0.0000000000000000     
   0.0000000000000000     
   0.0000000000000000     
   0.0000000000000000     
   0.0000000000000000     
   0.0000000000000000     
   0.0000000000000000     
   0.0000000000000000     
   0.0000000000000000     
   0.0000000000000000     
   0.0000000000000000     
   0.0000000000000000     
   0.0000000000000000     
   0.0000000000000000     
   0.0000000000000000     
   0.0000000000000000     
   0.0000000000000000     
   0.0000000000000000     
   0.0000000000000000     
   0.0000000000000000     
   0.0000000000000000     
   0.0000000000000000     
   0.0000000000000000     
   0.0000000000000000     
   0.0000000000000000     
   0.0000000000000000     
   0.0000000000000000     
   0.0000000000000000     
   0.0000000000000000     
   0.0000000000000000     
   0.0000000000000000     
   0.0000000000000000     
   0.0000000000000000     
   0.0000000000000000     
   0.0000000000000000     
   0.0000000000000000     
   0.0000000000000000     
   0.0000000000000000     
   0.0000000000000000     
   0.0000000000000000     
   0.0000000000000000     
   0.0000000000000000     
   0.0000000000000000     
   0.0000000000000000     
   0.0000000000000000     
   0.0000000000000000     
   0.0000000000000000     
   0.0000000000000000     
   0.0000000000000000     
   0.0000000000000000     
   0.0000000000000000     
   0.0000000000000000     
   0.0000000000000000     
   0.0000000000000000     
   0.0000000000000000     
   0.0000000000000000     
   0.0000000000000000     
   0.0000000000000000     
   0.0000000000000000     
   0.0000000000000000     
   0.0000000000000000     
   0.0000000000000000     
   0.0000000000000000     
   0.0000000000000000     
   0.0000000000000000     
   0.0000000000000000     
   0.0000000000000000     
   0.0000000000000000     
   0.0000000000000000     
   0.0000000000000000     
   0.0000000000000000     
   0.0000000000000000     
   0.0000000000000000     
   0.0000000000000000     
   0.0000000000000000     
   0.0000000000000000     
   0.0000000000000000     
   0.0000000000000000     
   0.0000000000000000     
   0.0000000000000000     
   0.0000000000000000     
   0.0000000000000000     
   0.0000000000000000     
   0.0000000000000000     
   0.0000000000000000     
   0.0000000000000000     
   0.0000000000000000     
   0.0000000000000000     
   0.0000000000000000     
   0.0000000000000000     
   0.0000000000000000     
   0.0000000000000000     
   0.0000000000000000     
   0.0000000000000000     
   0.0000000000000000     
   0.0000000000000000     
   0.0000000000000000     
   0.0000000000000000     
   0.0000000000000000     
   0.0000000000000000     
   0.0000000000000000     
   0.0000000000000000     
   0.0000000000000000     
   0.0000000000000000     
   0.0000000000000000     
   0.0000000000000000     
   0.0000000000000000     
   0.0000000000000000     
   0.0000000000000000     
   0.0000000000000000     
   0.0000000000000000     
   0.0000000000000000     
   0.0000000000000000     
   0.0000000000000000     
   0.0000000000000000     
   0.0000000000000000     
   0.0000000000000000     
   0.0000000000000000     
   0.0000000000000000     
   0.0000000000000000     
   0.0000000000000000     
   0.0000000000000000     
   0.0000000000000000     
   0.0000000000000000     
   0.0000000000000000     
   0.0000000000000000     
   0.0000000000000000     
   0.0000000000000000     
   0.0000000000000000     
   0.0000000000000000     
   0.0000000000000000     
   0.0000000000000000     
   0.0000000000000000     
   0.0000000000000000     
   0.0000000000000000     
   0.0000000000000000     
   0.0000000000000000     
   0.0000000000000000     
   0.0000000000000000     
   0.0000000000000000     
   0.0000000000000000     
   0.0000000000000000     
   0.0000000000000000     
   0.0000000000000000     
   0.0000000000000000     
   0.0000000000000000     
   0.0000000000000000     
   0.0000000000000000     
   0.0000000000000000     
   0.0000000000000000     
   0.0000000000000000     
   0.0000000000000000     
   0.0000000000000000     
   0.0000000000000000     
   0.0000000000000000     
   0.0000000000000000     
   0.0000000000000000     
   0.0000000000000000     
   0.0000000000000000     
   0.0000000000000000     
   0.0000000000000000     
   0.0000000000000000     
   0.0000000000000000     
   0.0000000000000000     
   0.0000000000000000     
   0.0000000000000000     
   0.0000000000000000     
   0.0000000000000000     
   0.0000000000000000     
   0.0000000000000000     
   0.0000000000000000     
   0.0000000000000000     
   0.0000000000000000     
   0.0000000000000000     
   0.0000000000000000     
   0.0000000000000000     
   0.0000000000000000     
   0.0000000000000000     
   0.0000000000000000     
   0.0000000000000000     
   0.0000000000000000     
   0.0000000000000000     
   0.0000000000000000     
   0.0000000000000000     
   0.0000000000000000     
   0.0000000000000000     
   0.0000000000000000     
   0.0000000000000000     
   0.0000000000000000     
   0.0000000000000000     
   0.0000000000000000     
   0.0000000000000000     
   0.0000000000000000     
   0.0000000000000000     
   0.0000000000000000     
   0.0000000000000000     
   0.0000000000000000     
   0.0000000000000000     
   0.0000000000000000     
   0.0000000000000000     
   0.0000000000000000     
   0.0000000000000000     
   0.0000000000000000     
   0.0000000000000000     
   0.0000000000000000     
   0.0000000000000000     
   0.0000000000000000     
   0.0000000000000000     
   0.0000000000000000     
   0.0000000000000000     
   0.0000000000000000     
   0.0000000000000000     
   0.0000000000000000     
   0.0000000000000000     
   0.0000000000000000     
   0.0000000000000000     
   0.0000000000000000     
   0.0000000000000000     
   0.0000000000000000     
   0.0000000000000000     
   0.0000000000000000     
   0.0000000000000000     
   0.0000000000000000     
   0.0000000000000000     
   0.0000000000000000     
   0.0000000000000000     
   0.0000000000000000     
   0.0000000000000000     
   0.0000000000000000     
   0.0000000000000000     
   0.0000000000000000     
   0.0000000000000000     
   0.0000000000000000     
   0.0000000000000000     
   0.0000000000000000     
   0.0000000000000000     
   0.0000000000000000     
   0.0000000000000000     
   0.0000000000000000     
   0.0000000000000000     
   0.0000000000000000     
   0.0000000000000000     
   0.0000000000000000     
   0.0000000000000000     
   0.0000000000000000     
   0.0000000000000000     
   0.0000000000000000     
   0.0000000000000000     
   0.0000000000000000     
   0.0000000000000000     
   0.0000000000000000     
   0.0000000000000000     
   0.0000000000000000     
   0.0000000000000000     
   0.0000000000000000     
   0.0000000000000000     
   0.0000000000000000     
   0.0000000000000000     
   0.0000000000000000     
   0.0000000000000000     
   0.0000000000000000     
   0.0000000000000000     
   0.0000000000000000     
   0.0000000000000000     
   0.0000000000000000     
   0.0000000000000000     
   0.0000000000000000     
   0.0000000000000000     
   0.0000000000000000     
   0.0000000000000000     
   0.0000000000000000     
   0.0000000000000000     
   0.0000000000000000     
   0.0000000000000000     
   0.0000000000000000     
   0.0000000000000000     
   0.0000000000000000     
   0.0000000000000000     
   0.0000000000000000     
   0.0000000000000000     
   0.0000000000000000     
   0.0000000000000000     
   0.0000000000000000     
   0.0000000000000000     
   0.0000000000000000     
   0.0000000000000000     
   0.0000000000000000     
   0.0000000000000000     
   0.0000000000000000     
   0.0000000000000000     
   0.0000000000000000     
   0.0000000000000000     
   0.0000000000000000     
   0.0000000000000000     
   0.0000000000000000     
   0.0000000000000000     
   0.0000000000000000     
   0.0000000000000000     
   0.0000000000000000     
   0.0000000000000000     
   0.0000000000000000     
   0.0000000000000000     
   0.0000000000000000     
   0.0000000000000000     
   0.0000000000000000     
   0.0000000000000000     
   0.0000000000000000     
   0.0000000000000000     
   0.0000000000000000     
   0.0000000000000000     
   0.0000000000000000     
   0.0000000000000000     
   0.0000000000000000     
   0.0000000000000000     
   0.0000000000000000     
   0.0000000000000000     
   0.0000000000000000     
   0.0000000000000000     
   0.0000000000000000     
   0.0000000000000000     
   0.0000000000000000     
   0.0000000000000000     
   0.0000000000000000     
   0.0000000000000000     
   0.0000000000000000     
   0.0000000000000000     
   0.0000000000000000     
   0.0000000000000000     
   0.0000000000000000     
   0.0000000000000000     
   0.0000000000000000     
   0.0000000000000000     
   0.0000000000000000     
   0.0000000000000000     
   0.0000000000000000     
   0.0000000000000000     
   0.0000000000000000     
   0.0000000000000000     
   0.0000000000000000     
   0.0000000000000000     
   0.0000000000000000     
   0.0000000000000000     
   0.0000000000000000     
   0.0000000000000000     
   0.0000000000000000     
   0.0000000000000000     
   0.0000000000000000     
   0.0000000000000000     
   0.0000000000000000     
   0.0000000000000000     
   0.0000000000000000     
   0.0000000000000000     
   0.0000000000000000     
   0.0000000000000000     
   0.0000000000000000     
   0.0000000000000000     
   0.0000000000000000     
   0.0000000000000000     
   0.0000000000000000     
   0.0000000000000000     
   0.0000000000000000     
   0.0000000000000000     
   0.0000000000000000     
   0.0000000000000000     
   0.0000000000000000     
   0.0000000000000000     
   0.0000000000000000     
   0.0000000000000000     
   0.0000000000000000     
   0.0000000000000000     
   0.0000000000000000     
   0.0000000000000000     
   0.0000000000000000     
   0.0000000000000000     
   0.0000000000000000     
   0.0000000000000000     
   0.0000000000000000     
   0.0000000000000000     
   0.0000000000000000     
   0.0000000000000000     
   0.0000000000000000     
   0.0000000000000000     
   0.0000000000000000     
   0.0000000000000000     
   0.0000000000000000     
   0.0000000000000000     
   0.0000000000000000     
   0.0000000000000000     
   0.0000000000000000     
   0.0000000000000000     
   0.0000000000000000     
   0.0000000000000000     
   0.0000000000000000     
   0.0000000000000000     
   0.0000000000000000     
   0.0000000000000000     
   0.0000000000000000     
   0.0000000000000000     
   0.0000000000000000     
   0.0000000000000000     
   0.0000000000000000     
   0.0000000000000000     
   0.0000000000000000     
   0.0000000000000000     
   0.0000000000000000     
   0.0000000000000000     
   0.0000000000000000     
   0.0000000000000000     
   0.0000000000000000     
   0.0000000000000000     
   0.0000000000000000     
   0.0000000000000000     
   0.0000000000000000     
   0.0000000000000000     
   0.0000000000000000     
   0.0000000000000000     
   0.0000000000000000     
   0.0000000000000000     
   0.0000000000000000     
   0.0000000000000000     
   0.0000000000000000     
   0.0000000000000000     
   0.0000000000000000     
   0.0000000000000000     
   0.0000000000000000     
   0.0000000000000000     
   0.0000000000000000     
   0.0000000000000000     
   0.0000000000000000     
   0.0000000000000000     
   0.0000000000000000     
   0.0000000000000000     
   0.0000000000000000     
   0.0000000000000000     
   0.0000000000000000     
   0.0000000000000000     
   0.0000000000000000     
   0.0000000000000000     
   0.0000000000000000     
   0.0000000000000000     
   0.0000000000000000     
   0.0000000000000000     
   0.0000000000000000     
   0.0000000000000000     
   0.0000000000000000     
   0.0000000000000000     
   0.0000000000000000     
   0.0000000000000000     
   0.0000000000000000     
   0.0000000000000000     
   0.0000000000000000     
   0.0000000000000000     
   0.0000000000000000     
   0.0000000000000000     
   0.0000000000000000     
   0.0000000000000000     
   0.0000000000000000     
   0.0000000000000000     
   0.0000000000000000     
   0.0000000000000000     
   0.0000000000000000     
   0.0000000000000000     
   0.0000000000000000     
   0.0000000000000000     
   0.0000000000000000     
   0.0000000000000000     
   0.0000000000000000     
   0.0000000000000000     
   0.0000000000000000     
   0.0000000000000000     
   0.0000000000000000     
   0.0000000000000000     
   0.0000000000000000     
   0.0000000000000000     
   0.0000000000000000     
   0.0000000000000000     
   0.0000000000000000     
   0.0000000000000000     
   0.0000000000000000     
   0.0000000000000000     
   0.0000000000000000     
   0.0000000000000000     
   0.0000000000000000     
   0.0000000000000000     
   0.0000000000000000     
   0.0000000000000000     
   0.0000000000000000     
   0.0000000000000000     
   0.0000000000000000     
   0.0000000000000000     
   0.0000000000000000     
   0.0000000000000000     
   0.0000000000000000     
   0.0000000000000000     
   0.0000000000000000     
   0.0000000000000000     
   0.0000000000000000     
   0.0000000000000000     
   0.0000000000000000     
   0.0000000000000000     
   0.0000000000000000     
   0.0000000000000000     
   0.0000000000000000     
   0.0000000000000000     
   0.0000000000000000     
   0.0000000000000000     
   0.0000000000000000     
   0.0000000000000000     
   0.0000000000000000     
   0.0000000000000000     
   0.0000000000000000     
   0.0000000000000000     
   0.0000000000000000     
   0.0000000000000000     
   0.0000000000000000     
   0.0000000000000000     
   0.0000000000000000     
   0.0000000000000000     
   0.0000000000000000     
   0.0000000000000000     
   0.0000000000000000     
   0.0000000000000000     
   0.0000000000000000     
   0.0000000000000000     
   0.0000000000000000     
   0.0000000000000000     
   0.0000000000000000     
   0.0000000000000000     
   0.0000000000000000     
   0.0000000000000000     
   0.0000000000000000     
   0.0000000000000000     
   0.0000000000000000     
   0.0000000000000000     
   0.0000000000000000     
   0.0000000000000000     
   0.0000000000000000     
   0.0000000000000000     
   0.0000000000000000     
   0.0000000000000000     
   0.0000000000000000     
   0.0000000000000000     
   0.0000000000000000     
   0.0000000000000000     
   0.0000000000000000     
   0.0000000000000000     
   0.0000000000000000     
   0.0000000000000000     
   0.0000000000000000     
   0.0000000000000000     
   0.0000000000000000     
   0.0000000000000000     
   0.0000000000000000     
   0.0000000000000000     
   0.0000000000000000     
   0.0000000000000000     
   0.0000000000000000     
   0.0000000000000000     
   0.0000000000000000     
   0.0000000000000000     
   0.0000000000000000     
   0.0000000000000000     
   0.0000000000000000     
   0.0000000000000000     
   0.0000000000000000     
   0.0000000000000000     
   0.0000000000000000     
   0.0000000000000000     
   0.0000000000000000     
   0.0000000000000000     
   0.0000000000000000     
   0.0000000000000000     
   0.0000000000000000     
   0.0000000000000000     
   0.0000000000000000     
   0.0000000000000000     
   0.0000000000000000     
   0.0000000000000000     
   0.0000000000000000     
   0.0000000000000000     
   0.0000000000000000     
   0.0000000000000000     
   0.0000000000000000     
   0.0000000000000000     
   0.0000000000000000     
   0.0000000000000000     
   0.0000000000000000     
   0.0000000000000000     
   0.0000000000000000     
   0.0000000000000000     
   0.0000000000000000     
   0.0000000000000000     
   0.0000000000000000     
   0.0000000000000000     
   0.0000000000000000     
   0.0000000000000000     
   0.0000000000000000     
   0.0000000000000000     
   0.0000000000000000     
   0.0000000000000000     
   0.0000000000000000     
   0.0000000000000000     
   0.0000000000000000     
   0.0000000000000000     
   0.0000000000000000     
   0.0000000000000000     
   0.0000000000000000     
   0.0000000000000000     
   0.0000000000000000     
   0.0000000000000000     
   0.0000000000000000     
   0.0000000000000000     
   0.0000000000000000     
   0.0000000000000000     
   0.0000000000000000     
   0.0000000000000000     
   0.0000000000000000     
   0.0000000000000000     
   0.0000000000000000     
   0.0000000000000000     
   0.0000000000000000     
   0.0000000000000000     
   0.0000000000000000     
   0.0000000000000000     
   0.0000000000000000     
   0.0000000000000000     
   0.0000000000000000     
   0.0000000000000000     
   0.0000000000000000     
   0.0000000000000000     
   0.0000000000000000     
   0.0000000000000000     
   0.0000000000000000     
   0.0000000000000000     
   0.0000000000000000     
   0.0000000000000000     
   0.0000000000000000     
   0.0000000000000000     
   0.0000000000000000     
   0.0000000000000000     
   0.0000000000000000     
   0.0000000000000000     
   0.0000000000000000     
   0.0000000000000000     
   0.0000000000000000     
   0.0000000000000000     
   0.0000000000000000     
   0.0000000000000000     
   0.0000000000000000     
   0.0000000000000000     
   0.0000000000000000     
   0.0000000000000000     
   0.0000000000000000     
   0.0000000000000000     
   0.0000000000000000     
   0.0000000000000000     
   0.0000000000000000     
   0.0000000000000000     
   0.0000000000000000     
   0.0000000000000000     
   0.0000000000000000     
   0.0000000000000000     
   0.0000000000000000     
   0.0000000000000000     
   0.0000000000000000     
   0.0000000000000000     
   0.0000000000000000     
   0.0000000000000000     
   0.0000000000000000     
   0.0000000000000000     
   0.0000000000000000     
   0.0000000000000000     
   0.0000000000000000     
   0.0000000000000000     
   0.0000000000000000     
   0.0000000000000000     
   0.0000000000000000     
   0.0000000000000000     
   0.0000000000000000     
   0.0000000000000000     
   0.0000000000000000     
   0.0000000000000000     
   0.0000000000000000     
   0.0000000000000000     
   0.0000000000000000     
   0.0000000000000000     
   0.0000000000000000     
   0.0000000000000000     
   0.0000000000000000     
   0.0000000000000000     
   0.0000000000000000     
   0.0000000000000000     
   0.0000000000000000     
   0.0000000000000000     
   0.0000000000000000     
   0.0000000000000000     
   0.0000000000000000     
   0.0000000000000000     
   0.0000000000000000     
   0.0000000000000000     
   0.0000000000000000     
   0.0000000000000000     
   0.0000000000000000     
   0.0000000000000000     
   0.0000000000000000     
   0.0000000000000000     
   0.0000000000000000     
   0.0000000000000000     
   0.0000000000000000     
   0.0000000000000000     
   0.0000000000000000     
   0.0000000000000000     
   0.0000000000000000     
   0.0000000000000000     
   0.0000000000000000     
   0.0000000000000000     
   0.0000000000000000     
   0.0000000000000000     
   0.0000000000000000     
   0.0000000000000000     
   0.0000000000000000     
   0.0000000000000000     
   0.0000000000000000     
   0.0000000000000000     
   0.0000000000000000     
   0.0000000000000000     
   0.0000000000000000     
   0.0000000000000000     
   0.0000000000000000     
   0.0000000000000000     
   0.0000000000000000     
   0.0000000000000000     
   0.0000000000000000     
   0.0000000000000000     
   0.0000000000000000     
   0.0000000000000000     
   0.0000000000000000     
   0.0000000000000000     
   0.0000000000000000     
   0.0000000000000000     
   0.0000000000000000     
   0.0000000000000000     
   0.0000000000000000     
   0.0000000000000000     
   0.0000000000000000     
   0.0000000000000000     
   0.0000000000000000     
   0.0000000000000000     
   0.0000000000000000     
   0.0000000000000000     
   0.0000000000000000     
   0.0000000000000000     
   0.0000000000000000     
   0.0000000000000000     
   0.0000000000000000     
   0.0000000000000000     
   0.0000000000000000     
   0.0000000000000000     
   0.0000000000000000     
   0.0000000000000000     
   0.0000000000000000     
   0.0000000000000000     
   0.0000000000000000     
   0.0000000000000000     
   0.0000000000000000     
   0.0000000000000000     
   0.0000000000000000     
   0.0000000000000000     
   0.0000000000000000     
   0.0000000000000000     
   0.0000000000000000     
   0.0000000000000000     
   0.0000000000000000     
   0.0000000000000000     
   0.0000000000000000     
   0.0000000000000000     
   0.0000000000000000     
   0.0000000000000000     
   0.0000000000000000     
   0.0000000000000000     
   0.0000000000000000     
   0.0000000000000000     
   0.0000000000000000     
   0.0000000000000000     
   0.0000000000000000     
   0.0000000000000000     
   0.0000000000000000     
   0.0000000000000000     
   0.0000000000000000     
   0.0000000000000000     
   0.0000000000000000     
   0.0000000000000000     
   0.0000000000000000     
   0.0000000000000000     
   0.0000000000000000     
   0.0000000000000000     
   0.0000000000000000     
   0.0000000000000000     
   0.0000000000000000     
   0.0000000000000000     
   0.0000000000000000     
   0.0000000000000000     
   0.0000000000000000     
   0.0000000000000000     
   0.0000000000000000     
   0.0000000000000000     
   0.0000000000000000     
   0.0000000000000000     
   0.0000000000000000     
   0.0000000000000000     
   0.0000000000000000     
   0.0000000000000000     
   0.0000000000000000     
   0.0000000000000000     
   0.0000000000000000     
   0.0000000000000000     
   0.0000000000000000     
   0.0000000000000000     
   0.0000000000000000     
   0.0000000000000000     
   0.0000000000000000     
   0.0000000000000000     
   0.0000000000000000     
   0.0000000000000000     
   0.0000000000000000     
   0.0000000000000000     
   0.0000000000000000     
   0.0000000000000000     
   0.0000000000000000     
   0.0000000000000000     
   0.0000000000000000     
   0.0000000000000000     
   0.0000000000000000     
   0.0000000000000000     
   0.0000000000000000     
   0.0000000000000000     
   0.0000000000000000     
   0.0000000000000000     
   0.0000000000000000     
   0.0000000000000000     
   0.0000000000000000     
   0.0000000000000000     
   0.0000000000000000     
   0.0000000000000000     
   0.0000000000000000     
   0.0000000000000000     
   0.0000000000000000     
   0.0000000000000000     
   0.0000000000000000     
   0.0000000000000000     
   0.0000000000000000     
   0.0000000000000000     
   0.0000000000000000     
   0.0000000000000000     
   0.0000000000000000     
   0.0000000000000000     
   0.0000000000000000     
   0.0000000000000000     
   0.0000000000000000     
   0.0000000000000000     
   0.0000000000000000     
   0.0000000000000000     
   0.0000000000000000     
   0.0000000000000000     
   0.0000000000000000     
   0.0000000000000000     
   0.0000000000000000     
   0.0000000000000000     
   0.0000000000000000     
   0.0000000000000000     
   0.0000000000000000     
   0.0000000000000000     
   0.0000000000000000     
   0.0000000000000000     
   0.0000000000000000     
   0.0000000000000000     
   0.0000000000000000     
   0.0000000000000000     
   0.0000000000000000     
   0.0000000000000000     
   0.0000000000000000     
   0.0000000000000000     
   0.0000000000000000     
   0.0000000000000000     
   0.0000000000000000     
   0.0000000000000000     
   0.0000000000000000     
   0.0000000000000000     
   0.0000000000000000     
   0.0000000000000000     
   0.0000000000000000     
   0.0000000000000000     
   0.0000000000000000     
   0.0000000000000000     
   0.0000000000000000     
   0.0000000000000000     
   0.0000000000000000     
   0.0000000000000000     
   0.0000000000000000     
   0.0000000000000000     
   0.0000000000000000     
   0.0000000000000000     
   0.0000000000000000     
   0.0000000000000000     
   0.0000000000000000     
   0.0000000000000000     
   0.0000000000000000     
   0.0000000000000000     
   0.0000000000000000     
   0.0000000000000000     
   0.0000000000000000     
   0.0000000000000000     
   0.0000000000000000     
   0.0000000000000000     
   0.0000000000000000     
   0.0000000000000000     
   0.0000000000000000     
   0.0000000000000000     
   0.0000000000000000     
   0.0000000000000000     
   0.0000000000000000     
   0.0000000000000000     
   0.0000000000000000     
   0.0000000000000000     
   0.0000000000000000     
   0.0000000000000000     
   0.0000000000000000     
   0.0000000000000000     
   0.0000000000000000     
   0.0000000000000000     
   0.0000000000000000     
   0.0000000000000000     
   0.0000000000000000     
   0.0000000000000000     
   0.0000000000000000     
   0.0000000000000000     
   0.0000000000000000     
   0.0000000000000000     
   0.0000000000000000     
   0.0000000000000000     
   0.0000000000000000     
   0.0000000000000000     
   0.0000000000000000     
   0.0000000000000000     
   0.0000000000000000     
   0.0000000000000000     
   0.0000000000000000     
   0.0000000000000000     
   0.0000000000000000     
   0.0000000000000000     
   0.0000000000000000     
   0.0000000000000000     
   0.0000000000000000     
   0.0000000000000000     
   0.0000000000000000     
   0.0000000000000000     
   0.0000000000000000     
   0.0000000000000000     
   0.0000000000000000     
   0.0000000000000000     
   0.0000000000000000     
   0.0000000000000000     
   0.0000000000000000     
   0.0000000000000000     
   0.0000000000000000     
   0.0000000000000000     
   0.0000000000000000     
   0.0000000000000000     
   0.0000000000000000     
   0.0000000000000000     
   0.0000000000000000     
   0.0000000000000000     
   0.0000000000000000     
   0.0000000000000000     
   0.0000000000000000     
   0.0000000000000000     
   0.0000000000000000     
   0.0000000000000000     
   0.0000000000000000     
   0.0000000000000000     
   0.0000000000000000     
   0.0000000000000000     
   0.0000000000000000     
   0.0000000000000000     
   0.0000000000000000     
   0.0000000000000000     
   0.0000000000000000     
   0.0000000000000000     
   0.0000000000000000     
   0.0000000000000000     
   0.0000000000000000     
   0.0000000000000000     
   0.0000000000000000     
   0.0000000000000000     
   0.0000000000000000     
   0.0000000000000000     
   0.0000000000000000     
   0.0000000000000000     
   0.0000000000000000     
   0.0000000000000000     
   0.0000000000000000     
   0.0000000000000000     
   0.0000000000000000     
   0.0000000000000000     
   0.0000000000000000     
   0.0000000000000000     
   0.0000000000000000     
   0.0000000000000000     
   0.0000000000000000     
   0.0000000000000000     
   0.0000000000000000     
   0.0000000000000000     
   0.0000000000000000     
   0.0000000000000000     
   0.0000000000000000     
   0.0000000000000000     
   0.0000000000000000     
   0.0000000000000000     
   0.0000000000000000     
   0.0000000000000000     
   0.0000000000000000     
   0.0000000000000000     
   0.0000000000000000     
   0.0000000000000000     
   0.0000000000000000     
   0.0000000000000000     
   0.0000000000000000     
   0.0000000000000000     
   0.0000000000000000     
   0.0000000000000000     
   0.0000000000000000     
   0.0000000000000000     
   0.0000000000000000     
   0.0000000000000000     
   0.0000000000000000     
   0.0000000000000000     
   0.0000000000000000     
   0.0000000000000000     
   0.0000000000000000     
   0.0000000000000000     
   0.0000000000000000     
   0.0000000000000000     
   0.0000000000000000     
   0.0000000000000000     
   0.0000000000000000     
   0.0000000000000000     
   0.0000000000000000     
   0.0000000000000000     
   0.0000000000000000     
   0.0000000000000000     
   0.0000000000000000     
   0.0000000000000000     
   0.0000000000000000     
   0.0000000000000000     
   0.0000000000000000     
   0.0000000000000000     
   0.0000000000000000     
   0.0000000000000000     
   0.0000000000000000     
   0.0000000000000000     
   0.0000000000000000     
   0.0000000000000000     
   0.0000000000000000     
   0.0000000000000000     
   0.0000000000000000     
   0.0000000000000000     
   0.0000000000000000     
   0.0000000000000000     
   0.0000000000000000     
   0.0000000000000000     
   0.0000000000000000     
   0.0000000000000000     
   0.0000000000000000     
   0.0000000000000000     
   0.0000000000000000     
   0.0000000000000000     
   0.0000000000000000     
   0.0000000000000000     
   0.0000000000000000     
   0.0000000000000000     
   0.0000000000000000     
   0.0000000000000000     
   0.0000000000000000     
   0.0000000000000000     
   0.0000000000000000     
   0.0000000000000000     
   0.0000000000000000     
   0.0000000000000000     
   0.0000000000000000     
   0.0000000000000000     
   0.0000000000000000     
   0.0000000000000000     
   0.0000000000000000     
   0.0000000000000000     
   0.0000000000000000     
   0.0000000000000000     
   0.0000000000000000     
   0.0000000000000000     
   0.0000000000000000     
   0.0000000000000000     
   0.0000000000000000     
   0.0000000000000000     
   0.0000000000000000     
   0.0000000000000000     
   0.0000000000000000     
   0.0000000000000000     
   0.0000000000000000     
   0.0000000000000000     
   0.0000000000000000     
   0.0000000000000000     
   0.0000000000000000     
   0.0000000000000000     
   0.0000000000000000     
   0.0000000000000000     
   0.0000000000000000     
   0.0000000000000000     
   0.0000000000000000     
   0.0000000000000000     
   0.0000000000000000     
   0.0000000000000000     
   0.0000000000000000     
   0.0000000000000000     
   0.0000000000000000     
   0.0000000000000000     
   0.0000000000000000     
   0.0000000000000000     
   0.0000000000000000     
   0.0000000000000000     
   0.0000000000000000     
   0.0000000000000000     
   0.0000000000000000     
   0.0000000000000000     
   0.0000000000000000     
   0.0000000000000000     
   0.0000000000000000     
   0.0000000000000000     
   0.0000000000000000     
   0.0000000000000000     
   0.0000000000000000     
   0.0000000000000000     
   0.0000000000000000     
   0.0000000000000000     
   0.0000000000000000     
   0.0000000000000000     
   0.0000000000000000     
   0.0000000000000000     
   0.0000000000000000     
   0.0000000000000000     
   0.0000000000000000     
   0.0000000000000000     
   0.0000000000000000     
   0.0000000000000000     
   0.0000000000000000     
   0.0000000000000000     
   0.0000000000000000     
   0.0000000000000000     
   0.0000000000000000     
   0.0000000000000000     
   0.0000000000000000     
   0.0000000000000000     
   0.0000000000000000     
   0.0000000000000000     
   0.0000000000000000     
   0.0000000000000000     
   0.0000000000000000     
   0.0000000000000000     
   0.0000000000000000     
   0.0000000000000000     
   0.0000000000000000     
   0.0000000000000000     
   0.0000000000000000     
   0.0000000000000000     
   0.0000000000000000     
   0.0000000000000000     
   0.0000000000000000     
   0.0000000000000000     
   0.0000000000000000     
   0.0000000000000000     
   0.0000000000000000     
   0.0000000000000000     
   0.0000000000000000     
   0.0000000000000000     
   0.0000000000000000     
   0.0000000000000000     
   0.0000000000000000     
   0.0000000000000000     
   0.0000000000000000     
   0.0000000000000000     
   0.0000000000000000     
   0.0000000000000000     
   0.0000000000000000     
   0.0000000000000000     
   0.0000000000000000     
   0.0000000000000000     
   0.0000000000000000     
   0.0000000000000000     
   0.0000000000000000     
   0.0000000000000000     
   0.0000000000000000     
   0.0000000000000000     
   0.0000000000000000     
   0.0000000000000000     
   0.0000000000000000     
   0.0000000000000000     
   0.0000000000000000     
   0.0000000000000000     
   0.0000000000000000     
   0.0000000000000000     
   0.0000000000000000     
   0.0000000000000000     
   0.0000000000000000     
   0.0000000000000000     
   0.0000000000000000     
   0.0000000000000000     
   0.0000000000000000     
   0.0000000000000000     
   0.0000000000000000     
   0.0000000000000000     
   0.0000000000000000     
   0.0000000000000000     
   0.0000000000000000     
   0.0000000000000000     
   0.0000000000000000     
   0.0000000000000000     
   0.0000000000000000     
   0.0000000000000000     
   0.0000000000000000     
   0.0000000000000000     
   0.0000000000000000     
   0.0000000000000000     
   0.0000000000000000     
   0.0000000000000000     
   0.0000000000000000     
   0.0000000000000000     
   0.0000000000000000     
   0.0000000000000000     
   0.0000000000000000     
   0.0000000000000000     
   0.0000000000000000     
   0.0000000000000000     
   0.0000000000000000     
   0.0000000000000000     
   0.0000000000000000     
   0.0000000000000000     
   0.0000000000000000     
   0.0000000000000000     
   0.0000000000000000     
   0.0000000000000000     
   0.0000000000000000     
   0.0000000000000000     
   0.0000000000000000     
   0.0000000000000000     
   0.0000000000000000     
   0.0000000000000000     
   0.0000000000000000     
   0.0000000000000000     
   0.0000000000000000     
   0.0000000000000000     
   0.0000000000000000     
   0.0000000000000000     
   0.0000000000000000     
   0.0000000000000000     
   0.0000000000000000     
   0.0000000000000000     
   0.0000000000000000     
   0.0000000000000000     
   0.0000000000000000     
   0.0000000000000000     
   0.0000000000000000     
   0.0000000000000000     
   0.0000000000000000     
   0.0000000000000000     
   0.0000000000000000     
   0.0000000000000000     
   0.0000000000000000     
   0.0000000000000000     
   0.0000000000000000     
   0.0000000000000000     
   0.0000000000000000     
   0.0000000000000000     
   0.0000000000000000     
   0.0000000000000000     
   0.0000000000000000     
   0.0000000000000000     
   0.0000000000000000     
   0.0000000000000000     
   0.0000000000000000     
   0.0000000000000000     
   0.0000000000000000     
   0.0000000000000000     
   0.0000000000000000     
   0.0000000000000000     
   0.0000000000000000     
   0.0000000000000000     
   0.0000000000000000     
   0.0000000000000000     
   0.0000000000000000     
   0.0000000000000000     
   0.0000000000000000     
   0.0000000000000000     
   0.0000000000000000     
   0.0000000000000000     
   0.0000000000000000     
   0.0000000000000000     
   0.0000000000000000     
   0.0000000000000000     
   0.0000000000000000     
   0.0000000000000000     
   0.0000000000000000     
   0.0000000000000000     
   0.0000000000000000     
   0.0000000000000000     
   0.0000000000000000     
   0.0000000000000000     
   0.0000000000000000     
   0.0000000000000000     
   0.0000000000000000     
   0.0000000000000000     
   0.0000000000000000     
   0.0000000000000000     
   0.0000000000000000     
   0.0000000000000000     
   0.0000000000000000     
   0.0000000000000000     
   0.0000000000000000     
   0.0000000000000000     
   0.0000000000000000     
   0.0000000000000000     
   0.0000000000000000     
   0.0000000000000000     
   0.0000000000000000     
   0.0000000000000000     
   0.0000000000000000     
   0.0000000000000000     
   0.0000000000000000     
   0.0000000000000000     
   0.0000000000000000     
   0.0000000000000000     
   0.0000000000000000     
   0.0000000000000000     
   0.0000000000000000     
   0.0000000000000000     
   0.0000000000000000     
   0.0000000000000000     
   0.0000000000000000     
   0.0000000000000000     
   0.0000000000000000     
   0.0000000000000000     
   0.0000000000000000     
   0.0000000000000000     
   0.0000000000000000     
   0.0000000000000000     
   0.0000000000000000     
   0.0000000000000000     
   0.0000000000000000     
   0.0000000000000000     
   0.0000000000000000     
   0.0000000000000000     
   0.0000000000000000     
   0.0000000000000000     
   0.0000000000000000     
   0.0000000000000000     
   0.0000000000000000     
   0.0000000000000000     
   0.0000000000000000     
   0.0000000000000000     
   0.0000000000000000     
   0.0000000000000000     
   0.0000000000000000     
   0.0000000000000000     
   0.0000000000000000     
   0.0000000000000000     
   0.0000000000000000     
   0.0000000000000000     
   0.0000000000000000     
   0.0000000000000000     
   0.0000000000000000     
   0.0000000000000000     
   0.0000000000000000     
   0.0000000000000000     
   0.0000000000000000     
   0.0000000000000000     
   0.0000000000000000     
   0.0000000000000000     
   0.0000000000000000     
   0.0000000000000000     
   0.0000000000000000     
   0.0000000000000000     
   0.0000000000000000     
   0.0000000000000000     
   0.0000000000000000     
   0.0000000000000000     
   0.0000000000000000     
   0.0000000000000000     
   0.0000000000000000     
   0.0000000000000000     
   0.0000000000000000     
   0.0000000000000000     
   0.0000000000000000     
   0.0000000000000000     
   0.0000000000000000     
   0.0000000000000000     
   0.0000000000000000     
   0.0000000000000000     
   0.0000000000000000     
   0.0000000000000000     
   0.0000000000000000     
   0.0000000000000000     
   0.0000000000000000     
   0.0000000000000000     
   0.0000000000000000     
   0.0000000000000000     
   0.0000000000000000     
   0.0000000000000000     
   0.0000000000000000     
   0.0000000000000000     
   0.0000000000000000     
   0.0000000000000000     
   0.0000000000000000     
   0.0000000000000000     
   0.0000000000000000     
   0.0000000000000000     
   0.0000000000000000     
   0.0000000000000000     
   0.0000000000000000     
   0.0000000000000000     
   0.0000000000000000     
   0.0000000000000000     
   0.0000000000000000     
   0.0000000000000000     
   0.0000000000000000     
   0.0000000000000000     
   0.0000000000000000     
   0.0000000000000000     
   0.0000000000000000     
   0.0000000000000000     
   0.0000000000000000     
   0.0000000000000000     
   0.0000000000000000     
   0.0000000000000000     
   0.0000000000000000     
   0.0000000000000000     
   0.0000000000000000     
   0.0000000000000000     
   0.0000000000000000     
   0.0000000000000000     
   0.0000000000000000     
   0.0000000000000000     
   0.0000000000000000     
   0.0000000000000000     
   0.0000000000000000     
   0.0000000000000000     
   0.0000000000000000     
   0.0000000000000000     
   0.0000000000000000     
   0.0000000000000000     
   0.0000000000000000     
   0.0000000000000000     
   0.0000000000000000     
   0.0000000000000000     
   0.0000000000000000     
   0.0000000000000000     
   0.0000000000000000     
   0.0000000000000000     
   0.0000000000000000     
   0.0000000000000000     
   0.0000000000000000     
   0.0000000000000000     
   0.0000000000000000     
   0.0000000000000000     
   0.0000000000000000     
   0.0000000000000000     
   0.0000000000000000     
   0.0000000000000000     
   0.0000000000000000     
   0.0000000000000000     
   0.0000000000000000     
   0.0000000000000000     
   0.0000000000000000     
   0.0000000000000000     
   0.0000000000000000     
   0.0000000000000000     
   0.0000000000000000     
   0.0000000000000000     
   0.0000000000000000     
   0.0000000000000000     
   0.0000000000000000     
   0.0000000000000000     
   0.0000000000000000     
   0.0000000000000000     
   0.0000000000000000     
   0.0000000000000000     
   0.0000000000000000     
   0.0000000000000000     
   0.0000000000000000     
   0.0000000000000000     
   0.0000000000000000     
   0.0000000000000000     
   0.0000000000000000     
   0.0000000000000000     
   0.0000000000000000     
   0.0000000000000000     
   0.0000000000000000     
   0.0000000000000000     
   0.0000000000000000     
   0.0000000000000000     
   0.0000000000000000     
   0.0000000000000000     
   0.0000000000000000     
   0.0000000000000000     
   0.0000000000000000     
   0.0000000000000000     
   0.0000000000000000     
   0.0000000000000000     
   0.0000000000000000     
   0.0000000000000000     
   0.0000000000000000     
   0.0000000000000000     
   0.0000000000000000     
   0.0000000000000000     
   0.0000000000000000     
   0.0000000000000000     
   0.0000000000000000     
   0.0000000000000000     
   0.0000000000000000     
   0.0000000000000000     
   0.0000000000000000     
   0.0000000000000000     
   0.0000000000000000     
   0.0000000000000000     
   0.0000000000000000     
   0.0000000000000000     
   0.0000000000000000     
   0.0000000000000000     
   0.0000000000000000     
   0.0000000000000000     
   0.0000000000000000     
   0.0000000000000000     
   0.0000000000000000     
   0.0000000000000000     
   0.0000000000000000     
   0.0000000000000000     
   0.0000000000000000     
   0.0000000000000000     
   0.0000000000000000     
   0.0000000000000000     
   0.0000000000000000     
   0.0000000000000000     
   0.0000000000000000     
   0.0000000000000000     
   0.0000000000000000     
   0.0000000000000000     
   0.0000000000000000     
   0.0000000000000000     
   0.0000000000000000     
   0.0000000000000000     
   0.0000000000000000     
   0.0000000000000000     
   0.0000000000000000     
   0.0000000000000000     
   0.0000000000000000     
   0.0000000000000000     
   0.0000000000000000     
   0.0000000000000000     
   0.0000000000000000     
   0.0000000000000000     
   0.0000000000000000     
   0.0000000000000000     
   0.0000000000000000     
   0.0000000000000000     
   0.0000000000000000     
   0.0000000000000000     
   0.0000000000000000     
   0.0000000000000000     
   0.0000000000000000     
   0.0000000000000000     
   0.0000000000000000     
   0.0000000000000000     
   0.0000000000000000     
   0.0000000000000000     
   0.0000000000000000     
   0.0000000000000000     
   0.0000000000000000     
   0.0000000000000000     
   0.0000000000000000     
   0.0000000000000000     
   0.0000000000000000     
   0.0000000000000000     
   0.0000000000000000     
   0.0000000000000000     
   0.0000000000000000     
   0.0000000000000000     
   0.0000000000000000     
   0.0000000000000000     
   0.0000000000000000     
   0.0000000000000000     
   0.0000000000000000     
   0.0000000000000000     
   0.0000000000000000     
   0.0000000000000000     
   0.0000000000000000     
   0.0000000000000000     
   0.0000000000000000     
   0.0000000000000000     
   0.0000000000000000     
   0.0000000000000000     
   0.0000000000000000     
   0.0000000000000000     
   0.0000000000000000     
   0.0000000000000000     
   0.0000000000000000     
   0.0000000000000000     
   0.0000000000000000     
   0.0000000000000000     
   0.0000000000000000     
   0.0000000000000000     
   0.0000000000000000     
   0.0000000000000000     
   0.0000000000000000     
   0.0000000000000000     
   0.0000000000000000     
   0.0000000000000000     
   0.0000000000000000     
   0.0000000000000000     
   0.0000000000000000     
   0.0000000000000000     
   0.0000000000000000     
   0.0000000000000000     
   0.0000000000000000     
   0.0000000000000000     
   0.0000000000000000     
   0.0000000000000000     
   0.0000000000000000     
   0.0000000000000000     
   0.0000000000000000     
   0.0000000000000000     
   0.0000000000000000     
   0.0000000000000000     
   0.0000000000000000     
   0.0000000000000000     
   0.0000000000000000     
   0.0000000000000000     
   0.0000000000000000     
   0.0000000000000000     
   0.0000000000000000     
   0.0000000000000000     
   0.0000000000000000     
   0.0000000000000000     
   0.0000000000000000     
   0.0000000000000000     
   0.0000000000000000     
   0.0000000000000000     
   0.0000000000000000     
   0.0000000000000000     
   0.0000000000000000     
   0.0000000000000000     
   0.0000000000000000     
   0.0000000000000000     
   0.0000000000000000     
   0.0000000000000000     
   0.0000000000000000     
   0.0000000000000000     
   0.0000000000000000     
   0.0000000000000000     
   0.0000000000000000     
   0.0000000000000000     
   0.0000000000000000     
   0.0000000000000000     
   0.0000000000000000     
   0.0000000000000000     
   0.0000000000000000     
   0.0000000000000000     
   0.0000000000000000     
   0.0000000000000000     
   0.0000000000000000     
   0.0000000000000000     
   0.0000000000000000     
   0.0000000000000000     
   0.0000000000000000     
   0.0000000000000000     
   0.0000000000000000     
   0.0000000000000000     
   0.0000000000000000     
   0.0000000000000000     
   0.0000000000000000     
   0.0000000000000000     
   0.0000000000000000     
   0.0000000000000000     
   0.0000000000000000     
   0.0000000000000000     
   0.0000000000000000     
   0.0000000000000000     
   0.0000000000000000     
   0.0000000000000000     
   0.0000000000000000     
   0.0000000000000000     
   0.0000000000000000     
   0.0000000000000000     
   0.0000000000000000     
   0.0000000000000000     
   0.0000000000000000     
   0.0000000000000000     
   0.0000000000000000     
   0.0000000000000000     
   0.0000000000000000     
   0.0000000000000000     
   0.0000000000000000     
   0.0000000000000000     
   0.0000000000000000     
   0.0000000000000000     
   0.0000000000000000     
   0.0000000000000000     
   0.0000000000000000     
   0.0000000000000000     
   0.0000000000000000     
   0.0000000000000000     
   0.0000000000000000     
   0.0000000000000000     
   0.0000000000000000     
   0.0000000000000000     
   0.0000000000000000     
   0.0000000000000000     
   0.0000000000000000     
   0.0000000000000000     
   0.0000000000000000     
   0.0000000000000000     
   0.0000000000000000     
   0.0000000000000000     
   0.0000000000000000     
   0.0000000000000000     
   0.0000000000000000     
   0.0000000000000000     
   0.0000000000000000     
   0.0000000000000000     
   0.0000000000000000     
   0.0000000000000000     
   0.0000000000000000     
   0.0000000000000000     
   0.0000000000000000     
   0.0000000000000000     
   0.0000000000000000     
   0.0000000000000000     
   0.0000000000000000     
   0.0000000000000000     
   0.0000000000000000     
   0.0000000000000000     
   0.0000000000000000     
   0.0000000000000000     
   0.0000000000000000     
   0.0000000000000000     
   0.0000000000000000     
   0.0000000000000000     
   0.0000000000000000     
   0.0000000000000000     
   0.0000000000000000     
   0.0000000000000000     
   0.0000000000000000     
   0.0000000000000000     
   0.0000000000000000     
   0.0000000000000000     
   0.0000000000000000     
   0.0000000000000000     
   0.0000000000000000     
   0.0000000000000000     
   0.0000000000000000     
   0.0000000000000000     
   0.0000000000000000     
   0.0000000000000000     
   0.0000000000000000     
   0.0000000000000000     
   0.0000000000000000     
   0.0000000000000000     
   0.0000000000000000     
   0.0000000000000000     
   0.0000000000000000     
   0.0000000000000000     
   0.0000000000000000     
   0.0000000000000000     
   0.0000000000000000     
   0.0000000000000000     
   0.0000000000000000     
   0.0000000000000000     
   0.0000000000000000     
   0.0000000000000000     
   0.0000000000000000     
   0.0000000000000000     
   0.0000000000000000     
   0.0000000000000000     
   0.0000000000000000     
   0.0000000000000000     
   0.0000000000000000     
   0.0000000000000000     
   0.0000000000000000     
   0.0000000000000000     
   0.0000000000000000     
   0.0000000000000000     
   0.0000000000000000     
   0.0000000000000000     
   0.0000000000000000     
   0.0000000000000000     
   0.0000000000000000     
   0.0000000000000000     
   0.0000000000000000     
   0.0000000000000000     
   0.0000000000000000     
   0.0000000000000000     
   0.0000000000000000     
   0.0000000000000000     
   0.0000000000000000     
   0.0000000000000000     
   0.0000000000000000     
   0.0000000000000000     
   0.0000000000000000     
   0.0000000000000000     
   0.0000000000000000     
   0.0000000000000000     
   0.0000000000000000     
   0.0000000000000000     
   0.0000000000000000     
   0.0000000000000000     
   0.0000000000000000     
   0.0000000000000000     
   0.0000000000000000     
   0.0000000000000000     
   0.0000000000000000     
   0.0000000000000000     
   0.0000000000000000     
   0.0000000000000000     
   0.0000000000000000     
   0.0000000000000000     
   0.0000000000000000     
   0.0000000000000000     
   0.0000000000000000     
   0.0000000000000000     
   0.0000000000000000     
   0.0000000000000000     
   0.0000000000000000     
   0.0000000000000000     
   0.0000000000000000     
   0.0000000000000000     
   0.0000000000000000     
   0.0000000000000000     
   0.0000000000000000     
   0.0000000000000000     
   0.0000000000000000     
   0.0000000000000000     
   0.0000000000000000     
   0.0000000000000000     
   0.0000000000000000     
   0.0000000000000000     
   0.0000000000000000     
   0.0000000000000000     
   0.0000000000000000     
   0.0000000000000000     
   0.0000000000000000     
   0.0000000000000000     
   0.0000000000000000     
   0.0000000000000000     
   0.0000000000000000     
   0.0000000000000000     
   0.0000000000000000     
   0.0000000000000000     
   0.0000000000000000     
   0.0000000000000000     
   0.0000000000000000     
   0.0000000000000000     
   0.0000000000000000     
   0.0000000000000000     
   0.0000000000000000     
   0.0000000000000000     
   0.0000000000000000     
   0.0000000000000000     
   0.0000000000000000     
   0.0000000000000000     
   0.0000000000000000     
   0.0000000000000000     
   0.0000000000000000     
   0.0000000000000000     
   0.0000000000000000     
   0.0000000000000000     
   0.0000000000000000     
   0.0000000000000000     
   0.0000000000000000     
   0.0000000000000000     
   0.0000000000000000     
   0.0000000000000000     
   0.0000000000000000     
   0.0000000000000000     
   0.0000000000000000     
   0.0000000000000000     
   0.0000000000000000     
   0.0000000000000000     
   0.0000000000000000     
   0.0000000000000000     
   0.0000000000000000     
   0.0000000000000000     
   0.0000000000000000     
   0.0000000000000000     
   0.0000000000000000     
   0.0000000000000000     
   0.0000000000000000     
   0.0000000000000000     
   0.0000000000000000     
   0.0000000000000000     
   0.0000000000000000     
   0.0000000000000000     
   0.0000000000000000     
   0.0000000000000000     
   0.0000000000000000     
   0.0000000000000000     
   0.0000000000000000     
   0.0000000000000000     
   0.0000000000000000     
   0.0000000000000000     
   0.0000000000000000     
   0.0000000000000000     
   0.0000000000000000     
   0.0000000000000000     
   0.0000000000000000     
   0.0000000000000000     
   0.0000000000000000     
   0.0000000000000000     
   0.0000000000000000     
   0.0000000000000000     
   0.0000000000000000     
   0.0000000000000000     
   0.0000000000000000     
   0.0000000000000000     
   0.0000000000000000     
   0.0000000000000000     
   0.0000000000000000     
   0.0000000000000000     
   0.0000000000000000     
   0.0000000000000000     
   0.0000000000000000     
   0.0000000000000000     
   0.0000000000000000     
   0.0000000000000000     
   0.0000000000000000     
   0.0000000000000000     
   0.0000000000000000     
   0.0000000000000000     
   0.0000000000000000     
   0.0000000000000000     
   0.0000000000000000     
   0.0000000000000000     
   0.0000000000000000     
   0.0000000000000000     
   0.0000000000000000     
   0.0000000000000000     
   0.0000000000000000     
   0.0000000000000000     
   0.0000000000000000     
   0.0000000000000000     
   0.0000000000000000     
   0.0000000000000000     
   0.0000000000000000     
   0.0000000000000000     
   0.0000000000000000     
   0.0000000000000000     
   0.0000000000000000     
   0.0000000000000000     
   0.0000000000000000     
   0.0000000000000000     
   0.0000000000000000     
   0.0000000000000000     
   0.0000000000000000     
   0.0000000000000000     
   0.0000000000000000     
   0.0000000000000000     
   0.0000000000000000     
   0.0000000000000000     
   0.0000000000000000     
   0.0000000000000000     
   0.0000000000000000     
   0.0000000000000000     
   0.0000000000000000     
   0.0000000000000000     
   0.0000000000000000     
   0.0000000000000000     
   0.0000000000000000     
   0.0000000000000000     
   0.0000000000000000     
   0.0000000000000000     
   0.0000000000000000     
   0.0000000000000000     
   0.0000000000000000     
   0.0000000000000000     
   0.0000000000000000     
   0.0000000000000000     
   0.0000000000000000     
   0.0000000000000000     
   0.0000000000000000     
   0.0000000000000000     
   0.0000000000000000     
   0.0000000000000000     
   0.0000000000000000     
   0.0000000000000000     
   0.0000000000000000     
   0.0000000000000000     
   0.0000000000000000     
   0.0000000000000000     
   0.0000000000000000     
   0.0000000000000000     
   0.0000000000000000     
   0.0000000000000000     
   0.0000000000000000     
   0.0000000000000000     
   0.0000000000000000     
   0.0000000000000000     
   0.0000000000000000     
   0.0000000000000000     
   0.0000000000000000     
   0.0000000000000000     
   0.0000000000000000     
   0.0000000000000000     
   0.0000000000000000     
   0.0000000000000000     
   0.0000000000000000     
   0.0000000000000000     
   0.0000000000000000     
   0.0000000000000000     
   0.0000000000000000     
   0.0000000000000000     
   0.0000000000000000     
   0.0000000000000000     
   0.0000000000000000     
   0.0000000000000000     
   0.0000000000000000     
   0.0000000000000000     
   0.0000000000000000     
   0.0000000000000000     
   0.0000000000000000     
   0.0000000000000000     
   0.0000000000000000     
   0.0000000000000000     
   0.0000000000000000     
   0.0000000000000000     
   0.0000000000000000     
   0.0000000000000000     
   0.0000000000000000     
   0.0000000000000000     
   0.0000000000000000     
   0.0000000000000000     
   0.0000000000000000     
   0.0000000000000000     
   0.0000000000000000     
   0.0000000000000000     
   0.0000000000000000     
   0.0000000000000000     
   0.0000000000000000     
   0.0000000000000000     
   0.0000000000000000     
   0.0000000000000000     
   0.0000000000000000     
   0.0000000000000000     
   0.0000000000000000     
   0.0000000000000000     
   0.0000000000000000     
   0.0000000000000000     
   0.0000000000000000     
   0.0000000000000000     
   0.0000000000000000     
   0.0000000000000000     
 0.18103773658851E-18
 0.75855569178550E-20
   0.0000000000000000     
   0.0000000000000000     
   0.0000000000000000     
   0.0000000000000000     
   0.0000000000000000     
   0.0000000000000000     
   0.0000000000000000     
   0.0000000000000000     
   0.0000000000000000     
   0.0000000000000000     
   0.0000000000000000     
   0.0000000000000000     
   0.0000000000000000     
   0.0000000000000000     
   0.0000000000000000     
   0.0000000000000000     
   0.0000000000000000     
   0.0000000000000000     
   0.0000000000000000     
   0.0000000000000000     
   0.0000000000000000     
   0.0000000000000000     
   0.0000000000000000     
   0.0000000000000000     
   0.0000000000000000     
   0.0000000000000000     
   0.0000000000000000     
   0.0000000000000000     
   0.0000000000000000     
   0.0000000000000000     
   0.0000000000000000     
   0.0000000000000000     
   0.0000000000000000     
   0.0000000000000000     
   0.0000000000000000     
   0.0000000000000000     
   0.0000000000000000     
   0.0000000000000000     
   0.0000000000000000     
   0.0000000000000000     
   0.0000000000000000     
   0.0000000000000000     
   0.0000000000000000     
   0.0000000000000000     
   0.0000000000000000     
   0.0000000000000000     
   0.0000000000000000     
   0.0000000000000000     
   0.0000000000000000     
   0.0000000000000000     
   0.0000000000000000     
   0.0000000000000000     
   0.0000000000000000     
   0.0000000000000000     
   0.0000000000000000     
   0.0000000000000000     
   0.0000000000000000     
   0.0000000000000000     
   0.0000000000000000     
   0.0000000000000000     
   0.0000000000000000     
   0.0000000000000000     
   0.0000000000000000     
   0.0000000000000000     
   0.0000000000000000     
   0.0000000000000000     
   0.0000000000000000     
   0.0000000000000000     
   0.0000000000000000     
   0.0000000000000000     
   0.0000000000000000     
   0.0000000000000000     
   0.0000000000000000     
   0.0000000000000000     
   0.0000000000000000     
   0.0000000000000000     
   0.0000000000000000     
   0.0000000000000000     
   0.0000000000000000     
   0.0000000000000000     
   0.0000000000000000     
   0.0000000000000000     
   0.0000000000000000     
   0.0000000000000000     
   0.0000000000000000     
   0.0000000000000000     
   0.0000000000000000     
   0.0000000000000000     
   0.0000000000000000     
   0.0000000000000000     
   0.0000000000000000     
   0.0000000000000000     
   0.0000000000000000     
   0.0000000000000000     
   0.0000000000000000     
   0.0000000000000000     
   0.0000000000000000     
   0.0000000000000000     
   0.0000000000000000     
   0.0000000000000000     
   0.0000000000000000     
   0.0000000000000000     
   0.0000000000000000     
   0.0000000000000000     
   0.0000000000000000     
   0.0000000000000000     
   0.0000000000000000     
   0.0000000000000000     
   0.0000000000000000     
   0.0000000000000000     
   0.0000000000000000     
   0.0000000000000000     
   0.0000000000000000     
   0.0000000000000000     
   0.0000000000000000     
   0.0000000000000000     
   0.0000000000000000     
   0.0000000000000000     
   0.0000000000000000     
   0.0000000000000000     
   0.0000000000000000     
   0.0000000000000000     
   0.0000000000000000     
   0.0000000000000000     
   0.0000000000000000     
   0.0000000000000000     
   0.0000000000000000     
   0.0000000000000000     
   0.0000000000000000     
   0.0000000000000000     
   0.0000000000000000     
   0.0000000000000000     
   0.0000000000000000     
   0.0000000000000000     
   0.0000000000000000     
   0.0000000000000000     
   0.0000000000000000     
   0.0000000000000000     
   0.0000000000000000     
   0.0000000000000000     
   0.0000000000000000     
   0.0000000000000000     
   0.0000000000000000     
   0.0000000000000000     
   0.0000000000000000     
   0.0000000000000000     
   0.0000000000000000     
 0.80483671937201E-18
 0.59716585996090E-18
 0.74820658286768E-18
 0.31137598384773E-18
 0.16038548810014E-18
 0.58776868370236E-19
   0.0000000000000000     
   0.0000000000000000     
   0.0000000000000000     
   0.0000000000000000     
   0.0000000000000000     
   0.0000000000000000     
   0.0000000000000000     
   0.0000000000000000     
   0.0000000000000000     
   0.0000000000000000     
   0.0000000000000000     
   0.0000000000000000     
   0.0000000000000000     
   0.0000000000000000     
   0.0000000000000000     
   0.0000000000000000     
   0.0000000000000000     
   0.0000000000000000     
   0.0000000000000000     
   0.0000000000000000     
   0.0000000000000000     
   0.0000000000000000     
   0.0000000000000000     
   0.0000000000000000     
   0.0000000000000000     
   0.0000000000000000     
   0.0000000000000000     
   0.0000000000000000     
   0.0000000000000000     
   0.0000000000000000     
   0.0000000000000000     
   0.0000000000000000     
   0.0000000000000000     
   0.0000000000000000     
   0.0000000000000000     
   0.0000000000000000     
   0.0000000000000000     
   0.0000000000000000     
   0.0000000000000000     
   0.0000000000000000     
   0.0000000000000000     
   0.0000000000000000     
   0.0000000000000000     
   0.0000000000000000     
   0.0000000000000000     
   0.0000000000000000     
   0.0000000000000000     
   0.0000000000000000     
   0.0000000000000000     
   0.0000000000000000     
   0.0000000000000000     
   0.0000000000000000     
   0.0000000000000000     
   0.0000000000000000     
   0.0000000000000000     
   0.0000000000000000     
   0.0000000000000000     
   0.0000000000000000     
   0.0000000000000000     
   0.0000000000000000     
   0.0000000000000000     
   0.0000000000000000     
   0.0000000000000000     
   0.0000000000000000     
   0.0000000000000000     
   0.0000000000000000     
   0.0000000000000000     
   0.0000000000000000     
   0.0000000000000000     
   0.0000000000000000     
   0.0000000000000000     
   0.0000000000000000     
   0.0000000000000000     
   0.0000000000000000     
   0.0000000000000000     
   0.0000000000000000     
   0.0000000000000000     
   0.0000000000000000     
   0.0000000000000000     
   0.0000000000000000     
   0.0000000000000000     
   0.0000000000000000     
   0.0000000000000000     
   0.0000000000000000     
   0.0000000000000000     
   0.0000000000000000     
   0.0000000000000000     
   0.0000000000000000     
   0.0000000000000000     
   0.0000000000000000     
   0.0000000000000000     
   0.0000000000000000     
   0.0000000000000000     
   0.0000000000000000     
   0.0000000000000000     
   0.0000000000000000     
   0.0000000000000000     
   0.0000000000000000     
   0.0000000000000000     
   0.0000000000000000     
   0.0000000000000000     
   0.0000000000000000     
   0.0000000000000000     
   0.0000000000000000     
   0.0000000000000000     
   0.0000000000000000     
   0.0000000000000000     
   0.0000000000000000     
   0.0000000000000000     
   0.0000000000000000     
   0.0000000000000000     
   0.0000000000000000     
   0.0000000000000000     
   0.0000000000000000     
   0.0000000000000000     
   0.0000000000000000     
   0.0000000000000000     
   0.0000000000000000     
   0.0000000000000000     
   0.0000000000000000     
   0.0000000000000000     
   0.0000000000000000     
   0.0000000000000000     
   0.0000000000000000     
   0.0000000000000000     
   0.0000000000000000     
   0.0000000000000000     
   0.0000000000000000     
   0.0000000000000000     
   0.0000000000000000     
   0.0000000000000000     
   0.0000000000000000     
   0.0000000000000000     
   0.0000000000000000     
   0.0000000000000000     
   0.0000000000000000     
   0.0000000000000000     
   0.0000000000000000     
   0.0000000000000000     
   0.0000000000000000     
   0.0000000000000000     
   0.0000000000000000     
   0.0000000000000000     
 0.24249813987976E-17
 0.16206814339585E-17
 0.18249694713403E-17
 0.13638229595859E-17
 0.10234558914739E-17
 0.56657293129765E-18
 0.34094897555620E-18
 0.24615684660934E-18
 0.16190371329531E-18
 0.85263183581679E-19
 0.28101402867643E-19
   0.0000000000000000     
   0.0000000000000000     
   0.0000000000000000     
   0.0000000000000000     
   0.0000000000000000     
   0.0000000000000000     
   0.0000000000000000     
   0.0000000000000000     
   0.0000000000000000     
   0.0000000000000000     
   0.0000000000000000     
   0.0000000000000000     
   0.0000000000000000     
   0.0000000000000000     
   0.0000000000000000     
   0.0000000000000000     
   0.0000000000000000     
   0.0000000000000000     
   0.0000000000000000     
   0.0000000000000000     
   0.0000000000000000     
   0.0000000000000000     
   0.0000000000000000     
   0.0000000000000000     
   0.0000000000000000     
   0.0000000000000000     
   0.0000000000000000     
   0.0000000000000000     
   0.0000000000000000     
   0.0000000000000000     
   0.0000000000000000     
   0.0000000000000000     
   0.0000000000000000     
   0.0000000000000000     
   0.0000000000000000     
   0.0000000000000000     
   0.0000000000000000     
   0.0000000000000000     
   0.0000000000000000     
   0.0000000000000000     
   0.0000000000000000     
   0.0000000000000000     
   0.0000000000000000     
   0.0000000000000000     
   0.0000000000000000     
   0.0000000000000000     
   0.0000000000000000     
   0.0000000000000000     
   0.0000000000000000     
   0.0000000000000000     
   0.0000000000000000     
   0.0000000000000000     
   0.0000000000000000     
   0.0000000000000000     
   0.0000000000000000     
   0.0000000000000000     
   0.0000000000000000     
   0.0000000000000000     
   0.0000000000000000     
   0.0000000000000000     
   0.0000000000000000     
   0.0000000000000000     
   0.0000000000000000     
   0.0000000000000000     
   0.0000000000000000     
   0.0000000000000000     
   0.0000000000000000     
   0.0000000000000000     
   0.0000000000000000     
   0.0000000000000000     
   0.0000000000000000     
   0.0000000000000000     
   0.0000000000000000     
   0.0000000000000000     
   0.0000000000000000     
   0.0000000000000000     
   0.0000000000000000     
   0.0000000000000000     
   0.0000000000000000     
   0.0000000000000000     
   0.0000000000000000     
   0.0000000000000000     
   0.0000000000000000     
   0.0000000000000000     
   0.0000000000000000     
   0.0000000000000000     
   0.0000000000000000     
   0.0000000000000000     
   0.0000000000000000     
   0.0000000000000000     
   0.0000000000000000     
   0.0000000000000000     
   0.0000000000000000     
   0.0000000000000000     
   0.0000000000000000     
   0.0000000000000000     
   0.0000000000000000     
   0.0000000000000000     
   0.0000000000000000     
   0.0000000000000000     
   0.0000000000000000     
   0.0000000000000000     
   0.0000000000000000     
   0.0000000000000000     
   0.0000000000000000     
   0.0000000000000000     
   0.0000000000000000     
   0.0000000000000000     
   0.0000000000000000     
   0.0000000000000000     
   0.0000000000000000     
   0.0000000000000000     
   0.0000000000000000     
   0.0000000000000000     
   0.0000000000000000     
   0.0000000000000000     
   0.0000000000000000     
   0.0000000000000000     
   0.0000000000000000     
   0.0000000000000000     
   0.0000000000000000     
   0.0000000000000000     
   0.0000000000000000     
   0.0000000000000000     
   0.0000000000000000     
   0.0000000000000000     
   0.0000000000000000     
   0.0000000000000000     
   0.0000000000000000     
   0.0000000000000000     
   0.0000000000000000     
   0.0000000000000000     
   0.0000000000000000     
   0.0000000000000000     
   0.0000000000000000     
   0.0000000000000000     
   0.0000000000000000     
   0.0000000000000000     
 0.43854701854231E-17
 0.40909094512294E-17
 0.40559814165331E-17
 0.33079214198470E-17
 0.26931898632516E-17
 0.20004959099547E-17
 0.13191472171686E-17
 0.93815671946923E-18
 0.70712125248918E-18
 0.50914973627657E-18
 0.33667229874641E-18
 0.22777216802626E-18
 0.16586941389454E-18
 0.11164820388661E-18
 0.60633725954845E-19
 0.10885791732051E-19
   0.0000000000000000     
   0.0000000000000000     
   0.0000000000000000     
   0.0000000000000000     
   0.0000000000000000     
   0.0000000000000000     
   0.0000000000000000     
   0.0000000000000000     
   0.0000000000000000     
   0.0000000000000000     
   0.0000000000000000     
   0.0000000000000000     
   0.0000000000000000     
   0.0000000000000000     
   0.0000000000000000     
   0.0000000000000000     
   0.0000000000000000     
   0.0000000000000000     
   0.0000000000000000     
   0.0000000000000000     
   0.0000000000000000     
   0.0000000000000000     
   0.0000000000000000     
   0.0000000000000000     
   0.0000000000000000     
   0.0000000000000000     
   0.0000000000000000     
   0.0000000000000000     
   0.0000000000000000     
   0.0000000000000000     
   0.0000000000000000     
   0.0000000000000000     
   0.0000000000000000     
   0.0000000000000000     
   0.0000000000000000     
   0.0000000000000000     
   0.0000000000000000     
   0.0000000000000000     
   0.0000000000000000     
   0.0000000000000000     
   0.0000000000000000     
   0.0000000000000000     
   0.0000000000000000     
   0.0000000000000000     
   0.0000000000000000     
   0.0000000000000000     
   0.0000000000000000     
   0.0000000000000000     
   0.0000000000000000     
   0.0000000000000000     
   0.0000000000000000     
   0.0000000000000000     
   0.0000000000000000     
   0.0000000000000000     
   0.0000000000000000     
   0.0000000000000000     
   0.0000000000000000     
   0.0000000000000000     
   0.0000000000000000     
   0.0000000000000000     
   0.0000000000000000     
   0.0000000000000000     
   0.0000000000000000     
   0.0000000000000000     
   0.0000000000000000     
   0.0000000000000000     
   0.0000000000000000     
   0.0000000000000000     
   0.0000000000000000     
   0.0000000000000000     
   0.0000000000000000     
   0.0000000000000000     
   0.0000000000000000     
   0.0000000000000000     
   0.0000000000000000     
   0.0000000000000000     
   0.0000000000000000     
   0.0000000000000000     
   0.0000000000000000     
   0.0000000000000000     
   0.0000000000000000     
   0.0000000000000000     
   0.0000000000000000     
   0.0000000000000000     
   0.0000000000000000     
   0.0000000000000000     
   0.0000000000000000     
   0.0000000000000000     
   0.0000000000000000     
   0.0000000000000000     
   0.0000000000000000     
   0.0000000000000000     
   0.0000000000000000     
   0.0000000000000000     
   0.0000000000000000     
   0.0000000000000000     
   0.0000000000000000     
   0.0000000000000000     
   0.0000000000000000     
   0.0000000000000000     
   0.0000000000000000     
   0.0000000000000000     
   0.0000000000000000     
   0.0000000000000000     
   0.0000000000000000     
   0.0000000000000000     
   0.0000000000000000     
   0.0000000000000000     
   0.0000000000000000     
   0.0000000000000000     
   0.0000000000000000     
   0.0000000000000000     
   0.0000000000000000     
   0.0000000000000000     
   0.0000000000000000     
   0.0000000000000000     
   0.0000000000000000     
   0.0000000000000000     
   0.0000000000000000     
   0.0000000000000000     
   0.0000000000000000     
   0.0000000000000000     
   0.0000000000000000     
   0.0000000000000000     
   0.0000000000000000     
   0.0000000000000000     
   0.0000000000000000     
   0.0000000000000000     
   0.0000000000000000     
   0.0000000000000000     
   0.0000000000000000     
   0.0000000000000000     
   0.0000000000000000     
 0.90659851067863E-17
 0.99171161199459E-17
 0.92647686711916E-17
 0.78955632296846E-17
 0.62381410589758E-17
 0.47883246475766E-17
 0.36113906973890E-17
 0.29418887549555E-17
 0.20970194597058E-17
 0.15329183745929E-17
 0.10913203748412E-17
 0.81933661069984E-18
 0.66580131182272E-18
 0.50822157943621E-18
 0.36510392835780E-18
 0.24267087197305E-18
 0.17128344388928E-18
 0.12252240704346E-18
 0.82901007438723E-19
 0.39579717310199E-19
   0.0000000000000000     
   0.0000000000000000     
   0.0000000000000000     
   0.0000000000000000     
   0.0000000000000000     
   0.0000000000000000     
   0.0000000000000000     
   0.0000000000000000     
   0.0000000000000000     
   0.0000000000000000     
   0.0000000000000000     
   0.0000000000000000     
   0.0000000000000000     
   0.0000000000000000     
   0.0000000000000000     
   0.0000000000000000     
   0.0000000000000000     
   0.0000000000000000     
   0.0000000000000000     
   0.0000000000000000     
   0.0000000000000000     
   0.0000000000000000     
   0.0000000000000000     
   0.0000000000000000     
   0.0000000000000000     
   0.0000000000000000     
   0.0000000000000000     
   0.0000000000000000     
   0.0000000000000000     
   0.0000000000000000     
   0.0000000000000000     
   0.0000000000000000     
   0.0000000000000000     
   0.0000000000000000     
   0.0000000000000000     
   0.0000000000000000     
   0.0000000000000000     
   0.0000000000000000     
   0.0000000000000000     
   0.0000000000000000     
   0.0000000000000000     
   0.0000000000000000     
   0.0000000000000000     
   0.0000000000000000     
   0.0000000000000000     
   0.0000000000000000     
   0.0000000000000000     
   0.0000000000000000     
   0.0000000000000000     
   0.0000000000000000     
   0.0000000000000000     
   0.0000000000000000     
   0.0000000000000000     
   0.0000000000000000     
   0.0000000000000000     
   0.0000000000000000     
   0.0000000000000000     
   0.0000000000000000     
   0.0000000000000000     
   0.0000000000000000     
   0.0000000000000000     
   0.0000000000000000     
   0.0000000000000000     
   0.0000000000000000     
   0.0000000000000000     
   0.0000000000000000     
   0.0000000000000000     
   0.0000000000000000     
   0.0000000000000000     
   0.0000000000000000     
   0.0000000000000000     
   0.0000000000000000     
   0.0000000000000000     
   0.0000000000000000     
   0.0000000000000000     
   0.0000000000000000     
   0.0000000000000000     
   0.0000000000000000     
   0.0000000000000000     
   0.0000000000000000     
   0.0000000000000000     
   0.0000000000000000     
   0.0000000000000000     
   0.0000000000000000     
   0.0000000000000000     
   0.0000000000000000     
   0.0000000000000000     
   0.0000000000000000     
   0.0000000000000000     
   0.0000000000000000     
   0.0000000000000000     
   0.0000000000000000     
   0.0000000000000000     
   0.0000000000000000     
   0.0000000000000000     
   0.0000000000000000     
   0.0000000000000000     
   0.0000000000000000     
   0.0000000000000000     
   0.0000000000000000     
   0.0000000000000000     
   0.0000000000000000     
   0.0000000000000000     
   0.0000000000000000     
   0.0000000000000000     
   0.0000000000000000     
   0.0000000000000000     
   0.0000000000000000     
   0.0000000000000000     
   0.0000000000000000     
   0.0000000000000000     
   0.0000000000000000     
   0.0000000000000000     
   0.0000000000000000     
   0.0000000000000000     
   0.0000000000000000     
   0.0000000000000000     
   0.0000000000000000     
   0.0000000000000000     
   0.0000000000000000     
   0.0000000000000000     
   0.0000000000000000     
   0.0000000000000000     
   0.0000000000000000     
   0.0000000000000000     
   0.0000000000000000     
   0.0000000000000000     
   0.0000000000000000     
 0.21636567539697E-17
 0.18470216541238E-16
 0.23143182355140E-16
 0.20085178258981E-16
 0.18027287471676E-16
 0.13915925087013E-16
 0.11032842006473E-16
 0.85754742114376E-17
 0.70192990212157E-17
 0.54515884958952E-17
 0.42073201775696E-17
 0.30946971692561E-17
 0.23452587049130E-17
 0.18801534482440E-17
 0.14280937989102E-17
 0.11348442494819E-17
 0.79913816340599E-18
 0.64977088387372E-18
 0.52693399414576E-18
 0.40282185695755E-18
 0.28540560764037E-18
 0.18285216671661E-18
 0.13633816525350E-18
 0.10600665502664E-18
 0.62615516631259E-19
 0.26006587156567E-19
   0.0000000000000000     
   0.0000000000000000     
   0.0000000000000000     
   0.0000000000000000     
   0.0000000000000000     
   0.0000000000000000     
   0.0000000000000000     
   0.0000000000000000     
   0.0000000000000000     
   0.0000000000000000     
   0.0000000000000000     
   0.0000000000000000     
   0.0000000000000000     
   0.0000000000000000     
   0.0000000000000000     
   0.0000000000000000     
   0.0000000000000000     
   0.0000000000000000     
   0.0000000000000000     
   0.0000000000000000     
   0.0000000000000000     
   0.0000000000000000     
   0.0000000000000000     
   0.0000000000000000     
   0.0000000000000000     
   0.0000000000000000     
   0.0000000000000000     
   0.0000000000000000     
   0.0000000000000000     
   0.0000000000000000     
   0.0000000000000000     
   0.0000000000000000     
   0.0000000000000000     
   0.0000000000000000     
   0.0000000000000000     
   0.0000000000000000     
   0.0000000000000000     
   0.0000000000000000     
   0.0000000000000000     
   0.0000000000000000     
   0.0000000000000000     
   0.0000000000000000     
   0.0000000000000000     
   0.0000000000000000     
   0.0000000000000000     
   0.0000000000000000     
   0.0000000000000000     
   0.0000000000000000     
   0.0000000000000000     
   0.0000000000000000     
   0.0000000000000000     
   0.0000000000000000     
   0.0000000000000000     
   0.0000000000000000     
   0.0000000000000000     
   0.0000000000000000     
   0.0000000000000000     
   0.0000000000000000     
   0.0000000000000000     
   0.0000000000000000     
   0.0000000000000000     
   0.0000000000000000     
   0.0000000000000000     
   0.0000000000000000     
   0.0000000000000000     
   0.0000000000000000     
   0.0000000000000000     
   0.0000000000000000     
   0.0000000000000000     
   0.0000000000000000     
   0.0000000000000000     
   0.0000000000000000     
   0.0000000000000000     
   0.0000000000000000     
   0.0000000000000000     
   0.0000000000000000     
   0.0000000000000000     
   0.0000000000000000     
   0.0000000000000000     
   0.0000000000000000     
   0.0000000000000000     
   0.0000000000000000     
   0.0000000000000000     
   0.0000000000000000     
   0.0000000000000000     
   0.0000000000000000     
   0.0000000000000000     
   0.0000000000000000     
   0.0000000000000000     
   0.0000000000000000     
   0.0000000000000000     
   0.0000000000000000     
   0.0000000000000000     
   0.0000000000000000     
   0.0000000000000000     
   0.0000000000000000     
   0.0000000000000000     
   0.0000000000000000     
   0.0000000000000000     
   0.0000000000000000     
   0.0000000000000000     
   0.0000000000000000     
   0.0000000000000000     
   0.0000000000000000     
   0.0000000000000000     
   0.0000000000000000     
   0.0000000000000000     
   0.0000000000000000     
   0.0000000000000000     
   0.0000000000000000     
   0.0000000000000000     
   0.0000000000000000     
   0.0000000000000000     
   0.0000000000000000     
   0.0000000000000000     
   0.0000000000000000     
   0.0000000000000000     
   0.0000000000000000     
   0.0000000000000000     
   0.0000000000000000     
   0.0000000000000000     
   0.0000000000000000     
   0.0000000000000000     
 0.16183974670147E-16
 0.37191205212438E-16
 0.51126602250114E-16
 0.43149755737844E-16
 0.39463645522265E-16
 0.29601580516649E-16
 0.24412364639963E-16
 0.19888784445299E-16
 0.16344818852453E-16
 0.12699156419175E-16
 0.98920280849603E-17
 0.76706520155557E-17
 0.58999679107045E-17
 0.46887447330774E-17
 0.37805147648369E-17
 0.28066536645938E-17
 0.20941686641845E-17
 0.17808512004051E-17
 0.14472856118478E-17
 0.11640733658873E-17
 0.88467891391271E-18
 0.64497133748114E-18
 0.54049924437112E-18
 0.41515427291143E-18
 0.31990412423420E-18
 0.23767265235911E-18
 0.15756760921556E-18
 0.11729004874092E-18
 0.90565748556285E-19
 0.51212172431969E-19
 0.14490126251053E-19
   0.0000000000000000     
   0.0000000000000000     
   0.0000000000000000     
   0.0000000000000000     
   0.0000000000000000     
   0.0000000000000000     
   0.0000000000000000     
   0.0000000000000000     
   0.0000000000000000     
   0.0000000000000000     
   0.0000000000000000     
   0.0000000000000000     
   0.0000000000000000     
   0.0000000000000000     
   0.0000000000000000     
   0.0000000000000000     
   0.0000000000000000     
   0.0000000000000000     
   0.0000000000000000     
   0.0000000000000000     
   0.0000000000000000     
   0.0000000000000000     
   0.0000000000000000     
   0.0000000000000000     
   0.0000000000000000     
   0.0000000000000000     
   0.0000000000000000     
   0.0000000000000000     
   0.0000000000000000     
   0.0000000000000000     
   0.0000000000000000     
   0.0000000000000000     
   0.0000000000000000     
   0.0000000000000000     
   0.0000000000000000     
   0.0000000000000000     
   0.0000000000000000     
   0.0000000000000000     
   0.0000000000000000     
   0.0000000000000000     
   0.0000000000000000     
   0.0000000000000000     
   0.0000000000000000     
   0.0000000000000000     
   0.0000000000000000     
   0.0000000000000000     
   0.0000000000000000     
   0.0000000000000000     
   0.0000000000000000     
   0.0000000000000000     
   0.0000000000000000     
   0.0000000000000000     
   0.0000000000000000     
   0.0000000000000000     
   0.0000000000000000     
   0.0000000000000000     
   0.0000000000000000     
   0.0000000000000000     
   0.0000000000000000     
   0.0000000000000000     
   0.0000000000000000     
   0.0000000000000000     
   0.0000000000000000     
   0.0000000000000000     
   0.0000000000000000     
   0.0000000000000000     
   0.0000000000000000     
   0.0000000000000000     
   0.0000000000000000     
   0.0000000000000000     
   0.0000000000000000     
   0.0000000000000000     
   0.0000000000000000     
   0.0000000000000000     
   0.0000000000000000     
   0.0000000000000000     
   0.0000000000000000     
   0.0000000000000000     
   0.0000000000000000     
   0.0000000000000000     
   0.0000000000000000     
   0.0000000000000000     
   0.0000000000000000     
   0.0000000000000000     
   0.0000000000000000     
   0.0000000000000000     
   0.0000000000000000     
   0.0000000000000000     
   0.0000000000000000     
   0.0000000000000000     
   0.0000000000000000     
   0.0000000000000000     
   0.0000000000000000     
   0.0000000000000000     
   0.0000000000000000     
   0.0000000000000000     
   0.0000000000000000     
   0.0000000000000000     
   0.0000000000000000     
   0.0000000000000000     
   0.0000000000000000     
   0.0000000000000000     
   0.0000000000000000     
   0.0000000000000000     
   0.0000000000000000     
   0.0000000000000000     
   0.0000000000000000     
   0.0000000000000000     
   0.0000000000000000     
   0.0000000000000000     
   0.0000000000000000     
   0.0000000000000000     
   0.0000000000000000     
   0.0000000000000000     
   0.0000000000000000     
   0.0000000000000000     
   0.0000000000000000     
   0.0000000000000000     
 0.31093760011407E-16
 0.80685844220613E-16
 0.11030064093809E-15
 0.89426656683700E-16
 0.83224300383692E-16
 0.62491685721669E-16
 0.54140144963547E-16
 0.42699038448004E-16
 0.36243213059978E-16
 0.28534104724593E-16
 0.22543472732448E-16
 0.17459600376788E-16
 0.14087619343228E-16
 0.11465791753566E-16
 0.90553440920004E-17
 0.69554943186808E-17
 0.54705317048118E-17
 0.43831288835622E-17
 0.36228249177230E-17
 0.29573254051533E-17
 0.22512500669916E-17
 0.17308221420728E-17
 0.14410450401422E-17
 0.12506121456075E-17
 0.96067054578770E-18
 0.70181945088426E-18
 0.54578574493078E-18
 0.46513007124511E-18
 0.36632989953983E-18
 0.28552554588087E-18
 0.19342159629909E-18
 0.13867060046763E-18
 0.10534193809151E-18
 0.70197057042137E-19
 0.38953065731538E-19
 0.52377554860579E-20
   0.0000000000000000     
   0.0000000000000000     
   0.0000000000000000     
   0.0000000000000000     
   0.0000000000000000     
   0.0000000000000000     
   0.0000000000000000     
   0.0000000000000000     
   0.0000000000000000     
   0.0000000000000000     
   0.0000000000000000     
   0.0000000000000000     
   0.0000000000000000     
   0.0000000000000000     
   0.0000000000000000     
   0.0000000000000000     
   0.0000000000000000     
   0.0000000000000000     
   0.0000000000000000     
   0.0000000000000000     
   0.0000000000000000     
   0.0000000000000000     
   0.0000000000000000     
   0.0000000000000000     
   0.0000000000000000     
   0.0000000000000000     
   0.0000000000000000     
   0.0000000000000000     
   0.0000000000000000     
   0.0000000000000000     
   0.0000000000000000     
   0.0000000000000000     
   0.0000000000000000     
   0.0000000000000000     
   0.0000000000000000     
   0.0000000000000000     
   0.0000000000000000     
   0.0000000000000000     
   0.0000000000000000     
   0.0000000000000000     
   0.0000000000000000     
   0.0000000000000000     
   0.0000000000000000     
   0.0000000000000000     
   0.0000000000000000     
   0.0000000000000000     
   0.0000000000000000     
   0.0000000000000000     
   0.0000000000000000     
   0.0000000000000000     
   0.0000000000000000     
   0.0000000000000000     
   0.0000000000000000     
   0.0000000000000000     
   0.0000000000000000     
   0.0000000000000000     
   0.0000000000000000     
   0.0000000000000000     
   0.0000000000000000     
   0.0000000000000000     
   0.0000000000000000     
   0.0000000000000000     
   0.0000000000000000     
   0.0000000000000000     
   0.0000000000000000     
   0.0000000000000000     
   0.0000000000000000     
   0.0000000000000000     
   0.0000000000000000     
   0.0000000000000000     
   0.0000000000000000     
   0.0000000000000000     
   0.0000000000000000     
   0.0000000000000000     
   0.0000000000000000     
   0.0000000000000000     
   0.0000000000000000     
   0.0000000000000000     
   0.0000000000000000     
   0.0000000000000000     
   0.0000000000000000     
   0.0000000000000000     
   0.0000000000000000     
   0.0000000000000000     
   0.0000000000000000     
   0.0000000000000000     
   0.0000000000000000     
   0.0000000000000000     
   0.0000000000000000     
   0.0000000000000000     
   0.0000000000000000     
   0.0000000000000000     
   0.0000000000000000     
   0.0000000000000000     
   0.0000000000000000     
   0.0000000000000000     
   0.0000000000000000     
   0.0000000000000000     
   0.0000000000000000     
   0.0000000000000000     
   0.0000000000000000     
   0.0000000000000000     
   0.0000000000000000     
   0.0000000000000000     
   0.0000000000000000     
   0.0000000000000000     
   0.0000000000000000     
   0.0000000000000000     
   0.0000000000000000     
   0.0000000000000000     
   0.0000000000000000     
   0.0000000000000000     
   0.0000000000000000     
 0.88524001377626E-17
 0.15138843276253E-15
 0.20994504282965E-15
 0.16853927325331E-15
 0.16944701909845E-15
 0.12636976202883E-15
 0.11325988581720E-15
 0.89868961523291E-16
 0.76504865667830E-16
 0.60605765009738E-16
 0.49282936152356E-16
 0.38429047945949E-16
 0.31215637197416E-16
 0.25219872760517E-16
 0.20320199978473E-16
 0.16455789056724E-16
 0.12799415297373E-16
 0.10276154801077E-16
 0.85446205841644E-17
 0.69776061037777E-17
 0.54084186476495E-17
 0.42747021682814E-17
 0.35255452902717E-17
 0.29854754395076E-17
 0.24590246163862E-17
 0.19416534088284E-17
 0.14882386426269E-17
 0.12513031392712E-17
 0.10657413455414E-17
 0.83673366207074E-18
 0.62474236914871E-18
 0.48635634857583E-18
 0.41501428931869E-18
 0.32966036920386E-18
 0.24642901369854E-18
 0.16078415689713E-18
 0.11844935426930E-18
 0.90970673969210E-19
 0.63967652935680E-19
 0.30664069836275E-19
   0.0000000000000000     
   0.0000000000000000     
   0.0000000000000000     
   0.0000000000000000     
   0.0000000000000000     
   0.0000000000000000     
   0.0000000000000000     
   0.0000000000000000     
   0.0000000000000000     
   0.0000000000000000     
   0.0000000000000000     
   0.0000000000000000     
   0.0000000000000000     
   0.0000000000000000     
   0.0000000000000000     
   0.0000000000000000     
   0.0000000000000000     
   0.0000000000000000     
   0.0000000000000000     
   0.0000000000000000     
   0.0000000000000000     
   0.0000000000000000     
   0.0000000000000000     
   0.0000000000000000     
   0.0000000000000000     
   0.0000000000000000     
   0.0000000000000000     
   0.0000000000000000     
   0.0000000000000000     
   0.0000000000000000     
   0.0000000000000000     
   0.0000000000000000     
   0.0000000000000000     
   0.0000000000000000     
   0.0000000000000000     
   0.0000000000000000     
   0.0000000000000000     
   0.0000000000000000     
   0.0000000000000000     
   0.0000000000000000     
   0.0000000000000000     
   0.0000000000000000     
   0.0000000000000000     
   0.0000000000000000     
   0.0000000000000000     
   0.0000000000000000     
   0.0000000000000000     
   0.0000000000000000     
   0.0000000000000000     
   0.0000000000000000     
   0.0000000000000000     
   0.0000000000000000     
   0.0000000000000000     
   0.0000000000000000     
   0.0000000000000000     
   0.0000000000000000     
   0.0000000000000000     
   0.0000000000000000     
   0.0000000000000000     
   0.0000000000000000     
   0.0000000000000000     
   0.0000000000000000     
   0.0000000000000000     
   0.0000000000000000     
   0.0000000000000000     
   0.0000000000000000     
   0.0000000000000000     
   0.0000000000000000     
   0.0000000000000000     
   0.0000000000000000     
   0.0000000000000000     
   0.0000000000000000     
   0.0000000000000000     
   0.0000000000000000     
   0.0000000000000000     
   0.0000000000000000     
   0.0000000000000000     
   0.0000000000000000     
   0.0000000000000000     
   0.0000000000000000     
   0.0000000000000000     
   0.0000000000000000     
   0.0000000000000000     
   0.0000000000000000     
   0.0000000000000000     
   0.0000000000000000     
   0.0000000000000000     
   0.0000000000000000     
   0.0000000000000000     
   0.0000000000000000     
   0.0000000000000000     
   0.0000000000000000     
   0.0000000000000000     
   0.0000000000000000     
   0.0000000000000000     
   0.0000000000000000     
   0.0000000000000000     
   0.0000000000000000     
   0.0000000000000000     
   0.0000000000000000     
   0.0000000000000000     
   0.0000000000000000     
   0.0000000000000000     
   0.0000000000000000     
   0.0000000000000000     
   0.0000000000000000     
   0.0000000000000000     
   0.0000000000000000     
   0.0000000000000000     
   0.0000000000000000     
 0.27566127428034E-15
 0.38266418720570E-15
 0.30513027769581E-15
 0.30350436312936E-15
 0.23980837875932E-15
 0.23039704506698E-15
 0.18308458782941E-15
 0.15544522833097E-15
 0.12228868246062E-15
 0.10290020352189E-15
 0.81716511173264E-16
 0.68750447087651E-16
 0.55046142599543E-16
 0.43237632594021E-16
 0.35241697387844E-16
 0.28843172298092E-16
 0.23948329502210E-16
 0.19677577297558E-16
 0.15498416903452E-16
 0.12731092951976E-16
 0.10127590221074E-16
 0.86756219460159E-17
 0.72513419543885E-17
 0.56501608124039E-17
 0.44184154226280E-17
 0.39163287587723E-17
 0.32119441252199E-17
 0.25874761384821E-17
 0.20997930426330E-17
 0.16183621044245E-17
 0.14173473948368E-17
 0.11111115350987E-17
 0.92837552083501E-18
 0.74498987756627E-18
 0.54694303443435E-18
 0.44822869874716E-18
 0.36154769983829E-18
 0.29488466255601E-18
 0.22089481074338E-18
 0.14925470680357E-18
 0.11287974323247E-18
 0.82381469216667E-19
 0.49962647702460E-19
 0.19779711082631E-19
   0.0000000000000000     
   0.0000000000000000     
   0.0000000000000000     
   0.0000000000000000     
   0.0000000000000000     
   0.0000000000000000     
   0.0000000000000000     
   0.0000000000000000     
   0.0000000000000000     
   0.0000000000000000     
   0.0000000000000000     
   0.0000000000000000     
   0.0000000000000000     
   0.0000000000000000     
   0.0000000000000000     
   0.0000000000000000     
   0.0000000000000000     
   0.0000000000000000     
   0.0000000000000000     
   0.0000000000000000     
   0.0000000000000000     
   0.0000000000000000     
   0.0000000000000000     
   0.0000000000000000     
   0.0000000000000000     
   0.0000000000000000     
   0.0000000000000000     
   0.0000000000000000     
   0.0000000000000000     
   0.0000000000000000     
   0.0000000000000000     
   0.0000000000000000     
   0.0000000000000000     
   0.0000000000000000     
   0.0000000000000000     
   0.0000000000000000     
   0.0000000000000000     
   0.0000000000000000     
   0.0000000000000000     
   0.0000000000000000     
   0.0000000000000000     
   0.0000000000000000     
   0.0000000000000000     
   0.0000000000000000     
   0.0000000000000000     
   0.0000000000000000     
   0.0000000000000000     
   0.0000000000000000     
   0.0000000000000000     
   0.0000000000000000     
   0.0000000000000000     
   0.0000000000000000     
   0.0000000000000000     
   0.0000000000000000     
   0.0000000000000000     
   0.0000000000000000     
   0.0000000000000000     
   0.0000000000000000     
   0.0000000000000000     
   0.0000000000000000     
   0.0000000000000000     
   0.0000000000000000     
   0.0000000000000000     
   0.0000000000000000     
   0.0000000000000000     
   0.0000000000000000     
   0.0000000000000000     
   0.0000000000000000     
   0.0000000000000000     
   0.0000000000000000     
   0.0000000000000000     
   0.0000000000000000     
   0.0000000000000000     
   0.0000000000000000     
   0.0000000000000000     
   0.0000000000000000     
   0.0000000000000000     
   0.0000000000000000     
   0.0000000000000000     
   0.0000000000000000     
   0.0000000000000000     
   0.0000000000000000     
   0.0000000000000000     
   0.0000000000000000     
   0.0000000000000000     
   0.0000000000000000     
   0.0000000000000000     
   0.0000000000000000     
   0.0000000000000000     
   0.0000000000000000     
   0.0000000000000000     
   0.0000000000000000     
   0.0000000000000000     
   0.0000000000000000     
   0.0000000000000000     
   0.0000000000000000     
   0.0000000000000000     
   0.0000000000000000     
   0.0000000000000000     
   0.0000000000000000     
   0.0000000000000000     
   0.0000000000000000     
   0.0000000000000000     
   0.0000000000000000     
   0.0000000000000000     
 0.42059463096522E-15
 0.52736703600744E-15
 0.49608161297205E-15
 0.52579758363906E-15
 0.43082476468883E-15
 0.41458000159714E-15
 0.33776930002481E-15
 0.29870217411822E-15
 0.24289991792261E-15
 0.20255880796719E-15
 0.16602485928632E-15
 0.13948244339141E-15
 0.11304634321592E-15
 0.92360779970189E-16
 0.74882280154942E-16
 0.62187405921512E-16
 0.52504191949182E-16
 0.42952004487525E-16
 0.34730262972599E-16
 0.27999858272363E-16
 0.23089758219670E-16
 0.19686463748275E-16
 0.15593415945206E-16
 0.13123823069237E-16
 0.10055418262016E-16
 0.86321088107739E-17
 0.75855850703439E-17
 0.63064991061014E-17
 0.48652471376745E-17
 0.37938397048623E-17
 0.33352015379420E-17
 0.28131047784195E-17
 0.23823091789692E-17
 0.18545647369753E-17
 0.14676668593515E-17
 0.12672201987882E-17
 0.10575242634716E-17
 0.85556223494558E-18
 0.65631442359681E-18
 0.49731135972017E-18
 0.41596901568854E-18
 0.31501376839977E-18
 0.26252398263114E-18
 0.18585467851413E-18
 0.13145350822375E-18
 0.10085889892919E-18
 0.68880090132858E-19
 0.41427278056608E-19
 0.10257371835489E-19
   0.0000000000000000     
   0.0000000000000000     
   0.0000000000000000     
   0.0000000000000000     
   0.0000000000000000     
   0.0000000000000000     
   0.0000000000000000     
   0.0000000000000000     
   0.0000000000000000     
   0.0000000000000000     
   0.0000000000000000     
   0.0000000000000000     
   0.0000000000000000     
   0.0000000000000000     
   0.0000000000000000     
   0.0000000000000000     
   0.0000000000000000     
   0.0000000000000000     
   0.0000000000000000     
   0.0000000000000000     
   0.0000000000000000     
   0.0000000000000000     
   0.0000000000000000     
   0.0000000000000000     
   0.0000000000000000     
   0.0000000000000000     
   0.0000000000000000     
   0.0000000000000000     
   0.0000000000000000     
   0.0000000000000000     
   0.0000000000000000     
   0.0000000000000000     
   0.0000000000000000     
   0.0000000000000000     
   0.0000000000000000     
   0.0000000000000000     
   0.0000000000000000     
   0.0000000000000000     
   0.0000000000000000     
   0.0000000000000000     
   0.0000000000000000     
   0.0000000000000000     
   0.0000000000000000     
   0.0000000000000000     
   0.0000000000000000     
   0.0000000000000000     
   0.0000000000000000     
   0.0000000000000000     
   0.0000000000000000     
   0.0000000000000000     
   0.0000000000000000     
   0.0000000000000000     
   0.0000000000000000     
   0.0000000000000000     
   0.0000000000000000     
   0.0000000000000000     
   0.0000000000000000     
   0.0000000000000000     
   0.0000000000000000     
   0.0000000000000000     
   0.0000000000000000     
   0.0000000000000000     
   0.0000000000000000     
   0.0000000000000000     
   0.0000000000000000     
   0.0000000000000000     
   0.0000000000000000     
   0.0000000000000000     
   0.0000000000000000     
   0.0000000000000000     
   0.0000000000000000     
   0.0000000000000000     
   0.0000000000000000     
   0.0000000000000000     
   0.0000000000000000     
   0.0000000000000000     
   0.0000000000000000     
   0.0000000000000000     
   0.0000000000000000     
   0.0000000000000000     
   0.0000000000000000     
   0.0000000000000000     
   0.0000000000000000     
   0.0000000000000000     
   0.0000000000000000     
   0.0000000000000000     
   0.0000000000000000     
   0.0000000000000000     
   0.0000000000000000     
   0.0000000000000000     
   0.0000000000000000     
   0.0000000000000000     
   0.0000000000000000     
   0.0000000000000000     
   0.0000000000000000     
   0.0000000000000000     
   0.0000000000000000     
   0.0000000000000000     
   0.0000000000000000     
   0.0000000000000000     
 0.50792488856441E-15
 0.63122698070552E-15
 0.71165890398452E-15
 0.77079289565834E-15
 0.69855627814122E-15
 0.69508986779967E-15
 0.57533991087677E-15
 0.51576496786414E-15
 0.43833242987148E-15
 0.38410670585185E-15
 0.32106185543793E-15
 0.27223611056034E-15
 0.22106704596170E-15
 0.18350875366303E-15
 0.15062464423884E-15
 0.12787535593081E-15
 0.10645998970590E-15
 0.89669679585969E-16
 0.73620862591908E-16
 0.60097748201470E-16
 0.50166615900265E-16
 0.41987652554774E-16
 0.34946612355142E-16
 0.27510864747754E-16
 0.22805407653028E-16
 0.19792424581172E-16
 0.16419989272199E-16
 0.13839215753309E-16
 0.11056378026641E-16
 0.89481466580971E-17
 0.79134802513910E-17
 0.66508559360147E-17
 0.56037776981374E-17
 0.43639757794059E-17
 0.35095949042585E-17
 0.30202637099455E-17
 0.25598263775614E-17
 0.21462866970052E-17
 0.16702808255652E-17
 0.12849719685139E-17
 0.11128612512900E-17
 0.95704434545980E-18
 0.76860783947656E-18
 0.58756428894376E-18
 0.44968259870845E-18
 0.37476680880478E-18
 0.30190841857366E-18
 0.23235888737821E-18
 0.15778436894600E-18
 0.11333069296149E-18
 0.89574537813958E-19
 0.61515092476796E-19
 0.33653950116746E-19
 0.30673170542846E-20
   0.0000000000000000     
   0.0000000000000000     
   0.0000000000000000     
   0.0000000000000000     
   0.0000000000000000     
   0.0000000000000000     
   0.0000000000000000     
   0.0000000000000000     
   0.0000000000000000     
   0.0000000000000000     
   0.0000000000000000     
   0.0000000000000000     
   0.0000000000000000     
   0.0000000000000000     
   0.0000000000000000     
   0.0000000000000000     
   0.0000000000000000     
   0.0000000000000000     
   0.0000000000000000     
   0.0000000000000000     
   0.0000000000000000     
   0.0000000000000000     
   0.0000000000000000     
   0.0000000000000000     
   0.0000000000000000     
   0.0000000000000000     
   0.0000000000000000     
   0.0000000000000000     
   0.0000000000000000     
   0.0000000000000000     
   0.0000000000000000     
   0.0000000000000000     
   0.0000000000000000     
   0.0000000000000000     
   0.0000000000000000     
   0.0000000000000000     
   0.0000000000000000     
   0.0000000000000000     
   0.0000000000000000     
   0.0000000000000000     
   0.0000000000000000     
   0.0000000000000000     
   0.0000000000000000     
   0.0000000000000000     
   0.0000000000000000     
   0.0000000000000000     
   0.0000000000000000     
   0.0000000000000000     
   0.0000000000000000     
   0.0000000000000000     
   0.0000000000000000     
   0.0000000000000000     
   0.0000000000000000     
   0.0000000000000000     
   0.0000000000000000     
   0.0000000000000000     
   0.0000000000000000     
   0.0000000000000000     
   0.0000000000000000     
   0.0000000000000000     
   0.0000000000000000     
   0.0000000000000000     
   0.0000000000000000     
   0.0000000000000000     
   0.0000000000000000     
   0.0000000000000000     
   0.0000000000000000     
   0.0000000000000000     
   0.0000000000000000     
   0.0000000000000000     
   0.0000000000000000     
   0.0000000000000000     
   0.0000000000000000     
   0.0000000000000000     
   0.0000000000000000     
   0.0000000000000000     
   0.0000000000000000     
   0.0000000000000000     
   0.0000000000000000     
   0.0000000000000000     
   0.0000000000000000     
   0.0000000000000000     
   0.0000000000000000     
   0.0000000000000000     
   0.0000000000000000     
   0.0000000000000000     
   0.0000000000000000     
   0.0000000000000000     
   0.0000000000000000     
   0.0000000000000000     
   0.0000000000000000     
   0.0000000000000000     
   0.0000000000000000     
   0.0000000000000000     
   0.0000000000000000     
 0.39800603209882E-15
 0.65321205905973E-15
 0.81486834194118E-15
 0.88255832101826E-15
 0.91299835621879E-15
 0.96049067218094E-15
 0.85667158694536E-15
 0.82002359260220E-15
 0.71400334148732E-15
 0.64411083582613E-15
 0.55767714174211E-15
 0.48897984887255E-15
 0.40921451211374E-15
 0.35233288231290E-15
 0.29272583957611E-15
 0.24780324339298E-15
 0.20831415308523E-15
 0.17265405011472E-15
 0.14614336393062E-15
 0.12452411423993E-15
 0.10533426164379E-15
 0.87336418079299E-16
 0.71263329730139E-16
 0.60131962504720E-16
 0.50786731245556E-16
 0.41947519403360E-16
 0.36628493415436E-16
 0.29552095951819E-16
 0.23307971111810E-16
 0.19664631729918E-16
 0.17902774352990E-16
 0.15018150787929E-16
 0.12384379657488E-16
 0.99183889203894E-17
 0.80460270808748E-17
 0.73141469262989E-17
 0.61149024881019E-17
 0.49423375618040E-17
 0.38472845301277E-17
 0.32289050562146E-17
 0.28498038484332E-17
 0.23503457251687E-17
 0.19413862025848E-17
 0.15465578361698E-17
 0.12321367050299E-17
 0.10454571568673E-17
 0.86373143263996E-18
 0.68377729513781E-18
 0.50859809964442E-18
 0.40743293614232E-18
 0.34622224508310E-18
 0.27442478710499E-18
 0.20095940190420E-18
 0.14529738579186E-18
 0.11301437504881E-18
 0.75798071106509E-19
 0.53217249807690E-19
 0.24456576897226E-19
   0.0000000000000000     
   0.0000000000000000     
   0.0000000000000000     
   0.0000000000000000     
   0.0000000000000000     
   0.0000000000000000     
   0.0000000000000000     
   0.0000000000000000     
   0.0000000000000000     
   0.0000000000000000     
   0.0000000000000000     
   0.0000000000000000     
   0.0000000000000000     
   0.0000000000000000     
   0.0000000000000000     
   0.0000000000000000     
   0.0000000000000000     
   0.0000000000000000     
   0.0000000000000000     
   0.0000000000000000     
   0.0000000000000000     
   0.0000000000000000     
   0.0000000000000000     
   0.0000000000000000     
   0.0000000000000000     
   0.0000000000000000     
   0.0000000000000000     
   0.0000000000000000     
   0.0000000000000000     
   0.0000000000000000     
   0.0000000000000000     
   0.0000000000000000     
   0.0000000000000000     
   0.0000000000000000     
   0.0000000000000000     
   0.0000000000000000     
   0.0000000000000000     
   0.0000000000000000     
   0.0000000000000000     
   0.0000000000000000     
   0.0000000000000000     
   0.0000000000000000     
   0.0000000000000000     
   0.0000000000000000     
   0.0000000000000000     
   0.0000000000000000     
   0.0000000000000000     
   0.0000000000000000     
   0.0000000000000000     
   0.0000000000000000     
   0.0000000000000000     
   0.0000000000000000     
   0.0000000000000000     
   0.0000000000000000     
   0.0000000000000000     
   0.0000000000000000     
   0.0000000000000000     
   0.0000000000000000     
   0.0000000000000000     
   0.0000000000000000     
   0.0000000000000000     
   0.0000000000000000     
   0.0000000000000000     
   0.0000000000000000     
   0.0000000000000000     
   0.0000000000000000     
   0.0000000000000000     
   0.0000000000000000     
   0.0000000000000000     
   0.0000000000000000     
   0.0000000000000000     
   0.0000000000000000     
   0.0000000000000000     
   0.0000000000000000     
   0.0000000000000000     
   0.0000000000000000     
   0.0000000000000000     
   0.0000000000000000     
   0.0000000000000000     
   0.0000000000000000     
   0.0000000000000000     
   0.0000000000000000     
   0.0000000000000000     
   0.0000000000000000     
   0.0000000000000000     
   0.0000000000000000     
   0.0000000000000000     
   0.0000000000000000     
   0.0000000000000000     
   0.0000000000000000     
   0.0000000000000000     
 0.17801064308173E-15
 0.51916529699070E-15
 0.63786621423722E-15
 0.75662777513655E-15
 0.88562115322089E-15
 0.10011083395879E-14
 0.10347596691223E-14
 0.10586728500467E-14
 0.10040410714536E-14
 0.95297711712664E-15
 0.84271005597010E-15
 0.76849701953104E-15
 0.67556060773536E-15
 0.60423064562944E-15
 0.52353549705548E-15
 0.45187989797608E-15
 0.38247851853473E-15
 0.32183688153167E-15
 0.27184574306324E-15
 0.23098469398915E-15
 0.20108919777446E-15
 0.17426806260962E-15
 0.14517261345246E-15
 0.11871880636766E-15
 0.10118341553682E-15
 0.87872415973882E-16
 0.73732039716398E-16
 0.60776172088098E-16
 0.50743387259380E-16
 0.43445104935795E-16
 0.37461614595223E-16
 0.31837444591142E-16
 0.26878234104684E-16
 0.21182438693750E-16
 0.18549211905927E-16
 0.15539730231729E-16
 0.13544419583183E-16
 0.11341130300576E-16
 0.87955469156722E-17
 0.73122292718306E-17
 0.65729113633592E-17
 0.57144066585035E-17
 0.45095045137541E-17
 0.35093497010535E-17
 0.30090691509839E-17
 0.26574530288706E-17
 0.21288286544181E-17
 0.17509058051413E-17
 0.13219392232549E-17
 0.11174385637276E-17
 0.94492420250730E-18
 0.79910490271079E-18
 0.60115212544882E-18
 0.43413218054171E-18
 0.38318525642419E-18
 0.33630095258306E-18
 0.25553452479423E-18
 0.19090253908238E-18
 0.12654543040108E-18
 0.97617433289545E-19
 0.73100203247796E-19
 0.43080029795475E-19
 0.15532756607679E-19
   0.0000000000000000     
   0.0000000000000000     
   0.0000000000000000     
   0.0000000000000000     
   0.0000000000000000     
   0.0000000000000000     
   0.0000000000000000     
   0.0000000000000000     
   0.0000000000000000     
   0.0000000000000000     
   0.0000000000000000     
   0.0000000000000000     
   0.0000000000000000     
   0.0000000000000000     
   0.0000000000000000     
   0.0000000000000000     
   0.0000000000000000     
   0.0000000000000000     
   0.0000000000000000     
   0.0000000000000000     
   0.0000000000000000     
   0.0000000000000000     
   0.0000000000000000     
   0.0000000000000000     
   0.0000000000000000     
   0.0000000000000000     
   0.0000000000000000     
   0.0000000000000000     
   0.0000000000000000     
   0.0000000000000000     
   0.0000000000000000     
   0.0000000000000000     
   0.0000000000000000     
   0.0000000000000000     
   0.0000000000000000     
   0.0000000000000000     
   0.0000000000000000     
   0.0000000000000000     
   0.0000000000000000     
   0.0000000000000000     
   0.0000000000000000     
   0.0000000000000000     
   0.0000000000000000     
   0.0000000000000000     
   0.0000000000000000     
   0.0000000000000000     
   0.0000000000000000     
   0.0000000000000000     
   0.0000000000000000     
   0.0000000000000000     
   0.0000000000000000     
   0.0000000000000000     
   0.0000000000000000     
   0.0000000000000000     
   0.0000000000000000     
   0.0000000000000000     
   0.0000000000000000     
   0.0000000000000000     
   0.0000000000000000     
   0.0000000000000000     
   0.0000000000000000     
   0.0000000000000000     
   0.0000000000000000     
   0.0000000000000000     
   0.0000000000000000     
   0.0000000000000000     
   0.0000000000000000     
   0.0000000000000000     
   0.0000000000000000     
   0.0000000000000000     
   0.0000000000000000     
   0.0000000000000000     
   0.0000000000000000     
   0.0000000000000000     
   0.0000000000000000     
   0.0000000000000000     
   0.0000000000000000     
   0.0000000000000000     
   0.0000000000000000     
   0.0000000000000000     
   0.0000000000000000     
   0.0000000000000000     
   0.0000000000000000     
   0.0000000000000000     
   0.0000000000000000     
   0.0000000000000000     
 0.34817052638529E-16
 0.23663177546258E-15
 0.27473575640212E-15
 0.40965232695621E-15
 0.57993621189889E-15
 0.74205790962796E-15
 0.93000971758527E-15
 0.10112149168681E-14
 0.10563259592376E-14
 0.10974905093791E-14
 0.10801873668383E-14
 0.10467767704713E-14
 0.96101687398959E-15
 0.88727403179646E-15
 0.78963260066674E-15
 0.71849425735717E-15
 0.63110091833353E-15
 0.55656198681746E-15
 0.48344606745758E-15
 0.41691935422031E-15
 0.36108349227810E-15
 0.30474131394369E-15
 0.27125855598898E-15
 0.23772072683715E-15
 0.19931526733491E-15
 0.17202476381543E-15
 0.14336753162065E-15
 0.12178688706162E-15
 0.10379874417118E-15
 0.89946326357375E-16
 0.76684760802939E-16
 0.63928451227592E-16
 0.54070814497690E-16
 0.45372973511458E-16
 0.40160769985214E-16
 0.34197614498912E-16
 0.28989692139459E-16
 0.23424275501952E-16
 0.19446747527264E-16
 0.17105710620150E-16
 0.14617262036421E-16
 0.12243482554043E-16
 0.10121900900126E-16
 0.79821762839426E-17
 0.69433025986382E-17
 0.60914136181916E-17
 0.51136955188060E-17
 0.40163353765206E-17
 0.32163086133526E-17
 0.27333869669508E-17
 0.23229480384524E-17
 0.19225247912799E-17
 0.15799865078561E-17
 0.11961137756094E-17
 0.10010357359345E-17
 0.86827697043600E-18
 0.76504900575243E-18
 0.57443477952644E-18
 0.44134434488496E-18
 0.37217615899855E-18
 0.31333915464947E-18
 0.23674701302023E-18
 0.15679334436781E-18
 0.11486071369576E-18
 0.85104813564913E-19
 0.63336943717464E-19
 0.32430332583197E-19
 0.83329443963977E-20
   0.0000000000000000     
   0.0000000000000000     
   0.0000000000000000     
   0.0000000000000000     
   0.0000000000000000     
   0.0000000000000000     
   0.0000000000000000     
   0.0000000000000000     
   0.0000000000000000     
   0.0000000000000000     
   0.0000000000000000     
   0.0000000000000000     
   0.0000000000000000     
   0.0000000000000000     
   0.0000000000000000     
   0.0000000000000000     
   0.0000000000000000     
   0.0000000000000000     
   0.0000000000000000     
   0.0000000000000000     
   0.0000000000000000     
   0.0000000000000000     
   0.0000000000000000     
   0.0000000000000000     
   0.0000000000000000     
   0.0000000000000000     
   0.0000000000000000     
   0.0000000000000000     
   0.0000000000000000     
   0.0000000000000000     
   0.0000000000000000     
   0.0000000000000000     
   0.0000000000000000     
   0.0000000000000000     
   0.0000000000000000     
   0.0000000000000000     
   0.0000000000000000     
   0.0000000000000000     
   0.0000000000000000     
   0.0000000000000000     
   0.0000000000000000     
   0.0000000000000000     
   0.0000000000000000     
   0.0000000000000000     
   0.0000000000000000     
   0.0000000000000000     
   0.0000000000000000     
   0.0000000000000000     
   0.0000000000000000     
   0.0000000000000000     
   0.0000000000000000     
   0.0000000000000000     
   0.0000000000000000     
   0.0000000000000000     
   0.0000000000000000     
   0.0000000000000000     
   0.0000000000000000     
   0.0000000000000000     
   0.0000000000000000     
   0.0000000000000000     
   0.0000000000000000     
   0.0000000000000000     
   0.0000000000000000     
   0.0000000000000000     
   0.0000000000000000     
   0.0000000000000000     
   0.0000000000000000     
   0.0000000000000000     
   0.0000000000000000     
   0.0000000000000000     
   0.0000000000000000     
   0.0000000000000000     
   0.0000000000000000     
   0.0000000000000000     
   0.0000000000000000     
   0.0000000000000000     
   0.0000000000000000     
   0.0000000000000000     
   0.0000000000000000     
   0.0000000000000000     
   0.0000000000000000     
   0.0000000000000000     
 0.52941083170972E-16
 0.55404299968978E-16
 0.13148104537561E-15
 0.22300772214329E-15
 0.36412619861547E-15
 0.50329790704023E-15
 0.62699268475312E-15
 0.77155972712785E-15
 0.92124067884349E-15
 0.10258147298279E-14
 0.11034396148962E-14
 0.11080910909084E-14
 0.10820882396652E-14
 0.10277265584026E-14
 0.96740580681819E-15
 0.88650108039981E-15
 0.82637484305725E-15
 0.74262086567259E-15
 0.66136896591706E-15
 0.58648735261321E-15
 0.51956196804767E-15
 0.45645143913105E-15
 0.39963325469548E-15
 0.36241982624646E-15
 0.31760462678615E-15
 0.26898831633262E-15
 0.23058047679516E-15
 0.19821764000875E-15
 0.17740832326782E-15
 0.15039259029622E-15
 0.12704932854334E-15
 0.10244920532246E-15
 0.93291176203473E-16
 0.83474183593960E-16
 0.71149448455894E-16
 0.59175266762877E-16
 0.48000267671674E-16
 0.41198738934619E-16
 0.36377116881593E-16
 0.31613668913292E-16
 0.26744942806202E-16
 0.21180439145749E-16
 0.17751994275323E-16
 0.15390848067762E-16
 0.13182872454379E-16
 0.11399673602197E-16
 0.90207208441306E-17
 0.73904430615397E-17
 0.64532555970626E-17
 0.54987377594524E-17
 0.44717240428870E-17
 0.36286945907079E-17
 0.30035172021825E-17
 0.26178333343483E-17
 0.22492771697131E-17
 0.17853208430467E-17
 0.14758192427660E-17
 0.11517843360957E-17
 0.10073789257394E-17
 0.84206436581834E-18
 0.71916537156176E-18
 0.52316339878135E-18
 0.38536584365031E-18
 0.34500397183902E-18
 0.26482562664551E-18
 0.21193308508674E-18
 0.13384948468156E-18
 0.11000216856714E-18
 0.89704525684642E-19
 0.54573282540284E-19
 0.27609349251356E-19
 0.81303639133144E-21
   0.0000000000000000     
   0.0000000000000000     
   0.0000000000000000     
   0.0000000000000000     
   0.0000000000000000     
   0.0000000000000000     
   0.0000000000000000     
   0.0000000000000000     
   0.0000000000000000     
   0.0000000000000000     
   0.0000000000000000     
   0.0000000000000000     
   0.0000000000000000     
   0.0000000000000000     
   0.0000000000000000     
   0.0000000000000000     
   0.0000000000000000     
   0.0000000000000000     
   0.0000000000000000     
   0.0000000000000000     
   0.0000000000000000     
   0.0000000000000000     
   0.0000000000000000     
   0.0000000000000000     
   0.0000000000000000     
   0.0000000000000000     
   0.0000000000000000     
   0.0000000000000000     
   0.0000000000000000     
   0.0000000000000000     
   0.0000000000000000     
   0.0000000000000000     
   0.0000000000000000     
   0.0000000000000000     
   0.0000000000000000     
   0.0000000000000000     
   0.0000000000000000     
   0.0000000000000000     
   0.0000000000000000     
   0.0000000000000000     
   0.0000000000000000     
   0.0000000000000000     
   0.0000000000000000     
   0.0000000000000000     
   0.0000000000000000     
   0.0000000000000000     
   0.0000000000000000     
   0.0000000000000000     
   0.0000000000000000     
   0.0000000000000000     
   0.0000000000000000     
   0.0000000000000000     
   0.0000000000000000     
   0.0000000000000000     
   0.0000000000000000     
   0.0000000000000000     
   0.0000000000000000     
   0.0000000000000000     
   0.0000000000000000     
   0.0000000000000000     
   0.0000000000000000     
   0.0000000000000000     
   0.0000000000000000     
   0.0000000000000000     
   0.0000000000000000     
   0.0000000000000000     
   0.0000000000000000     
   0.0000000000000000     
   0.0000000000000000     
   0.0000000000000000     
   0.0000000000000000     
   0.0000000000000000     
   0.0000000000000000     
   0.0000000000000000     
   0.0000000000000000     
   0.0000000000000000     
   0.0000000000000000     
 0.10742735896009E-16
 0.12966640215064E-16
 0.28588143735599E-16
 0.52418598460181E-16
 0.82080824424019E-16
 0.13506973261927E-15
 0.20697773758675E-15
 0.34498632425709E-15
 0.49280553180984E-15
 0.64005192516620E-15
 0.79277876139193E-15
 0.89279264428201E-15
 0.98787520004742E-15
 0.10512747728778E-14
 0.10778606424493E-14
 0.10585325071648E-14
 0.10035020198164E-14
 0.94387353780181E-15
 0.89786433763349E-15
 0.82818989083179E-15
 0.76248469061730E-15
 0.69531802996031E-15
 0.63577435853501E-15
 0.56613520578415E-15
 0.50530763782464E-15
 0.46219122411800E-15
 0.40774557296149E-15
 0.36307113248244E-15
 0.31471518752448E-15
 0.27469570636612E-15
 0.23856086101322E-15
 0.20511545600948E-15
 0.17706937663735E-15
 0.15645221328406E-15
 0.13693409563899E-15
 0.11702232982825E-15
 0.94690912719723E-16
 0.83119630413942E-16
 0.75896770444199E-16
 0.64278909991116E-16
 0.54912868538683E-16
 0.43352106808089E-16
 0.37912733322970E-16
 0.32872682701362E-16
 0.28667253091917E-16
 0.23520362116848E-16
 0.19158674610791E-16
 0.16333567016351E-16
 0.14478350520419E-16
 0.12346684164991E-16
 0.10168026140986E-16
 0.78862571557021E-17
 0.71957021723701E-17
 0.59341612308210E-17
 0.52582292785010E-17
 0.44707157537553E-17
 0.33348962916778E-17
 0.28521053110901E-17
 0.24979886609379E-17
 0.21456089100966E-17
 0.17582432834002E-17
 0.13804099583119E-17
 0.11164354051384E-17
 0.95541619255895E-18
 0.79193939763470E-18
 0.58999006801695E-18
 0.46774801701275E-18
 0.37434444600545E-18
 0.34134280376551E-18
 0.26990779889103E-18
 0.19627698696871E-18
 0.12387444715416E-18
 0.10047110250919E-18
 0.74567746155017E-19
 0.50628766883225E-19
 0.20328024401519E-19
   0.0000000000000000     
   0.0000000000000000     
   0.0000000000000000     
   0.0000000000000000     
   0.0000000000000000     
   0.0000000000000000     
   0.0000000000000000     
   0.0000000000000000     
   0.0000000000000000     
   0.0000000000000000     
   0.0000000000000000     
   0.0000000000000000     
   0.0000000000000000     
   0.0000000000000000     
   0.0000000000000000     
   0.0000000000000000     
   0.0000000000000000     
   0.0000000000000000     
   0.0000000000000000     
   0.0000000000000000     
   0.0000000000000000     
   0.0000000000000000     
   0.0000000000000000     
   0.0000000000000000     
   0.0000000000000000     
   0.0000000000000000     
   0.0000000000000000     
   0.0000000000000000     
   0.0000000000000000     
   0.0000000000000000     
   0.0000000000000000     
   0.0000000000000000     
   0.0000000000000000     
   0.0000000000000000     
   0.0000000000000000     
   0.0000000000000000     
   0.0000000000000000     
   0.0000000000000000     
   0.0000000000000000     
   0.0000000000000000     
   0.0000000000000000     
   0.0000000000000000     
   0.0000000000000000     
   0.0000000000000000     
   0.0000000000000000     
   0.0000000000000000     
   0.0000000000000000     
   0.0000000000000000     
   0.0000000000000000     
   0.0000000000000000     
   0.0000000000000000     
   0.0000000000000000     
   0.0000000000000000     
   0.0000000000000000     
   0.0000000000000000     
   0.0000000000000000     
   0.0000000000000000     
   0.0000000000000000     
   0.0000000000000000     
   0.0000000000000000     
   0.0000000000000000     
   0.0000000000000000     
   0.0000000000000000     
   0.0000000000000000     
   0.0000000000000000     
   0.0000000000000000     
   0.0000000000000000     
   0.0000000000000000     
   0.0000000000000000     
   0.0000000000000000     
   0.0000000000000000     
   0.0000000000000000     
   0.0000000000000000     
 0.54786862258765E-17
 0.39718941581466E-17
 0.89295452651688E-17
 0.13920616149131E-16
 0.12457774764886E-16
 0.19512577255829E-16
 0.30638822381430E-16
 0.80005627082553E-16
 0.13442152206465E-15
 0.21950284267419E-15
 0.32071753933452E-15
 0.44539192104279E-15
 0.59721575941583E-15
 0.73343783866425E-15
 0.85227659789532E-15
 0.92339422531234E-15
 0.96946429202157E-15
 0.98265998832219E-15
 0.98365384007727E-15
 0.96755188121659E-15
 0.94827534662044E-15
 0.89205051167876E-15
 0.83492764298405E-15
 0.78299962869177E-15
 0.73171984134131E-15
 0.67580416706433E-15
 0.62178344428354E-15
 0.56972959746315E-15
 0.51696128724499E-15
 0.45969979597795E-15
 0.40432825226160E-15
 0.36313580374705E-15
 0.32405466339109E-15
 0.27820209622847E-15
 0.24451410804956E-15
 0.21033531687232E-15
 0.19431499576466E-15
 0.16779582864825E-15
 0.14116206472771E-15
 0.12286637877564E-15
 0.10584082832273E-15
 0.92413926380627E-16
 0.80110665825737E-16
 0.68609443382973E-16
 0.59257765546158E-16
 0.48970219234175E-16
 0.39873021475154E-16
 0.36552985485922E-16
 0.31205267530945E-16
 0.26288884942082E-16
 0.21900948497293E-16
 0.17329416427024E-16
 0.15173536743703E-16
 0.13384586271574E-16
 0.11325391493564E-16
 0.97690551359018E-17
 0.77152354468450E-17
 0.64941808954259E-17
 0.57769641936934E-17
 0.50437378295447E-17
 0.40358847932967E-17
 0.31987110055338E-17
 0.29101914870606E-17
 0.22389398489094E-17
 0.20393264661303E-17
 0.16102664258835E-17
 0.11236924662180E-17
 0.10431301928536E-17
 0.89402008972486E-18
 0.73887700939946E-18
 0.60497104753571E-18
 0.41537541369603E-18
 0.35770853970521E-18
 0.31538656526448E-18
 0.25498477915375E-18
 0.17505229213770E-18
 0.11577726042372E-18
 0.86295834238515E-19
 0.73380885573000E-19
 0.41968687811422E-19
 0.13135539072955E-19
   0.0000000000000000     
   0.0000000000000000     
   0.0000000000000000     
   0.0000000000000000     
   0.0000000000000000     
   0.0000000000000000     
   0.0000000000000000     
   0.0000000000000000     
   0.0000000000000000     
   0.0000000000000000     
   0.0000000000000000     
   0.0000000000000000     
   0.0000000000000000     
   0.0000000000000000     
   0.0000000000000000     
   0.0000000000000000     
   0.0000000000000000     
   0.0000000000000000     
   0.0000000000000000     
   0.0000000000000000     
   0.0000000000000000     
   0.0000000000000000     
   0.0000000000000000     
   0.0000000000000000     
   0.0000000000000000     
   0.0000000000000000     
   0.0000000000000000     
   0.0000000000000000     
   0.0000000000000000     
   0.0000000000000000     
   0.0000000000000000     
   0.0000000000000000     
   0.0000000000000000     
   0.0000000000000000     
   0.0000000000000000     
   0.0000000000000000     
   0.0000000000000000     
   0.0000000000000000     
   0.0000000000000000     
   0.0000000000000000     
   0.0000000000000000     
   0.0000000000000000     
   0.0000000000000000     
   0.0000000000000000     
   0.0000000000000000     
   0.0000000000000000     
   0.0000000000000000     
   0.0000000000000000     
   0.0000000000000000     
   0.0000000000000000     
   0.0000000000000000     
   0.0000000000000000     
   0.0000000000000000     
   0.0000000000000000     
   0.0000000000000000     
   0.0000000000000000     
   0.0000000000000000     
   0.0000000000000000     
   0.0000000000000000     
   0.0000000000000000     
   0.0000000000000000     
   0.0000000000000000     
   0.0000000000000000     
   0.0000000000000000     
   0.0000000000000000     
   0.0000000000000000     
   0.0000000000000000     
   0.0000000000000000     
   0.0000000000000000     
 0.15953023455546E-17
 0.32906389043546E-17
 0.40827430608184E-17
 0.32170002619476E-17
 0.44855833223875E-17
 0.64375043732822E-17
 0.11535140522691E-16
 0.21136698668642E-16
 0.38170797338032E-16
 0.62566021143337E-16
 0.11885031670318E-15
 0.20000448855113E-15
 0.29337045749450E-15
 0.40478307494166E-15
 0.51095951272648E-15
 0.63113697561674E-15
 0.74352541456568E-15
 0.82581778718015E-15
 0.87418071767281E-15
 0.88970532716153E-15
 0.89577536220070E-15
 0.90742543137919E-15
 0.90375249698681E-15
 0.87281677134358E-15
 0.83638285832407E-15
 0.79949702853102E-15
 0.74916553288069E-15
 0.71186149836845E-15
 0.67349938791950E-15
 0.62477769350736E-15
 0.56682344307569E-15
 0.51433864663345E-15
 0.46327869587094E-15
 0.40776205793256E-15
 0.36148253138190E-15
 0.32741838574542E-15
 0.29522324123155E-15
 0.26452930618109E-15
 0.22244801830165E-15
 0.18805356550044E-15
 0.17077749306684E-15
 0.15515071751058E-15
 0.13825711610995E-15
 0.11846274913038E-15
 0.97387412980281E-16
 0.82692952072056E-16
 0.72258105933829E-16
 0.65403225189883E-16
 0.54033947204882E-16
 0.44106079598483E-16
 0.38534210501340E-16
 0.33992320847544E-16
 0.29020580768881E-16
 0.24133801967976E-16
 0.19908988533589E-16
 0.17384007526436E-16
 0.14595341923702E-16
 0.12651894096802E-16
 0.11146132640069E-16
 0.90610883884706E-17
 0.72167203847674E-17
 0.65829328416619E-17
 0.57549045119923E-17
 0.43049656142212E-17
 0.38235006340503E-17
 0.30985201915341E-17
 0.24694495683101E-17
 0.21952604160696E-17
 0.18294825976778E-17
 0.14597498537860E-17
 0.11460081019967E-17
 0.10423970816804E-17
 0.81407835043130E-18
 0.69014734186600E-18
 0.55910966466923E-18
 0.42614449919019E-18
 0.34580368740379E-18
 0.28836056842167E-18
 0.23736696359547E-18
 0.15942888988434E-18
 0.10884035990087E-18
 0.89354509527534E-19
 0.66700838740875E-19
 0.34459544146397E-19
 0.63884919233389E-20
   0.0000000000000000     
   0.0000000000000000     
   0.0000000000000000     
   0.0000000000000000     
   0.0000000000000000     
   0.0000000000000000     
   0.0000000000000000     
   0.0000000000000000     
   0.0000000000000000     
   0.0000000000000000     
   0.0000000000000000     
   0.0000000000000000     
   0.0000000000000000     
   0.0000000000000000     
   0.0000000000000000     
   0.0000000000000000     
   0.0000000000000000     
   0.0000000000000000     
   0.0000000000000000     
   0.0000000000000000     
   0.0000000000000000     
   0.0000000000000000     
   0.0000000000000000     
   0.0000000000000000     
   0.0000000000000000     
   0.0000000000000000     
   0.0000000000000000     
   0.0000000000000000     
   0.0000000000000000     
   0.0000000000000000     
   0.0000000000000000     
   0.0000000000000000     
   0.0000000000000000     
   0.0000000000000000     
   0.0000000000000000     
   0.0000000000000000     
   0.0000000000000000     
   0.0000000000000000     
   0.0000000000000000     
   0.0000000000000000     
   0.0000000000000000     
   0.0000000000000000     
   0.0000000000000000     
   0.0000000000000000     
   0.0000000000000000     
   0.0000000000000000     
   0.0000000000000000     
   0.0000000000000000     
   0.0000000000000000     
   0.0000000000000000     
   0.0000000000000000     
   0.0000000000000000     
   0.0000000000000000     
   0.0000000000000000     
   0.0000000000000000     
   0.0000000000000000     
   0.0000000000000000     
   0.0000000000000000     
   0.0000000000000000     
   0.0000000000000000     
   0.0000000000000000     
   0.0000000000000000     
   0.0000000000000000     
   0.0000000000000000     
 0.16818725696001E-17
 0.92900645644119E-18
 0.14348945385396E-17
 0.79281040808451E-18
 0.16272476113413E-17
 0.27812833453145E-17
 0.32184979301354E-17
 0.41239529075558E-17
 0.72749872088266E-17
 0.10190733781296E-16
 0.18345144311758E-16
 0.32474078594803E-16
 0.56307999824135E-16
 0.93634854158814E-16
 0.15605780901047E-15
 0.24196331922441E-15
 0.34096185181000E-15
 0.43746490513499E-15
 0.53093866864908E-15
 0.60930772163744E-15
 0.67847707706298E-15
 0.74820440124626E-15
 0.79269315248836E-15
 0.83364115540829E-15
 0.83281906030711E-15
 0.82831768492444E-15
 0.83016528311432E-15
 0.82200376721697E-15
 0.79991954467627E-15
 0.77820017335387E-15
 0.74616764706076E-15
 0.70617558276976E-15
 0.66156103455678E-15
 0.61260084076223E-15
 0.56406356630607E-15
 0.50450075552099E-15
 0.45465511714006E-15
 0.42042628664589E-15
 0.38182369737806E-15
 0.34102439158409E-15
 0.29803270824483E-15
 0.26990459494583E-15
 0.24069916653341E-15
 0.21466317998278E-15
 0.19172359622484E-15
 0.16143560199285E-15
 0.14294992706854E-15
 0.12348938768668E-15
 0.10775698969503E-15
 0.87686153665040E-16
 0.77121890304551E-16
 0.69154381695616E-16
 0.61370501875783E-16
 0.50221533987519E-16
 0.40666439016131E-16
 0.35441582704939E-16
 0.31543533654582E-16
 0.28217003732775E-16
 0.22715866383037E-16
 0.19362294878436E-16
 0.16702975222943E-16
 0.13878996356964E-16
 0.12665574316274E-16
 0.10164216720233E-16
 0.79120963612919E-17
 0.69165380126246E-17
 0.62632359360249E-17
 0.51928739437072E-17
 0.43597758537445E-17
 0.33644191547512E-17
 0.28351400174185E-17
 0.24769945160469E-17
 0.22268940674082E-17
 0.17177827692729E-17
 0.13188358267836E-17
 0.10963710509217E-17
 0.92730307866304E-18
 0.80358642766585E-18
 0.67587243310313E-18
 0.51859790385539E-18
 0.38309070818130E-18
 0.32417924550955E-18
 0.28278434796389E-18
 0.21752667394270E-18
 0.14299858042913E-18
 0.10899977664308E-18
 0.86869078742239E-19
 0.56358312158436E-19
 0.26390724001205E-19
   0.0000000000000000     
   0.0000000000000000     
   0.0000000000000000     
   0.0000000000000000     
   0.0000000000000000     
   0.0000000000000000     
   0.0000000000000000     
   0.0000000000000000     
   0.0000000000000000     
   0.0000000000000000     
   0.0000000000000000     
   0.0000000000000000     
   0.0000000000000000     
   0.0000000000000000     
   0.0000000000000000     
   0.0000000000000000     
   0.0000000000000000     
   0.0000000000000000     
   0.0000000000000000     
   0.0000000000000000     
   0.0000000000000000     
   0.0000000000000000     
   0.0000000000000000     
   0.0000000000000000     
   0.0000000000000000     
   0.0000000000000000     
   0.0000000000000000     
   0.0000000000000000     
   0.0000000000000000     
   0.0000000000000000     
   0.0000000000000000     
   0.0000000000000000     
   0.0000000000000000     
   0.0000000000000000     
   0.0000000000000000     
   0.0000000000000000     
   0.0000000000000000     
   0.0000000000000000     
   0.0000000000000000     
   0.0000000000000000     
   0.0000000000000000     
   0.0000000000000000     
   0.0000000000000000     
   0.0000000000000000     
   0.0000000000000000     
   0.0000000000000000     
   0.0000000000000000     
   0.0000000000000000     
   0.0000000000000000     
   0.0000000000000000     
   0.0000000000000000     
   0.0000000000000000     
   0.0000000000000000     
   0.0000000000000000     
   0.0000000000000000     
   0.0000000000000000     
   0.0000000000000000     
   0.0000000000000000     
   0.0000000000000000     
   0.0000000000000000     
 0.40491656537305E-18
 0.39584593732014E-18
 0.47824656268281E-18
 0.39673889587388E-18
 0.35333294993200E-18
 0.11841935768696E-17
 0.91557877986907E-18
 0.10911488730610E-17
 0.16047884748610E-17
 0.29868971469926E-17
 0.40158332710478E-17
 0.49449706878767E-17
 0.64382173751097E-17
 0.11637056032067E-16
 0.22942120095357E-16
 0.47480717855730E-16
 0.79379704123440E-16
 0.12273159057088E-15
 0.18097417643010E-15
 0.25394111839458E-15
 0.34563858421079E-15
 0.42370801068115E-15
 0.49854431829796E-15
 0.56096046245794E-15
 0.61658636089551E-15
 0.67388483622944E-15
 0.72554623308810E-15
 0.75480108402939E-15
 0.77487650108713E-15
 0.77490806201912E-15
 0.76934185442585E-15
 0.78789841740526E-15
 0.78822095034767E-15
 0.76672012365310E-15
 0.73305389760353E-15
 0.68591624189400E-15
 0.64268048179396E-15
 0.58500471304727E-15
 0.55881587557572E-15
 0.52310817684763E-15
 0.49179527599320E-15
 0.42642330059785E-15
 0.39416087954227E-15
 0.34776523053984E-15
 0.32310272134692E-15
 0.30095064596540E-15
 0.26133264385040E-15
 0.22519556963183E-15
 0.19366860416563E-15
 0.17011093800898E-15
 0.15569959510244E-15
 0.13937211687142E-15
 0.11382083359750E-15
 0.99738759923132E-16
 0.82244628896777E-16
 0.72637329029387E-16
 0.63996680569500E-16
 0.55861444676840E-16
 0.48857644413900E-16
 0.37823205333765E-16
 0.34835155354600E-16
 0.31014654116405E-16
 0.25982891661941E-16
 0.22621771489377E-16
 0.16889265300436E-16
 0.14695465585888E-16
 0.13562764159407E-16
 0.12170234415084E-16
 0.97782972409046E-17
 0.74119351675640E-17
 0.66806361236095E-17
 0.59617290865608E-17
 0.50796407131516E-17
 0.42990174513805E-17
 0.32408549144300E-17
 0.27170735372016E-17
 0.22752528720220E-17
 0.19650629156366E-17
 0.16500923635135E-17
 0.13453627453391E-17
 0.11022573945411E-17
 0.90950535243175E-18
 0.77600658674923E-18
 0.62913930830215E-18
 0.45211178461718E-18
 0.38082725952449E-18
 0.34217402882459E-18
 0.26318339198774E-18
 0.19019357603872E-18
 0.12445224995324E-18
 0.10268358092669E-18
 0.74321387185081E-19
 0.51293368559805E-19
 0.19119231706868E-19
   0.0000000000000000     
   0.0000000000000000     
   0.0000000000000000     
   0.0000000000000000     
   0.0000000000000000     
   0.0000000000000000     
   0.0000000000000000     
   0.0000000000000000     
   0.0000000000000000     
   0.0000000000000000     
   0.0000000000000000     
   0.0000000000000000     
   0.0000000000000000     
   0.0000000000000000     
   0.0000000000000000     
   0.0000000000000000     
   0.0000000000000000     
   0.0000000000000000     
   0.0000000000000000     
   0.0000000000000000     
   0.0000000000000000     
   0.0000000000000000     
   0.0000000000000000     
   0.0000000000000000     
   0.0000000000000000     
   0.0000000000000000     
   0.0000000000000000     
   0.0000000000000000     
   0.0000000000000000     
   0.0000000000000000     
   0.0000000000000000     
   0.0000000000000000     
   0.0000000000000000     
   0.0000000000000000     
   0.0000000000000000     
   0.0000000000000000     
   0.0000000000000000     
   0.0000000000000000     
   0.0000000000000000     
   0.0000000000000000     
   0.0000000000000000     
   0.0000000000000000     
   0.0000000000000000     
   0.0000000000000000     
   0.0000000000000000     
   0.0000000000000000     
   0.0000000000000000     
   0.0000000000000000     
   0.0000000000000000     
   0.0000000000000000     
   0.0000000000000000     
   0.0000000000000000     
   0.0000000000000000     
   0.0000000000000000     
   0.0000000000000000     
   0.0000000000000000     
 0.86444853127419E-21
 0.26815777501269E-19
 0.89034478154418E-19
 0.19007575044136E-18
 0.21226642078200E-18
 0.16574590419041E-18
 0.48191762947364E-18
 0.63864244665263E-18
 0.69078485376859E-18
 0.10992368553722E-17
 0.15179093613306E-17
 0.15372580841818E-17
 0.23036828032186E-17
 0.38482891420853E-17
 0.70985958709189E-17
 0.11145419058809E-16
 0.16058266875925E-16
 0.28718175467115E-16
 0.56469109280226E-16
 0.89039263031938E-16
 0.13363884456147E-15
 0.18524421291024E-15
 0.24235637401498E-15
 0.31285237876226E-15
 0.38482923918671E-15
 0.44574022716011E-15
 0.50506225477348E-15
 0.55441658413446E-15
 0.59891447371376E-15
 0.65163444329810E-15
 0.68937335314286E-15
 0.71564769251366E-15
 0.74731663003611E-15
 0.75875349884667E-15
 0.75825236557900E-15
 0.75833281918274E-15
 0.73900683889655E-15
 0.70912465236303E-15
 0.66934156639382E-15
 0.63374460064480E-15
 0.61168092812956E-15
 0.57264170961785E-15
 0.53155732051359E-15
 0.48761409430928E-15
 0.45302568712465E-15
 0.42060338600337E-15
 0.38514839235911E-15
 0.33125139447507E-15
 0.29376128220191E-15
 0.28051769443848E-15
 0.24617199846240E-15
 0.21842936057889E-15
 0.17248407470422E-15
 0.15851251954792E-15
 0.14528202154101E-15
 0.12533352731073E-15
 0.10626196259665E-15
 0.90601649352772E-16
 0.83265163064985E-16
 0.70416865586158E-16
 0.61698191232646E-16
 0.52831191913883E-16
 0.45096370425720E-16
 0.38217783995573E-16
 0.32400353731583E-16
 0.28509514489726E-16
 0.24947365871013E-16
 0.21328866046995E-16
 0.16761961125335E-16
 0.14197790700791E-16
 0.12754781049649E-16
 0.11411312394957E-16
 0.95180106439947E-17
 0.72108702388321E-17
 0.64230902598154E-17
 0.54292940349040E-17
 0.46040297183727E-17
 0.38733913645816E-17
 0.30806320681562E-17
 0.26654186429361E-17
 0.22443384323713E-17
 0.19038830328136E-17
 0.15683106492510E-17
 0.11799742357423E-17
 0.10281451362442E-17
 0.88822225827172E-18
 0.74827688303686E-18
 0.58263350402661E-18
 0.43154215548805E-18
 0.37083604705938E-18
 0.31620588642006E-18
 0.23925955381657E-18
 0.18221593153018E-18
 0.11928970118363E-18
 0.96052146209048E-19
 0.69568026695555E-19
 0.43527580701357E-19
 0.13038423862544E-19
   0.0000000000000000     
   0.0000000000000000     
   0.0000000000000000     
   0.0000000000000000     
   0.0000000000000000     
   0.0000000000000000     
   0.0000000000000000     
   0.0000000000000000     
   0.0000000000000000     
   0.0000000000000000     
   0.0000000000000000     
   0.0000000000000000     
   0.0000000000000000     
   0.0000000000000000     
   0.0000000000000000     
   0.0000000000000000     
   0.0000000000000000     
   0.0000000000000000     
   0.0000000000000000     
   0.0000000000000000     
   0.0000000000000000     
   0.0000000000000000     
   0.0000000000000000     
   0.0000000000000000     
   0.0000000000000000     
   0.0000000000000000     
   0.0000000000000000     
   0.0000000000000000     
   0.0000000000000000     
   0.0000000000000000     
   0.0000000000000000     
   0.0000000000000000     
   0.0000000000000000     
   0.0000000000000000     
   0.0000000000000000     
   0.0000000000000000     
   0.0000000000000000     
   0.0000000000000000     
   0.0000000000000000     
   0.0000000000000000     
   0.0000000000000000     
   0.0000000000000000     
   0.0000000000000000     
   0.0000000000000000     
   0.0000000000000000     
   0.0000000000000000     
   0.0000000000000000     
   0.0000000000000000     
   0.0000000000000000     
   0.0000000000000000     
   0.0000000000000000     
 0.40185542374887E-22
 0.67409701860354E-20
 0.23822345302756E-19
 0.35806316979093E-19
 0.22276958662040E-19
 0.20148137449995E-19
 0.17966898689052E-18
 0.18089803721600E-18
 0.38604648631908E-18
 0.18706018568120E-18
 0.12863005031808E-18
 0.20500028272043E-18
 0.48130122359484E-18
 0.16425224838529E-17
 0.12837408629879E-17
 0.19793086423587E-17
 0.22624669656424E-17
 0.36188350849381E-17
 0.55973644540004E-17
 0.10983429069817E-16
 0.17923377268096E-16
 0.31406433743053E-16
 0.54734695451234E-16
 0.91606086152030E-16
 0.13065665894078E-15
 0.17365711258434E-15
 0.22062924054891E-15
 0.26914921084177E-15
 0.33313999094708E-15
 0.39857877923913E-15
 0.45128182887036E-15
 0.50801274671910E-15
 0.54212221687547E-15
 0.58884706507321E-15
 0.65819160822057E-15
 0.69386582413420E-15
 0.72284761209794E-15
 0.71808838436271E-15
 0.71674816472114E-15
 0.71679336589410E-15
 0.70303049891601E-15
 0.70157363640033E-15
 0.68860846000973E-15
 0.64208059061872E-15
 0.62014958333709E-15
 0.57474115291275E-15
 0.55843446292251E-15
 0.52872446978841E-15
 0.46942513237740E-15
 0.42664366417271E-15
 0.39948611757458E-15
 0.36072256674250E-15
 0.32743059824247E-15
 0.27309348333275E-15
 0.25050977846100E-15
 0.23316651931787E-15
 0.19859280132249E-15
 0.16602061049010E-15
 0.15054222987620E-15
 0.13966777620166E-15
 0.12276292572099E-15
 0.10127277953388E-15
 0.83206008524133E-16
 0.78409601830957E-16
 0.69619539225332E-16
 0.56733471939577E-16
 0.48992387150791E-16
 0.41887816476545E-16
 0.36098860979777E-16
 0.30542842117277E-16
 0.26065020560871E-16
 0.22877250982522E-16
 0.20076705957537E-16
 0.16722840026125E-16
 0.14006992259442E-16
 0.12441823206298E-16
 0.10375041843001E-16
 0.84173552768535E-17
 0.70893264981573E-17
 0.62391604169193E-17
 0.52899619529229E-17
 0.44338679283871E-17
 0.36763445547442E-17
 0.31047566859421E-17
 0.25824852509239E-17
 0.21302807587776E-17
 0.18829912515011E-17
 0.15134485216383E-17
 0.11343961023783E-17
 0.10177913285678E-17
 0.85979109164836E-18
 0.72175642174058E-18
 0.54221036735531E-18
 0.40335486405191E-18
 0.34215123918338E-18
 0.30767386086019E-18
 0.23715442740300E-18
 0.17030719925254E-18
 0.12336522080488E-18
 0.87186168455687E-19
 0.62727716267799E-19
 0.35208785652905E-19
 0.44134176303620E-20
   0.0000000000000000     
   0.0000000000000000     
   0.0000000000000000     
   0.0000000000000000     
   0.0000000000000000     
   0.0000000000000000     
   0.0000000000000000     
   0.0000000000000000     
   0.0000000000000000     
   0.0000000000000000     
   0.0000000000000000     
   0.0000000000000000     
   0.0000000000000000     
   0.0000000000000000     
   0.0000000000000000     
   0.0000000000000000     
   0.0000000000000000     
   0.0000000000000000     
   0.0000000000000000     
   0.0000000000000000     
   0.0000000000000000     
   0.0000000000000000     
   0.0000000000000000     
   0.0000000000000000     
   0.0000000000000000     
   0.0000000000000000     
   0.0000000000000000     
   0.0000000000000000     
   0.0000000000000000     
   0.0000000000000000     
   0.0000000000000000     
   0.0000000000000000     
   0.0000000000000000     
   0.0000000000000000     
   0.0000000000000000     
   0.0000000000000000     
   0.0000000000000000     
   0.0000000000000000     
   0.0000000000000000     
   0.0000000000000000     
   0.0000000000000000     
   0.0000000000000000     
   0.0000000000000000     
   0.0000000000000000     
   0.0000000000000000     
   0.0000000000000000     
 0.48327759421552E-27
 0.12433335318885E-22
 0.69185263306008E-21
 0.19266555021140E-23
 0.27763088399171E-21
 0.17807972256527E-21
 0.10014127606698E-19
 0.47985906260002E-19
 0.44476247209173E-19
 0.51435494450836E-19
 0.21346411879837E-19
 0.49964409625829E-19
 0.29725406451650E-19
 0.24197080592688E-18
 0.23910610602949E-18
 0.32290474572409E-18
 0.61061843523878E-18
 0.87514119585822E-18
 0.12840729402945E-17
 0.12135427183026E-17
 0.16445444662646E-17
 0.29836685313147E-17
 0.66296238369043E-17
 0.11742942428062E-16
 0.20590763183308E-16
 0.32767100638181E-16
 0.51716035109164E-16
 0.78994212239789E-16
 0.11379621989806E-15
 0.15242012246229E-15
 0.19550170205364E-15
 0.23823236551693E-15
 0.29089194697028E-15
 0.35216177334070E-15
 0.40371399631580E-15
 0.46343747476376E-15
 0.51618222042857E-15
 0.56143198351078E-15
 0.60620872914231E-15
 0.64326256396747E-15
 0.67285034519118E-15
 0.68546074604759E-15
 0.67956156331558E-15
 0.69845556298577E-15
 0.70492342926193E-15
 0.70357464557008E-15
 0.67963873510006E-15
 0.66843549617013E-15
 0.62749412422363E-15
 0.60539846485249E-15
 0.55888003575386E-15
 0.52337033627168E-15
 0.49422451000992E-15
 0.45817006639651E-15
 0.41032421276877E-15
 0.36567645713949E-15
 0.34232776068269E-15
 0.31044884902388E-15
 0.27627283287241E-15
 0.23968046172232E-15
 0.21913126141000E-15
 0.18920080159422E-15
 0.16077922339494E-15
 0.14413055934366E-15
 0.13778439706405E-15
 0.11832626680239E-15
 0.93786941865295E-16
 0.77249910541490E-16
 0.73008014799215E-16
 0.61830593520576E-16
 0.53996127389029E-16
 0.46123407742257E-16
 0.38259302480823E-16
 0.36201457302001E-16
 0.30533359160474E-16
 0.25547271474150E-16
 0.22398119200577E-16
 0.18027775196239E-16
 0.15737232064434E-16
 0.14037009428993E-16
 0.11868032010532E-16
 0.98437573631634E-17
 0.79559592811865E-17
 0.66427666349200E-17
 0.62727933733281E-17
 0.50766969072415E-17
 0.42350127295889E-17
 0.35385320259841E-17
 0.27916440596843E-17
 0.25571993327656E-17
 0.20475393390440E-17
 0.17761113882984E-17
 0.14149395128483E-17
 0.11221960747120E-17
 0.98305351035806E-18
 0.84416695546723E-18
 0.67637186919297E-18
 0.52647595380917E-18
 0.42248983756370E-18
 0.33610299048316E-18
 0.26969181001321E-18
 0.21815585830098E-18
 0.14830467267079E-18
 0.11198385991029E-18
 0.89019218395572E-19
 0.57831783735155E-19
 0.28917587698652E-19
   0.0000000000000000     
   0.0000000000000000     
   0.0000000000000000     
   0.0000000000000000     
   0.0000000000000000     
   0.0000000000000000     
   0.0000000000000000     
   0.0000000000000000     
   0.0000000000000000     
   0.0000000000000000     
   0.0000000000000000     
   0.0000000000000000     
   0.0000000000000000     
   0.0000000000000000     
   0.0000000000000000     
   0.0000000000000000     
   0.0000000000000000     
   0.0000000000000000     
   0.0000000000000000     
   0.0000000000000000     
   0.0000000000000000     
   0.0000000000000000     
   0.0000000000000000     
   0.0000000000000000     
   0.0000000000000000     
   0.0000000000000000     
   0.0000000000000000     
   0.0000000000000000     
   0.0000000000000000     
   0.0000000000000000     
   0.0000000000000000     
   0.0000000000000000     
   0.0000000000000000     
   0.0000000000000000     
   0.0000000000000000     
   0.0000000000000000     
   0.0000000000000000     
   0.0000000000000000     
   0.0000000000000000     
   0.0000000000000000     
   0.0000000000000000     
   0.0000000000000000     
   0.0000000000000000     
 0.76811049593515E-23
 0.67794995435124E-27
 0.75082527320840E-25
 0.41338545363324E-25
 0.54806032667062E-21
 0.15665686212276E-20
 0.71106861437396E-20
 0.77101647168728E-21
 0.36572116696423E-20
 0.10379418246679E-19
 0.90114777516111E-20
 0.12574109972067E-19
 0.29677252853760E-20
 0.35303730173788E-20
 0.17042997926028E-18
 0.12926774157285E-18
 0.15475629934504E-18
 0.99158310078864E-19
 0.10326180489484E-18
 0.17890571643919E-18
 0.56844253291006E-18
 0.66927796165448E-18
 0.12437070259129E-17
 0.17783424964292E-17
 0.31370427726035E-17
 0.59005930166521E-17
 0.11370142895023E-16
 0.18603152629419E-16
 0.31041431897795E-16
 0.44974408813042E-16
 0.64613819921730E-16
 0.96170605243012E-16
 0.13410685722459E-15
 0.17255633705646E-15
 0.21307208319513E-15
 0.25254091836190E-15
 0.30935092069548E-15
 0.37794271495922E-15
 0.43105058579290E-15
 0.48121860154237E-15
 0.51780684038935E-15
 0.55644540344840E-15
 0.58799059065860E-15
 0.62734456293175E-15
 0.68337610347502E-15
 0.67063314176717E-15
 0.67334640722739E-15
 0.68304175850236E-15
 0.68709900790994E-15
 0.71270894578291E-15
 0.66704194993945E-15
 0.63384396103115E-15
 0.61395119687127E-15
 0.57713772436381E-15
 0.55583029243689E-15
 0.50051267067012E-15
 0.46979682925529E-15
 0.43329926257265E-15
 0.39091056878356E-15
 0.34793453119909E-15
 0.31706596048890E-15
 0.28018669740490E-15
 0.26153873664237E-15
 0.22587961017528E-15
 0.21469836787387E-15
 0.18491988091599E-15
 0.15652106870382E-15
 0.14253103403205E-15
 0.12125622093970E-15
 0.10541393906090E-15
 0.89833782230307E-16
 0.78273639290759E-16
 0.70301714494644E-16
 0.60157295382059E-16
 0.52695647093501E-16
 0.43718605850886E-16
 0.37457758920139E-16
 0.33632403240974E-16
 0.30528500618129E-16
 0.25354218686786E-16
 0.21076869763667E-16
 0.16628037846685E-16
 0.15102440855603E-16
 0.12995046837624E-16
 0.11498352770832E-16
 0.93615653774328E-17
 0.76498387992770E-17
 0.67344412905554E-17
 0.58665327227930E-17
 0.52421042095479E-17
 0.38632139859655E-17
 0.33531156756024E-17
 0.27387466392021E-17
 0.24315946385272E-17
 0.21309901503168E-17
 0.17228204875978E-17
 0.12947386342462E-17
 0.11420101542398E-17
 0.94778485617988E-18
 0.78118883495674E-18
 0.65329100705939E-18
 0.48550592262559E-18
 0.42490769823716E-18
 0.36754362790645E-18
 0.28067709545242E-18
 0.20520962069788E-18
 0.14531321208845E-18
 0.10979795935188E-18
 0.84375321840472E-19
 0.53492300342059E-19
 0.20989819086778E-19
   0.0000000000000000     
   0.0000000000000000     
   0.0000000000000000     
   0.0000000000000000     
   0.0000000000000000     
   0.0000000000000000     
   0.0000000000000000     
   0.0000000000000000     
   0.0000000000000000     
   0.0000000000000000     
   0.0000000000000000     
   0.0000000000000000     
   0.0000000000000000     
   0.0000000000000000     
   0.0000000000000000     
   0.0000000000000000     
   0.0000000000000000     
   0.0000000000000000     
   0.0000000000000000     
   0.0000000000000000     
   0.0000000000000000     
   0.0000000000000000     
   0.0000000000000000     
   0.0000000000000000     
   0.0000000000000000     
   0.0000000000000000     
   0.0000000000000000     
   0.0000000000000000     
   0.0000000000000000     
   0.0000000000000000     
   0.0000000000000000     
   0.0000000000000000     
   0.0000000000000000     
   0.0000000000000000     
   0.0000000000000000     
   0.0000000000000000     
   0.0000000000000000     
   0.0000000000000000     
 0.33785356402599E-31
 0.15769740018787E-26
 0.96226114128267E-32
 0.42505777247055E-24
 0.97066633124346E-27
 0.40171671790962E-24
 0.13370896299343E-21
 0.34822656137792E-22
 0.45322580343944E-21
 0.13783030719116E-20
 0.31125814247910E-21
 0.83720848482511E-21
 0.95780493467570E-22
 0.23468451534992E-21
 0.45994152724788E-20
 0.10689343241963E-18
 0.10628312623754E-19
 0.22655398730555E-19
 0.19074466626660E-19
 0.50317340242074E-19
 0.90191739694208E-19
 0.88571953564450E-19
 0.14975631013925E-18
 0.21019835863599E-18
 0.42475519053758E-18
 0.72461392860931E-18
 0.12458368568797E-17
 0.16162550399210E-17
 0.27115231872444E-17
 0.52928849537952E-17
 0.91807331510106E-17
 0.16528873951357E-16
 0.26210158379851E-16
 0.38745135277949E-16
 0.57185189194216E-16
 0.79462006181740E-16
 0.11328485135883E-15
 0.14972390468951E-15
 0.19371184417655E-15
 0.23649055764252E-15
 0.27918430688040E-15
 0.33316879301533E-15
 0.38995299923531E-15
 0.43728783314093E-15
 0.47152433271790E-15
 0.51411925804058E-15
 0.55687117998605E-15
 0.59342341275258E-15
 0.64105375496888E-15
 0.67644453554732E-15
 0.67478448293335E-15
 0.67737363176294E-15
 0.67176867140778E-15
 0.68464999004845E-15
 0.68024064728882E-15
 0.66036804356941E-15
 0.61020140585090E-15
 0.57966793638302E-15
 0.55086492218839E-15
 0.51066182465478E-15
 0.48034733204693E-15
 0.45616433398287E-15
 0.41124831433877E-15
 0.37848263226174E-15
 0.32960703622730E-15
 0.31298752395829E-15
 0.28223996895866E-15
 0.25605758521802E-15
 0.22553750265125E-15
 0.18839172022436E-15
 0.16920518297822E-15
 0.15064763978993E-15
 0.13393226976824E-15
 0.12127556609457E-15
 0.10256302220609E-15
 0.85809092248578E-16
 0.78354149081793E-16
 0.65343740035746E-16
 0.64039062612474E-16
 0.52835595613333E-16
 0.42481735532977E-16
 0.35986099877497E-16
 0.31465211997329E-16
 0.28538537826647E-16
 0.24979636804213E-16
 0.19947615957355E-16
 0.16435437637803E-16
 0.14969087920626E-16
 0.13548840690080E-16
 0.11420454300070E-16
 0.93694379246035E-17
 0.72245245164405E-17
 0.66011182364532E-17
 0.55950283298780E-17
 0.48542646314220E-17
 0.40827562196843E-17
 0.31741415138892E-17
 0.27815476706524E-17
 0.23979481548408E-17
 0.20012893104626E-17
 0.16737774492717E-17
 0.13454992373499E-17
 0.10953587112463E-17
 0.99467661579509E-18
 0.80101559245930E-18
 0.61019661860682E-18
 0.47900052360154E-18
 0.41955063971916E-18
 0.34387683586854E-18
 0.27578986824249E-18
 0.19739198001053E-18
 0.14118284711134E-18
 0.10720979317587E-18
 0.77269866401491E-19
 0.47039744903092E-19
 0.12940819401621E-19
   0.0000000000000000     
   0.0000000000000000     
   0.0000000000000000     
   0.0000000000000000     
   0.0000000000000000     
   0.0000000000000000     
   0.0000000000000000     
   0.0000000000000000     
   0.0000000000000000     
   0.0000000000000000     
   0.0000000000000000     
   0.0000000000000000     
   0.0000000000000000     
   0.0000000000000000     
   0.0000000000000000     
   0.0000000000000000     
   0.0000000000000000     
   0.0000000000000000     
   0.0000000000000000     
   0.0000000000000000     
   0.0000000000000000     
   0.0000000000000000     
   0.0000000000000000     
   0.0000000000000000     
   0.0000000000000000     
   0.0000000000000000     
   0.0000000000000000     
   0.0000000000000000     
   0.0000000000000000     
   0.0000000000000000     
   0.0000000000000000     
   0.0000000000000000     
   0.0000000000000000     
   0.0000000000000000     
 0.10127803982611E-34
 0.24008783158285E-27
 0.13422666129869E-35
 0.51846251776099E-29
 0.41507188604320E-30
 0.50895342879007E-30
 0.31288847609950E-22
 0.94505926795097E-23
 0.99957451540255E-22
 0.14375438184454E-22
 0.18391330015359E-22
 0.31614995175218E-22
 0.11438844009574E-22
 0.24339600476611E-22
 0.11302918705903E-19
 0.25286961749699E-20
 0.23093368365363E-21
 0.35600820108461E-20
 0.92875998905956E-20
 0.28431868606845E-19
 0.52224906036543E-19
 0.81435215867807E-20
 0.29815882179325E-19
 0.11524036603143E-18
 0.17501850169558E-18
 0.15430893476511E-18
 0.37628641698312E-18
 0.30756238100129E-18
 0.50021661568518E-18
 0.94351963879529E-18
 0.19759064503654E-17
 0.25623729871099E-17
 0.40440947185804E-17
 0.72689180353809E-17
 0.13899219727036E-16
 0.22433387510093E-16
 0.34668259104943E-16
 0.48860729833645E-16
 0.66563199964970E-16
 0.94255571824104E-16
 0.13089449273539E-15
 0.17106216102205E-15
 0.21058137515649E-15
 0.25109438033090E-15
 0.28944191502904E-15
 0.33593714090209E-15
 0.39860171723597E-15
 0.45313994326159E-15
 0.48615229003137E-15
 0.52762494881717E-15
 0.56873503855716E-15
 0.61707045666152E-15
 0.64841907840786E-15
 0.65932138802580E-15
 0.66708207193073E-15
 0.66656177261077E-15
 0.66561005418645E-15
 0.66147666451395E-15
 0.65693449745599E-15
 0.61152284386917E-15
 0.59726125231621E-15
 0.57390821605750E-15
 0.54263954669380E-15
 0.50821182672299E-15
 0.47043765322468E-15
 0.44261383659260E-15
 0.39981911898479E-15
 0.37104898038794E-15
 0.32383434205443E-15
 0.28656665375072E-15
 0.26661398062769E-15
 0.23669560000021E-15
 0.20950409049448E-15
 0.19054600893506E-15
 0.16710543317634E-15
 0.14453674445072E-15
 0.13324693844351E-15
 0.11445169617136E-15
 0.10621424595892E-15
 0.85474329316052E-16
 0.71669998162900E-16
 0.63821533190327E-16
 0.58117490317615E-16
 0.51647646178341E-16
 0.42093060099575E-16
 0.35924862841638E-16
 0.31535331553517E-16
 0.27242105997640E-16
 0.24536699735140E-16
 0.19681317937752E-16
 0.16588277450571E-16
 0.14514899863077E-16
 0.11981797017498E-16
 0.10750929063914E-16
 0.88098753742164E-17
 0.73759790940446E-17
 0.64653242850696E-17
 0.57212118254799E-17
 0.47144574132711E-17
 0.38176420294790E-17
 0.31662378571718E-17
 0.27471054574099E-17
 0.23305566645485E-17
 0.19127276395987E-17
 0.15646818513017E-17
 0.12704130941075E-17
 0.11421101583220E-17
 0.95775870274787E-18
 0.78726203937548E-18
 0.61102933384893E-18
 0.49629296637739E-18
 0.42946733748042E-18
 0.35101390330510E-18
 0.27425473430640E-18
 0.19256263212792E-18
 0.14670557718424E-18
 0.11175283761992E-18
 0.73342127605397E-19
 0.41555129292798E-19
 0.31757296039583E-20
   0.0000000000000000     
   0.0000000000000000     
   0.0000000000000000     
   0.0000000000000000     
   0.0000000000000000     
   0.0000000000000000     
   0.0000000000000000     
   0.0000000000000000     
   0.0000000000000000     
   0.0000000000000000     
   0.0000000000000000     
   0.0000000000000000     
   0.0000000000000000     
   0.0000000000000000     
   0.0000000000000000     
   0.0000000000000000     
   0.0000000000000000     
   0.0000000000000000     
   0.0000000000000000     
   0.0000000000000000     
   0.0000000000000000     
   0.0000000000000000     
   0.0000000000000000     
   0.0000000000000000     
   0.0000000000000000     
   0.0000000000000000     
   0.0000000000000000     
   0.0000000000000000     
   0.0000000000000000     
   0.0000000000000000     
 0.16235256440588E-43
 0.12694787775650E-70
   0.0000000000000000     
 0.52052280728001E-34
 0.15048731212586E-33
 0.92153574457126E-31
 0.37629914718742E-31
 0.33207765214143E-28
 0.65175694136146E-26
 0.41721913007138E-24
 0.70407683210984E-23
 0.17422490972539E-24
 0.32738033561991E-23
 0.70678588408313E-24
 0.66421687436210E-23
 0.11570639420509E-21
 0.64669657525163E-22
 0.20686181449675E-21
 0.10206714892950E-20
 0.19923715518726E-20
 0.14235372995433E-20
 0.20411419602211E-20
 0.85816135798388E-20
 0.49170869207819E-19
 0.10500438969071E-19
 0.87687685610259E-20
 0.50972481836884E-19
 0.67921347872972E-19
 0.14709164258463E-18
 0.17796562593561E-18
 0.29726992649216E-18
 0.31486690039591E-18
 0.71119244253630E-18
 0.14867215011760E-17
 0.23700209268852E-17
 0.45958589607433E-17
 0.62818553783505E-17
 0.97424165333423E-17
 0.18252441647639E-16
 0.27331288068495E-16
 0.41752631805247E-16
 0.58447550072593E-16
 0.78957885554014E-16
 0.10849163334419E-15
 0.14567526926896E-15
 0.17741988355789E-15
 0.22112659684488E-15
 0.26225406189883E-15
 0.30359922207085E-15
 0.35389312311095E-15
 0.43247658519534E-15
 0.46957737597742E-15
 0.49624337442317E-15
 0.53450009077344E-15
 0.58421652207836E-15
 0.61671296565535E-15
 0.65842930593794E-15
 0.64741880941503E-15
 0.64580109459149E-15
 0.63757726653716E-15
 0.65715699865998E-15
 0.65761845842578E-15
 0.64823748664576E-15
 0.61246181254278E-15
 0.60113577733588E-15
 0.55966623883130E-15
 0.52116811976841E-15
 0.50553404754037E-15
 0.44185675633885E-15
 0.41640070310896E-15
 0.38911944494431E-15
 0.34150509086558E-15
 0.30322630387097E-15
 0.28480492768661E-15
 0.26050293824663E-15
 0.23355958654812E-15
 0.20998593602950E-15
 0.18312189872683E-15
 0.16640602218822E-15
 0.14424409252084E-15
 0.12521120140736E-15
 0.11183226906899E-15
 0.10089651560903E-15
 0.81448734541461E-16
 0.72276960342907E-16
 0.64148395787369E-16
 0.55327712306183E-16
 0.48652202003145E-16
 0.39411126010009E-16
 0.34513567654938E-16
 0.31248076521943E-16
 0.26068602495763E-16
 0.22646682211775E-16
 0.18524607320862E-16
 0.15766333211759E-16
 0.13458993428515E-16
 0.12467247784525E-16
 0.10528096696153E-16
 0.84309316766259E-17
 0.73844358611426E-17
 0.64996227750055E-17
 0.55974783766210E-17
 0.45079064196059E-17
 0.35408945038979E-17
 0.32684220166741E-17
 0.27746680169710E-17
 0.23474267166415E-17
 0.19337890480143E-17
 0.15445706474893E-17
 0.13023169085489E-17
 0.11655475501383E-17
 0.10203647561196E-17
 0.81200717505434E-18
 0.61694823891591E-18
 0.51180857288562E-18
 0.43091348282646E-18
 0.34534138937402E-18
 0.26997865109227E-18
 0.18190475159458E-18
 0.15049768622649E-18
 0.12106384281006E-18
 0.80283560528791E-19
 0.34094153295694E-19
   0.0000000000000000     
   0.0000000000000000     
   0.0000000000000000     
   0.0000000000000000     
   0.0000000000000000     
   0.0000000000000000     
   0.0000000000000000     
   0.0000000000000000     
   0.0000000000000000     
   0.0000000000000000     
   0.0000000000000000     
   0.0000000000000000     
   0.0000000000000000     
   0.0000000000000000     
   0.0000000000000000     
   0.0000000000000000     
   0.0000000000000000     
   0.0000000000000000     
   0.0000000000000000     
   0.0000000000000000     
   0.0000000000000000     
   0.0000000000000000     
   0.0000000000000000     
   0.0000000000000000     
   0.0000000000000000     
   0.0000000000000000     
   0.0000000000000000     
   0.0000000000000000     
   0.0000000000000000     
 0.96980211208396E-60
 0.19234622404572E-38
 0.51142731118517E-40
 0.26436508563182E-50
 0.20431868691145E-30
 0.91749758435863E-29
 0.26806569158503E-26
 0.88798120451510E-27
 0.48531235203944E-26
 0.26540026995322E-24
 0.91172419582544E-26
 0.34104686207712E-25
 0.86230738055229E-26
 0.86544739907136E-27
 0.26054977840879E-24
 0.21317914115344E-22
 0.50128369406424E-23
 0.61718957481303E-21
 0.70678160324132E-22
 0.10633681025859E-21
 0.14038440057209E-21
 0.24457152401810E-21
 0.12110697970926E-20
 0.34081587936321E-20
 0.66981980711365E-20
 0.26603194038309E-19
 0.10919665473380E-19
 0.10788781919421E-18
 0.99595327426884E-19
 0.81582044220077E-19
 0.21639069862014E-18
 0.26397113424398E-18
 0.42372048442252E-18
 0.97399297731634E-18
 0.11302028462725E-17
 0.15216488573771E-17
 0.37812917901035E-17
 0.52286101526877E-17
 0.78562343516234E-17
 0.13332299685545E-16
 0.22408012165664E-16
 0.34902363175764E-16
 0.50561697161127E-16
 0.66352553518778E-16
 0.89393516013579E-16
 0.12342367608302E-15
 0.16203366697709E-15
 0.19593581695007E-15
 0.23515283767042E-15
 0.28071427473281E-15
 0.33162925861855E-15
 0.37819716137474E-15
 0.45269415504332E-15
 0.47946156387644E-15
 0.50954086943563E-15
 0.53319672955637E-15
 0.56288551812537E-15
 0.60782388763982E-15
 0.63990828744517E-15
 0.64511278901018E-15
 0.64772694915517E-15
 0.64093640765392E-15
 0.67769121800806E-15
 0.66066058476033E-15
 0.63156959669278E-15
 0.61466238624124E-15
 0.55047574988990E-15
 0.53570579741316E-15
 0.52080088166435E-15
 0.47467444867464E-15
 0.44255746250864E-15
 0.41648101312043E-15
 0.38398999663566E-15
 0.34152535851205E-15
 0.30607765189294E-15
 0.29088181423094E-15
 0.25536440746125E-15
 0.22820296978030E-15
 0.19907638022842E-15
 0.18057546832453E-15
 0.16170327269053E-15
 0.13934795722701E-15
 0.12213334745393E-15
 0.10989036737103E-15
 0.91486561420187E-16
 0.80787865000447E-16
 0.69318919405330E-16
 0.61999070831983E-16
 0.53383105659145E-16
 0.46412326156656E-16
 0.39954994470662E-16
 0.34487968072957E-16
 0.28280665254820E-16
 0.25692742732726E-16
 0.22356534818168E-16
 0.18087962143101E-16
 0.15693728061930E-16
 0.13848319592799E-16
 0.12329006369888E-16
 0.10415062855007E-16
 0.80748736821385E-17
 0.71531486178659E-17
 0.62443622353026E-17
 0.54542766399983E-17
 0.45028744833933E-17
 0.35044709823615E-17
 0.30890414796884E-17
 0.27692531186198E-17
 0.24344417049435E-17
 0.20354018676071E-17
 0.15597493379755E-17
 0.13544077353386E-17
 0.11618443824112E-17
 0.98440370907976E-18
 0.80131184992276E-18
 0.61342753149284E-18
 0.53867750821671E-18
 0.46151831368887E-18
 0.36630948432136E-18
 0.27750745554100E-18
 0.18932192182981E-18
 0.15553296953448E-18
 0.12426433751426E-18
 0.73942597197395E-19
 0.26055050531982E-19
   0.0000000000000000     
   0.0000000000000000     
   0.0000000000000000     
   0.0000000000000000     
   0.0000000000000000     
   0.0000000000000000     
   0.0000000000000000     
   0.0000000000000000     
   0.0000000000000000     
   0.0000000000000000     
   0.0000000000000000     
   0.0000000000000000     
   0.0000000000000000     
   0.0000000000000000     
   0.0000000000000000     
   0.0000000000000000     
   0.0000000000000000     
   0.0000000000000000     
   0.0000000000000000     
   0.0000000000000000     
   0.0000000000000000     
   0.0000000000000000     
   0.0000000000000000     
   0.0000000000000000     
   0.0000000000000000     
   0.0000000000000000     
 0.25325167003437E-42
 0.41825151653757E-49
 0.68436840633584E-32
 0.83224053604706E-31
 0.14237222806204E-36
 0.25191607606812E-42
 0.81981280170142E-40
 0.24238321831106E-32
 0.31695852718213E-26
 0.78900644966654E-28
 0.10529145134513E-30
 0.12160564642683E-30
 0.45811222728941E-28
 0.56122937249424E-27
 0.39834188658160E-23
 0.11335064202343E-24
 0.24080123730276E-23
 0.65835112404191E-24
 0.10534038402711E-23
 0.26773278618965E-23
 0.14989636006366E-21
 0.78675873790056E-22
 0.69530851591595E-21
 0.25669093740831E-20
 0.34993790839507E-21
 0.17145043165389E-20
 0.61985661005187E-19
 0.11542684733263E-19
 0.12737234445255E-19
 0.19131154934671E-19
 0.29344966805313E-19
 0.17226194705010E-18
 0.25850162527372E-18
 0.14065332941322E-18
 0.15980860109070E-18
 0.52139803044274E-18
 0.75980734363515E-18
 0.12012373057012E-17
 0.22441498037141E-17
 0.43727824556112E-17
 0.61205645098305E-17
 0.10431948569251E-16
 0.17775856167091E-16
 0.28317135293870E-16
 0.40438233671246E-16
 0.58119070538947E-16
 0.72307327856612E-16
 0.98131991733249E-16
 0.13638346731337E-15
 0.18738004261679E-15
 0.21427541002252E-15
 0.25202101865163E-15
 0.29098103512770E-15
 0.33140465977666E-15
 0.38811401350662E-15
 0.43819420739027E-15
 0.47008111162267E-15
 0.50677273996507E-15
 0.54522581379699E-15
 0.57873928300318E-15
 0.61264291294019E-15
 0.66768116623365E-15
 0.64783192193151E-15
 0.64886226823505E-15
 0.65986349804619E-15
 0.62688611339763E-15
 0.64336747593000E-15
 0.63089239618234E-15
 0.58926092664642E-15
 0.56208606184246E-15
 0.54172732768289E-15
 0.52102224702452E-15
 0.46626405282681E-15
 0.44248651018249E-15
 0.40223350551456E-15
 0.36841807318897E-15
 0.33566678360405E-15
 0.30353551890961E-15
 0.28360652295542E-15
 0.25484437900745E-15
 0.21920631753331E-15
 0.19145882351735E-15
 0.16788632925524E-15
 0.15611643494929E-15
 0.13428013176338E-15
 0.11708231688448E-15
 0.10236279877238E-15
 0.87945986959175E-16
 0.81125917822441E-16
 0.72830997776929E-16
 0.60516264971011E-16
 0.52109470113557E-16
 0.44519421386721E-16
 0.39005760599998E-16
 0.34254511110053E-16
 0.29291639526497E-16
 0.25504394491501E-16
 0.22037902410988E-16
 0.17754032524964E-16
 0.16223170235579E-16
 0.13977960286022E-16
 0.11965551733858E-16
 0.99259532552094E-17
 0.81141890402445E-17
 0.72698695746707E-17
 0.63198029021196E-17
 0.54156172411491E-17
 0.45910784352555E-17
 0.36934028353142E-17
 0.32272998779923E-17
 0.28231909168685E-17
 0.24320591485523E-17
 0.19857995302638E-17
 0.16130864410600E-17
 0.14314120061153E-17
 0.12048114971614E-17
 0.10272005281676E-17
 0.80215407689812E-18
 0.63823228401669E-18
 0.56499289848296E-18
 0.48412889046519E-18
 0.38881982734029E-18
 0.28915940339881E-18
 0.22346277863370E-18
 0.18065733440845E-18
 0.13357984678651E-18
 0.77419565997797E-19
 0.15744543177081E-19
   0.0000000000000000     
   0.0000000000000000     
   0.0000000000000000     
   0.0000000000000000     
   0.0000000000000000     
   0.0000000000000000     
   0.0000000000000000     
   0.0000000000000000     
   0.0000000000000000     
   0.0000000000000000     
   0.0000000000000000     
   0.0000000000000000     
   0.0000000000000000     
   0.0000000000000000     
   0.0000000000000000     
   0.0000000000000000     
   0.0000000000000000     
   0.0000000000000000     
   0.0000000000000000     
   0.0000000000000000     
   0.0000000000000000     
   0.0000000000000000     
 0.22684275489584E-51
   0.0000000000000000     
 0.34975926433635E-95
 0.24438944927544E-72
 0.11297759936323E-62
 0.17820026037575E-51
 0.14297945476565E-53
 0.31235760198916E-48
 0.22989590846992E-45
 0.17688658087976E-39
 0.30562221729156E-37
 0.18280826308186E-33
 0.98818907300091E-28
 0.10897647409382E-27
 0.15801560409438E-29
 0.27373500437432E-29
 0.13578974640705E-27
 0.48508634327761E-27
 0.48416976301249E-24
 0.22635247261318E-24
 0.18737308502986E-24
 0.13606655680060E-24
 0.96942159143261E-23
 0.97650537314816E-22
 0.99220021274154E-22
 0.13261049206524E-20
 0.32631319915153E-20
 0.17853043040703E-20
 0.67069156637009E-21
 0.46164469248306E-20
 0.88849408750663E-20
 0.13176064744703E-19
 0.76422861888517E-20
 0.12643040562126E-19
 0.50301180521886E-19
 0.14409380420668E-18
 0.10657029825456E-18
 0.38477145585105E-18
 0.53197026150897E-18
 0.76786141098090E-18
 0.87465936626363E-18
 0.17767301408053E-17
 0.29278377550420E-17
 0.45394525580434E-17
 0.76859226954624E-17
 0.13792737974757E-16
 0.21691274545330E-16
 0.32577079943092E-16
 0.47005794778640E-16
 0.61613968418779E-16
 0.80460883729322E-16
 0.10865908312856E-15
 0.14891102971362E-15
 0.18980648589431E-15
 0.22276193631534E-15
 0.25385040249020E-15
 0.29768505423550E-15
 0.34747371904955E-15
 0.41096360880620E-15
 0.44953020308925E-15
 0.47343077987877E-15
 0.54041319353265E-15
 0.56038295590347E-15
 0.59943215737327E-15
 0.65421413726069E-15
 0.62175508382821E-15
 0.64056379289656E-15
 0.65363382687191E-15
 0.64465987234046E-15
 0.65136272945169E-15
 0.63549571341061E-15
 0.61774930092803E-15
 0.58352132221725E-15
 0.56116608190389E-15
 0.52402061217111E-15
 0.51288134536456E-15
 0.45568797192209E-15
 0.43207257393781E-15
 0.41143355170173E-15
 0.36221744926510E-15
 0.31559310342101E-15
 0.29134570679712E-15
 0.27153651475859E-15
 0.23731637237103E-15
 0.21350365883335E-15
 0.18289076874243E-15
 0.16097120145934E-15
 0.15697561645256E-15
 0.13948823813134E-15
 0.11992680980254E-15
 0.10180629862179E-15
 0.86061699204656E-16
 0.78753080631213E-16
 0.69218212127393E-16
 0.59196590674630E-16
 0.50530748911465E-16
 0.43724556463108E-16
 0.38133288337103E-16
 0.34308134882570E-16
 0.30261960100383E-16
 0.25125598861249E-16
 0.20829465346775E-16
 0.18104309571698E-16
 0.16501332620332E-16
 0.14200015179166E-16
 0.11785874100590E-16
 0.97639052719479E-17
 0.86005143844643E-17
 0.76415979812520E-17
 0.63978455679664E-17
 0.55491949118430E-17
 0.46294240023971E-17
 0.38815657794534E-17
 0.34236592084886E-17
 0.29423504727938E-17
 0.25012070945669E-17
 0.19871274399718E-17
 0.16546755527309E-17
 0.14870526775635E-17
 0.12807622805308E-17
 0.10973615475349E-17
 0.85580572150732E-18
 0.72499456398183E-18
 0.64598574832321E-18
 0.54084875207546E-18
 0.43024017242359E-18
 0.32150854790678E-18
 0.26127572186101E-18
 0.21786775096900E-18
 0.16027000749690E-18
 0.94523144572916E-19
 0.12083451137018E-20
   0.0000000000000000     
   0.0000000000000000     
   0.0000000000000000     
   0.0000000000000000     
   0.0000000000000000     
   0.0000000000000000     
   0.0000000000000000     
   0.0000000000000000     
   0.0000000000000000     
   0.0000000000000000     
   0.0000000000000000     
   0.0000000000000000     
   0.0000000000000000     
   0.0000000000000000     
   0.0000000000000000     
   0.0000000000000000     
   0.0000000000000000     
   0.0000000000000000     
   0.0000000000000000     
   0.0000000000000000     
   0.0000000000000000     
   0.0000000000000000     
   0.0000000000000000     
 0.63206049509706E-96
 0.13726544808087E-96
 0.49519438095832E-55
 0.30004133052870E-45
 0.36770654870520E-40
 0.57586088191810E-40
 0.69139811436651E-52
 0.63180022990589E-45
 0.28734979130240E-43
 0.91159086526325E-34
 0.72783646445045E-31
 0.10159056486761E-27
 0.55239170105826E-28
 0.22645769531657E-27
 0.19510438401344E-28
 0.98958578784515E-29
 0.56836425100871E-26
 0.66750071265141E-23
 0.52626358798011E-24
 0.46998932021478E-24
 0.63079625386535E-23
 0.34305394575276E-22
 0.28878912539642E-21
 0.66663230786281E-22
 0.21467852516546E-23
 0.15212300037402E-20
 0.32180963838153E-21
 0.13456918530269E-20
 0.39503323608054E-20
 0.47302769772343E-20
 0.82500103042360E-20
 0.67632820481264E-20
 0.21484787169633E-19
 0.92182527109733E-19
 0.20027025463181E-18
 0.11832586602798E-18
 0.18504071084068E-18
 0.28674425273092E-18
 0.66419853559899E-18
 0.15640551906497E-17
 0.25476431358615E-17
 0.37327016792594E-17
 0.69167602879134E-17
 0.86045848088595E-17
 0.13835473213024E-16
 0.22917423628655E-16
 0.38256629593926E-16
 0.53275028481420E-16
 0.68436115222012E-16
 0.92997415749331E-16
 0.12115615731253E-15
 0.16138535243859E-15
 0.20043520916067E-15
 0.23898988790449E-15
 0.26894794866804E-15
 0.30936975226154E-15
 0.38127968916969E-15
 0.42848245119831E-15
 0.46739147345786E-15
 0.50657373213537E-15
 0.51307006761034E-15
 0.57297796356665E-15
 0.61707944790990E-15
 0.64274795611224E-15
 0.62440066113923E-15
 0.63069731172589E-15
 0.64422703431004E-15
 0.65177738647685E-15
 0.66146980830012E-15
 0.62689075348380E-15
 0.63159979220658E-15
 0.56466434110298E-15
 0.57475856954514E-15
 0.53127171302186E-15
 0.49490554471570E-15
 0.46502962818321E-15
 0.42417299268471E-15
 0.38640328682154E-15
 0.33828492520699E-15
 0.31929075502400E-15
 0.27505194903390E-15
 0.27647150746956E-15
 0.25066061550136E-15
 0.21825135723280E-15
 0.18451904347791E-15
 0.16149516817332E-15
 0.14832485008794E-15
 0.12953359027032E-15
 0.11374607520359E-15
 0.97918399866540E-16
 0.85516420185366E-16
 0.77982630719628E-16
 0.67684970330525E-16
 0.60233684577698E-16
 0.51432216354672E-16
 0.41003026875028E-16
 0.38152615999136E-16
 0.34897703446259E-16
 0.29836531443807E-16
 0.25680244046708E-16
 0.20408300664541E-16
 0.18694374444028E-16
 0.16445924711173E-16
 0.13925589794060E-16
 0.12252499778978E-16
 0.10088964000221E-16
 0.88923138100796E-17
 0.78220345038078E-17
 0.67033315854933E-17
 0.56940538532033E-17
 0.46222622432914E-17
 0.39795802270045E-17
 0.35340577525452E-17
 0.30858618862275E-17
 0.26772764471279E-17
 0.21477015234992E-17
 0.18610240629375E-17
 0.17040461725965E-17
 0.14269695438296E-17
 0.11740706404890E-17
 0.96892267490747E-18
 0.87320712239674E-18
 0.79939435632914E-18
 0.70904426378583E-18
 0.60027130139397E-18
 0.49693873694674E-18
 0.57039423644589E-18
 0.56146697380048E-18
   0.0000000000000000     
   0.0000000000000000     
   0.0000000000000000     
   0.0000000000000000     
   0.0000000000000000     
   0.0000000000000000     
   0.0000000000000000     
   0.0000000000000000     
   0.0000000000000000     
   0.0000000000000000     
   0.0000000000000000     
   0.0000000000000000     
   0.0000000000000000     
   0.0000000000000000     
   0.0000000000000000     
   0.0000000000000000     
   0.0000000000000000     
   0.0000000000000000     
   0.0000000000000000     
   0.0000000000000000     
   0.0000000000000000     
   0.0000000000000000     
   0.0000000000000000     
   0.0000000000000000     
   0.0000000000000000     
 0.17268382588552E-93
 0.20302359175059E-94
 0.17688139670939E-76
 0.94094313593311E-75
 0.74730287721308E-74
 0.58954564871900E-48
 0.37488582353562E-39
 0.13306350509347E-40
 0.28991972105467E-46
 0.48960695788989E-38
 0.11699728265847E-33
 0.25774027876809E-29
 0.28556955157834E-29
 0.80160202337312E-27
 0.65587353365272E-27
 0.51907396518280E-29
 0.37968897592279E-26
 0.76803930301586E-23
 0.13461878504289E-22
 0.86325502940320E-23
 0.47763289730893E-25
 0.75984072118108E-25
 0.26122205036661E-22
 0.91742983292919E-22
 0.10972659256658E-21
 0.12898988642002E-21
 0.10122643326248E-20
 0.33921039030421E-21
 0.59184095926616E-21
 0.82668373627993E-20
 0.87669455358287E-20
 0.85581708195962E-20
 0.97975070010627E-20
 0.33391501524754E-19
 0.57246030227463E-19
 0.18925721934270E-18
 0.36363464093759E-18
 0.31682886751228E-18
 0.45785052035971E-18
 0.86725933563857E-18
 0.17113908598146E-17
 0.23215862430793E-17
 0.38972727424730E-17
 0.68668753721443E-17
 0.11203754012321E-16
 0.17937158070935E-16
 0.30270991457881E-16
 0.45782538632368E-16
 0.59276063119804E-16
 0.75070518181170E-16
 0.10219170745492E-15
 0.12841363807228E-15
 0.17350777532850E-15
 0.22311446561998E-15
 0.24486387212784E-15
 0.28284710575374E-15
 0.33272922184527E-15
 0.37325129339257E-15
 0.45010154761582E-15
 0.48115167961736E-15
 0.50981461476795E-15
 0.52609864246368E-15
 0.57912723117875E-15
 0.61806912996623E-15
 0.64906266066892E-15
 0.65580104001976E-15
 0.64581674690509E-15
 0.67306906425643E-15
 0.63454326469651E-15
 0.68337925861160E-15
 0.61422447855131E-15
 0.59576694673487E-15
 0.56635798372698E-15
 0.55105231980557E-15
 0.50729897007922E-15
 0.49126286958641E-15
 0.43856607737708E-15
 0.41913774317384E-15
 0.40383640938839E-15
 0.35507225005297E-15
 0.32467512544392E-15
 0.28868823068921E-15
 0.26067817849678E-15
 0.23357862964194E-15
 0.20269288189206E-15
 0.18593943364810E-15
 0.17015221824073E-15
 0.15060994083838E-15
 0.13109534706846E-15
 0.11313933399098E-15
 0.97686312615615E-16
 0.86144674547574E-16
 0.77960682787381E-16
 0.68722681637903E-16
 0.61054948769801E-16
 0.52088703104344E-16
 0.43881033496591E-16
 0.38061403732402E-16
 0.33705582096378E-16
 0.30204649506133E-16
 0.25944143802520E-16
 0.21952028705103E-16
 0.19553143896645E-16
 0.17060845777085E-16
 0.14609009798095E-16
 0.12314901040235E-16
 0.98296087819335E-17
 0.88682466391329E-17
 0.80801522026929E-17
 0.71070096219625E-17
 0.60445076286123E-17
 0.49259286425551E-17
 0.43503681708739E-17
 0.38296985167889E-17
 0.33916205311492E-17
 0.29390064288330E-17
 0.25146560377267E-17
 0.22416485222806E-17
 0.20581018891902E-17
 0.18569039048330E-17
 0.16664324005930E-17
 0.16740294085503E-17
 0.15233732709757E-17
 0.13324067336015E-17
 0.10570916973082E-17
 0.79741007671675E-18
   0.0000000000000000     
   0.0000000000000000     
   0.0000000000000000     
   0.0000000000000000     
   0.0000000000000000     
   0.0000000000000000     
   0.0000000000000000     
   0.0000000000000000     
   0.0000000000000000     
   0.0000000000000000     
   0.0000000000000000     
   0.0000000000000000     
   0.0000000000000000     
   0.0000000000000000     
   0.0000000000000000     
   0.0000000000000000     
   0.0000000000000000     
   0.0000000000000000     
   0.0000000000000000     
   0.0000000000000000     
   0.0000000000000000     
   0.0000000000000000     
   0.0000000000000000     
   0.0000000000000000     
   0.0000000000000000     
   0.0000000000000000     
   0.0000000000000000     
   0.0000000000000000     
   0.0000000000000000     
   0.0000000000000000     
 0.15199673576814E-53
 0.38869612365065E-49
 0.20504885384388E-51
 0.28326337033726E-38
 0.71822496722250E-40
 0.44683316728696E-38
 0.96129835144620E-38
 0.12071822148251E-35
 0.11287926064610E-29
 0.44026824595509E-29
 0.13735856604893E-28
 0.78823140108981E-29
 0.17881686275718E-27
 0.20177697055593E-28
 0.22494195289592E-26
 0.20254614062782E-25
 0.83415417589403E-23
 0.99884062807330E-23
 0.39142561864074E-24
 0.49162151793080E-24
 0.73704962724715E-22
 0.25440950377443E-22
 0.12443400395669E-21
 0.69724028425887E-21
 0.76680003408392E-21
 0.25574579813598E-20
 0.29143077789843E-20
 0.12042152488492E-19
 0.89720088319221E-20
 0.12472673070991E-19
 0.34004810266608E-19
 0.71628449681694E-19
 0.98667496300227E-19
 0.15889083749345E-18
 0.20412744736384E-18
 0.22090562163023E-18
 0.34653324442500E-18
 0.90668657964420E-18
 0.20684701348462E-17
 0.40581319666646E-17
 0.66030683532646E-17
 0.10421242094291E-16
 0.12917716129384E-16
 0.19861624076126E-16
 0.33611132277002E-16
 0.49465746538173E-16
 0.62335444875034E-16
 0.87209200718932E-16
 0.10978438860491E-15
 0.14155635039061E-15
 0.19003117070450E-15
 0.21952698081359E-15
 0.25887068147409E-15
 0.29646595226188E-15
 0.34828026113803E-15
 0.39378177106116E-15
 0.45756652307743E-15
 0.48638997917097E-15
 0.52607089864194E-15
 0.54620933415379E-15
 0.60790591127944E-15
 0.61535086080940E-15
 0.64136802827753E-15
 0.64786826616561E-15
 0.63166473325614E-15
 0.63354343392787E-15
 0.65829879393900E-15
 0.65013871621719E-15
 0.62140452080411E-15
 0.58847531702581E-15
 0.56440806943761E-15
 0.55472625221535E-15
 0.51951774863003E-15
 0.47044707270659E-15
 0.45202497120753E-15
 0.41269450207285E-15
 0.37990210695039E-15
 0.34293461362786E-15
 0.32808514545285E-15
 0.29354215524111E-15
 0.26359559921965E-15
 0.23729735370490E-15
 0.20365703175927E-15
 0.18005427067395E-15
 0.16870299695390E-15
 0.14845740280498E-15
 0.12960850569156E-15
 0.11757328237176E-15
 0.99669207931835E-16
 0.87495332225825E-16
 0.77633133733547E-16
 0.68293061750718E-16
 0.61206022520744E-16
 0.53438711460663E-16
 0.46698028188919E-16
 0.41479391808995E-16
 0.35379194663334E-16
 0.30614217060182E-16
 0.25531991730807E-16
 0.21502442643266E-16
 0.19414263020358E-16
 0.17775838692610E-16
 0.15314639755634E-16
 0.13007810456854E-16
 0.10829226664182E-16
 0.98696595286431E-17
 0.87315298523586E-17
 0.76823736805026E-17
 0.66624497149971E-17
 0.58986759408467E-17
 0.51457894030538E-17
 0.47039556035603E-17
 0.42795391543071E-17
 0.39618283190647E-17
 0.36059378605274E-17
 0.32435832002129E-17
 0.31158199465528E-17
 0.29012769060284E-17
 0.21704558684055E-17
 0.12445801504357E-17
   0.0000000000000000     
   0.0000000000000000     
   0.0000000000000000     
   0.0000000000000000     
   0.0000000000000000     
   0.0000000000000000     
   0.0000000000000000     
   0.0000000000000000     
   0.0000000000000000     
   0.0000000000000000     
   0.0000000000000000     
   0.0000000000000000     
   0.0000000000000000     
   0.0000000000000000     
   0.0000000000000000     
   0.0000000000000000     
   0.0000000000000000     
   0.0000000000000000     
   0.0000000000000000     
   0.0000000000000000     
   0.0000000000000000     
   0.0000000000000000     
   0.0000000000000000     
   0.0000000000000000     
   0.0000000000000000     
   0.0000000000000000     
   0.0000000000000000     
   0.0000000000000000     
   0.0000000000000000     
   0.0000000000000000     
   0.0000000000000000     
 0.19626556112661E-77
 0.58613618031840E-68
 0.49722644435071E-56
 0.89456445321510E-55
 0.20967205987394E-41
 0.51658218757935E-40
 0.17842112437521E-43
 0.65027757997716E-50
 0.10117498346355E-43
 0.11565304182694E-39
 0.11815167105040E-31
 0.13995906236888E-29
 0.71575042834068E-29
 0.57589014461772E-29
 0.95063281517595E-28
 0.55569728341430E-27
 0.75205243112123E-26
 0.37373361785017E-25
 0.31362868386537E-25
 0.57736675869216E-27
 0.14082693143754E-25
 0.10931902464356E-24
 0.30367832831863E-23
 0.13619730345541E-21
 0.12299742829140E-20
 0.27473901939763E-21
 0.29710308462913E-21
 0.17781736081993E-21
 0.91934347349777E-21
 0.11585591746849E-19
 0.22174572922668E-19
 0.11417676619377E-19
 0.17334334397804E-19
 0.30188261693023E-19
 0.39903276570587E-19
 0.73123148152914E-19
 0.12386206144347E-18
 0.31331110069694E-18
 0.33321698754434E-18
 0.60452540023879E-18
 0.13811903816843E-17
 0.25618999139937E-17
 0.38947314016204E-17
 0.56009194815724E-17
 0.98289783262780E-17
 0.16380174563510E-16
 0.24914029319867E-16
 0.40434339594872E-16
 0.52244678446317E-16
 0.70256260603856E-16
 0.88632626102375E-16
 0.11940853509193E-15
 0.15419930683978E-15
 0.20478671955483E-15
 0.23012110287837E-15
 0.26704477637701E-15
 0.31293700150656E-15
 0.36790107777927E-15
 0.41521523245474E-15
 0.47649935380208E-15
 0.47286274226560E-15
 0.53185847944149E-15
 0.54486374565064E-15
 0.58279172708699E-15
 0.63833567714760E-15
 0.64494607129479E-15
 0.64948238156325E-15
 0.64329144420665E-15
 0.64751593286612E-15
 0.65393603455842E-15
 0.64517461921628E-15
 0.60304528784186E-15
 0.59070518543988E-15
 0.56661017584400E-15
 0.54359976199664E-15
 0.51983895475896E-15
 0.50007809580035E-15
 0.45183246248430E-15
 0.42256026978525E-15
 0.37967800156657E-15
 0.34449626253926E-15
 0.30469069671220E-15
 0.29295831329102E-15
 0.26536188776814E-15
 0.23132561578509E-15
 0.20795758100947E-15
 0.18408504955088E-15
 0.16274246469099E-15
 0.14974072140297E-15
 0.13129827434347E-15
 0.11838067676921E-15
 0.10170813764679E-15
 0.91034799606142E-16
 0.79494819998000E-16
 0.71222399193487E-16
 0.60008192406675E-16
 0.50967525683836E-16
 0.45535275875032E-16
 0.41308195567161E-16
 0.37047497028809E-16
 0.31866928712442E-16
 0.26569321644021E-16
 0.23624883125756E-16
 0.21444243222839E-16
 0.18936095516659E-16
 0.16170630093592E-16
 0.14300422639839E-16
 0.12460027544580E-16
 0.11142248021323E-16
 0.10362082464087E-16
 0.92701320142067E-17
 0.82257333325019E-17
 0.76412157319606E-17
 0.70558782779784E-17
 0.65125480370398E-17
 0.58102786831030E-17
 0.50321978248786E-17
 0.50990012838002E-17
 0.37524848258012E-17
 0.47197997859652E-18
   0.0000000000000000     
   0.0000000000000000     
   0.0000000000000000     
   0.0000000000000000     
   0.0000000000000000     
   0.0000000000000000     
   0.0000000000000000     
   0.0000000000000000     
   0.0000000000000000     
   0.0000000000000000     
   0.0000000000000000     
   0.0000000000000000     
   0.0000000000000000     
   0.0000000000000000     
   0.0000000000000000     
   0.0000000000000000     
   0.0000000000000000     
   0.0000000000000000     
   0.0000000000000000     
   0.0000000000000000     
   0.0000000000000000     
   0.0000000000000000     
   0.0000000000000000     
   0.0000000000000000     
   0.0000000000000000     
   0.0000000000000000     
   0.0000000000000000     
   0.0000000000000000     
   0.0000000000000000     
   0.0000000000000000     
   0.0000000000000000     
   0.0000000000000000     
   0.0000000000000000     
 0.15658492996790E-95
 0.18915479628559E-72
 0.21822547013226E-61
 0.59259210501109E-60
 0.93880932196938E-54
 0.31776857782726E-50
 0.19407160530493E-51
 0.66853112484058E-49
 0.25375943770381E-47
 0.16630574457601E-36
 0.24968889610028E-36
 0.51960555898979E-30
 0.14841462003300E-27
 0.46010733675348E-27
 0.52358377453277E-28
 0.20983635768860E-28
 0.18347143273047E-29
 0.14781249849510E-26
 0.17285538491130E-25
 0.56459296761041E-26
 0.34116461907353E-26
 0.53313187446018E-25
 0.25956789143902E-23
 0.13412304095470E-22
 0.11215053684519E-22
 0.11309451528049E-22
 0.46846263910598E-21
 0.62066721705738E-21
 0.68712173541480E-21
 0.27387879897994E-20
 0.11207014527238E-19
 0.85995240799645E-20
 0.84173052148579E-20
 0.12527669360886E-19
 0.11679000214077E-19
 0.42749760220193E-19
 0.17983712432957E-18
 0.41139987201648E-18
 0.29478987558671E-18
 0.25899172250584E-18
 0.53558079834498E-18
 0.15166082897466E-17
 0.38590804594601E-17
 0.45469587161096E-17
 0.79416109376521E-17
 0.12642174755911E-16
 0.19418729604429E-16
 0.27871014450819E-16
 0.44876818427156E-16
 0.58539128485827E-16
 0.77654301154381E-16
 0.95810785294219E-16
 0.12904781187128E-15
 0.17099139741923E-15
 0.21451747521246E-15
 0.25046132234011E-15
 0.27719322585984E-15
 0.31778622175133E-15
 0.38431006819117E-15
 0.42437799289128E-15
 0.45837279635945E-15
 0.49629907766461E-15
 0.53013335210377E-15
 0.56182745920669E-15
 0.60268456596850E-15
 0.64117208673523E-15
 0.62425738323483E-15
 0.63580679021317E-15
 0.63733379308458E-15
 0.65176412194307E-15
 0.66877952514017E-15
 0.65559146879882E-15
 0.64130762582615E-15
 0.60580400557115E-15
 0.58562698371444E-15
 0.55948753527323E-15
 0.51588778306378E-15
 0.48275012342788E-15
 0.45429087938321E-15
 0.41557935403783E-15
 0.38184288182307E-15
 0.34189026511051E-15
 0.31170902114508E-15
 0.29666336888725E-15
 0.26551944028498E-15
 0.23318390587326E-15
 0.21143939527908E-15
 0.18964678307002E-15
 0.17261932519649E-15
 0.14922042925139E-15
 0.13183832334971E-15
 0.11572781635063E-15
 0.10152333264573E-15
 0.95000963406050E-16
 0.84191904218520E-16
 0.73292763696696E-16
 0.63812319186343E-16
 0.55937671447346E-16
 0.48543419034680E-16
 0.43521645946921E-16
 0.38119830556732E-16
 0.32495427713493E-16
 0.29014834527135E-16
 0.26091732568203E-16
 0.23671576979724E-16
 0.21482791665825E-16
 0.19164539826435E-16
 0.17199200609587E-16
 0.15317635391315E-16
 0.14104723095680E-16
 0.13182354613796E-16
 0.12324598626670E-16
 0.10931486828362E-16
 0.96490139237144E-17
 0.85562960638691E-17
 0.72964885287799E-17
 0.52566853528232E-17
   0.0000000000000000     
   0.0000000000000000     
   0.0000000000000000     
   0.0000000000000000     
   0.0000000000000000     
   0.0000000000000000     
   0.0000000000000000     
   0.0000000000000000     
   0.0000000000000000     
   0.0000000000000000     
   0.0000000000000000     
   0.0000000000000000     
   0.0000000000000000     
   0.0000000000000000     
   0.0000000000000000     
   0.0000000000000000     
   0.0000000000000000     
   0.0000000000000000     
   0.0000000000000000     
   0.0000000000000000     
   0.0000000000000000     
   0.0000000000000000     
   0.0000000000000000     
   0.0000000000000000     
   0.0000000000000000     
   0.0000000000000000     
   0.0000000000000000     
   0.0000000000000000     
   0.0000000000000000     
   0.0000000000000000     
   0.0000000000000000     
   0.0000000000000000     
   0.0000000000000000     
   0.0000000000000000     
   0.0000000000000000     
   0.0000000000000000     
 0.62272044911195E-85
 0.24047804856670E-62
 0.94358411805789E-62
 0.11933674719984E-61
 0.66597157389149E-70
 0.10370513588550E-59
 0.26312903548204E-38
 0.65845918514041E-38
 0.33579028604610E-30
 0.26498664282358E-31
 0.41830262030853E-30
 0.41750090724493E-30
 0.18298366162588E-30
 0.27986641842609E-32
 0.84756053014245E-30
 0.51766547699601E-30
 0.24914462387255E-27
 0.29522910240003E-26
 0.30953600855985E-25
 0.42964307484004E-24
 0.11359048041655E-23
 0.11452084323367E-24
 0.14733735467900E-23
 0.23055193116078E-22
 0.66151933856849E-22
 0.12671687409386E-21
 0.44604002071302E-21
 0.60584974133112E-21
 0.39267899477403E-21
 0.50471493559255E-21
 0.17721784278041E-20
 0.47670977116393E-20
 0.14704502915125E-19
 0.26348544601642E-19
 0.10399925684880E-19
 0.65465337286534E-20
 0.20226178948183E-19
 0.13209539754972E-18
 0.39835568166530E-18
 0.55790782792205E-18
 0.67940363178697E-18
 0.11646976333354E-17
 0.20842651243663E-17
 0.44609345765166E-17
 0.52708850705069E-17
 0.82332685989119E-17
 0.13605051298356E-16
 0.20941408446583E-16
 0.33322077555666E-16
 0.47409328527085E-16
 0.63156775578686E-16
 0.79614354906103E-16
 0.11116910770898E-15
 0.13368412901478E-15
 0.18612264547172E-15
 0.21908241556636E-15
 0.24508825778491E-15
 0.28725874148936E-15
 0.33299656631449E-15
 0.38294981511174E-15
 0.43458110804964E-15
 0.47878344220637E-15
 0.49196252784682E-15
 0.52240169654281E-15
 0.56891062134392E-15
 0.61196923513343E-15
 0.64572787648140E-15
 0.64906725244269E-15
 0.65861859193346E-15
 0.66272298485410E-15
 0.68647333065041E-15
 0.69582500152046E-15
 0.65489306805103E-15
 0.63003115570457E-15
 0.60743344278154E-15
 0.57337302392906E-15
 0.54988328950760E-15
 0.51668126997072E-15
 0.48175629327274E-15
 0.44732879782486E-15
 0.41588632430975E-15
 0.38277597927711E-15
 0.35139864587440E-15
 0.32665590892294E-15
 0.29593876967556E-15
 0.26221043375098E-15
 0.23053929211270E-15
 0.20757093790890E-15
 0.19475574769035E-15
 0.17828389480686E-15
 0.15882574027851E-15
 0.14028575498251E-15
 0.12495270221908E-15
 0.10997098631417E-15
 0.96715882052487E-16
 0.85385300909584E-16
 0.74666144690790E-16
 0.64015416861833E-16
 0.57523010713986E-16
 0.53648353439997E-16
 0.49034355445682E-16
 0.43282347524981E-16
 0.38384980940065E-16
 0.34181695652634E-16
 0.30322159726388E-16
 0.28381117641582E-16
 0.26472728276861E-16
 0.23878566151828E-16
 0.21915455056049E-16
 0.19857251704847E-16
 0.20072071137061E-16
 0.16784474653025E-16
 0.13403158764692E-16
 0.72500579418917E-17
   0.0000000000000000     
   0.0000000000000000     
   0.0000000000000000     
   0.0000000000000000     
   0.0000000000000000     
   0.0000000000000000     
   0.0000000000000000     
   0.0000000000000000     
   0.0000000000000000     
   0.0000000000000000     
   0.0000000000000000     
   0.0000000000000000     
   0.0000000000000000     
   0.0000000000000000     
   0.0000000000000000     
   0.0000000000000000     
   0.0000000000000000     
   0.0000000000000000     
   0.0000000000000000     
   0.0000000000000000     
   0.0000000000000000     
   0.0000000000000000     
   0.0000000000000000     
   0.0000000000000000     
   0.0000000000000000     
   0.0000000000000000     
   0.0000000000000000     
   0.0000000000000000     
   0.0000000000000000     
   0.0000000000000000     
   0.0000000000000000     
   0.0000000000000000     
   0.0000000000000000     
   0.0000000000000000     
   0.0000000000000000     
   0.0000000000000000     
   0.0000000000000000     
 0.36994408396923E-70
 0.31846389517276E-71
 0.49379672064898E-93
 0.96421864077830E-80
 0.32764022429609E-70
 0.11386164289017E-62
 0.62695206297086E-58
 0.13779758739445E-52
 0.11208463418621E-43
 0.57643300363423E-43
 0.98876142553274E-31
 0.53985057826132E-32
 0.29577392921989E-36
 0.10017523159108E-36
 0.41431371687962E-34
 0.85220158311373E-28
 0.67624032184166E-27
 0.59713407758995E-29
 0.66736015134273E-32
 0.69625651378346E-28
 0.51035191006584E-27
 0.20725702123732E-23
 0.63534475129911E-23
 0.28970968648646E-23
 0.38532028995307E-25
 0.54619698321836E-25
 0.10123859195397E-23
 0.26992174190471E-22
 0.26741635542294E-22
 0.28237130614559E-21
 0.41315214478119E-22
 0.44554152574635E-21
 0.29276231605905E-20
 0.19191836760207E-20
 0.23005077427991E-20
 0.86672336405967E-20
 0.94334223674414E-20
 0.19864408769056E-19
 0.10182668172582E-18
 0.15818831881127E-18
 0.51397191262117E-18
 0.30858099681585E-18
 0.42134516771187E-18
 0.51596255512714E-18
 0.14087418745413E-17
 0.27252086796844E-17
 0.53611949221102E-17
 0.75639192994792E-17
 0.97952477794905E-17
 0.15926646344574E-16
 0.23813963696953E-16
 0.38487380394384E-16
 0.52748820108655E-16
 0.66890891264920E-16
 0.84599793144294E-16
 0.11082374076342E-15
 0.14498245190851E-15
 0.19306837086737E-15
 0.21873060208836E-15
 0.25690842858985E-15
 0.29542234656652E-15
 0.33990484168110E-15
 0.38921712869039E-15
 0.44457222156430E-15
 0.47601277133692E-15
 0.51713908124559E-15
 0.54643103683936E-15
 0.59019308261291E-15
 0.65933288852452E-15
 0.67279229648178E-15
 0.66949618292543E-15
 0.67433303224980E-15
 0.67587475720510E-15
 0.67333244839898E-15
 0.67402209598875E-15
 0.66201339371198E-15
 0.64240503688030E-15
 0.59236319961139E-15
 0.57144977938054E-15
 0.56003965056760E-15
 0.53387586066367E-15
 0.49814070330693E-15
 0.46131230301643E-15
 0.41319142134763E-15
 0.37803643829274E-15
 0.35468544423763E-15
 0.33129382978071E-15
 0.30153598576790E-15
 0.27359892535874E-15
 0.25108840330111E-15
 0.23149129507850E-15
 0.20366326369347E-15
 0.18226148923578E-15
 0.16217598759761E-15
 0.14087146220369E-15
 0.12526141004840E-15
 0.11061290458731E-15
 0.10329296350713E-15
 0.95881680558301E-16
 0.84311526018637E-16
 0.75394293109137E-16
 0.67346357874610E-16
 0.61529463453256E-16
 0.56603857024622E-16
 0.50935824249095E-16
 0.46478684164137E-16
 0.42977152765147E-16
 0.40325205061961E-16
 0.37296049456118E-16
 0.33485012611859E-16
 0.29888412875270E-16
 0.27281688810840E-16
 0.19821197734983E-16
 0.33411634745641E-17
   0.0000000000000000     
   0.0000000000000000     
   0.0000000000000000     
   0.0000000000000000     
   0.0000000000000000     
   0.0000000000000000     
   0.0000000000000000     
   0.0000000000000000     
   0.0000000000000000     
   0.0000000000000000     
   0.0000000000000000     
   0.0000000000000000     
   0.0000000000000000     
   0.0000000000000000     
   0.0000000000000000     
   0.0000000000000000     
   0.0000000000000000     
   0.0000000000000000     
   0.0000000000000000     
   0.0000000000000000     
   0.0000000000000000     
   0.0000000000000000     
   0.0000000000000000     
   0.0000000000000000     
   0.0000000000000000     
   0.0000000000000000     
   0.0000000000000000     
   0.0000000000000000     
   0.0000000000000000     
   0.0000000000000000     
   0.0000000000000000     
   0.0000000000000000     
   0.0000000000000000     
   0.0000000000000000     
   0.0000000000000000     
   0.0000000000000000     
   0.0000000000000000     
   0.0000000000000000     
   0.0000000000000000     
   0.0000000000000000     
   0.0000000000000000     
 0.46847308529876E-94
 0.43851550134590E-87
 0.20390253660289E-82
 0.23786414675290E-72
 0.12531147076318E-55
 0.94624098357607E-53
 0.86256872399761E-46
 0.50122146071920E-39
 0.13456337805112E-40
 0.58557826236843E-47
 0.34239245418618E-34
 0.12756654923459E-33
 0.62860454990417E-34
 0.73775826253295E-35
 0.48569690872523E-32
 0.12363289493579E-32
 0.17547855987683E-23
 0.71364923242978E-24
 0.79637507724634E-27
 0.23756846345214E-26
 0.53643457386890E-26
 0.71809949790349E-26
 0.10314285176299E-22
 0.65121140458919E-23
 0.35091283518264E-23
 0.42127420176496E-23
 0.13609589907764E-21
 0.13872917607258E-20
 0.26242962834430E-21
 0.38592579987486E-23
 0.18905919988453E-22
 0.47698687667150E-21
 0.27870873083740E-21
 0.87213509304142E-19
 0.44112048215098E-19
 0.17651231221785E-19
 0.15039539429424E-19
 0.60181955749751E-19
 0.56052045471236E-19
 0.31853453678456E-18
 0.31557920306347E-18
 0.38797084376161E-18
 0.86739464064596E-18
 0.14627015706435E-17
 0.29314008074097E-17
 0.59513990428034E-17
 0.63950637653661E-17
 0.10097775305452E-16
 0.15009554479028E-16
 0.23949923872901E-16
 0.39481154470165E-16
 0.52039276195113E-16
 0.67513423281312E-16
 0.91851196852460E-16
 0.11849971541715E-15
 0.15458484483688E-15
 0.19647151666857E-15
 0.22716081364268E-15
 0.26367945117303E-15
 0.30561609789116E-15
 0.35570278040159E-15
 0.41803263094271E-15
 0.46946681953753E-15
 0.49815437473673E-15
 0.52967445159363E-15
 0.57645626062173E-15
 0.61453347422948E-15
 0.65201802574954E-15
 0.65623575797508E-15
 0.67631963556281E-15
 0.68407807945368E-15
 0.67730122193735E-15
 0.69839524151210E-15
 0.70116903621317E-15
 0.67857481505305E-15
 0.65096305584586E-15
 0.61411497895634E-15
 0.59045762306797E-15
 0.57124233117548E-15
 0.54358672754633E-15
 0.51158642828411E-15
 0.47491403283293E-15
 0.43467002410612E-15
 0.40617102525125E-15
 0.37787533765374E-15
 0.34734767558465E-15
 0.31281588035155E-15
 0.28382632960812E-15
 0.25577178268194E-15
 0.23200144598401E-15
 0.21259052715302E-15
 0.19392126510748E-15
 0.17637098752073E-15
 0.15950113708933E-15
 0.14372373081432E-15
 0.12972460436440E-15
 0.11768403798113E-15
 0.10737747631492E-15
 0.97141119645562E-16
 0.89178092307971E-16
 0.81597301622678E-16
 0.77242534591612E-16
 0.72561231444470E-16
 0.67653153364377E-16
 0.58425195370451E-16
 0.51830120759064E-16
 0.46900208076523E-16
 0.41157536741674E-16
 0.25053326565959E-16
   0.0000000000000000     
   0.0000000000000000     
   0.0000000000000000     
   0.0000000000000000     
   0.0000000000000000     
   0.0000000000000000     
   0.0000000000000000     
   0.0000000000000000     
   0.0000000000000000     
   0.0000000000000000     
   0.0000000000000000     
   0.0000000000000000     
   0.0000000000000000     
   0.0000000000000000     
   0.0000000000000000     
   0.0000000000000000     
   0.0000000000000000     
   0.0000000000000000     
   0.0000000000000000     
   0.0000000000000000     
   0.0000000000000000     
   0.0000000000000000     
   0.0000000000000000     
   0.0000000000000000     
   0.0000000000000000     
   0.0000000000000000     
   0.0000000000000000     
   0.0000000000000000     
   0.0000000000000000     
   0.0000000000000000     
   0.0000000000000000     
   0.0000000000000000     
   0.0000000000000000     
   0.0000000000000000     
   0.0000000000000000     
   0.0000000000000000     
   0.0000000000000000     
   0.0000000000000000     
   0.0000000000000000     
   0.0000000000000000     
   0.0000000000000000     
   0.0000000000000000     
   0.0000000000000000     
   0.0000000000000000     
   0.0000000000000000     
 0.52475489633280E-89
   0.0000000000000000     
 0.13534786172771E-86
 0.19893758346861E-83
 0.26832657222105E-57
 0.17931434734291E-59
 0.88999390102932E-57
 0.11507189504395E-36
 0.66550471293922E-49
 0.33323253079727E-46
 0.99017465824153E-43
 0.57419538549793E-37
 0.93800842696294E-35
 0.18295477518707E-31
 0.23923390281102E-27
 0.41152157803143E-27
 0.24121796674197E-27
 0.17859256503473E-29
 0.42080288917902E-28
 0.14943837083547E-24
 0.58063492621337E-24
 0.96238502004237E-24
 0.41125080593598E-22
 0.69685194132908E-22
 0.54231050266303E-25
 0.47647700181689E-24
 0.37863124269140E-23
 0.15873103956368E-21
 0.89926794107218E-23
 0.66575485415772E-21
 0.92225473430810E-22
 0.63396843754251E-21
 0.47124592083593E-20
 0.13078447076632E-19
 0.13621126107193E-19
 0.24921252919584E-19
 0.56610091949932E-19
 0.68698215734366E-19
 0.20469388331808E-18
 0.47260051908034E-18
 0.21959794639521E-18
 0.61950563483010E-18
 0.77738475864880E-18
 0.16691907574503E-17
 0.28426493119774E-17
 0.45943976351713E-17
 0.72306162820020E-17
 0.11061022164163E-16
 0.17345449781037E-16
 0.28104326298323E-16
 0.43264692723646E-16
 0.55784241118316E-16
 0.75145637532454E-16
 0.96155111487365E-16
 0.12553380817818E-15
 0.16138857345742E-15
 0.20408520407868E-15
 0.24163737478167E-15
 0.27645671384289E-15
 0.31706754506522E-15
 0.37448390372443E-15
 0.44191675437990E-15
 0.47882417686289E-15
 0.50912186276895E-15
 0.54970659238585E-15
 0.57765935812286E-15
 0.62879127962592E-15
 0.68080319545270E-15
 0.68186604110664E-15
 0.69559688133302E-15
 0.70132048907166E-15
 0.70950629140800E-15
 0.73073343635352E-15
 0.71453407021316E-15
 0.69921017366752E-15
 0.67706997088871E-15
 0.65534222131033E-15
 0.62950668315893E-15
 0.59673022341581E-15
 0.56677539053211E-15
 0.52920241481590E-15
 0.48793536351436E-15
 0.45299845604748E-15
 0.42661979036431E-15
 0.39907357371001E-15
 0.37205866623838E-15
 0.34263025800811E-15
 0.31220202574923E-15
 0.28430873082023E-15
 0.25889698105706E-15
 0.23718567071062E-15
 0.21735726971624E-15
 0.19660477700737E-15
 0.17734927275036E-15
 0.16261616636620E-15
 0.15103124141796E-15
 0.14206160265465E-15
 0.13274502044323E-15
 0.12151649000915E-15
 0.11538250913599E-15
 0.11309239648756E-15
 0.99709460977447E-16
 0.83978858797484E-16
 0.65414693572299E-16
 0.34120773566286E-16
   0.0000000000000000     
   0.0000000000000000     
   0.0000000000000000     
   0.0000000000000000     
   0.0000000000000000     
   0.0000000000000000     
   0.0000000000000000     
   0.0000000000000000     
   0.0000000000000000     
   0.0000000000000000     
   0.0000000000000000     
   0.0000000000000000     
   0.0000000000000000     
   0.0000000000000000     
   0.0000000000000000     
   0.0000000000000000     
   0.0000000000000000     
   0.0000000000000000     
   0.0000000000000000     
   0.0000000000000000     
   0.0000000000000000     
   0.0000000000000000     
   0.0000000000000000     
   0.0000000000000000     
   0.0000000000000000     
   0.0000000000000000     
   0.0000000000000000     
   0.0000000000000000     
   0.0000000000000000     
   0.0000000000000000     
   0.0000000000000000     
   0.0000000000000000     
   0.0000000000000000     
   0.0000000000000000     
   0.0000000000000000     
   0.0000000000000000     
   0.0000000000000000     
   0.0000000000000000     
   0.0000000000000000     
   0.0000000000000000     
   0.0000000000000000     
   0.0000000000000000     
   0.0000000000000000     
   0.0000000000000000     
   0.0000000000000000     
   0.0000000000000000     
   0.0000000000000000     
   0.0000000000000000     
 0.40454333188726E-96
 0.94222559716746E-94
 0.54380961288141E-70
 0.62827027052629E-64
 0.18576199510905E-64
 0.83952228159950E-72
 0.53806578215346E-63
 0.36123077913425E-61
 0.51396611808019E-39
 0.32321586949729E-38
 0.34837942738870E-36
 0.40920552035710E-36
 0.15523693311675E-31
 0.11653154450249E-31
 0.48788738221845E-32
 0.30576708026825E-31
 0.18494060856444E-31
 0.38473652597164E-28
 0.63124460250415E-28
 0.27257495739572E-26
 0.36897644396165E-26
 0.31550341061257E-26
 0.38738168421936E-26
 0.18898338415540E-25
 0.25157524334626E-24
 0.80330210997352E-25
 0.49273116421588E-24
 0.69446389106587E-23
 0.19486931633074E-21
 0.60751307702548E-22
 0.25809792359907E-20
 0.26130885461590E-20
 0.73313911468377E-22
 0.21558740602528E-19
 0.59285274470685E-20
 0.69690850442417E-20
 0.59190472703513E-20
 0.89860529878862E-20
 0.77294117595224E-19
 0.22189497625428E-18
 0.38302460285155E-18
 0.23537110064220E-18
 0.55019196202036E-18
 0.96719105510383E-18
 0.18119257236996E-17
 0.34720006808394E-17
 0.52983386091007E-17
 0.80794222978104E-17
 0.12936737828219E-16
 0.19935722380439E-16
 0.30707463160252E-16
 0.45026481786356E-16
 0.57668956884475E-16
 0.76481700053444E-16
 0.10280422263520E-15
 0.13233276621610E-15
 0.17326734237386E-15
 0.21038968312622E-15
 0.24615662145162E-15
 0.29210619953242E-15
 0.33424718700441E-15
 0.38094292952585E-15
 0.45560946126024E-15
 0.48142270712974E-15
 0.51437495311656E-15
 0.55224799283615E-15
 0.60858219330501E-15
 0.65301018796145E-15
 0.68715908859085E-15
 0.70117841192911E-15
 0.72035529927757E-15
 0.74548511867216E-15
 0.75694784818801E-15
 0.75093557042964E-15
 0.73874563456151E-15
 0.71697051316004E-15
 0.69358901221197E-15
 0.67137942734196E-15
 0.64576775399948E-15
 0.62614584303997E-15
 0.59844738006505E-15
 0.56754051564695E-15
 0.53296432439475E-15
 0.49795400535668E-15
 0.46261712542791E-15
 0.42597575690971E-15
 0.39542811473772E-15
 0.36783588338609E-15
 0.34179181163492E-15
 0.31572135686621E-15
 0.29136704339150E-15
 0.27344373849716E-15
 0.25514423049544E-15
 0.23865532527877E-15
 0.22222086011217E-15
 0.20653016663653E-15
 0.19094535899978E-15
 0.17538972090181E-15
 0.16411213455387E-15
 0.15603500127238E-15
 0.12175057897108E-15
 0.85104816464444E-16
   0.0000000000000000     
   0.0000000000000000     
   0.0000000000000000     
   0.0000000000000000     
   0.0000000000000000     
   0.0000000000000000     
   0.0000000000000000     
   0.0000000000000000     
   0.0000000000000000     
   0.0000000000000000     
   0.0000000000000000     
   0.0000000000000000     
   0.0000000000000000     
   0.0000000000000000     
   0.0000000000000000     
   0.0000000000000000     
   0.0000000000000000     
   0.0000000000000000     
   0.0000000000000000     
   0.0000000000000000     
   0.0000000000000000     
   0.0000000000000000     
   0.0000000000000000     
   0.0000000000000000     
   0.0000000000000000     
   0.0000000000000000     
   0.0000000000000000     
   0.0000000000000000     
   0.0000000000000000     
   0.0000000000000000     
   0.0000000000000000     
   0.0000000000000000     
   0.0000000000000000     
   0.0000000000000000     
   0.0000000000000000     
   0.0000000000000000     
   0.0000000000000000     
   0.0000000000000000     
   0.0000000000000000     
   0.0000000000000000     
   0.0000000000000000     
   0.0000000000000000     
   0.0000000000000000     
   0.0000000000000000     
   0.0000000000000000     
   0.0000000000000000     
   0.0000000000000000     
   0.0000000000000000     
   0.0000000000000000     
   0.0000000000000000     
   0.0000000000000000     
 0.11634402628851E-95
 0.97795602924251E-86
 0.23777445493898E-75
 0.75509642029818E-72
 0.28479540024515E-73
 0.35767505217893E-69
 0.84720166941840E-62
 0.12205889876583E-42
 0.26025829268468E-40
 0.16762940019173E-32
 0.16071148672827E-32
 0.72826784926913E-36
 0.64294086515598E-33
 0.41324343043555E-32
 0.96147243019678E-30
 0.44140226125468E-29
 0.13307823394616E-26
 0.34897788075859E-27
 0.19568638177652E-30
 0.87028150145065E-30
 0.29481320157245E-28
 0.40052833016824E-25
 0.21900921506262E-25
 0.15651543076410E-26
 0.30158694413284E-26
 0.18331687884736E-24
 0.10085201248154E-23
 0.34387052959937E-22
 0.41885183806582E-23
 0.78165863358963E-23
 0.76234340244553E-23
 0.57204444676297E-21
 0.24744438569558E-21
 0.30017863382881E-21
 0.33702792069457E-19
 0.59146994646604E-19
 0.16861296630458E-19
 0.30028251560459E-19
 0.40608033201142E-19
 0.71052480320037E-19
 0.26629758688318E-18
 0.28878419231185E-18
 0.45931722537543E-18
 0.51342576174130E-18
 0.11711483955478E-17
 0.26617583976010E-17
 0.42036056183639E-17
 0.58763750936279E-17
 0.82810818298416E-17
 0.12735318588605E-16
 0.20823660829240E-16
 0.35284212296524E-16
 0.46792219597213E-16
 0.60907329195082E-16
 0.80344085779099E-16
 0.10642818935821E-15
 0.13909240694790E-15
 0.18747661643055E-15
 0.21762377979611E-15
 0.24953144951972E-15
 0.28589274113800E-15
 0.34450831172177E-15
 0.40251300410295E-15
 0.45174614651615E-15
 0.49708141427476E-15
 0.53973729770943E-15
 0.58903661341191E-15
 0.64424159391173E-15
 0.68442403044863E-15
 0.71058211005049E-15
 0.72076223592144E-15
 0.72840730227345E-15
 0.75302850346427E-15
 0.77782643314029E-15
 0.78343426338979E-15
 0.78369572287106E-15
 0.76685990890240E-15
 0.73906128975258E-15
 0.71769094058973E-15
 0.69026578302561E-15
 0.65680085081598E-15
 0.62436508750183E-15
 0.60015247698836E-15
 0.57398715334150E-15
 0.54169566027718E-15
 0.51277558945693E-15
 0.48421130063488E-15
 0.46384924054775E-15
 0.43515718312758E-15
 0.40313118871109E-15
 0.37559654582701E-15
 0.35483722560331E-15
 0.34171834156356E-15
 0.32314795423441E-15
 0.29479772307860E-15
 0.25287964027618E-15
 0.23018845163092E-15
 0.20159370444436E-15
 0.19330984898777E-15
 0.74929880230177E-16
   0.0000000000000000     
   0.0000000000000000     
   0.0000000000000000     
   0.0000000000000000     
   0.0000000000000000     
   0.0000000000000000     
   0.0000000000000000     
   0.0000000000000000     
   0.0000000000000000     
   0.0000000000000000     
   0.0000000000000000     
   0.0000000000000000     
   0.0000000000000000     
   0.0000000000000000     
   0.0000000000000000     
   0.0000000000000000     
   0.0000000000000000     
   0.0000000000000000     
   0.0000000000000000     
   0.0000000000000000     
   0.0000000000000000     
   0.0000000000000000     
   0.0000000000000000     
   0.0000000000000000     
   0.0000000000000000     
   0.0000000000000000     
   0.0000000000000000     
   0.0000000000000000     
   0.0000000000000000     
   0.0000000000000000     
   0.0000000000000000     
   0.0000000000000000     
   0.0000000000000000     
   0.0000000000000000     
   0.0000000000000000     
   0.0000000000000000     
   0.0000000000000000     
   0.0000000000000000     
   0.0000000000000000     
   0.0000000000000000     
   0.0000000000000000     
   0.0000000000000000     
   0.0000000000000000     
   0.0000000000000000     
   0.0000000000000000     
   0.0000000000000000     
   0.0000000000000000     
   0.0000000000000000     
   0.0000000000000000     
   0.0000000000000000     
   0.0000000000000000     
   0.0000000000000000     
   0.0000000000000000     
   0.0000000000000000     
 0.91320334780927E-93
 0.18358262313841E-91
 0.49390453892781E-71
 0.10861547902259E-62
 0.16150463641217E-59
 0.57762640356157E-53
 0.99278255206563E-47
 0.25084080568008E-40
 0.26713215948448E-34
 0.41069756404288E-33
 0.22074768931780E-33
 0.61423656255596E-36
 0.29275653900177E-40
 0.29082816772943E-35
 0.31123439917919E-33
 0.30493760770391E-30
 0.60510493263585E-26
 0.12941250108380E-25
 0.26479916841427E-30
 0.18646133130122E-28
 0.46279201047955E-26
 0.62585624153648E-26
 0.17763799588733E-25
 0.64226356384806E-25
 0.80970487553597E-24
 0.65635489008378E-25
 0.80549352526878E-25
 0.11262882905646E-24
 0.67311582554424E-22
 0.29134321451531E-22
 0.15279124876228E-20
 0.47721421143660E-21
 0.56348266767069E-21
 0.31645685764189E-20
 0.15500689780857E-19
 0.10887800717156E-19
 0.99160696619095E-20
 0.16667796345046E-19
 0.50566043346481E-19
 0.90583048237631E-19
 0.28544599306103E-18
 0.53465163293025E-18
 0.41170375390213E-18
 0.77332139191545E-18
 0.10079343066149E-17
 0.19698057420900E-17
 0.36662779575685E-17
 0.64741816904536E-17
 0.97984100408329E-17
 0.14332970146762E-16
 0.22896364813645E-16
 0.37937636697292E-16
 0.49910210792060E-16
 0.66454199606036E-16
 0.85734320702925E-16
 0.11230030802832E-15
 0.14913726753777E-15
 0.18693482805094E-15
 0.22211009215104E-15
 0.26151150215051E-15
 0.31135325014882E-15
 0.36869852326181E-15
 0.41715306690667E-15
 0.46467885610561E-15
 0.50693211309294E-15
 0.55191336880581E-15
 0.60421976093186E-15
 0.65911026310289E-15
 0.71176154981693E-15
 0.76118520956952E-15
 0.77756834123142E-15
 0.79417997307931E-15
 0.80605018350735E-15
 0.80620156942929E-15
 0.81591477901108E-15
 0.81726881969683E-15
 0.80310151564929E-15
 0.79395567823808E-15
 0.78663903711366E-15
 0.76865285365676E-15
 0.74429397012891E-15
 0.71100053834236E-15
 0.68429386061138E-15
 0.65352810578099E-15
 0.63023992009130E-15
 0.60328759009847E-15
 0.58104512725541E-15
 0.55264830281414E-15
 0.52184734552500E-15
 0.49558030674643E-15
 0.46085590991968E-15
 0.43163241742168E-15
 0.37731585529076E-15
 0.32009729231654E-15
 0.23834192109939E-15
 0.11747196803626E-15
   0.0000000000000000     
   0.0000000000000000     
   0.0000000000000000     
   0.0000000000000000     
   0.0000000000000000     
   0.0000000000000000     
   0.0000000000000000     
   0.0000000000000000     
   0.0000000000000000     
   0.0000000000000000     
   0.0000000000000000     
   0.0000000000000000     
   0.0000000000000000     
   0.0000000000000000     
   0.0000000000000000     
   0.0000000000000000     
   0.0000000000000000     
   0.0000000000000000     
   0.0000000000000000     
   0.0000000000000000     
   0.0000000000000000     
   0.0000000000000000     
   0.0000000000000000     
   0.0000000000000000     
   0.0000000000000000     
   0.0000000000000000     
   0.0000000000000000     
   0.0000000000000000     
   0.0000000000000000     
   0.0000000000000000     
   0.0000000000000000     
   0.0000000000000000     
   0.0000000000000000     
   0.0000000000000000     
   0.0000000000000000     
   0.0000000000000000     
   0.0000000000000000     
   0.0000000000000000     
   0.0000000000000000     
   0.0000000000000000     
   0.0000000000000000     
   0.0000000000000000     
   0.0000000000000000     
   0.0000000000000000     
   0.0000000000000000     
   0.0000000000000000     
   0.0000000000000000     
   0.0000000000000000     
   0.0000000000000000     
   0.0000000000000000     
   0.0000000000000000     
   0.0000000000000000     
   0.0000000000000000     
   0.0000000000000000     
   0.0000000000000000     
   0.0000000000000000     
   0.0000000000000000     
 0.13249989647806E-96
 0.13273195145438E-92
 0.71848327255773E-89
 0.15631889575415E-82
 0.10457602119152E-47
 0.88365653140788E-38
 0.70475678178560E-38
 0.44309852267878E-64
 0.51316737875039E-60
 0.69011090395023E-57
 0.62377649018038E-37
 0.41669662364430E-37
 0.17367636345052E-43
 0.11669258952076E-35
 0.58664435235323E-38
 0.30067667335172E-35
 0.83314733395796E-30
 0.14711190369790E-26
 0.74838140863950E-27
 0.77054647244420E-28
 0.15402625897345E-27
 0.52940531727390E-27
 0.11816620601647E-26
 0.18708233154350E-26
 0.37302975851678E-24
 0.37324442901588E-24
 0.12586251607026E-24
 0.39313292823472E-24
 0.16173407176626E-21
 0.10467887816372E-21
 0.22487318385736E-21
 0.20797012562346E-21
 0.23642689302759E-20
 0.45467943877333E-21
 0.37191413302685E-20
 0.28927785657007E-19
 0.19908498957818E-19
 0.95874108623912E-20
 0.88449868238460E-19
 0.56503429592812E-19
 0.23044611181006E-18
 0.11208116142346E-18
 0.21681298075080E-18
 0.24556663193127E-18
 0.69006938563050E-18
 0.23683786295690E-17
 0.32805321026231E-17
 0.45698173584271E-17
 0.68134113856341E-17
 0.10999796550166E-16
 0.16683256350707E-16
 0.27034742534444E-16
 0.37327076023039E-16
 0.49169856595547E-16
 0.66232034960742E-16
 0.89162037059772E-16
 0.12319805085154E-15
 0.15513363647415E-15
 0.18786492703804E-15
 0.22128565256592E-15
 0.26202090849137E-15
 0.31321632629371E-15
 0.38023835742244E-15
 0.44024336965396E-15
 0.49782530621691E-15
 0.54469922164433E-15
 0.58983180454999E-15
 0.63839536775393E-15
 0.69115919668791E-15
 0.73622745373661E-15
 0.77523315886331E-15
 0.80804170923526E-15
 0.84191221793856E-15
 0.88096757658764E-15
 0.90135193387549E-15
 0.91048954409996E-15
 0.89799794516463E-15
 0.88778074035940E-15
 0.88894104344414E-15
 0.88416875638231E-15
 0.87470037363634E-15
 0.86325803058261E-15
 0.84469817372170E-15
 0.81375775293998E-15
 0.78129714009528E-15
 0.74337132983442E-15
 0.69479957057360E-15
 0.64486056839915E-15
 0.59197405474648E-15
 0.60801117415378E-15
 0.50705187618684E-15
 0.40604522827082E-15
 0.26793026524811E-15
   0.0000000000000000     
   0.0000000000000000     
   0.0000000000000000     
   0.0000000000000000     
   0.0000000000000000     
   0.0000000000000000     
   0.0000000000000000     
   0.0000000000000000     
   0.0000000000000000     
   0.0000000000000000     
   0.0000000000000000     
   0.0000000000000000     
   0.0000000000000000     
   0.0000000000000000     
   0.0000000000000000     
   0.0000000000000000     
   0.0000000000000000     
   0.0000000000000000     
   0.0000000000000000     
   0.0000000000000000     
   0.0000000000000000     
   0.0000000000000000     
   0.0000000000000000     
   0.0000000000000000     
   0.0000000000000000     
   0.0000000000000000     
   0.0000000000000000     
   0.0000000000000000     
   0.0000000000000000     
   0.0000000000000000     
   0.0000000000000000     
   0.0000000000000000     
   0.0000000000000000     
   0.0000000000000000     
   0.0000000000000000     
   0.0000000000000000     
   0.0000000000000000     
   0.0000000000000000     
   0.0000000000000000     
   0.0000000000000000     
   0.0000000000000000     
   0.0000000000000000     
   0.0000000000000000     
   0.0000000000000000     
   0.0000000000000000     
   0.0000000000000000     
   0.0000000000000000     
   0.0000000000000000     
   0.0000000000000000     
   0.0000000000000000     
   0.0000000000000000     
   0.0000000000000000     
   0.0000000000000000     
   0.0000000000000000     
   0.0000000000000000     
   0.0000000000000000     
   0.0000000000000000     
   0.0000000000000000     
   0.0000000000000000     
   0.0000000000000000     
   0.0000000000000000     
   0.0000000000000000     
 0.21263817529396E-53
 0.73360174851375E-46
 0.49806243954100E-78
 0.43492752314719E-66
 0.18196968180087E-63
 0.73043823671253E-54
 0.64481669515581E-53
 0.49039169760487E-53
 0.14403315492047E-53
 0.31272300126001E-44
 0.11190399050373E-41
 0.52986621558716E-41
 0.69714504080042E-36
 0.70047319618951E-34
 0.17258778576491E-31
 0.13238650715138E-27
 0.14713176413182E-27
 0.11735776753926E-31
 0.63374508754353E-29
 0.38608002317919E-30
 0.61922393684205E-26
 0.29510051576563E-25
 0.35410852275011E-24
 0.29041149030004E-22
 0.40276167564070E-24
 0.21922721300738E-23
 0.82438200183293E-23
 0.26906229072277E-21
 0.86352812847975E-22
 0.62141692528441E-22
 0.30516416042742E-21
 0.88048363902774E-21
 0.19767116207975E-20
 0.27915996859585E-19
 0.21195345958964E-19
 0.15823580953542E-19
 0.16734508280124E-19
 0.38544770125968E-19
 0.35069675209755E-19
 0.32156615265278E-18
 0.57264237782423E-18
 0.49799342103950E-18
 0.44346513935446E-18
 0.89085778819804E-18
 0.21147566274564E-17
 0.26875575175677E-17
 0.47347957168853E-17
 0.75940149331363E-17
 0.10596826777894E-16
 0.17100128088628E-16
 0.26642008189126E-16
 0.38995685854452E-16
 0.50421128325480E-16
 0.67032626074127E-16
 0.89184009475327E-16
 0.12382925175369E-15
 0.15850593452340E-15
 0.20070744255724E-15
 0.23519599404954E-15
 0.27585239154464E-15
 0.32900437994791E-15
 0.38903647235149E-15
 0.44257758179322E-15
 0.50746973670175E-15
 0.56148604284453E-15
 0.62381931947599E-15
 0.69308960619817E-15
 0.74695917998774E-15
 0.80026569529269E-15
 0.84194732935664E-15
 0.88061762209251E-15
 0.92815035252064E-15
 0.97587854409766E-15
 0.10146732246866E-14
 0.10404110607903E-14
 0.10345823804170E-14
 0.10199469575670E-14
 0.10057003785835E-14
 0.98404767046220E-15
 0.97447832718556E-15
 0.94262263034922E-15
 0.91713604934721E-15
 0.86948076376600E-15
 0.80843900444515E-15
 0.74413037683733E-15
 0.67991992957758E-15
 0.60656129549870E-15
 0.48170090534974E-15
   0.0000000000000000     
   0.0000000000000000     
   0.0000000000000000     
   0.0000000000000000     
   0.0000000000000000     
   0.0000000000000000     
   0.0000000000000000     
   0.0000000000000000     
   0.0000000000000000     
   0.0000000000000000     
   0.0000000000000000     
   0.0000000000000000     
   0.0000000000000000     
   0.0000000000000000     
   0.0000000000000000     
   0.0000000000000000     
   0.0000000000000000     
   0.0000000000000000     
   0.0000000000000000     
   0.0000000000000000     
   0.0000000000000000     
   0.0000000000000000     
   0.0000000000000000     
   0.0000000000000000     
   0.0000000000000000     
   0.0000000000000000     
   0.0000000000000000     
   0.0000000000000000     
   0.0000000000000000     
   0.0000000000000000     
   0.0000000000000000     
   0.0000000000000000     
   0.0000000000000000     
   0.0000000000000000     
   0.0000000000000000     
   0.0000000000000000     
   0.0000000000000000     
   0.0000000000000000     
   0.0000000000000000     
   0.0000000000000000     
   0.0000000000000000     
   0.0000000000000000     
   0.0000000000000000     
   0.0000000000000000     
   0.0000000000000000     
   0.0000000000000000     
   0.0000000000000000     
   0.0000000000000000     
   0.0000000000000000     
   0.0000000000000000     
   0.0000000000000000     
   0.0000000000000000     
   0.0000000000000000     
   0.0000000000000000     
   0.0000000000000000     
   0.0000000000000000     
   0.0000000000000000     
   0.0000000000000000     
   0.0000000000000000     
   0.0000000000000000     
   0.0000000000000000     
   0.0000000000000000     
   0.0000000000000000     
   0.0000000000000000     
   0.0000000000000000     
 0.84778773308078E-91
 0.32709326313037E-87
 0.52947029897198E-79
 0.57481341254934E-69
 0.89027964941028E-61
 0.41257778348482E-67
 0.27507445093004E-50
 0.54316436187734E-46
 0.68405127436975E-57
 0.18184350632549E-49
 0.42756856293332E-40
 0.25952493397270E-40
 0.18156866816432E-39
 0.10853169535653E-34
 0.49838740112357E-31
 0.71822615112826E-30
 0.42916520495039E-33
 0.64470895581400E-28
 0.58291501346957E-26
 0.11104385592382E-25
 0.74495412063161E-30
 0.36445559212610E-28
 0.10810713388242E-24
 0.46875104084879E-24
 0.62726435010195E-24
 0.87445552515868E-24
 0.37237740726884E-23
 0.42155440791904E-22
 0.21594837160773E-21
 0.82053702382577E-21
 0.46198759599089E-21
 0.57993515285446E-22
 0.70020961183049E-21
 0.58823342325665E-20
 0.12054833244994E-19
 0.74134855175308E-20
 0.59080396832196E-19
 0.12520927014486E-18
 0.12478124482506E-18
 0.76715887145013E-19
 0.16205223599519E-18
 0.42057214029079E-18
 0.31931533724987E-18
 0.56069588205110E-18
 0.15928652430596E-17
 0.19629444475401E-17
 0.28544094501586E-17
 0.50411522366500E-17
 0.80745090549305E-17
 0.10899201846033E-16
 0.18465934973779E-16
 0.26927423609604E-16
 0.38707333586534E-16
 0.52491383828271E-16
 0.67637669315245E-16
 0.91173782260554E-16
 0.12390294364333E-15
 0.15747906329926E-15
 0.19910545525445E-15
 0.23697746000590E-15
 0.28478488254505E-15
 0.34636055455366E-15
 0.40913675184119E-15
 0.47211344052388E-15
 0.53270038257214E-15
 0.59381488944108E-15
 0.67413481063264E-15
 0.76431556125708E-15
 0.82426735037613E-15
 0.88306920127877E-15
 0.91664021220269E-15
 0.95255603377425E-15
 0.10107091185881E-14
 0.10525738598826E-14
 0.10913773267510E-14
 0.10928792240774E-14
 0.10738784716565E-14
 0.10724899892707E-14
 0.10744053529877E-14
 0.10473345745210E-14
 0.10290150757179E-14
 0.94710514757924E-15
 0.85599867049495E-15
 0.73208217801629E-15
 0.54254468623135E-15
 0.15388635228552E-15
   0.0000000000000000     
   0.0000000000000000     
   0.0000000000000000     
   0.0000000000000000     
   0.0000000000000000     
   0.0000000000000000     
   0.0000000000000000     
   0.0000000000000000     
   0.0000000000000000     
   0.0000000000000000     
   0.0000000000000000     
   0.0000000000000000     
   0.0000000000000000     
   0.0000000000000000     
   0.0000000000000000     
   0.0000000000000000     
   0.0000000000000000     
   0.0000000000000000     
   0.0000000000000000     
   0.0000000000000000     
   0.0000000000000000     
   0.0000000000000000     
   0.0000000000000000     
   0.0000000000000000     
   0.0000000000000000     
   0.0000000000000000     
   0.0000000000000000     
   0.0000000000000000     
   0.0000000000000000     
   0.0000000000000000     
   0.0000000000000000     
   0.0000000000000000     
   0.0000000000000000     
   0.0000000000000000     
   0.0000000000000000     
   0.0000000000000000     
   0.0000000000000000     
   0.0000000000000000     
   0.0000000000000000     
   0.0000000000000000     
   0.0000000000000000     
   0.0000000000000000     
   0.0000000000000000     
   0.0000000000000000     
   0.0000000000000000     
   0.0000000000000000     
   0.0000000000000000     
   0.0000000000000000     
   0.0000000000000000     
   0.0000000000000000     
   0.0000000000000000     
   0.0000000000000000     
   0.0000000000000000     
   0.0000000000000000     
   0.0000000000000000     
   0.0000000000000000     
   0.0000000000000000     
   0.0000000000000000     
   0.0000000000000000     
   0.0000000000000000     
   0.0000000000000000     
   0.0000000000000000     
   0.0000000000000000     
   0.0000000000000000     
   0.0000000000000000     
   0.0000000000000000     
   0.0000000000000000     
 0.12803607374001E-95
 0.44011885632881E-89
 0.18031611741891E-84
 0.10816889166714E-71
 0.40585579226143E-71
 0.58212086222022E-68
 0.27866907058973E-54
 0.25756756794970E-46
 0.56728798946078E-48
 0.16545716759278E-47
 0.44388209037535E-47
 0.11420818031365E-44
 0.22007755865718E-41
 0.35495947169674E-39
 0.27119972153160E-32
 0.13459067978262E-28
 0.57925043214715E-27
 0.19408033788499E-31
 0.23152891589289E-26
 0.25466845483506E-25
 0.31808045211380E-27
 0.11107757146857E-26
 0.48840716918163E-24
 0.20826675215494E-23
 0.32088579777484E-23
 0.18704363538846E-23
 0.14965285954954E-23
 0.68848929375341E-24
 0.74660163980773E-23
 0.10973248019377E-21
 0.12190786050216E-21
 0.47130328642006E-22
 0.24713311219758E-21
 0.44198373684868E-20
 0.54653394201463E-19
 0.37047969962359E-19
 0.11484995292001E-19
 0.30354825863078E-19
 0.39391106197695E-19
 0.57020604709402E-19
 0.90393567470896E-19
 0.37743001723491E-18
 0.39605540515459E-18
 0.45882411633602E-18
 0.88695003443285E-18
 0.15977091128357E-17
 0.19291868645876E-17
 0.35034273985730E-17
 0.43122263941519E-17
 0.67342945504997E-17
 0.11938657646470E-16
 0.17701964346789E-16
 0.25595209007505E-16
 0.35127089082707E-16
 0.48815619784222E-16
 0.67195425866632E-16
 0.93311279869955E-16
 0.12557602201598E-15
 0.15817283281272E-15
 0.19818134099097E-15
 0.24173574084125E-15
 0.29600019151370E-15
 0.36684755911981E-15
 0.42597148665080E-15
 0.49102171569450E-15
 0.54856760952288E-15
 0.61676472419472E-15
 0.70249762331708E-15
 0.78464476615148E-15
 0.85620767578065E-15
 0.92670014804221E-15
 0.95743396703869E-15
 0.10014504043571E-14
 0.10380185033194E-14
 0.10514264862722E-14
 0.10609738843301E-14
 0.10405250520380E-14
 0.10133770518309E-14
 0.10000538312195E-14
 0.94727136082849E-15
 0.86646786640321E-15
 0.70745216100245E-15
 0.38513854658655E-15
   0.0000000000000000     
   0.0000000000000000     
   0.0000000000000000     
   0.0000000000000000     
   0.0000000000000000     
   0.0000000000000000     
   0.0000000000000000     
   0.0000000000000000     
   0.0000000000000000     
   0.0000000000000000     
   0.0000000000000000     
   0.0000000000000000     
   0.0000000000000000     
   0.0000000000000000     
   0.0000000000000000     
   0.0000000000000000     
   0.0000000000000000     
   0.0000000000000000     
   0.0000000000000000     
   0.0000000000000000     
   0.0000000000000000     
   0.0000000000000000     
   0.0000000000000000     
   0.0000000000000000     
   0.0000000000000000     
   0.0000000000000000     
   0.0000000000000000     
   0.0000000000000000     
   0.0000000000000000     
   0.0000000000000000     
   0.0000000000000000     
   0.0000000000000000     
   0.0000000000000000     
   0.0000000000000000     
   0.0000000000000000     
   0.0000000000000000     
   0.0000000000000000     
   0.0000000000000000     
   0.0000000000000000     
   0.0000000000000000     
   0.0000000000000000     
   0.0000000000000000     
   0.0000000000000000     
   0.0000000000000000     
   0.0000000000000000     
   0.0000000000000000     
   0.0000000000000000     
   0.0000000000000000     
   0.0000000000000000     
   0.0000000000000000     
   0.0000000000000000     
   0.0000000000000000     
   0.0000000000000000     
   0.0000000000000000     
   0.0000000000000000     
   0.0000000000000000     
   0.0000000000000000     
   0.0000000000000000     
   0.0000000000000000     
   0.0000000000000000     
   0.0000000000000000     
   0.0000000000000000     
   0.0000000000000000     
   0.0000000000000000     
   0.0000000000000000     
   0.0000000000000000     
   0.0000000000000000     
   0.0000000000000000     
   0.0000000000000000     
   0.0000000000000000     
   0.0000000000000000     
   0.0000000000000000     
 0.60778381074898E-86
 0.18304776008618E-83
 0.45426147195990E-82
 0.57973823776675E-76
 0.62474937064936E-62
 0.38572118029894E-60
 0.19730219238292E-49
 0.85103104548914E-49
 0.58809083852151E-43
 0.11213335164626E-41
 0.11432411395373E-42
 0.30661337816959E-36
 0.97469102912913E-38
 0.79918346567603E-35
 0.33023262996848E-29
 0.93822627510554E-28
 0.55284667222586E-30
 0.85824130277836E-31
 0.25849698552936E-31
 0.19314433109363E-26
 0.10225790681507E-24
 0.46587053050420E-24
 0.67457578618238E-26
 0.26144610994538E-26
 0.58064997668059E-25
 0.27790955753782E-24
 0.57556842613636E-23
 0.21415014531960E-22
 0.95640287881480E-23
 0.25494944169260E-22
 0.46085191560321E-22
 0.14788960366721E-20
 0.83308477300399E-20
 0.12691222657360E-19
 0.87215528773933E-20
 0.20217026134826E-19
 0.26430565546437E-19
 0.78771529965177E-19
 0.14272529373069E-18
 0.30160276651195E-18
 0.33571285398366E-18
 0.28904740362881E-18
 0.59953950141976E-18
 0.79856329572248E-18
 0.11146184293574E-17
 0.23066965836364E-17
 0.32198533963598E-17
 0.45217095276378E-17
 0.60489337281804E-17
 0.99832594535339E-17
 0.16911042164406E-16
 0.25571537365417E-16
 0.35328617620757E-16
 0.46904845598444E-16
 0.65371613718158E-16
 0.90744075356531E-16
 0.11951934735919E-15
 0.15515051871029E-15
 0.19397742548820E-15
 0.23778581729202E-15
 0.29246159772770E-15
 0.36309333315487E-15
 0.42744231096857E-15
 0.49585951479784E-15
 0.54103114235421E-15
 0.59795041687892E-15
 0.66444479204466E-15
 0.72927602941834E-15
 0.76892670781680E-15
 0.79950343996761E-15
 0.80959055616925E-15
 0.82874148874089E-15
 0.84440577855590E-15
 0.87280446285223E-15
 0.81225324904253E-15
 0.73632304612843E-15
 0.60520755722038E-15
 0.42262780947431E-15
   0.0000000000000000     
   0.0000000000000000     
   0.0000000000000000     
   0.0000000000000000     
   0.0000000000000000     
   0.0000000000000000     
   0.0000000000000000     
   0.0000000000000000     
   0.0000000000000000     
   0.0000000000000000     
   0.0000000000000000     
   0.0000000000000000     
   0.0000000000000000     
   0.0000000000000000     
   0.0000000000000000     
   0.0000000000000000     
   0.0000000000000000     
   0.0000000000000000     
   0.0000000000000000     
   0.0000000000000000     
   0.0000000000000000     
   0.0000000000000000     
   0.0000000000000000     
   0.0000000000000000     
   0.0000000000000000     
   0.0000000000000000     
   0.0000000000000000     
   0.0000000000000000     
   0.0000000000000000     
   0.0000000000000000     
   0.0000000000000000     
   0.0000000000000000     
   0.0000000000000000     
   0.0000000000000000     
   0.0000000000000000     
   0.0000000000000000     
   0.0000000000000000     
   0.0000000000000000     
   0.0000000000000000     
   0.0000000000000000     
   0.0000000000000000     
   0.0000000000000000     
   0.0000000000000000     
   0.0000000000000000     
   0.0000000000000000     
   0.0000000000000000     
   0.0000000000000000     
   0.0000000000000000     
   0.0000000000000000     
   0.0000000000000000     
   0.0000000000000000     
   0.0000000000000000     
   0.0000000000000000     
   0.0000000000000000     
   0.0000000000000000     
   0.0000000000000000     
   0.0000000000000000     
   0.0000000000000000     
   0.0000000000000000     
   0.0000000000000000     
   0.0000000000000000     
   0.0000000000000000     
   0.0000000000000000     
   0.0000000000000000     
   0.0000000000000000     
   0.0000000000000000     
   0.0000000000000000     
   0.0000000000000000     
   0.0000000000000000     
   0.0000000000000000     
   0.0000000000000000     
   0.0000000000000000     
   0.0000000000000000     
   0.0000000000000000     
   0.0000000000000000     
   0.0000000000000000     
   0.0000000000000000     
 0.31659774390971E-76
 0.39098347848163E-70
 0.16742023559276E-66
 0.65932779146515E-59
 0.34847093396190E-65
 0.53724623975911E-43
 0.57920634968436E-39
 0.40529115246175E-42
 0.21422790420585E-39
 0.28027221297198E-37
 0.45582501568695E-32
 0.88458924452888E-32
 0.21863595328333E-33
 0.81123083648327E-35
 0.70225693118328E-27
 0.70829399639854E-27
 0.20568805536324E-28
 0.10358582229112E-29
 0.72403879027862E-28
 0.15807715567374E-26
 0.51222427756936E-25
 0.83093657238407E-25
 0.21234310025748E-24
 0.32130716646535E-24
 0.37612145293948E-23
 0.99281627834984E-23
 0.70338853900104E-21
 0.20320869207200E-20
 0.18741177536192E-20
 0.94025064376184E-21
 0.11418055681356E-20
 0.70337458132336E-20
 0.26454873045187E-19
 0.27916921290799E-19
 0.40738242227511E-19
 0.16725712640328E-19
 0.76227283343687E-19
 0.23862377858819E-18
 0.22719158766769E-18
 0.31992018268311E-18
 0.23186174626110E-18
 0.35229479928061E-18
 0.60829116910662E-18
 0.10921248969653E-17
 0.13627436147596E-17
 0.28586614788469E-17
 0.47503091045639E-17
 0.57778495282034E-17
 0.99276017492053E-17
 0.16135331993098E-16
 0.22583085085166E-16
 0.30917879369716E-16
 0.42647402883153E-16
 0.60788181698211E-16
 0.86447661471649E-16
 0.10864119269388E-15
 0.13694489002895E-15
 0.16696790960211E-15
 0.20116639615294E-15
 0.24924811365835E-15
 0.29925041874802E-15
 0.33827804541982E-15
 0.37672187798865E-15
 0.40501198422667E-15
 0.43949855664910E-15
 0.49012945632343E-15
 0.51795544975746E-15
 0.54252599254086E-15
 0.54118855235681E-15
 0.53565990482466E-15
 0.53328869077864E-15
 0.53462321206563E-15
 0.46625244582428E-15
   0.0000000000000000     
   0.0000000000000000     
   0.0000000000000000     
   0.0000000000000000     
   0.0000000000000000     
   0.0000000000000000     
   0.0000000000000000     
   0.0000000000000000     
   0.0000000000000000     
   0.0000000000000000     
   0.0000000000000000     
   0.0000000000000000     
   0.0000000000000000     
   0.0000000000000000     
   0.0000000000000000     
   0.0000000000000000     
   0.0000000000000000     
   0.0000000000000000     
   0.0000000000000000     
   0.0000000000000000     
   0.0000000000000000     
   0.0000000000000000     
   0.0000000000000000     
   0.0000000000000000     
   0.0000000000000000     
   0.0000000000000000     
   0.0000000000000000     
   0.0000000000000000     
   0.0000000000000000     
   0.0000000000000000     
   0.0000000000000000     
   0.0000000000000000     
   0.0000000000000000     
   0.0000000000000000     
   0.0000000000000000     
   0.0000000000000000     
   0.0000000000000000     
   0.0000000000000000     
   0.0000000000000000     
   0.0000000000000000     
   0.0000000000000000     
   0.0000000000000000     
   0.0000000000000000     
   0.0000000000000000     
   0.0000000000000000     
   0.0000000000000000     
   0.0000000000000000     
   0.0000000000000000     
   0.0000000000000000     
   0.0000000000000000     
   0.0000000000000000     
   0.0000000000000000     
   0.0000000000000000     
   0.0000000000000000     
   0.0000000000000000     
   0.0000000000000000     
   0.0000000000000000     
   0.0000000000000000     
   0.0000000000000000     
   0.0000000000000000     
   0.0000000000000000     
   0.0000000000000000     
   0.0000000000000000     
   0.0000000000000000     
   0.0000000000000000     
   0.0000000000000000     
   0.0000000000000000     
   0.0000000000000000     
   0.0000000000000000     
   0.0000000000000000     
   0.0000000000000000     
   0.0000000000000000     
   0.0000000000000000     
   0.0000000000000000     
   0.0000000000000000     
   0.0000000000000000     
   0.0000000000000000     
   0.0000000000000000     
   0.0000000000000000     
   0.0000000000000000     
 0.19955788456118E-89
 0.22614545924620E-75
 0.30716688091979E-81
 0.17014309268916E-79
 0.11902671094997E-58
 0.17082053818849E-47
 0.50826979218939E-54
 0.41056085700421E-36
 0.83121918695161E-35
 0.73487000709035E-41
 0.71916516623944E-39
 0.17611832845233E-38
 0.16669447267786E-38
 0.92692954975441E-33
 0.70880996836234E-32
 0.53902786159454E-31
 0.10281447505142E-28
 0.26043215683081E-28
 0.34668413024790E-29
 0.66912116991564E-27
 0.81968996368427E-25
 0.59351198995939E-24
 0.25542829118337E-23
 0.17254147487428E-24
 0.16817690023164E-24
 0.93768669374226E-22
 0.24385022236303E-21
 0.21816443159511E-21
 0.66531173056932E-22
 0.32363466529527E-21
 0.45559035318113E-21
 0.12725358067629E-20
 0.83643930671074E-20
 0.29778279205474E-19
 0.79551826038901E-19
 0.10412169622083E-19
 0.47798038539870E-19
 0.39189306408913E-19
 0.10647505701566E-18
 0.11753414972510E-18
 0.25594524652307E-18
 0.16663991342121E-18
 0.51880450238676E-18
 0.76178515940063E-18
 0.79573668524563E-18
 0.15517736040325E-17
 0.34067827939505E-17
 0.46919190336731E-17
 0.51262610369171E-17
 0.85017251196538E-17
 0.12720978162982E-16
 0.18615045439777E-16
 0.24814420371960E-16
 0.32270381384308E-16
 0.43050945282498E-16
 0.58776139956559E-16
 0.75493892647834E-16
 0.93592965954146E-16
 0.11184845951172E-15
 0.13341480752323E-15
 0.16225224632768E-15
 0.18583845870061E-15
 0.20533851390409E-15
 0.21460387391318E-15
 0.22508741304980E-15
 0.21234587216127E-15
 0.23967133979812E-15
 0.29207248245160E-15
 0.26700969646402E-15
 0.22666318704585E-15
   0.0000000000000000     
   0.0000000000000000     
   0.0000000000000000     
   0.0000000000000000     
   0.0000000000000000     
   0.0000000000000000     
   0.0000000000000000     
   0.0000000000000000     
   0.0000000000000000     
   0.0000000000000000     
   0.0000000000000000     
   0.0000000000000000     
   0.0000000000000000     
   0.0000000000000000     
   0.0000000000000000     
   0.0000000000000000     
   0.0000000000000000     
   0.0000000000000000     
   0.0000000000000000     
   0.0000000000000000     
   0.0000000000000000     
   0.0000000000000000     
   0.0000000000000000     
   0.0000000000000000     
   0.0000000000000000     
   0.0000000000000000     
   0.0000000000000000     
   0.0000000000000000     
   0.0000000000000000     
   0.0000000000000000     
   0.0000000000000000     
   0.0000000000000000     
   0.0000000000000000     
   0.0000000000000000     
   0.0000000000000000     
   0.0000000000000000     
   0.0000000000000000     
   0.0000000000000000     
   0.0000000000000000     
   0.0000000000000000     
   0.0000000000000000     
   0.0000000000000000     
   0.0000000000000000     
   0.0000000000000000     
   0.0000000000000000     
   0.0000000000000000     
   0.0000000000000000     
   0.0000000000000000     
   0.0000000000000000     
   0.0000000000000000     
   0.0000000000000000     
   0.0000000000000000     
   0.0000000000000000     
   0.0000000000000000     
   0.0000000000000000     
   0.0000000000000000     
   0.0000000000000000     
   0.0000000000000000     
   0.0000000000000000     
   0.0000000000000000     
   0.0000000000000000     
   0.0000000000000000     
   0.0000000000000000     
   0.0000000000000000     
   0.0000000000000000     
   0.0000000000000000     
   0.0000000000000000     
   0.0000000000000000     
   0.0000000000000000     
   0.0000000000000000     
   0.0000000000000000     
   0.0000000000000000     
   0.0000000000000000     
   0.0000000000000000     
   0.0000000000000000     
   0.0000000000000000     
   0.0000000000000000     
   0.0000000000000000     
   0.0000000000000000     
   0.0000000000000000     
   0.0000000000000000     
   0.0000000000000000     
   0.0000000000000000     
 0.45615652023458E-93
 0.13903821413528E-87
 0.51109119235627E-76
 0.78480328412221E-87
 0.84826141985095E-57
 0.22418441848178E-51
 0.15811475261748E-46
 0.71217750045991E-42
 0.34238083710688E-41
 0.30650942997780E-39
 0.44443708628462E-37
 0.12439872007631E-35
 0.52219286693010E-36
 0.78370956979171E-31
 0.62781878982052E-30
 0.85879427525699E-30
 0.89744570022872E-30
 0.86432125545355E-27
 0.16015666839608E-26
 0.31934024333832E-28
 0.82998618681450E-26
 0.28491245713917E-24
 0.50178842697388E-22
 0.32359930675284E-22
 0.86238975411688E-23
 0.25509050347429E-23
 0.49044547832233E-22
 0.11072366173425E-21
 0.40677852020843E-21
 0.20458682867540E-20
 0.12318817752518E-20
 0.24815216690092E-20
 0.25434109853948E-20
 0.17406570712575E-19
 0.77417980491088E-20
 0.30334666322549E-19
 0.21104080786563E-19
 0.70001661361193E-19
 0.53423526033052E-19
 0.18907662236693E-18
 0.28458820543019E-18
 0.12097897246052E-18
 0.13483826088676E-18
 0.85929833055117E-18
 0.12776187876861E-17
 0.97517770717865E-18
 0.13795616223411E-17
 0.17541381076645E-17
 0.27950063927840E-17
 0.40306017017545E-17
 0.64847538082138E-17
 0.79486179925454E-17
 0.10455587717667E-16
 0.15454449574810E-16
 0.18158172499080E-16
 0.25038806479907E-16
 0.33240655892449E-16
 0.40923427596651E-16
 0.47603010894051E-16
 0.52546873921782E-16
 0.62168198202781E-16
 0.76542183701564E-16
 0.92185365430130E-16
 0.88860824127985E-16
 0.84788959631181E-16
 0.64414491458093E-16
 0.49962719902927E-16
   0.0000000000000000     
   0.0000000000000000     
   0.0000000000000000     
   0.0000000000000000     
   0.0000000000000000     
   0.0000000000000000     
   0.0000000000000000     
   0.0000000000000000     
   0.0000000000000000     
   0.0000000000000000     
   0.0000000000000000     
   0.0000000000000000     
   0.0000000000000000     
   0.0000000000000000     
   0.0000000000000000     
   0.0000000000000000     
   0.0000000000000000     
   0.0000000000000000     
   0.0000000000000000     
   0.0000000000000000     
   0.0000000000000000     
   0.0000000000000000     
   0.0000000000000000     
   0.0000000000000000     
   0.0000000000000000     
   0.0000000000000000     
   0.0000000000000000     
   0.0000000000000000     
   0.0000000000000000     
   0.0000000000000000     
   0.0000000000000000     
   0.0000000000000000     
   0.0000000000000000     
   0.0000000000000000     
   0.0000000000000000     
   0.0000000000000000     
   0.0000000000000000     
   0.0000000000000000     
   0.0000000000000000     
   0.0000000000000000     
   0.0000000000000000     
   0.0000000000000000     
   0.0000000000000000     
   0.0000000000000000     
   0.0000000000000000     
   0.0000000000000000     
   0.0000000000000000     
   0.0000000000000000     
   0.0000000000000000     
   0.0000000000000000     
   0.0000000000000000     
   0.0000000000000000     
   0.0000000000000000     
   0.0000000000000000     
   0.0000000000000000     
   0.0000000000000000     
   0.0000000000000000     
   0.0000000000000000     
   0.0000000000000000     
   0.0000000000000000     
   0.0000000000000000     
   0.0000000000000000     
   0.0000000000000000     
   0.0000000000000000     
   0.0000000000000000     
   0.0000000000000000     
   0.0000000000000000     
   0.0000000000000000     
   0.0000000000000000     
   0.0000000000000000     
   0.0000000000000000     
   0.0000000000000000     
   0.0000000000000000     
   0.0000000000000000     
   0.0000000000000000     
   0.0000000000000000     
   0.0000000000000000     
   0.0000000000000000     
   0.0000000000000000     
   0.0000000000000000     
   0.0000000000000000     
   0.0000000000000000     
   0.0000000000000000     
   0.0000000000000000     
   0.0000000000000000     
   0.0000000000000000     
   0.0000000000000000     
 0.10080564764842E-88
 0.63247935465282E-77
 0.37460687287721E-72
 0.12303645799669E-82
 0.70736588993714E-61
 0.83856050123800E-60
 0.52405806970089E-43
 0.18333504132013E-38
 0.31878476199403E-38
 0.50640780626957E-37
 0.51515396767784E-37
 0.81255392900562E-46
 0.26500289734396E-35
 0.80165861789787E-32
 0.53350263961922E-31
 0.72488846146831E-29
 0.25304863608390E-25
 0.23204531814501E-24
 0.17598286254593E-24
 0.13733302175891E-25
 0.50849431332794E-25
 0.39810116334897E-24
 0.25880559336522E-24
 0.16974657662434E-25
 0.14482077430498E-22
 0.49538462191179E-22
 0.10677500742991E-21
 0.94260231076265E-21
 0.15007169812373E-21
 0.73567231936506E-22
 0.70346601626656E-22
 0.76551660620877E-21
 0.99795986004988E-20
 0.27153241219739E-19
 0.11120566072492E-19
 0.44248708899629E-19
 0.33723173544902E-19
 0.75719418473560E-20
 0.21507388422192E-19
 0.28984229926942E-18
 0.34584460394511E-18
 0.29081868680926E-18
 0.21609058540921E-18
 0.30493149996025E-18
 0.89960355549896E-18
 0.10981268044770E-17
 0.10707619982248E-17
 0.13402142491128E-17
 0.21592679357023E-17
 0.25715345768523E-17
 0.41693196567153E-17
 0.51445815245043E-17
 0.61285556405635E-17
 0.77388510231269E-17
 0.10021255574422E-16
 0.12002873067225E-16
 0.13604074121573E-16
 0.15390951009124E-16
 0.16265526301257E-16
 0.19234793879007E-16
 0.25304289197154E-16
 0.34135768142694E-16
 0.50228939658352E-16
 0.95319415767034E-17
   0.0000000000000000     
   0.0000000000000000     
   0.0000000000000000     
   0.0000000000000000     
   0.0000000000000000     
   0.0000000000000000     
   0.0000000000000000     
   0.0000000000000000     
   0.0000000000000000     
   0.0000000000000000     
   0.0000000000000000     
   0.0000000000000000     
   0.0000000000000000     
   0.0000000000000000     
   0.0000000000000000     
   0.0000000000000000     
   0.0000000000000000     
   0.0000000000000000     
   0.0000000000000000     
   0.0000000000000000     
   0.0000000000000000     
   0.0000000000000000     
   0.0000000000000000     
   0.0000000000000000     
   0.0000000000000000     
   0.0000000000000000     
   0.0000000000000000     
   0.0000000000000000     
   0.0000000000000000     
   0.0000000000000000     
   0.0000000000000000     
   0.0000000000000000     
   0.0000000000000000     
   0.0000000000000000     
   0.0000000000000000     
   0.0000000000000000     
   0.0000000000000000     
   0.0000000000000000     
   0.0000000000000000     
   0.0000000000000000     
   0.0000000000000000     
   0.0000000000000000     
   0.0000000000000000     
   0.0000000000000000     
   0.0000000000000000     
   0.0000000000000000     
   0.0000000000000000     
   0.0000000000000000     
   0.0000000000000000     
   0.0000000000000000     
   0.0000000000000000     
   0.0000000000000000     
   0.0000000000000000     
   0.0000000000000000     
   0.0000000000000000     
   0.0000000000000000     
   0.0000000000000000     
   0.0000000000000000     
   0.0000000000000000     
   0.0000000000000000     
   0.0000000000000000     
   0.0000000000000000     
   0.0000000000000000     
   0.0000000000000000     
   0.0000000000000000     
   0.0000000000000000     
   0.0000000000000000     
   0.0000000000000000     
   0.0000000000000000     
   0.0000000000000000     
   0.0000000000000000     
   0.0000000000000000     
   0.0000000000000000     
   0.0000000000000000     
   0.0000000000000000     
   0.0000000000000000     
   0.0000000000000000     
   0.0000000000000000     
   0.0000000000000000     
   0.0000000000000000     
   0.0000000000000000     
   0.0000000000000000     
   0.0000000000000000     
   0.0000000000000000     
   0.0000000000000000     
   0.0000000000000000     
   0.0000000000000000     
   0.0000000000000000     
   0.0000000000000000     
 0.10909749933419E-95
 0.11720101548294E-77
 0.14839464687194E-72
 0.10457674407201E-73
 0.48327937055921E-72
 0.12637032093197E-57
 0.17348081626118E-56
 0.47788974883252E-59
 0.13792741897295E-55
 0.35608330412614E-35
 0.13391626155283E-33
 0.69226423731065E-38
 0.29805602574937E-36
 0.18062715735992E-33
 0.65868889218855E-34
 0.64123940148342E-26
 0.15087957296125E-31
 0.16350896995059E-29
 0.86752028192338E-27
 0.42257417247371E-26
 0.33167502285822E-26
 0.49459967021495E-24
 0.25329500877907E-22
 0.21045842224982E-22
 0.47038847085266E-23
 0.18792594314793E-25
 0.40314977594449E-24
 0.20045683666892E-22
 0.40125741673743E-21
 0.12401494036823E-20
 0.68584653301382E-21
 0.63410186139472E-21
 0.24050620652874E-20
 0.23148540683619E-20
 0.16924309717769E-20
 0.20358638099785E-20
 0.17126797159975E-19
 0.15470661819563E-19
 0.16320092078487E-19
 0.48135745605399E-19
 0.86607925422935E-19
 0.29078374667585E-18
 0.33440584077446E-18
 0.30428273547801E-18
 0.38719902062899E-18
 0.81523127463038E-18
 0.54939818234448E-18
 0.10843093998967E-17
 0.13044489183621E-17
 0.22989862464174E-17
 0.28789366396601E-17
 0.39475532811258E-17
 0.42190763938631E-17
 0.46864327009373E-17
 0.68852478210343E-17
 0.43774395569334E-17
 0.58905590763809E-17
 0.12598157799134E-16
 0.14194487412857E-16
 0.12469532162542E-16
 0.10631147301535E-16
   0.0000000000000000     
   0.0000000000000000     
   0.0000000000000000     
   0.0000000000000000     
   0.0000000000000000     
 0.29094812066610E-56
   0.0000000000000000     
   0.0000000000000000     
   0.0000000000000000     
   0.0000000000000000     
   0.0000000000000000     
   0.0000000000000000     
   0.0000000000000000     
   0.0000000000000000     
   0.0000000000000000     
   0.0000000000000000     
   0.0000000000000000     
   0.0000000000000000     
   0.0000000000000000     
   0.0000000000000000     
   0.0000000000000000     
   0.0000000000000000     
   0.0000000000000000     
   0.0000000000000000     
   0.0000000000000000     
   0.0000000000000000     
   0.0000000000000000     
   0.0000000000000000     
   0.0000000000000000     
   0.0000000000000000     
   0.0000000000000000     
   0.0000000000000000     
   0.0000000000000000     
   0.0000000000000000     
   0.0000000000000000     
   0.0000000000000000     
   0.0000000000000000     
   0.0000000000000000     
   0.0000000000000000     
   0.0000000000000000     
   0.0000000000000000     
   0.0000000000000000     
   0.0000000000000000     
   0.0000000000000000     
   0.0000000000000000     
   0.0000000000000000     
   0.0000000000000000     
   0.0000000000000000     
   0.0000000000000000     
   0.0000000000000000     
   0.0000000000000000     
   0.0000000000000000     
   0.0000000000000000     
   0.0000000000000000     
   0.0000000000000000     
   0.0000000000000000     
   0.0000000000000000     
   0.0000000000000000     
   0.0000000000000000     
   0.0000000000000000     
   0.0000000000000000     
   0.0000000000000000     
   0.0000000000000000     
   0.0000000000000000     
   0.0000000000000000     
   0.0000000000000000     
   0.0000000000000000     
   0.0000000000000000     
   0.0000000000000000     
   0.0000000000000000     
   0.0000000000000000     
   0.0000000000000000     
   0.0000000000000000     
   0.0000000000000000     
   0.0000000000000000     
   0.0000000000000000     
   0.0000000000000000     
   0.0000000000000000     
   0.0000000000000000     
   0.0000000000000000     
   0.0000000000000000     
   0.0000000000000000     
   0.0000000000000000     
   0.0000000000000000     
   0.0000000000000000     
   0.0000000000000000     
   0.0000000000000000     
   0.0000000000000000     
   0.0000000000000000     
   0.0000000000000000     
   0.0000000000000000     
   0.0000000000000000     
   0.0000000000000000     
 0.13974712473987E-94
 0.57096298577887E-83
 0.18234648049188E-81
 0.13566191163286E-81
 0.15415253975207E-76
 0.27315299199615E-59
 0.12572825023215E-46
 0.66275929122798E-41
 0.23718401974956E-40
 0.46374025335579E-38
 0.72726864392162E-37
 0.15606276495932E-42
 0.66286078573533E-37
 0.29809916480945E-34
 0.45293389118759E-30
 0.57449723691748E-27
 0.28992111785430E-27
 0.97987753638913E-28
 0.18711665061014E-26
 0.38239865772527E-27
 0.47446479355571E-27
 0.17934172533798E-26
 0.78493720241830E-26
 0.19404502522932E-25
 0.11185137901000E-24
 0.15945453863313E-22
 0.16866282947028E-22
 0.81600784702998E-22
 0.10763361872324E-20
 0.70198406918953E-21
 0.14962204484977E-22
 0.85775686426344E-22
 0.12898515978946E-20
 0.56213772620027E-20
 0.46481322960556E-20
 0.13464332087752E-19
 0.13304505496104E-19
 0.10814032860003E-19
 0.36582501750783E-19
 0.14560576849872E-18
 0.94161481952664E-19
 0.15913882280571E-18
 0.21203646069769E-18
 0.21803781540060E-18
 0.46034994885368E-18
 0.10579905231464E-17
 0.14542345500274E-17
 0.17598998146901E-17
 0.14695649978293E-17
 0.13098864317326E-17
 0.37800712348763E-17
 0.26075772722515E-17
 0.26879607523701E-17
 0.44004285319809E-17
 0.53314884393788E-17
 0.39695479171250E-17
 0.36343188801555E-17
 0.39652214782034E-30
 0.35751446606385E-52
   0.0000000000000000     
   0.0000000000000000     
 0.53780656021194E-42
 0.10296332810524E-47
   0.0000000000000000     
   0.0000000000000000     
   0.0000000000000000     
   0.0000000000000000     
   0.0000000000000000     
   0.0000000000000000     
   0.0000000000000000     
   0.0000000000000000     
   0.0000000000000000     
   0.0000000000000000     
   0.0000000000000000     
   0.0000000000000000     
   0.0000000000000000     
   0.0000000000000000     
   0.0000000000000000     
   0.0000000000000000     
   0.0000000000000000     
   0.0000000000000000     
   0.0000000000000000     
   0.0000000000000000     
   0.0000000000000000     
   0.0000000000000000     
   0.0000000000000000     
   0.0000000000000000     
   0.0000000000000000     
   0.0000000000000000     
   0.0000000000000000     
   0.0000000000000000     
   0.0000000000000000     
   0.0000000000000000     
   0.0000000000000000     
   0.0000000000000000     
   0.0000000000000000     
   0.0000000000000000     
   0.0000000000000000     
   0.0000000000000000     
   0.0000000000000000     
   0.0000000000000000     
   0.0000000000000000     
   0.0000000000000000     
   0.0000000000000000     
   0.0000000000000000     
   0.0000000000000000     
   0.0000000000000000     
   0.0000000000000000     
   0.0000000000000000     
   0.0000000000000000     
   0.0000000000000000     
   0.0000000000000000     
   0.0000000000000000     
   0.0000000000000000     
   0.0000000000000000     
   0.0000000000000000     
   0.0000000000000000     
   0.0000000000000000     
   0.0000000000000000     
   0.0000000000000000     
   0.0000000000000000     
   0.0000000000000000     
   0.0000000000000000     
   0.0000000000000000     
   0.0000000000000000     
   0.0000000000000000     
   0.0000000000000000     
   0.0000000000000000     
   0.0000000000000000     
   0.0000000000000000     
   0.0000000000000000     
   0.0000000000000000     
   0.0000000000000000     
   0.0000000000000000     
   0.0000000000000000     
   0.0000000000000000     
   0.0000000000000000     
   0.0000000000000000     
   0.0000000000000000     
   0.0000000000000000     
   0.0000000000000000     
   0.0000000000000000     
   0.0000000000000000     
   0.0000000000000000     
   0.0000000000000000     
   0.0000000000000000     
   0.0000000000000000     
   0.0000000000000000     
   0.0000000000000000     
   0.0000000000000000     
   0.0000000000000000     
   0.0000000000000000     
   0.0000000000000000     
 0.46796247377995E-94
 0.22856909333768E-87
 0.26598790308463E-81
 0.24686923684950E-65
 0.13089573154974E-64
 0.11053346738587E-56
 0.43785116263970E-53
 0.12804288479725E-48
 0.17301651931349E-47
 0.14215041112108E-37
 0.61132480568262E-35
 0.50494737621143E-31
 0.22524948164474E-29
 0.41207751032420E-31
 0.13831660399967E-36
 0.75963131667873E-30
 0.79317085188607E-28
 0.71075818946912E-28
 0.23707712622832E-28
 0.23548134085638E-29
 0.74335879973076E-28
 0.16825918798823E-25
 0.76732999802410E-23
 0.67762198813780E-23
 0.91138265058818E-25
 0.62846898421258E-26
 0.19652942950122E-25
 0.24279817180904E-23
 0.41528838001039E-22
 0.63031363345376E-21
 0.54693265471086E-21
 0.38922890232518E-21
 0.68526480477555E-22
 0.16045834192174E-20
 0.37369179028032E-20
 0.90817712379754E-20
 0.34764437191034E-19
 0.14134004219194E-19
 0.71397031479736E-20
 0.28966608957792E-19
 0.92900918276423E-19
 0.16712990412420E-18
 0.20370227861407E-18
 0.27671130095313E-18
 0.39725452867298E-18
 0.56895456911848E-18
 0.67102290654881E-18
 0.15070624325377E-17
 0.11842639523062E-17
 0.81755774257123E-18
 0.20905420458678E-17
 0.32648665019971E-17
 0.36632001153593E-17
 0.54785316594158E-17
 0.33393161874647E-30
 0.14305905381268E-49
   0.0000000000000000     
 0.63128139000052E-31
 0.12201083662867E-35
 0.18482995026111E-41
 0.24154081657383E-58
 0.24964575383617E-64
 0.21684680037507E-67
 0.12119283560015E-73
   0.0000000000000000     
   0.0000000000000000     
   0.0000000000000000     
   0.0000000000000000     
   0.0000000000000000     
   0.0000000000000000     
   0.0000000000000000     
   0.0000000000000000     
   0.0000000000000000     
   0.0000000000000000     
   0.0000000000000000     
   0.0000000000000000     
   0.0000000000000000     
   0.0000000000000000     
   0.0000000000000000     
   0.0000000000000000     
   0.0000000000000000     
   0.0000000000000000     
   0.0000000000000000     
   0.0000000000000000     
   0.0000000000000000     
   0.0000000000000000     
   0.0000000000000000     
   0.0000000000000000     
   0.0000000000000000     
   0.0000000000000000     
   0.0000000000000000     
   0.0000000000000000     
   0.0000000000000000     
   0.0000000000000000     
   0.0000000000000000     
   0.0000000000000000     
   0.0000000000000000     
   0.0000000000000000     
   0.0000000000000000     
   0.0000000000000000     
   0.0000000000000000     
   0.0000000000000000     
   0.0000000000000000     
   0.0000000000000000     
   0.0000000000000000     
   0.0000000000000000     
   0.0000000000000000     
   0.0000000000000000     
   0.0000000000000000     
   0.0000000000000000     
   0.0000000000000000     
   0.0000000000000000     
   0.0000000000000000     
   0.0000000000000000     
   0.0000000000000000     
   0.0000000000000000     
   0.0000000000000000     
   0.0000000000000000     
   0.0000000000000000     
   0.0000000000000000     
   0.0000000000000000     
   0.0000000000000000     
   0.0000000000000000     
   0.0000000000000000     
   0.0000000000000000     
   0.0000000000000000     
   0.0000000000000000     
   0.0000000000000000     
   0.0000000000000000     
   0.0000000000000000     
   0.0000000000000000     
   0.0000000000000000     
   0.0000000000000000     
   0.0000000000000000     
   0.0000000000000000     
   0.0000000000000000     
   0.0000000000000000     
   0.0000000000000000     
   0.0000000000000000     
   0.0000000000000000     
   0.0000000000000000     
   0.0000000000000000     
   0.0000000000000000     
   0.0000000000000000     
   0.0000000000000000     
   0.0000000000000000     
   0.0000000000000000     
   0.0000000000000000     
   0.0000000000000000     
   0.0000000000000000     
   0.0000000000000000     
   0.0000000000000000     
   0.0000000000000000     
 0.82256905642304E-72
 0.14030334595388E-71
 0.61763007041760E-96
 0.25930316525323E-75
 0.92682416236346E-69
 0.77299158217333E-67
 0.14070434270120E-62
 0.16926428756871E-62
 0.15990380831510E-63
 0.16004080169765E-38
 0.96683141438748E-42
 0.96243786599999E-40
 0.85908445489701E-40
 0.15081060139169E-45
 0.25238251163149E-33
 0.47729798253838E-33
 0.34042689206631E-30
 0.22092684914666E-28
 0.12501373782807E-28
 0.37725598494574E-30
 0.26308660800291E-31
 0.20808556151076E-29
 0.28672281853054E-27
 0.63345657853044E-26
 0.11366505571919E-25
 0.96406653024441E-25
 0.15762703148440E-23
 0.51603678510495E-23
 0.36901824568214E-23
 0.13219799416208E-22
 0.30923480173500E-21
 0.12057361560859E-20
 0.80787726302799E-21
 0.98612774654089E-21
 0.64138348093179E-21
 0.19945520969181E-20
 0.46951777183948E-20
 0.38691560514967E-19
 0.12826674713231E-19
 0.21832599623019E-19
 0.97215857767412E-19
 0.19523963898088E-18
 0.16802264899722E-18
 0.18719823794498E-18
 0.20199955082445E-18
 0.43668759943363E-18
 0.18958358425161E-18
 0.18645723670331E-17
 0.30141796345808E-17
 0.15744408686850E-17
 0.19966942892636E-17
 0.34720647254750E-30
 0.32171362703210E-27
 0.13897571276861E-36
 0.12228360507444E-31
 0.14279869088570E-35
 0.13268822476242E-41
 0.16192631121430E-30
 0.49098458050245E-32
 0.11601160741264E-38
 0.13305530471032E-48
 0.47112901449807E-56
 0.21722460486590E-54
 0.15851830352871E-59
 0.12800039645968E-67
   0.0000000000000000     
   0.0000000000000000     
   0.0000000000000000     
   0.0000000000000000     
   0.0000000000000000     
   0.0000000000000000     
   0.0000000000000000     
   0.0000000000000000     
   0.0000000000000000     
   0.0000000000000000     
   0.0000000000000000     
   0.0000000000000000     
   0.0000000000000000     
   0.0000000000000000     
   0.0000000000000000     
   0.0000000000000000     
   0.0000000000000000     
   0.0000000000000000     
   0.0000000000000000     
   0.0000000000000000     
   0.0000000000000000     
   0.0000000000000000     
   0.0000000000000000     
   0.0000000000000000     
   0.0000000000000000     
   0.0000000000000000     
   0.0000000000000000     
   0.0000000000000000     
   0.0000000000000000     
   0.0000000000000000     
   0.0000000000000000     
   0.0000000000000000     
   0.0000000000000000     
   0.0000000000000000     
   0.0000000000000000     
   0.0000000000000000     
   0.0000000000000000     
   0.0000000000000000     
   0.0000000000000000     
   0.0000000000000000     
   0.0000000000000000     
   0.0000000000000000     
   0.0000000000000000     
   0.0000000000000000     
   0.0000000000000000     
   0.0000000000000000     
   0.0000000000000000     
   0.0000000000000000     
   0.0000000000000000     
   0.0000000000000000     
   0.0000000000000000     
   0.0000000000000000     
   0.0000000000000000     
   0.0000000000000000     
   0.0000000000000000     
   0.0000000000000000     
   0.0000000000000000     
   0.0000000000000000     
   0.0000000000000000     
   0.0000000000000000     
   0.0000000000000000     
   0.0000000000000000     
   0.0000000000000000     
   0.0000000000000000     
   0.0000000000000000     
   0.0000000000000000     
   0.0000000000000000     
   0.0000000000000000     
   0.0000000000000000     
   0.0000000000000000     
   0.0000000000000000     
   0.0000000000000000     
   0.0000000000000000     
   0.0000000000000000     
   0.0000000000000000     
   0.0000000000000000     
   0.0000000000000000     
   0.0000000000000000     
   0.0000000000000000     
   0.0000000000000000     
   0.0000000000000000     
   0.0000000000000000     
   0.0000000000000000     
   0.0000000000000000     
   0.0000000000000000     
   0.0000000000000000     
   0.0000000000000000     
   0.0000000000000000     
   0.0000000000000000     
   0.0000000000000000     
   0.0000000000000000     
 0.36438760251455E-96
 0.18758544104767E-79
 0.16207827324588E-69
 0.33542483831252E-65
 0.12240681908233E-54
 0.31431710322331E-76
 0.33357915197413E-62
 0.58561823193910E-48
 0.16730853838717E-34
 0.77881427432297E-34
 0.15936740411048E-48
 0.48561130161937E-39
 0.35650909806220E-39
 0.74894019096596E-34
 0.18681081222781E-33
 0.24164125686830E-31
 0.18924988700246E-29
 0.11739797242473E-29
 0.49196544393400E-29
 0.70009795434086E-27
 0.37383952953285E-24
 0.22271705307072E-23
 0.37688096060399E-24
 0.45165284867479E-24
 0.61685579199161E-25
 0.15441568590012E-23
 0.16513218388003E-21
 0.45291061507620E-21
 0.63595134455238E-22
 0.20375844681496E-21
 0.28971144523869E-21
 0.56012309876646E-21
 0.17024895703968E-20
 0.10173802382595E-19
 0.14164475505873E-19
 0.46951289827674E-19
 0.89264586553085E-19
 0.32494667872765E-19
 0.92509189442539E-19
 0.23200307422895E-18
 0.86384364914320E-19
 0.57047494373416E-18
 0.77307258992367E-18
 0.37759576774418E-18
 0.29492976558041E-18
 0.40390919321506E-25
 0.95193599460452E-28
 0.44488349851016E-37
 0.43329605543112E-30
 0.13392857683514E-27
 0.10499550465486E-30
 0.84586197295388E-31
 0.52915595184735E-31
 0.10809414153721E-33
 0.30467612374563E-41
 0.15037324009727E-49
 0.78047103663078E-48
 0.70578266014267E-42
 0.17786534598504E-40
 0.44337274357686E-43
 0.15133847115566E-73
 0.53540827924321E-85
   0.0000000000000000     
   0.0000000000000000     
 0.36623113751686E-94
   0.0000000000000000     
   0.0000000000000000     
   0.0000000000000000     
   0.0000000000000000     
   0.0000000000000000     
   0.0000000000000000     
   0.0000000000000000     
   0.0000000000000000     
   0.0000000000000000     
   0.0000000000000000     
   0.0000000000000000     
   0.0000000000000000     
   0.0000000000000000     
   0.0000000000000000     
   0.0000000000000000     
   0.0000000000000000     
   0.0000000000000000     
   0.0000000000000000     
   0.0000000000000000     
   0.0000000000000000     
   0.0000000000000000     
   0.0000000000000000     
   0.0000000000000000     
   0.0000000000000000     
   0.0000000000000000     
   0.0000000000000000     
   0.0000000000000000     
   0.0000000000000000     
   0.0000000000000000     
   0.0000000000000000     
   0.0000000000000000     
   0.0000000000000000     
   0.0000000000000000     
   0.0000000000000000     
   0.0000000000000000     
   0.0000000000000000     
   0.0000000000000000     
   0.0000000000000000     
   0.0000000000000000     
   0.0000000000000000     
   0.0000000000000000     
   0.0000000000000000     
   0.0000000000000000     
   0.0000000000000000     
   0.0000000000000000     
   0.0000000000000000     
   0.0000000000000000     
   0.0000000000000000     
   0.0000000000000000     
   0.0000000000000000     
   0.0000000000000000     
   0.0000000000000000     
   0.0000000000000000     
   0.0000000000000000     
   0.0000000000000000     
   0.0000000000000000     
   0.0000000000000000     
   0.0000000000000000     
   0.0000000000000000     
   0.0000000000000000     
   0.0000000000000000     
   0.0000000000000000     
   0.0000000000000000     
   0.0000000000000000     
   0.0000000000000000     
   0.0000000000000000     
   0.0000000000000000     
   0.0000000000000000     
   0.0000000000000000     
   0.0000000000000000     
   0.0000000000000000     
   0.0000000000000000     
   0.0000000000000000     
   0.0000000000000000     
   0.0000000000000000     
   0.0000000000000000     
   0.0000000000000000     
   0.0000000000000000     
   0.0000000000000000     
   0.0000000000000000     
   0.0000000000000000     
   0.0000000000000000     
   0.0000000000000000     
   0.0000000000000000     
   0.0000000000000000     
   0.0000000000000000     
   0.0000000000000000     
   0.0000000000000000     
 0.18240138550571E-94
 0.18588747547659E-86
 0.19960933877691E-85
 0.39528727771764E-73
 0.93906529676860E-68
 0.32576596328941E-65
 0.12028010756931E-64
 0.42780628093761E-66
 0.20623687181611E-41
 0.45996167721372E-41
 0.25224079423586E-38
 0.17689773767385E-37
 0.12860247086200E-41
 0.31347820639396E-35
 0.53634518036952E-33
 0.12637171032405E-29
 0.54240273414052E-28
 0.25912623703433E-24
 0.53137156762690E-24
 0.51892039815468E-28
 0.81864906974809E-28
 0.25241028425181E-25
 0.43058794750063E-24
 0.87208376095338E-24
 0.68550073475654E-24
 0.32233892087856E-24
 0.30416457310901E-23
 0.12762765772076E-21
 0.17245461618476E-21
 0.16124202349008E-21
 0.66738595372453E-21
 0.41183070441116E-22
 0.11893283343490E-20
 0.38427087978213E-19
 0.14113384723876E-19
 0.29289187630249E-19
 0.63043109156985E-19
 0.22187641771438E-20
 0.31547090233891E-19
 0.99062787915973E-19
 0.35337549253063E-18
 0.24593270129130E-18
 0.34749674453015E-23
 0.22049766362169E-25
 0.23283938105749E-24
 0.19459211543347E-26
 0.15311305114779E-24
 0.18982108370574E-22
 0.11112018675670E-31
 0.76820162067115E-28
 0.51103349819166E-26
 0.84859754345005E-27
 0.25397427019386E-26
 0.20874235957245E-26
 0.31859084058037E-32
 0.63692266137546E-39
 0.62644191359177E-41
 0.98042814453300E-52
 0.19245833822710E-60
 0.44844042603861E-49
 0.62111522092438E-42
 0.12849855906229E-49
 0.63918835710506E-62
 0.38218718720775E-65
 0.30844386219313E-72
 0.38151087832049E-96
   0.0000000000000000     
   0.0000000000000000     
   0.0000000000000000     
   0.0000000000000000     
   0.0000000000000000     
   0.0000000000000000     
   0.0000000000000000     
   0.0000000000000000     
   0.0000000000000000     
   0.0000000000000000     
   0.0000000000000000     
   0.0000000000000000     
   0.0000000000000000     
   0.0000000000000000     
   0.0000000000000000     
   0.0000000000000000     
   0.0000000000000000     
   0.0000000000000000     
   0.0000000000000000     
   0.0000000000000000     
   0.0000000000000000     
   0.0000000000000000     
   0.0000000000000000     
   0.0000000000000000     
   0.0000000000000000     
   0.0000000000000000     
   0.0000000000000000     
   0.0000000000000000     
   0.0000000000000000     
   0.0000000000000000     
   0.0000000000000000     
   0.0000000000000000     
   0.0000000000000000     
   0.0000000000000000     
   0.0000000000000000     
   0.0000000000000000     
   0.0000000000000000     
   0.0000000000000000     
   0.0000000000000000     
   0.0000000000000000     
   0.0000000000000000     
   0.0000000000000000     
   0.0000000000000000     
   0.0000000000000000     
   0.0000000000000000     
   0.0000000000000000     
   0.0000000000000000     
   0.0000000000000000     
   0.0000000000000000     
   0.0000000000000000     
   0.0000000000000000     
   0.0000000000000000     
   0.0000000000000000     
   0.0000000000000000     
   0.0000000000000000     
   0.0000000000000000     
   0.0000000000000000     
   0.0000000000000000     
   0.0000000000000000     
   0.0000000000000000     
   0.0000000000000000     
   0.0000000000000000     
   0.0000000000000000     
   0.0000000000000000     
   0.0000000000000000     
   0.0000000000000000     
   0.0000000000000000     
   0.0000000000000000     
   0.0000000000000000     
   0.0000000000000000     
   0.0000000000000000     
   0.0000000000000000     
   0.0000000000000000     
   0.0000000000000000     
   0.0000000000000000     
   0.0000000000000000     
   0.0000000000000000     
   0.0000000000000000     
   0.0000000000000000     
   0.0000000000000000     
   0.0000000000000000     
   0.0000000000000000     
   0.0000000000000000     
   0.0000000000000000     
   0.0000000000000000     
   0.0000000000000000     
   0.0000000000000000     
   0.0000000000000000     
   0.0000000000000000     
 0.26413826090662E-89
 0.38042812975150E-81
 0.44008469220170E-79
 0.11134877900535E-76
 0.70036094467629E-67
 0.63092147314629E-56
 0.25419301851267E-53
 0.28990395287062E-43
 0.15166543814765E-36
 0.19182385587222E-35
 0.10355669398086E-35
 0.27862903040668E-35
 0.24732221486521E-34
 0.24469075482252E-30
 0.53516858023531E-29
 0.28578136608953E-28
 0.38118409537606E-26
 0.34400490586077E-26
 0.44744062688728E-31
 0.21791360803711E-28
 0.24077655494386E-24
 0.88716440732437E-24
 0.24463175329800E-22
 0.24950442637291E-22
 0.21556647942175E-22
 0.56417951600062E-24
 0.21924772935277E-22
 0.54660860582674E-21
 0.55029927542568E-20
 0.31757748212661E-20
 0.24595155101272E-20
 0.87657900436789E-21
 0.32445540870038E-21
 0.31187605966611E-19
 0.94418685766441E-19
 0.38945046816376E-19
 0.21733888722332E-19
 0.19690874660439E-21
 0.21533503831775E-20
 0.48262522809508E-24
 0.15183551873200E-26
 0.30897692323649E-24
 0.13356643637981E-21
 0.13884945355816E-22
 0.44078396654718E-22
 0.67161854118402E-23
 0.72370451580174E-25
 0.17299477020199E-25
 0.18900750599324E-24
 0.13712946679235E-27
 0.73707925751412E-31
 0.48982444604709E-31
 0.81438106801719E-38
 0.42252862404544E-41
 0.56589841062428E-44
 0.69820758448772E-39
 0.17976088569081E-42
 0.28572954258592E-51
 0.19771381535725E-39
 0.12501795927904E-43
 0.10061816194879E-62
 0.18928995859865E-65
 0.16989123271228E-63
 0.82948265720410E-80
 0.16569976564389E-63
 0.16897876435372E-67
   0.0000000000000000     
   0.0000000000000000     
   0.0000000000000000     
   0.0000000000000000     
   0.0000000000000000     
   0.0000000000000000     
   0.0000000000000000     
   0.0000000000000000     
   0.0000000000000000     
   0.0000000000000000     
   0.0000000000000000     
   0.0000000000000000     
   0.0000000000000000     
   0.0000000000000000     
   0.0000000000000000     
   0.0000000000000000     
   0.0000000000000000     
   0.0000000000000000     
   0.0000000000000000     
   0.0000000000000000     
   0.0000000000000000     
   0.0000000000000000     
   0.0000000000000000     
   0.0000000000000000     
   0.0000000000000000     
   0.0000000000000000     
   0.0000000000000000     
   0.0000000000000000     
   0.0000000000000000     
   0.0000000000000000     
   0.0000000000000000     
   0.0000000000000000     
   0.0000000000000000     
   0.0000000000000000     
   0.0000000000000000     
   0.0000000000000000     
   0.0000000000000000     
   0.0000000000000000     
   0.0000000000000000     
   0.0000000000000000     
   0.0000000000000000     
   0.0000000000000000     
   0.0000000000000000     
   0.0000000000000000     
   0.0000000000000000     
   0.0000000000000000     
   0.0000000000000000     
   0.0000000000000000     
   0.0000000000000000     
   0.0000000000000000     
   0.0000000000000000     
   0.0000000000000000     
   0.0000000000000000     
   0.0000000000000000     
   0.0000000000000000     
   0.0000000000000000     
   0.0000000000000000     
   0.0000000000000000     
   0.0000000000000000     
   0.0000000000000000     
   0.0000000000000000     
   0.0000000000000000     
   0.0000000000000000     
   0.0000000000000000     
   0.0000000000000000     
   0.0000000000000000     
   0.0000000000000000     
   0.0000000000000000     
   0.0000000000000000     
   0.0000000000000000     
   0.0000000000000000     
   0.0000000000000000     
   0.0000000000000000     
   0.0000000000000000     
   0.0000000000000000     
   0.0000000000000000     
   0.0000000000000000     
   0.0000000000000000     
   0.0000000000000000     
   0.0000000000000000     
   0.0000000000000000     
   0.0000000000000000     
   0.0000000000000000     
   0.0000000000000000     
   0.0000000000000000     
   0.0000000000000000     
   0.0000000000000000     
   0.0000000000000000     
   0.0000000000000000     
 0.32144769676252E-86
 0.22619220227972E-83
 0.23703211741601E-64
 0.11665813387659E-63
 0.42277857098039E-64
 0.40392035433472E-69
 0.48271491304996E-37
 0.20323247970334E-35
 0.12571265660607E-52
 0.84803313328683E-50
 0.17689130361110E-47
 0.20099218856801E-37
 0.47497211690217E-36
 0.10270131654833E-32
 0.17507234610870E-30
 0.60582560708137E-30
 0.69378168346916E-28
 0.20085133000768E-26
 0.27115128534181E-23
 0.31139825981874E-23
 0.16326708536939E-24
 0.78596016860339E-23
 0.21950608755383E-22
 0.67062351517142E-22
 0.11953998444445E-21
 0.11397377322094E-20
 0.52728647402106E-21
 0.20904448339697E-22
 0.12614895325242E-21
 0.50923194836915E-20
 0.56738454712110E-23
 0.34115499887537E-20
 0.21750281905660E-21
 0.19978846261979E-20
 0.21765994488805E-23
 0.28411066539473E-21
 0.13867172267383E-21
 0.36187005994098E-20
 0.36965034259039E-21
 0.95057954078010E-22
 0.12729331802686E-22
 0.14605606342200E-22
 0.52911807993816E-24
 0.13234530540973E-23
 0.26109584914969E-24
 0.89884108270634E-27
 0.82821881219665E-29
 0.20294285027243E-27
 0.12169359215841E-27
 0.64306043682499E-30
 0.92395782675387E-31
 0.52154236878687E-34
 0.90466460043563E-40
 0.70037705791358E-38
 0.47509329467956E-41
 0.40421982394730E-38
 0.15243479730102E-38
 0.19742909982723E-45
 0.58008544567359E-54
 0.52817627926320E-53
 0.43185548230958E-56
 0.38254157285118E-65
 0.86728134976562E-75
 0.71388460280359E-80
 0.90779206079226E-93
   0.0000000000000000     
   0.0000000000000000     
   0.0000000000000000     
   0.0000000000000000     
   0.0000000000000000     
   0.0000000000000000     
   0.0000000000000000     
   0.0000000000000000     
   0.0000000000000000     
   0.0000000000000000     
   0.0000000000000000     
   0.0000000000000000     
   0.0000000000000000     
   0.0000000000000000     
   0.0000000000000000     
   0.0000000000000000     
   0.0000000000000000     
   0.0000000000000000     
   0.0000000000000000     
   0.0000000000000000     
   0.0000000000000000     
   0.0000000000000000     
   0.0000000000000000     
   0.0000000000000000     
   0.0000000000000000     
   0.0000000000000000     
   0.0000000000000000     
   0.0000000000000000     
   0.0000000000000000     
   0.0000000000000000     
   0.0000000000000000     
   0.0000000000000000     
   0.0000000000000000     
   0.0000000000000000     
   0.0000000000000000     
   0.0000000000000000     
   0.0000000000000000     
   0.0000000000000000     
   0.0000000000000000     
   0.0000000000000000     
   0.0000000000000000     
   0.0000000000000000     
   0.0000000000000000     
   0.0000000000000000     
   0.0000000000000000     
   0.0000000000000000     
   0.0000000000000000     
   0.0000000000000000     
   0.0000000000000000     
   0.0000000000000000     
   0.0000000000000000     
   0.0000000000000000     
   0.0000000000000000     
   0.0000000000000000     
   0.0000000000000000     
   0.0000000000000000     
   0.0000000000000000     
   0.0000000000000000     
   0.0000000000000000     
   0.0000000000000000     
   0.0000000000000000     
   0.0000000000000000     
   0.0000000000000000     
   0.0000000000000000     
   0.0000000000000000     
   0.0000000000000000     
   0.0000000000000000     
   0.0000000000000000     
   0.0000000000000000     
   0.0000000000000000     
   0.0000000000000000     
   0.0000000000000000     
   0.0000000000000000     
   0.0000000000000000     
   0.0000000000000000     
   0.0000000000000000     
   0.0000000000000000     
   0.0000000000000000     
   0.0000000000000000     
   0.0000000000000000     
   0.0000000000000000     
   0.0000000000000000     
   0.0000000000000000     
   0.0000000000000000     
   0.0000000000000000     
   0.0000000000000000     
   0.0000000000000000     
   0.0000000000000000     
   0.0000000000000000     
 0.69428740999614E-83
 0.70817488291052E-80
 0.15145068533667E-67
 0.71665855251851E-63
 0.26849359353366E-61
 0.21636634950002E-71
 0.69786359453827E-63
 0.13626172745437E-39
 0.23890775301862E-39
 0.14108105538387E-35
 0.27718933401400E-33
 0.24027868586823E-35
 0.15970740370803E-33
 0.18911219151787E-26
 0.13451909371055E-23
 0.92440658304486E-24
 0.42801249968100E-26
 0.92481308272399E-27
 0.22129322578110E-25
 0.33679001158502E-22
 0.51056797447625E-22
 0.12228492622341E-24
 0.57055515977634E-23
 0.18906145721848E-22
 0.54967071106852E-25
 0.48504269827202E-22
 0.55674257122097E-23
 0.36628216467630E-20
 0.81836596641430E-20
 0.39875197717908E-19
 0.50571027829292E-19
 0.21742286104327E-20
 0.47473223202285E-21
 0.73726524362689E-20
 0.70285453004052E-21
 0.30050657627060E-20
 0.12938690362992E-21
 0.44707263047287E-21
 0.55217301287977E-22
 0.27063716471550E-23
 0.45002025023560E-24
 0.38150144245139E-25
 0.14574744151707E-26
 0.10577513210239E-24
 0.52778398736415E-23
 0.79925873480590E-27
 0.77966968059094E-29
 0.24209163142241E-27
 0.47282851558338E-28
 0.98871395374509E-28
 0.24387095473438E-29
 0.65574809070738E-37
 0.24058011143700E-38
 0.74361035119300E-42
 0.23599572416389E-49
 0.55024555629979E-48
 0.71344294438085E-51
 0.33356954748197E-64
 0.46558330186884E-65
 0.56447609027284E-58
 0.60496132460361E-58
 0.45395818081303E-78
 0.28819753589157E-81
 0.32035042623117E-78
 0.22147064976027E-88
   0.0000000000000000     
   0.0000000000000000     
   0.0000000000000000     
   0.0000000000000000     
   0.0000000000000000     
   0.0000000000000000     
   0.0000000000000000     
   0.0000000000000000     
   0.0000000000000000     
   0.0000000000000000     
   0.0000000000000000     
   0.0000000000000000     
   0.0000000000000000     
   0.0000000000000000     
   0.0000000000000000     
   0.0000000000000000     
   0.0000000000000000     
   0.0000000000000000     
   0.0000000000000000     
   0.0000000000000000     
   0.0000000000000000     
   0.0000000000000000     
   0.0000000000000000     
   0.0000000000000000     
   0.0000000000000000     
   0.0000000000000000     
   0.0000000000000000     
   0.0000000000000000     
   0.0000000000000000     
   0.0000000000000000     
   0.0000000000000000     
   0.0000000000000000     
   0.0000000000000000     
   0.0000000000000000     
   0.0000000000000000     
   0.0000000000000000     
   0.0000000000000000     
   0.0000000000000000     
   0.0000000000000000     
   0.0000000000000000     
   0.0000000000000000     
   0.0000000000000000     
   0.0000000000000000     
   0.0000000000000000     
   0.0000000000000000     
   0.0000000000000000     
   0.0000000000000000     
   0.0000000000000000     
   0.0000000000000000     
   0.0000000000000000     
   0.0000000000000000     
   0.0000000000000000     
   0.0000000000000000     
   0.0000000000000000     
   0.0000000000000000     
   0.0000000000000000     
   0.0000000000000000     
   0.0000000000000000     
   0.0000000000000000     
   0.0000000000000000     
   0.0000000000000000     
   0.0000000000000000     
   0.0000000000000000     
   0.0000000000000000     
   0.0000000000000000     
   0.0000000000000000     
   0.0000000000000000     
   0.0000000000000000     
   0.0000000000000000     
   0.0000000000000000     
   0.0000000000000000     
   0.0000000000000000     
   0.0000000000000000     
   0.0000000000000000     
   0.0000000000000000     
   0.0000000000000000     
   0.0000000000000000     
   0.0000000000000000     
   0.0000000000000000     
   0.0000000000000000     
   0.0000000000000000     
   0.0000000000000000     
   0.0000000000000000     
   0.0000000000000000     
   0.0000000000000000     
   0.0000000000000000     
   0.0000000000000000     
   0.0000000000000000     
 0.69381867508007E-96
 0.23359481934805E-83
 0.90150632946357E-86
 0.33260748449594E-71
 0.62809893137716E-58
 0.83646888505073E-53
 0.45320371804223E-40
 0.73262949266415E-35
 0.81281062385013E-36
 0.51804511659933E-41
 0.91753594633092E-41
 0.14605669526777E-43
 0.11938221777701E-36
 0.47189673117273E-29
 0.39787594374375E-27
 0.29621222173031E-29
 0.83030773722361E-30
 0.46810593334023E-27
 0.23313284650255E-27
 0.20677629675718E-23
 0.99178387945432E-24
 0.46286778524739E-25
 0.34621035602939E-23
 0.25744942033799E-22
 0.11166622774472E-24
 0.21158938797438E-18
 0.21577629438850E-18
 0.56273286456845E-19
 0.22388257005944E-20
 0.94504434914858E-20
 0.61351622391883E-19
 0.20523293882391E-19
 0.33708192981343E-19
 0.53916361646889E-20
 0.10447523219910E-20
 0.10507159038428E-21
 0.14953431364600E-22
 0.34829851798567E-20
 0.28755256992921E-20
 0.70755043561540E-22
 0.25832845216531E-24
 0.25211765612540E-22
 0.52567237652460E-24
 0.90769565439972E-24
 0.33385887463453E-24
 0.68782539322603E-25
 0.16021854407528E-27
 0.12730355135357E-28
 0.55275267674159E-29
 0.49184673973929E-27
 0.15856483039015E-27
 0.22950566272226E-30
 0.42844886623236E-32
 0.57809136260438E-38
 0.22451995569283E-45
 0.10119521356779E-47
 0.16342288167217E-36
 0.27504470744923E-38
 0.12179156845239E-43
 0.32559633345680E-45
 0.11132425258025E-52
 0.53427705317069E-55
 0.14122319858353E-87
 0.98273366164314E-89
 0.14902899215843E-90
 0.12604830441093E-93
   0.0000000000000000     
   0.0000000000000000     
   0.0000000000000000     
   0.0000000000000000     
   0.0000000000000000     
   0.0000000000000000     
   0.0000000000000000     
   0.0000000000000000     
   0.0000000000000000     
   0.0000000000000000     
   0.0000000000000000     
   0.0000000000000000     
   0.0000000000000000     
   0.0000000000000000     
   0.0000000000000000     
   0.0000000000000000     
   0.0000000000000000     
   0.0000000000000000     
   0.0000000000000000     
   0.0000000000000000     
   0.0000000000000000     
   0.0000000000000000     
   0.0000000000000000     
   0.0000000000000000     
   0.0000000000000000     
   0.0000000000000000     
   0.0000000000000000     
   0.0000000000000000     
   0.0000000000000000     
   0.0000000000000000     
   0.0000000000000000     
   0.0000000000000000     
   0.0000000000000000     
   0.0000000000000000     
   0.0000000000000000     
   0.0000000000000000     
   0.0000000000000000     
   0.0000000000000000     
   0.0000000000000000     
   0.0000000000000000     
   0.0000000000000000     
   0.0000000000000000     
   0.0000000000000000     
   0.0000000000000000     
   0.0000000000000000     
   0.0000000000000000     
   0.0000000000000000     
   0.0000000000000000     
   0.0000000000000000     
   0.0000000000000000     
   0.0000000000000000     
   0.0000000000000000     
   0.0000000000000000     
   0.0000000000000000     
   0.0000000000000000     
   0.0000000000000000     
   0.0000000000000000     
   0.0000000000000000     
   0.0000000000000000     
   0.0000000000000000     
   0.0000000000000000     
   0.0000000000000000     
   0.0000000000000000     
   0.0000000000000000     
   0.0000000000000000     
   0.0000000000000000     
   0.0000000000000000     
   0.0000000000000000     
   0.0000000000000000     
   0.0000000000000000     
   0.0000000000000000     
   0.0000000000000000     
   0.0000000000000000     
   0.0000000000000000     
   0.0000000000000000     
   0.0000000000000000     
   0.0000000000000000     
   0.0000000000000000     
   0.0000000000000000     
   0.0000000000000000     
   0.0000000000000000     
   0.0000000000000000     
   0.0000000000000000     
   0.0000000000000000     
   0.0000000000000000     
   0.0000000000000000     
   0.0000000000000000     
   0.0000000000000000     
   0.0000000000000000     
   0.0000000000000000     
 0.15962804163920E-74
 0.22073713886192E-66
 0.17312446433573E-56
 0.73726310715036E-49
 0.44871561771381E-53
 0.69778406812748E-73
 0.14744205638853E-53
 0.17970244186292E-45
 0.29617647562085E-49
 0.32036459217527E-41
 0.73547165049824E-36
 0.21315796402610E-27
 0.11322883511410E-27
 0.42797071273045E-27
 0.87949005266131E-24
 0.39470071250339E-26
 0.14621505729124E-24
 0.15472240302873E-35
 0.93086367976165E-25
 0.21687943780952E-18
 0.23445111946918E-18
 0.30747412528067E-18
 0.13533885582607E-18
 0.32624425152752E-18
 0.21852210320414E-18
 0.12900207862740E-18
 0.67402628221671E-19
 0.14139203217797E-19
 0.19582873361673E-19
 0.40252912253106E-20
 0.93211476621747E-21
 0.89687531126079E-20
 0.54410434705926E-20
 0.20283525102395E-21
 0.17481187379784E-21
 0.37131092679551E-21
 0.99331337129999E-21
 0.14917427216518E-21
 0.91026610760997E-24
 0.10066316964313E-23
 0.47738767710448E-24
 0.73858962185653E-25
 0.77252636371044E-25
 0.18316980460856E-26
 0.17905378413030E-27
 0.11424100796280E-28
 0.21721201377508E-28
 0.48685582433519E-29
 0.67517469931083E-28
 0.85849503191271E-30
 0.11860681376285E-33
 0.44257281284604E-31
 0.57126139231030E-30
 0.25967639135103E-33
 0.12779976472053E-30
 0.78694340963685E-35
 0.15398557806681E-38
 0.70727335690958E-48
 0.32248903211923E-56
 0.16235790295622E-58
 0.13668540841011E-65
 0.58971201456248E-69
 0.37641325125571E-76
 0.21665974649170E-85
   0.0000000000000000     
   0.0000000000000000     
   0.0000000000000000     
   0.0000000000000000     
   0.0000000000000000     
   0.0000000000000000     
   0.0000000000000000     
   0.0000000000000000     
   0.0000000000000000     
   0.0000000000000000     
   0.0000000000000000     
   0.0000000000000000     
   0.0000000000000000     
   0.0000000000000000     
   0.0000000000000000     
   0.0000000000000000     
   0.0000000000000000     
   0.0000000000000000     
   0.0000000000000000     
   0.0000000000000000     
   0.0000000000000000     
   0.0000000000000000     
   0.0000000000000000     
   0.0000000000000000     
   0.0000000000000000     
   0.0000000000000000     
   0.0000000000000000     
   0.0000000000000000     
   0.0000000000000000     
   0.0000000000000000     
   0.0000000000000000     
   0.0000000000000000     
   0.0000000000000000     
   0.0000000000000000     
   0.0000000000000000     
   0.0000000000000000     
   0.0000000000000000     
   0.0000000000000000     
   0.0000000000000000     
   0.0000000000000000     
   0.0000000000000000     
   0.0000000000000000     
   0.0000000000000000     
   0.0000000000000000     
   0.0000000000000000     
   0.0000000000000000     
   0.0000000000000000     
   0.0000000000000000     
   0.0000000000000000     
   0.0000000000000000     
   0.0000000000000000     
   0.0000000000000000     
   0.0000000000000000     
   0.0000000000000000     
   0.0000000000000000     
   0.0000000000000000     
   0.0000000000000000     
   0.0000000000000000     
   0.0000000000000000     
   0.0000000000000000     
   0.0000000000000000     
   0.0000000000000000     
   0.0000000000000000     
   0.0000000000000000     
   0.0000000000000000     
   0.0000000000000000     
   0.0000000000000000     
   0.0000000000000000     
   0.0000000000000000     
   0.0000000000000000     
   0.0000000000000000     
   0.0000000000000000     
   0.0000000000000000     
   0.0000000000000000     
   0.0000000000000000     
   0.0000000000000000     
   0.0000000000000000     
   0.0000000000000000     
   0.0000000000000000     
   0.0000000000000000     
   0.0000000000000000     
   0.0000000000000000     
   0.0000000000000000     
   0.0000000000000000     
   0.0000000000000000     
   0.0000000000000000     
   0.0000000000000000     
   0.0000000000000000     
   0.0000000000000000     
 0.21092269446888E-93
 0.70609106638168E-85
 0.34112856503736E-85
 0.11230140832407E-57
 0.33673128289002E-50
 0.79611628254174E-74
 0.25512972994106E-70
 0.21399033848570E-45
 0.10962181815974E-36
 0.30946532224291E-35
 0.80808054836343E-45
 0.86653901818643E-39
 0.25699506640393E-37
 0.18002680774982E-24
 0.50271216869433E-35
 0.10055169856960E-25
 0.17730132764762E-17
 0.93312849807925E-18
 0.11638148123355E-17
 0.72593081637782E-18
 0.42206338297229E-18
 0.41076427866376E-18
 0.31330033537944E-18
 0.43524710801768E-18
 0.10579112894922E-18
 0.55586484810893E-19
 0.17569928613348E-19
 0.47692080643578E-20
 0.10224941949637E-18
 0.76674354182972E-19
 0.87875858221676E-20
 0.73789361672154E-20
 0.26847372364888E-20
 0.20944023448805E-20
 0.67682320385108E-21
 0.54541404126526E-22
 0.84871256864702E-22
 0.88104270077920E-22
 0.14244601074958E-22
 0.44254377337394E-24
 0.12285344002935E-22
 0.95103816829448E-24
 0.30820528442780E-24
 0.73638321748587E-24
 0.34015561678523E-24
 0.12518172182094E-27
 0.14249437820486E-28
 0.83053562078642E-29
 0.61104457850847E-28
 0.17194716434409E-27
 0.87513046167150E-29
 0.46995700135855E-30
 0.36218577069342E-30
 0.11321108895609E-33
 0.19150208051765E-36
 0.81513692052924E-40
 0.37573605108126E-54
 0.81347003959826E-57
 0.65644197923520E-58
 0.46721127108698E-71
 0.33119053894388E-69
 0.83815756415441E-70
 0.28720916265529E-85
 0.27824537288971E-88
 0.26462903201464E-93
   0.0000000000000000     
   0.0000000000000000     
   0.0000000000000000     
   0.0000000000000000     
   0.0000000000000000     
   0.0000000000000000     
   0.0000000000000000     
   0.0000000000000000     
   0.0000000000000000     
   0.0000000000000000     
   0.0000000000000000     
   0.0000000000000000     
   0.0000000000000000     
   0.0000000000000000     
   0.0000000000000000     
   0.0000000000000000     
   0.0000000000000000     
   0.0000000000000000     
   0.0000000000000000     
   0.0000000000000000     
   0.0000000000000000     
   0.0000000000000000     
   0.0000000000000000     
   0.0000000000000000     
   0.0000000000000000     
   0.0000000000000000     
   0.0000000000000000     
   0.0000000000000000     
   0.0000000000000000     
   0.0000000000000000     
   0.0000000000000000     
   0.0000000000000000     
   0.0000000000000000     
   0.0000000000000000     
   0.0000000000000000     
   0.0000000000000000     
   0.0000000000000000     
   0.0000000000000000     
   0.0000000000000000     
   0.0000000000000000     
   0.0000000000000000     
   0.0000000000000000     
   0.0000000000000000     
   0.0000000000000000     
   0.0000000000000000     
   0.0000000000000000     
   0.0000000000000000     
   0.0000000000000000     
   0.0000000000000000     
   0.0000000000000000     
   0.0000000000000000     
   0.0000000000000000     
   0.0000000000000000     
   0.0000000000000000     
   0.0000000000000000     
   0.0000000000000000     
   0.0000000000000000     
   0.0000000000000000     
   0.0000000000000000     
   0.0000000000000000     
   0.0000000000000000     
   0.0000000000000000     
   0.0000000000000000     
   0.0000000000000000     
   0.0000000000000000     
   0.0000000000000000     
   0.0000000000000000     
   0.0000000000000000     
   0.0000000000000000     
   0.0000000000000000     
   0.0000000000000000     
   0.0000000000000000     
   0.0000000000000000     
   0.0000000000000000     
   0.0000000000000000     
   0.0000000000000000     
   0.0000000000000000     
   0.0000000000000000     
   0.0000000000000000     
   0.0000000000000000     
   0.0000000000000000     
   0.0000000000000000     
   0.0000000000000000     
   0.0000000000000000     
   0.0000000000000000     
   0.0000000000000000     
   0.0000000000000000     
   0.0000000000000000     
   0.0000000000000000     
   0.0000000000000000     
 0.45447988892390E-93
 0.19613089165950E-80
 0.74898424248072E-70
 0.10200352373228E-66
 0.44532618450703E-72
 0.11215740073566E-44
 0.74039306196700E-39
 0.20250053360189E-73
 0.54019099798613E-58
 0.16950328108689E-39
   0.0000000000000000     
 0.49305779867940E-17
 0.25290525175271E-17
 0.13858882281410E-17
 0.76549867453719E-18
 0.13344130078138E-17
 0.87676402797963E-18
 0.97836581047539E-18
 0.75791262762207E-18
 0.42038960962973E-18
 0.16214168345341E-18
 0.79816727796243E-19
 0.30645367088898E-18
 0.20381684121456E-18
 0.13580609733637E-18
 0.58200811591313E-19
 0.19472446356513E-19
 0.27503814495844E-19
 0.45289818705510E-19
 0.14170059759386E-19
 0.36519011129173E-20
 0.10806765306158E-20
 0.22772759647268E-21
 0.21865058170033E-21
 0.39714830933048E-22
 0.15554033455848E-20
 0.14095908397859E-21
 0.76894787874101E-23
 0.11420603006071E-22
 0.28210232991623E-22
 0.14002488730536E-22
 0.23855522764397E-25
 0.23868264269963E-25
 0.32599033250401E-27
 0.12144505352682E-26
 0.82225750550366E-27
 0.58032149103102E-28
 0.27693877525989E-29
 0.13690783098459E-32
 0.20513111434896E-32
 0.34794015269225E-34
 0.19592369361230E-44
 0.61293052163180E-34
 0.46358397773761E-34
 0.71173953539061E-49
 0.11750180404602E-54
 0.13608879116576E-59
 0.13687053708528E-69
 0.71254911692163E-64
 0.75853668899334E-64
 0.20439538571595E-66
 0.57894286023053E-71
 0.30050513129604E-89
 0.12714397682716E-89
 0.25976452675452E-96
   0.0000000000000000     
   0.0000000000000000     
   0.0000000000000000     
   0.0000000000000000     
   0.0000000000000000     
   0.0000000000000000     
   0.0000000000000000     
   0.0000000000000000     
   0.0000000000000000     
   0.0000000000000000     
   0.0000000000000000     
   0.0000000000000000     
   0.0000000000000000     
   0.0000000000000000     
   0.0000000000000000     
   0.0000000000000000     
   0.0000000000000000     
   0.0000000000000000     
   0.0000000000000000     
   0.0000000000000000     
   0.0000000000000000     
   0.0000000000000000     
   0.0000000000000000     
   0.0000000000000000     
   0.0000000000000000     
   0.0000000000000000     
   0.0000000000000000     
   0.0000000000000000     
   0.0000000000000000     
   0.0000000000000000     
   0.0000000000000000     
   0.0000000000000000     
   0.0000000000000000     
   0.0000000000000000     
   0.0000000000000000     
   0.0000000000000000     
   0.0000000000000000     
   0.0000000000000000     
   0.0000000000000000     
   0.0000000000000000     
   0.0000000000000000     
   0.0000000000000000     
   0.0000000000000000     
   0.0000000000000000     
   0.0000000000000000     
   0.0000000000000000     
   0.0000000000000000     
   0.0000000000000000     
   0.0000000000000000     
   0.0000000000000000     
   0.0000000000000000     
   0.0000000000000000     
   0.0000000000000000     
   0.0000000000000000     
   0.0000000000000000     
   0.0000000000000000     
   0.0000000000000000     
   0.0000000000000000     
   0.0000000000000000     
   0.0000000000000000     
   0.0000000000000000     
   0.0000000000000000     
   0.0000000000000000     
   0.0000000000000000     
   0.0000000000000000     
   0.0000000000000000     
   0.0000000000000000     
   0.0000000000000000     
   0.0000000000000000     
   0.0000000000000000     
   0.0000000000000000     
   0.0000000000000000     
   0.0000000000000000     
   0.0000000000000000     
   0.0000000000000000     
   0.0000000000000000     
   0.0000000000000000     
   0.0000000000000000     
   0.0000000000000000     
   0.0000000000000000     
   0.0000000000000000     
   0.0000000000000000     
   0.0000000000000000     
   0.0000000000000000     
   0.0000000000000000     
   0.0000000000000000     
   0.0000000000000000     
   0.0000000000000000     
   0.0000000000000000     
   0.0000000000000000     
   0.0000000000000000     
   0.0000000000000000     
   0.0000000000000000     
 0.11528705492026E-79
   0.0000000000000000     
   0.0000000000000000     
 0.53514348333632E-17
 0.29592305101573E-17
 0.38185076260059E-17
 0.30470614992544E-17
 0.35821240018698E-17
 0.26912560794758E-17
 0.21478170105179E-17
 0.13892479252167E-17
 0.12139271995088E-17
 0.14911164474298E-17
 0.82014354828006E-18
 0.12683514246027E-17
 0.53002018284039E-18
 0.35153303403410E-18
 0.18694483345304E-18
 0.96523450396520E-19
 0.71851711998880E-19
 0.82548440799711E-19
 0.30769263122932E-19
 0.13071172629569E-19
 0.35592505781893E-19
 0.38388578844664E-19
 0.44721773702768E-20
 0.27138576099083E-20
 0.32054329250803E-20
 0.30249479645721E-21
 0.10574279761538E-20
 0.24151310845113E-20
 0.11496221835113E-20
 0.21775260046912E-21
 0.16132083066533E-23
 0.62585904595043E-25
 0.12262015426278E-22
 0.11563952415458E-22
 0.19796605564670E-24
 0.23999805439615E-25
 0.11738940085027E-27
 0.31092351683799E-30
 0.16437173293344E-29
 0.29557791331017E-30
 0.17087603191940E-27
 0.33601209998443E-27
 0.20826561814057E-30
 0.20968864200200E-35
 0.51568978325978E-40
 0.91738037952586E-44
 0.32351496658295E-38
 0.20513913820123E-38
 0.30211148492432E-38
 0.32090032728105E-41
 0.10406166694277E-46
 0.27747246183330E-53
 0.73824384031398E-61
 0.45256373269908E-48
 0.48545647011561E-40
 0.35459442324694E-84
 0.20287570440029E-88
   0.0000000000000000     
   0.0000000000000000     
   0.0000000000000000     
   0.0000000000000000     
   0.0000000000000000     
   0.0000000000000000     
   0.0000000000000000     
   0.0000000000000000     
   0.0000000000000000     
   0.0000000000000000     
   0.0000000000000000     
   0.0000000000000000     
   0.0000000000000000     
   0.0000000000000000     
   0.0000000000000000     
   0.0000000000000000     
   0.0000000000000000     
   0.0000000000000000     
   0.0000000000000000     
   0.0000000000000000     
   0.0000000000000000     
   0.0000000000000000     
   0.0000000000000000     
   0.0000000000000000     
   0.0000000000000000     
   0.0000000000000000     
   0.0000000000000000     
   0.0000000000000000     
   0.0000000000000000     
   0.0000000000000000     
   0.0000000000000000     
   0.0000000000000000     
   0.0000000000000000     
   0.0000000000000000     
   0.0000000000000000     
   0.0000000000000000     
   0.0000000000000000     
   0.0000000000000000     
   0.0000000000000000     
   0.0000000000000000     
   0.0000000000000000     
   0.0000000000000000     
   0.0000000000000000     
   0.0000000000000000     
   0.0000000000000000     
   0.0000000000000000     
   0.0000000000000000     
   0.0000000000000000     
   0.0000000000000000     
   0.0000000000000000     
   0.0000000000000000     
   0.0000000000000000     
   0.0000000000000000     
   0.0000000000000000     
   0.0000000000000000     
   0.0000000000000000     
   0.0000000000000000     
   0.0000000000000000     
   0.0000000000000000     
   0.0000000000000000     
   0.0000000000000000     
   0.0000000000000000     
   0.0000000000000000     
   0.0000000000000000     
   0.0000000000000000     
   0.0000000000000000     
   0.0000000000000000     
   0.0000000000000000     
   0.0000000000000000     
   0.0000000000000000     
   0.0000000000000000     
   0.0000000000000000     
   0.0000000000000000     
   0.0000000000000000     
   0.0000000000000000     
   0.0000000000000000     
   0.0000000000000000     
   0.0000000000000000     
   0.0000000000000000     
   0.0000000000000000     
   0.0000000000000000     
   0.0000000000000000     
   0.0000000000000000     
   0.0000000000000000     
   0.0000000000000000     
   0.0000000000000000     
   0.0000000000000000     
   0.0000000000000000     
   0.0000000000000000     
   0.0000000000000000     
   0.0000000000000000     
   0.0000000000000000     
   0.0000000000000000     
 0.88384386095060E-17
 0.12796078135855E-16
 0.14288846255388E-16
 0.12093165243162E-16
 0.64262199160037E-17
 0.52665056618337E-17
 0.42932122400903E-17
 0.59431513403969E-17
 0.47974640730551E-17
 0.36526858438799E-17
 0.23252773461937E-17
 0.26203608864310E-17
 0.14527038161758E-17
 0.18041398362790E-17
 0.10965218184780E-17
 0.91235311957989E-18
 0.28843777416467E-18
 0.15189563953315E-18
 0.10618323132621E-18
 0.14841421894465E-18
 0.14381356808220E-18
 0.12711484948503E-18
 0.16677147682746E-19
 0.97669220259521E-20
 0.14260185872706E-19
 0.21461315491635E-19
 0.26621235223810E-19
 0.33533592231077E-19
 0.25572258653805E-20
 0.48871664035436E-21
 0.95508865690441E-23
 0.55606754033309E-21
 0.29242056126436E-21
 0.69623029235844E-22
 0.23158170880646E-23
 0.15950229226888E-24
 0.15454137299660E-26
 0.20077326571026E-26
 0.46206469007306E-25
 0.51902887279301E-27
 0.10306319271338E-26
 0.23125626144589E-26
 0.48888205049823E-29
 0.21852727647794E-33
 0.86937830340353E-32
 0.10664315038242E-32
 0.16243553912957E-34
 0.14502693510036E-35
 0.76582738103175E-36
 0.17213859093410E-36
 0.75203263624941E-32
 0.19997807698095E-33
 0.10421689623035E-39
 0.53672883117011E-38
 0.19479856566360E-37
 0.27976067109985E-41
 0.17405010642465E-67
 0.57085942966435E-68
 0.48400202286026E-77
 0.10971161875493E-83
 0.29351592124670E-89
   0.0000000000000000     
   0.0000000000000000     
   0.0000000000000000     
   0.0000000000000000     
   0.0000000000000000     
   0.0000000000000000     
   0.0000000000000000     
   0.0000000000000000     
   0.0000000000000000     
   0.0000000000000000     
   0.0000000000000000     
   0.0000000000000000     
   0.0000000000000000     
   0.0000000000000000     
   0.0000000000000000     
   0.0000000000000000     
   0.0000000000000000     
   0.0000000000000000     
   0.0000000000000000     
   0.0000000000000000     
   0.0000000000000000     
   0.0000000000000000     
   0.0000000000000000     
   0.0000000000000000     
   0.0000000000000000     
   0.0000000000000000     
   0.0000000000000000     
   0.0000000000000000     
   0.0000000000000000     
   0.0000000000000000     
   0.0000000000000000     
   0.0000000000000000     
   0.0000000000000000     
   0.0000000000000000     
   0.0000000000000000     
   0.0000000000000000     
   0.0000000000000000     
   0.0000000000000000     
   0.0000000000000000     
   0.0000000000000000     
   0.0000000000000000     
   0.0000000000000000     
   0.0000000000000000     
   0.0000000000000000     
   0.0000000000000000     
   0.0000000000000000     
   0.0000000000000000     
   0.0000000000000000     
   0.0000000000000000     
   0.0000000000000000     
   0.0000000000000000     
   0.0000000000000000     
   0.0000000000000000     
   0.0000000000000000     
   0.0000000000000000     
   0.0000000000000000     
   0.0000000000000000     
   0.0000000000000000     
   0.0000000000000000     
   0.0000000000000000     
   0.0000000000000000     
   0.0000000000000000     
   0.0000000000000000     
   0.0000000000000000     
   0.0000000000000000     
   0.0000000000000000     
   0.0000000000000000     
   0.0000000000000000     
   0.0000000000000000     
   0.0000000000000000     
   0.0000000000000000     
   0.0000000000000000     
   0.0000000000000000     
   0.0000000000000000     
   0.0000000000000000     
   0.0000000000000000     
   0.0000000000000000     
   0.0000000000000000     
   0.0000000000000000     
   0.0000000000000000     
   0.0000000000000000     
   0.0000000000000000     
   0.0000000000000000     
   0.0000000000000000     
   0.0000000000000000     
   0.0000000000000000     
   0.0000000000000000     
   0.0000000000000000     
   0.0000000000000000     
 0.92185944597448E-17
 0.55830438309753E-16
 0.32918427926963E-16
 0.25958794595296E-16
 0.19381853013613E-16
 0.16898631077527E-16
 0.16061087214537E-16
 0.16513079693210E-16
 0.12460857297408E-16
 0.94810000026589E-17
 0.70061198992170E-17
 0.63667829787209E-17
 0.57444953626378E-17
 0.62244450902224E-17
 0.32472989155175E-17
 0.23471048435818E-17
 0.13089492892309E-17
 0.12291223924926E-17
 0.73065813715681E-18
 0.63080141570764E-18
 0.36085232984037E-18
 0.28761128073941E-18
 0.16166097468307E-18
 0.32526635258064E-18
 0.80647042214042E-19
 0.80886058315607E-19
 0.64751824601050E-19
 0.81553112424908E-19
 0.10646840448835E-19
 0.91963893771351E-20
 0.65057807849591E-20
 0.23888993861962E-20
 0.44696009845506E-21
 0.22265050604887E-21
 0.81217724833451E-22
 0.42531279765862E-21
 0.16126998379928E-21
 0.36858364016019E-23
 0.14047878267679E-23
 0.56590116806796E-25
 0.39483531931734E-26
 0.33678027107202E-26
 0.29256989266237E-24
 0.19951618994470E-24
 0.59651215691137E-26
 0.24981590689072E-29
 0.23185114914615E-23
 0.26005465909424E-24
 0.21670332026370E-27
 0.85823507866332E-29
 0.24532516802326E-31
 0.14917053798816E-33
 0.15112653239549E-35
 0.96101232355661E-33
 0.96548848671665E-33
 0.16505560892872E-34
 0.27627478454106E-57
 0.15025622620700E-61
 0.22998246200564E-62
 0.17582384606064E-55
 0.16653996192123E-66
 0.18222358096617E-72
 0.72303085114863E-83
 0.12530833697946E-86
 0.51486886199699E-93
   0.0000000000000000     
   0.0000000000000000     
   0.0000000000000000     
   0.0000000000000000     
   0.0000000000000000     
   0.0000000000000000     
   0.0000000000000000     
   0.0000000000000000     
   0.0000000000000000     
   0.0000000000000000     
   0.0000000000000000     
   0.0000000000000000     
   0.0000000000000000     
   0.0000000000000000     
   0.0000000000000000     
   0.0000000000000000     
   0.0000000000000000     
   0.0000000000000000     
   0.0000000000000000     
   0.0000000000000000     
   0.0000000000000000     
   0.0000000000000000     
   0.0000000000000000     
   0.0000000000000000     
   0.0000000000000000     
   0.0000000000000000     
   0.0000000000000000     
   0.0000000000000000     
   0.0000000000000000     
   0.0000000000000000     
   0.0000000000000000     
   0.0000000000000000     
   0.0000000000000000     
   0.0000000000000000     
   0.0000000000000000     
   0.0000000000000000     
   0.0000000000000000     
   0.0000000000000000     
   0.0000000000000000     
   0.0000000000000000     
   0.0000000000000000     
   0.0000000000000000     
   0.0000000000000000     
   0.0000000000000000     
   0.0000000000000000     
   0.0000000000000000     
   0.0000000000000000     
   0.0000000000000000     
   0.0000000000000000     
   0.0000000000000000     
   0.0000000000000000     
   0.0000000000000000     
   0.0000000000000000     
   0.0000000000000000     
   0.0000000000000000     
   0.0000000000000000     
   0.0000000000000000     
   0.0000000000000000     
   0.0000000000000000     
   0.0000000000000000     
   0.0000000000000000     
   0.0000000000000000     
   0.0000000000000000     
   0.0000000000000000     
   0.0000000000000000     
   0.0000000000000000     
   0.0000000000000000     
   0.0000000000000000     
   0.0000000000000000     
   0.0000000000000000     
   0.0000000000000000     
   0.0000000000000000     
   0.0000000000000000     
   0.0000000000000000     
   0.0000000000000000     
   0.0000000000000000     
   0.0000000000000000     
   0.0000000000000000     
   0.0000000000000000     
   0.0000000000000000     
   0.0000000000000000     
   0.0000000000000000     
   0.0000000000000000     
   0.0000000000000000     
   0.0000000000000000     
   0.0000000000000000     
 0.54528961263742E-16
 0.65350578858173E-16
 0.85881534740068E-16
 0.88966700707257E-16
 0.88380566588823E-16
 0.74549641907016E-16
 0.63999332054550E-16
 0.51081884508652E-16
 0.46577194948482E-16
 0.38458733476801E-16
 0.30223893648239E-16
 0.24515407045800E-16
 0.20553766357580E-16
 0.14543670288945E-16
 0.98638938069603E-17
 0.79918752770834E-17
 0.55379846376314E-17
 0.34819527394203E-17
 0.27363102411072E-17
 0.17442695839955E-17
 0.14238546454886E-17
 0.10684211083318E-17
 0.77103018500268E-18
 0.31214559219288E-18
 0.24790658217557E-18
 0.21053797302610E-18
 0.20735752029449E-18
 0.91554857165955E-19
 0.56939041719009E-19
 0.19787803978805E-19
 0.27715458075215E-19
 0.57998554764740E-20
 0.73569174828100E-20
 0.34084346203487E-20
 0.20589296323727E-20
 0.30544155959066E-21
 0.90442701701093E-22
 0.55487745718377E-21
 0.37496757882478E-21
 0.42664047964875E-21
 0.17098986633547E-22
 0.28658573087954E-23
 0.20045547847974E-23
 0.16313469590895E-24
 0.62913791304375E-24
 0.51797143345871E-23
 0.35793365026441E-24
 0.12071491263818E-26
 0.86656599437211E-27
 0.23146052201733E-27
 0.12387188105908E-30
 0.20880691798397E-31
 0.39275039993500E-32
 0.45711835180029E-32
 0.36459183583720E-33
 0.15396852717537E-41
 0.10280802440196E-45
 0.43790775382231E-37
 0.14506959068160E-40
 0.14891418297823E-53
 0.13423232675634E-56
 0.54690368771705E-57
 0.10569893610039E-58
 0.64508893179988E-71
 0.48038545736364E-74
 0.41442526042977E-84
 0.40317582926901E-89
   0.0000000000000000     
   0.0000000000000000     
   0.0000000000000000     
   0.0000000000000000     
   0.0000000000000000     
   0.0000000000000000     
   0.0000000000000000     
   0.0000000000000000     
   0.0000000000000000     
   0.0000000000000000     
   0.0000000000000000     
   0.0000000000000000     
   0.0000000000000000     
   0.0000000000000000     
   0.0000000000000000     
   0.0000000000000000     
   0.0000000000000000     
   0.0000000000000000     
   0.0000000000000000     
   0.0000000000000000     
   0.0000000000000000     
   0.0000000000000000     
   0.0000000000000000     
   0.0000000000000000     
   0.0000000000000000     
   0.0000000000000000     
   0.0000000000000000     
   0.0000000000000000     
   0.0000000000000000     
   0.0000000000000000     
   0.0000000000000000     
   0.0000000000000000     
   0.0000000000000000     
   0.0000000000000000     
   0.0000000000000000     
   0.0000000000000000     
   0.0000000000000000     
   0.0000000000000000     
   0.0000000000000000     
   0.0000000000000000     
   0.0000000000000000     
   0.0000000000000000     
   0.0000000000000000     
   0.0000000000000000     
   0.0000000000000000     
   0.0000000000000000     
   0.0000000000000000     
   0.0000000000000000     
   0.0000000000000000     
   0.0000000000000000     
   0.0000000000000000     
   0.0000000000000000     
   0.0000000000000000     
   0.0000000000000000     
   0.0000000000000000     
   0.0000000000000000     
   0.0000000000000000     
   0.0000000000000000     
   0.0000000000000000     
   0.0000000000000000     
   0.0000000000000000     
   0.0000000000000000     
   0.0000000000000000     
   0.0000000000000000     
   0.0000000000000000     
   0.0000000000000000     
   0.0000000000000000     
   0.0000000000000000     
   0.0000000000000000     
   0.0000000000000000     
   0.0000000000000000     
   0.0000000000000000     
   0.0000000000000000     
   0.0000000000000000     
   0.0000000000000000     
   0.0000000000000000     
   0.0000000000000000     
   0.0000000000000000     
   0.0000000000000000     
   0.0000000000000000     
   0.0000000000000000     
   0.0000000000000000     
   0.0000000000000000     
 0.23333402320839E-15
 0.27670785690500E-15
 0.29809260811864E-15
 0.24665626539096E-15
 0.21354613809925E-15
 0.22463016855413E-15
 0.21556669871179E-15
 0.20247388079916E-15
 0.18265925112248E-15
 0.15929032198244E-15
 0.12755575111725E-15
 0.10803989186485E-15
 0.94534984198630E-16
 0.76604227744121E-16
 0.60170139332429E-16
 0.45430797369745E-16
 0.30826686973050E-16
 0.22146303587695E-16
 0.17672377521228E-16
 0.11950811823524E-16
 0.85398658724761E-17
 0.51939651712334E-17
 0.29330356389446E-17
 0.22066178713541E-17
 0.16913707274730E-17
 0.13144850012143E-17
 0.74137442169774E-18
 0.35080629518169E-18
 0.35564875252254E-18
 0.21419788826286E-18
 0.28147378501527E-18
 0.21901176230685E-18
 0.38638657821508E-19
 0.19335694448637E-19
 0.90034019404420E-20
 0.67390477988953E-20
 0.33988013246328E-20
 0.75775440504813E-20
 0.11858073795462E-20
 0.21319581640633E-20
 0.93003970649153E-21
 0.27913491097690E-21
 0.54188215425070E-22
 0.78023968366233E-23
 0.42733023868799E-23
 0.13013926849350E-22
 0.62004205946554E-23
 0.73016694689477E-25
 0.14483090538324E-25
 0.38436526804376E-26
 0.50280222323442E-27
 0.21107012714354E-28
 0.39710449921727E-31
 0.32757235772088E-28
 0.36139464757794E-28
 0.17492731949901E-28
 0.83544925509076E-33
 0.61900262210788E-36
 0.68883356590518E-42
 0.15508406778045E-44
 0.56195175033809E-49
 0.16946974104911E-43
 0.75216975838606E-44
 0.99913236485614E-61
 0.71913312247852E-54
 0.21452105917337E-55
 0.16832835518396E-78
 0.24837590510546E-77
 0.17183324991413E-95
 0.27382358809932E-83
 0.24305895916630E-89
   0.0000000000000000     
   0.0000000000000000     
   0.0000000000000000     
   0.0000000000000000     
   0.0000000000000000     
   0.0000000000000000     
   0.0000000000000000     
   0.0000000000000000     
   0.0000000000000000     
   0.0000000000000000     
   0.0000000000000000     
   0.0000000000000000     
   0.0000000000000000     
   0.0000000000000000     
   0.0000000000000000     
   0.0000000000000000     
   0.0000000000000000     
   0.0000000000000000     
   0.0000000000000000     
   0.0000000000000000     
   0.0000000000000000     
   0.0000000000000000     
   0.0000000000000000     
   0.0000000000000000     
   0.0000000000000000     
   0.0000000000000000     
   0.0000000000000000     
   0.0000000000000000     
   0.0000000000000000     
   0.0000000000000000     
   0.0000000000000000     
   0.0000000000000000     
   0.0000000000000000     
   0.0000000000000000     
   0.0000000000000000     
   0.0000000000000000     
   0.0000000000000000     
   0.0000000000000000     
   0.0000000000000000     
   0.0000000000000000     
   0.0000000000000000     
   0.0000000000000000     
   0.0000000000000000     
   0.0000000000000000     
   0.0000000000000000     
   0.0000000000000000     
   0.0000000000000000     
   0.0000000000000000     
   0.0000000000000000     
   0.0000000000000000     
   0.0000000000000000     
   0.0000000000000000     
   0.0000000000000000     
   0.0000000000000000     
   0.0000000000000000     
   0.0000000000000000     
   0.0000000000000000     
   0.0000000000000000     
   0.0000000000000000     
   0.0000000000000000     
   0.0000000000000000     
   0.0000000000000000     
   0.0000000000000000     
   0.0000000000000000     
   0.0000000000000000     
   0.0000000000000000     
   0.0000000000000000     
   0.0000000000000000     
   0.0000000000000000     
   0.0000000000000000     
   0.0000000000000000     
   0.0000000000000000     
   0.0000000000000000     
   0.0000000000000000     
   0.0000000000000000     
   0.0000000000000000     
   0.0000000000000000     
   0.0000000000000000     
   0.0000000000000000     
 0.44793365747447E-15
 0.52413957532013E-15
 0.52112709151208E-15
 0.53580114422408E-15
 0.55081447134322E-15
 0.54944325402134E-15
 0.52505072809490E-15
 0.49716024176240E-15
 0.44780148546579E-15
 0.40705937628282E-15
 0.37746854950238E-15
 0.33627259662226E-15
 0.29829659103858E-15
 0.24908104134705E-15
 0.19908459419746E-15
 0.16766601397758E-15
 0.13646078225669E-15
 0.10645532294857E-15
 0.83830805909126E-16
 0.60577120303214E-16
 0.42707713120714E-16
 0.31346989340307E-16
 0.22106416710411E-16
 0.15676081511625E-16
 0.10268732755585E-16
 0.62286035057112E-17
 0.36738336087207E-17
 0.23863770972787E-17
 0.18225479590068E-17
 0.12591462423103E-17
 0.99181258225487E-18
 0.72709874300179E-18
 0.14070057237714E-18
 0.17253118675151E-18
 0.19696156834951E-18
 0.60892391307801E-19
 0.27852783311217E-19
 0.26230270699953E-19
 0.76038238054662E-20
 0.73176215032729E-20
 0.73127611138536E-20
 0.61855504021863E-20
 0.73336042021429E-21
 0.73178853237648E-22
 0.23047636402601E-21
 0.54876645260253E-21
 0.12212362875580E-21
 0.71117199361757E-22
 0.64743135282033E-23
 0.41418479539086E-25
 0.11600855507981E-22
 0.53940494853166E-23
 0.17167323863217E-23
 0.25584907891327E-25
 0.70175681554158E-27
 0.36750883610393E-26
 0.12417174543973E-27
 0.71604192113158E-31
 0.36266417835458E-30
 0.13800990787266E-30
 0.21945378942789E-34
 0.19142939489148E-37
 0.49432445857705E-39
 0.61338559869158E-45
 0.12123443732979E-48
 0.30700165216903E-41
 0.22549272968701E-47
 0.12484117833168E-48
 0.15281383287523E-51
 0.16116441302830E-57
 0.26161023394974E-65
 0.18494122938852E-69
 0.45543840131747E-87
 0.58338931062558E-93
 0.14243873875076E-92
   0.0000000000000000     
   0.0000000000000000     
   0.0000000000000000     
   0.0000000000000000     
   0.0000000000000000     
   0.0000000000000000     
   0.0000000000000000     
   0.0000000000000000     
   0.0000000000000000     
   0.0000000000000000     
   0.0000000000000000     
   0.0000000000000000     
   0.0000000000000000     
   0.0000000000000000     
   0.0000000000000000     
   0.0000000000000000     
   0.0000000000000000     
   0.0000000000000000     
   0.0000000000000000     
   0.0000000000000000     
   0.0000000000000000     
   0.0000000000000000     
   0.0000000000000000     
   0.0000000000000000     
   0.0000000000000000     
   0.0000000000000000     
   0.0000000000000000     
   0.0000000000000000     
   0.0000000000000000     
   0.0000000000000000     
   0.0000000000000000     
   0.0000000000000000     
   0.0000000000000000     
   0.0000000000000000     
   0.0000000000000000     
   0.0000000000000000     
   0.0000000000000000     
   0.0000000000000000     
   0.0000000000000000     
   0.0000000000000000     
   0.0000000000000000     
   0.0000000000000000     
   0.0000000000000000     
   0.0000000000000000     
   0.0000000000000000     
   0.0000000000000000     
   0.0000000000000000     
   0.0000000000000000     
   0.0000000000000000     
   0.0000000000000000     
   0.0000000000000000     
   0.0000000000000000     
   0.0000000000000000     
   0.0000000000000000     
   0.0000000000000000     
   0.0000000000000000     
   0.0000000000000000     
   0.0000000000000000     
   0.0000000000000000     
   0.0000000000000000     
   0.0000000000000000     
   0.0000000000000000     
   0.0000000000000000     
   0.0000000000000000     
   0.0000000000000000     
   0.0000000000000000     
   0.0000000000000000     
   0.0000000000000000     
   0.0000000000000000     
   0.0000000000000000     
   0.0000000000000000     
   0.0000000000000000     
   0.0000000000000000     
   0.0000000000000000     
   0.0000000000000000     
 0.40618071729970E-15
 0.59292473153739E-15
 0.73576291760920E-15
 0.82714433146613E-15
 0.89078330884393E-15
 0.85826255499171E-15
 0.83912351647510E-15
 0.82509678841035E-15
 0.81154014506362E-15
 0.77829437042094E-15
 0.72979371681543E-15
 0.66340127377657E-15
 0.59100510405077E-15
 0.53649660465207E-15
 0.48486768179465E-15
 0.42159800875663E-15
 0.36208843607019E-15
 0.29263732645281E-15
 0.23742914384955E-15
 0.19903491759798E-15
 0.16001244076576E-15
 0.12428969870344E-15
 0.93579797714785E-16
 0.65553450648108E-16
 0.47995239458446E-16
 0.33653221820935E-16
 0.24356547636349E-16
 0.16837575829561E-16
 0.10800574600037E-16
 0.66461593394290E-17
 0.52146270803650E-17
 0.31280396549260E-17
 0.15338824324003E-17
 0.16058206071672E-17
 0.76774894100776E-18
 0.33459870071799E-18
 0.45362958968399E-18
 0.40531587735219E-18
 0.21098935849390E-18
 0.50357154648679E-19
 0.21926213110118E-19
 0.19587776457191E-19
 0.10826411551631E-19
 0.10283025121420E-19
 0.18152603347295E-19
 0.68782097964354E-20
 0.94402923096410E-21
 0.52772458950544E-21
 0.79631103815233E-21
 0.23435151740956E-21
 0.35669507510661E-22
 0.18142207890044E-22
 0.45803799607333E-23
 0.18770634047205E-23
 0.19986181394300E-22
 0.42509318201793E-22
 0.14498160361582E-26
 0.49133938855711E-27
 0.28684779173451E-29
 0.12192643219233E-25
 0.12928045638012E-25
 0.11636688293553E-30
 0.13596672205851E-29
 0.52090123526595E-31
 0.36709544982342E-34
 0.30448308679285E-36
 0.78744544887933E-43
 0.41256223923373E-45
 0.37133559712709E-46
 0.14893851165164E-47
 0.36003602718722E-48
 0.31275432830258E-49
 0.34331831973570E-66
 0.85684875058661E-67
 0.71980104762360E-80
 0.11834582246338E-83
 0.15172708821362E-87
 0.44818826608972E-88
   0.0000000000000000     
   0.0000000000000000     
   0.0000000000000000     
   0.0000000000000000     
   0.0000000000000000     
   0.0000000000000000     
   0.0000000000000000     
   0.0000000000000000     
   0.0000000000000000     
   0.0000000000000000     
   0.0000000000000000     
   0.0000000000000000     
   0.0000000000000000     
   0.0000000000000000     
   0.0000000000000000     
   0.0000000000000000     
   0.0000000000000000     
   0.0000000000000000     
   0.0000000000000000     
   0.0000000000000000     
   0.0000000000000000     
   0.0000000000000000     
   0.0000000000000000     
   0.0000000000000000     
   0.0000000000000000     
   0.0000000000000000     
   0.0000000000000000     
   0.0000000000000000     
   0.0000000000000000     
   0.0000000000000000     
   0.0000000000000000     
   0.0000000000000000     
   0.0000000000000000     
   0.0000000000000000     
   0.0000000000000000     
   0.0000000000000000     
   0.0000000000000000     
   0.0000000000000000     
   0.0000000000000000     
   0.0000000000000000     
   0.0000000000000000     
   0.0000000000000000     
   0.0000000000000000     
   0.0000000000000000     
   0.0000000000000000     
   0.0000000000000000     
   0.0000000000000000     
   0.0000000000000000     
   0.0000000000000000     
   0.0000000000000000     
   0.0000000000000000     
   0.0000000000000000     
   0.0000000000000000     
   0.0000000000000000     
   0.0000000000000000     
   0.0000000000000000     
   0.0000000000000000     
   0.0000000000000000     
   0.0000000000000000     
   0.0000000000000000     
   0.0000000000000000     
   0.0000000000000000     
   0.0000000000000000     
   0.0000000000000000     
   0.0000000000000000     
   0.0000000000000000     
   0.0000000000000000     
   0.0000000000000000     
   0.0000000000000000     
   0.0000000000000000     
   0.0000000000000000     
   0.0000000000000000     
 0.37802896643938E-15
 0.69696795631457E-15
 0.85971147744220E-15
 0.94911252046451E-15
 0.10060975801837E-14
 0.10197960561125E-14
 0.10463000467027E-14
 0.10632430021713E-14
 0.10609677857026E-14
 0.10448950031167E-14
 0.99813288770106E-15
 0.95049883526408E-15
 0.91569913752124E-15
 0.85450608644106E-15
 0.78937479164807E-15
 0.70710516047331E-15
 0.62508253325728E-15
 0.55824717011966E-15
 0.49786910642977E-15
 0.42971466423245E-15
 0.36521443226533E-15
 0.29511795103387E-15
 0.24098326454544E-15
 0.19772324539539E-15
 0.15908950780308E-15
 0.12485012677325E-15
 0.93158542088089E-16
 0.67255203158315E-16
 0.50639409269853E-16
 0.36500110455312E-16
 0.26342525769313E-16
 0.18532599688941E-16
 0.10645183549280E-16
 0.76563646132378E-17
 0.48222151565821E-17
 0.26454303909723E-17
 0.17905262521223E-17
 0.14673022269542E-17
 0.74302969327238E-18
 0.22612174934205E-18
 0.20939845870469E-18
 0.13190094765317E-18
 0.17097421357822E-18
 0.11449942792090E-18
 0.50667914215523E-19
 0.24737893265247E-19
 0.13222450260922E-19
 0.14317795889859E-19
 0.92817986341558E-20
 0.10367383394211E-20
 0.19138389894534E-21
 0.26770535501126E-21
 0.16966600669737E-21
 0.12591917939493E-21
 0.28696658772377E-21
 0.78442252801230E-22
 0.25406547215686E-25
 0.15599354363542E-25
 0.13874536757656E-25
 0.10953672739910E-24
 0.56718729047295E-25
 0.26331679392900E-28
 0.26366947219840E-28
 0.29258096186410E-26
 0.31664707347972E-27
 0.38423264817178E-28
 0.46780285355208E-29
 0.84812506437527E-36
 0.26737435788525E-34
 0.23616669723495E-41
 0.84313764428528E-42
 0.13165511581431E-41
 0.44544706694745E-42
 0.14816555789477E-44
 0.26112993829477E-40
 0.34003027565785E-47
 0.26216802554220E-58
 0.87838885514497E-59
 0.25032376206261E-87
 0.16938644529715E-74
 0.39840285052065E-80
 0.40248850134230E-89
 0.21491104243779E-94
   0.0000000000000000     
   0.0000000000000000     
   0.0000000000000000     
   0.0000000000000000     
   0.0000000000000000     
   0.0000000000000000     
   0.0000000000000000     
   0.0000000000000000     
   0.0000000000000000     
   0.0000000000000000     
   0.0000000000000000     
   0.0000000000000000     
   0.0000000000000000     
   0.0000000000000000     
   0.0000000000000000     
   0.0000000000000000     
   0.0000000000000000     
   0.0000000000000000     
   0.0000000000000000     
   0.0000000000000000     
   0.0000000000000000     
   0.0000000000000000     
   0.0000000000000000     
   0.0000000000000000     
   0.0000000000000000     
   0.0000000000000000     
   0.0000000000000000     
   0.0000000000000000     
   0.0000000000000000     
   0.0000000000000000     
   0.0000000000000000     
   0.0000000000000000     
   0.0000000000000000     
   0.0000000000000000     
   0.0000000000000000     
   0.0000000000000000     
   0.0000000000000000     
   0.0000000000000000     
   0.0000000000000000     
   0.0000000000000000     
   0.0000000000000000     
   0.0000000000000000     
   0.0000000000000000     
   0.0000000000000000     
   0.0000000000000000     
   0.0000000000000000     
   0.0000000000000000     
   0.0000000000000000     
   0.0000000000000000     
   0.0000000000000000     
   0.0000000000000000     
   0.0000000000000000     
   0.0000000000000000     
   0.0000000000000000     
   0.0000000000000000     
   0.0000000000000000     
   0.0000000000000000     
   0.0000000000000000     
   0.0000000000000000     
   0.0000000000000000     
   0.0000000000000000     
   0.0000000000000000     
   0.0000000000000000     
   0.0000000000000000     
   0.0000000000000000     
   0.0000000000000000     
   0.0000000000000000     
 0.15572796544549E-15
 0.54106731963030E-15
 0.73564059934441E-15
 0.85977464590343E-15
 0.95471946764723E-15
 0.10362354805729E-14
 0.10630286088710E-14
 0.10901936689356E-14
 0.10925028470321E-14
 0.10937722614851E-14
 0.11005612259954E-14
 0.10999432946559E-14
 0.10660186916782E-14
 0.10214872250019E-14
 0.95805410596843E-15
 0.90743521302145E-15
 0.86993655955946E-15
 0.80340232086341E-15
 0.74223646320427E-15
 0.66585555266073E-15
 0.59632919045985E-15
 0.53189601274745E-15
 0.46945618105175E-15
 0.40899471419080E-15
 0.34407512456949E-15
 0.28198326057362E-15
 0.23485932889266E-15
 0.19825527882373E-15
 0.15867057354050E-15
 0.12361484578771E-15
 0.92066141818183E-16
 0.68775955442267E-16
 0.49638892320182E-16
 0.36475811362483E-16
 0.26600296749288E-16
 0.18372528133255E-16
 0.10524015308275E-16
 0.72562746299428E-17
 0.44346861468512E-17
 0.28671562986474E-17
 0.18607372522860E-17
 0.84524876327617E-18
 0.74780837198302E-18
 0.54009652073401E-18
 0.24583090624075E-18
 0.16686572177003E-18
 0.12332664012396E-18
 0.45588096470900E-19
 0.26640002827793E-19
 0.12808940109425E-19
 0.88248121737888E-20
 0.25892902701848E-20
 0.40560825919875E-20
 0.14673849403651E-20
 0.18680298655483E-20
 0.13628564139977E-20
 0.14778104149931E-22
 0.29056722039434E-23
 0.35529013989166E-23
 0.39489945002371E-24
 0.10571291777115E-25
 0.45078403069436E-26
 0.29495927990845E-26
 0.80903286147089E-25
 0.13479158590414E-26
 0.15808132554824E-27
 0.51623331689266E-27
 0.25802485632413E-27
 0.76489188250562E-32
 0.32134797268391E-29
 0.97494876324348E-34
 0.14134174534782E-30
 0.47408084629957E-34
 0.10940020729130E-36
 0.21516997262335E-36
 0.56445879598048E-41
 0.31619660525408E-40
 0.29333084429021E-41
 0.14988944626725E-61
 0.25526824432764E-50
 0.26268865061989E-53
 0.27386117609608E-68
 0.13411818117003E-87
 0.14587594249160E-72
 0.11662851598709E-76
 0.10841831573633E-96
   0.0000000000000000     
   0.0000000000000000     
   0.0000000000000000     
   0.0000000000000000     
   0.0000000000000000     
   0.0000000000000000     
   0.0000000000000000     
   0.0000000000000000     
   0.0000000000000000     
   0.0000000000000000     
   0.0000000000000000     
   0.0000000000000000     
   0.0000000000000000     
   0.0000000000000000     
   0.0000000000000000     
   0.0000000000000000     
   0.0000000000000000     
   0.0000000000000000     
   0.0000000000000000     
   0.0000000000000000     
   0.0000000000000000     
   0.0000000000000000     
   0.0000000000000000     
   0.0000000000000000     
   0.0000000000000000     
   0.0000000000000000     
   0.0000000000000000     
   0.0000000000000000     
   0.0000000000000000     
   0.0000000000000000     
   0.0000000000000000     
   0.0000000000000000     
   0.0000000000000000     
   0.0000000000000000     
   0.0000000000000000     
   0.0000000000000000     
   0.0000000000000000     
   0.0000000000000000     
   0.0000000000000000     
   0.0000000000000000     
   0.0000000000000000     
   0.0000000000000000     
   0.0000000000000000     
   0.0000000000000000     
   0.0000000000000000     
   0.0000000000000000     
   0.0000000000000000     
   0.0000000000000000     
   0.0000000000000000     
   0.0000000000000000     
   0.0000000000000000     
   0.0000000000000000     
   0.0000000000000000     
   0.0000000000000000     
   0.0000000000000000     
   0.0000000000000000     
   0.0000000000000000     
   0.0000000000000000     
   0.0000000000000000     
   0.0000000000000000     
   0.0000000000000000     
   0.0000000000000000     
   0.0000000000000000     
   0.0000000000000000     
   0.0000000000000000     
 0.48575257154144E-15
 0.61540856859200E-15
 0.69284973590851E-15
 0.75689402998698E-15
 0.82451230034896E-15
 0.89319605730143E-15
 0.94536574644157E-15
 0.96832660802160E-15
 0.99516092513616E-15
 0.99178568820627E-15
 0.99960066681628E-15
 0.10035259475788E-14
 0.99447849311129E-15
 0.99561617730810E-15
 0.97768813960202E-15
 0.95674003936214E-15
 0.91946234690681E-15
 0.87713011209537E-15
 0.84661596272058E-15
 0.80562336389376E-15
 0.74573273643265E-15
 0.68723018986230E-15
 0.61464063405467E-15
 0.55178134916331E-15
 0.50348707668189E-15
 0.44798558715128E-15
 0.39029249310352E-15
 0.32579571719056E-15
 0.26931621706378E-15
 0.22711647513644E-15
 0.19482238498436E-15
 0.15801809433988E-15
 0.12428853680654E-15
 0.90757988813423E-16
 0.69147532508303E-16
 0.49976034111569E-16
 0.37661235102873E-16
 0.27742141593375E-16
 0.17752204211466E-16
 0.10884313223209E-16
 0.64842567436342E-17
 0.45187532049981E-17
 0.33082594336557E-17
 0.16551037325884E-17
 0.10253285268089E-17
 0.55491003809856E-18
 0.25991587055996E-18
 0.13727775709825E-18
 0.92655468036363E-19
 0.79106653386530E-19
 0.16337823796231E-19
 0.14671831469871E-19
 0.26648411210574E-19
 0.10515785257489E-19
 0.31329653971665E-20
 0.42549893142886E-21
 0.34505211875182E-22
 0.37993564492423E-21
 0.11269959986654E-22
 0.66147818298237E-21
 0.67477459678571E-23
 0.12475370899863E-23
 0.30301993528603E-24
 0.66410231070664E-25
 0.64287812948235E-25
 0.81235164765140E-24
 0.37549444870729E-26
 0.19685468663078E-29
 0.65792728469504E-29
 0.32293404236853E-31
 0.99749648653493E-28
 0.56402723821473E-26
 0.28034912801437E-26
 0.13545246215628E-32
 0.69723757157434E-35
 0.16579871685778E-37
 0.84312221038850E-37
 0.23661620627622E-32
 0.22710842098384E-32
 0.14974373258013E-42
 0.50607818325940E-42
 0.99000749909743E-43
 0.16571911095371E-59
 0.28656066082407E-62
 0.81899822098092E-72
 0.16247176749460E-74
 0.72607865501293E-82
 0.17891655216334E-84
   0.0000000000000000     
   0.0000000000000000     
   0.0000000000000000     
   0.0000000000000000     
   0.0000000000000000     
   0.0000000000000000     
   0.0000000000000000     
   0.0000000000000000     
   0.0000000000000000     
   0.0000000000000000     
   0.0000000000000000     
   0.0000000000000000     
   0.0000000000000000     
   0.0000000000000000     
   0.0000000000000000     
   0.0000000000000000     
   0.0000000000000000     
   0.0000000000000000     
   0.0000000000000000     
   0.0000000000000000     
   0.0000000000000000     
   0.0000000000000000     
   0.0000000000000000     
   0.0000000000000000     
   0.0000000000000000     
   0.0000000000000000     
   0.0000000000000000     
   0.0000000000000000     
   0.0000000000000000     
   0.0000000000000000     
   0.0000000000000000     
   0.0000000000000000     
   0.0000000000000000     
   0.0000000000000000     
   0.0000000000000000     
   0.0000000000000000     
   0.0000000000000000     
   0.0000000000000000     
   0.0000000000000000     
   0.0000000000000000     
   0.0000000000000000     
   0.0000000000000000     
   0.0000000000000000     
   0.0000000000000000     
   0.0000000000000000     
   0.0000000000000000     
   0.0000000000000000     
   0.0000000000000000     
   0.0000000000000000     
   0.0000000000000000     
   0.0000000000000000     
   0.0000000000000000     
   0.0000000000000000     
   0.0000000000000000     
   0.0000000000000000     
   0.0000000000000000     
   0.0000000000000000     
   0.0000000000000000     
   0.0000000000000000     
   0.0000000000000000     
   0.0000000000000000     
   0.0000000000000000     
 0.26586438746259E-15
 0.40441604881859E-15
 0.51060312247683E-15
 0.61206701200086E-15
 0.60907334203222E-15
 0.65753107808792E-15
 0.69198214218544E-15
 0.73257849573912E-15
 0.76847866232510E-15
 0.79814296636782E-15
 0.81879656560575E-15
 0.84044759801337E-15
 0.86095232964948E-15
 0.87913021892372E-15
 0.88565737486139E-15
 0.88954066664337E-15
 0.89723699700120E-15
 0.90607915079867E-15
 0.88714843937344E-15
 0.86332530077841E-15
 0.83028294166014E-15
 0.80187519231795E-15
 0.77603749332717E-15
 0.73840448904695E-15
 0.68971180154309E-15
 0.62799892234353E-15
 0.56813713719887E-15
 0.52225312604665E-15
 0.48386061385741E-15
 0.43138652581227E-15
 0.38292117739298E-15
 0.32265991855452E-15
 0.27091623811523E-15
 0.23009968545463E-15
 0.19440679321375E-15
 0.15416352709494E-15
 0.11890537250793E-15
 0.89582612730367E-16
 0.66748968684450E-16
 0.51030036723207E-16
 0.36808979357991E-16
 0.26750072453541E-16
 0.17120029454474E-16
 0.10217970261646E-16
 0.75400832354998E-17
 0.42903151151267E-17
 0.23186050520185E-17
 0.11089472435871E-17
 0.60121943773037E-18
 0.40224240426844E-18
 0.34795230607615E-18
 0.18644912715594E-18
 0.20453959722944E-18
 0.67917511123306E-19
 0.64823238528400E-20
 0.99244482675886E-20
 0.90099899571344E-20
 0.90692073035292E-20
 0.19443251478547E-20
 0.13905479337259E-20
 0.97663199043373E-22
 0.19466212036506E-21
 0.51887252059241E-22
 0.60416233974657E-22
 0.22009940934224E-21
 0.95853780320744E-24
 0.72197780014016E-25
 0.28271076572243E-26
 0.24225945414789E-26
 0.24292496127122E-24
 0.19416167223045E-25
 0.11097682785116E-25
 0.13596445096478E-30
 0.33979577021090E-31
 0.63665424664587E-26
 0.12734234654415E-25
 0.81882845917083E-28
 0.46086123919609E-31
 0.42387005943939E-32
 0.25514547889871E-40
 0.11740295147465E-38
 0.58988286508771E-39
 0.23921813978309E-38
 0.10758937466593E-38
 0.44038970721727E-39
 0.82077796314134E-59
 0.12921220074625E-56
 0.12703436675208E-58
 0.10984645432987E-63
 0.28261365204216E-80
 0.55475513405993E-81
 0.22984692671828E-69
 0.19192545664067E-70
   0.0000000000000000     
   0.0000000000000000     
   0.0000000000000000     
   0.0000000000000000     
   0.0000000000000000     
   0.0000000000000000     
   0.0000000000000000     
   0.0000000000000000     
   0.0000000000000000     
   0.0000000000000000     
   0.0000000000000000     
   0.0000000000000000     
   0.0000000000000000     
   0.0000000000000000     
   0.0000000000000000     
   0.0000000000000000     
   0.0000000000000000     
   0.0000000000000000     
   0.0000000000000000     
   0.0000000000000000     
   0.0000000000000000     
   0.0000000000000000     
   0.0000000000000000     
   0.0000000000000000     
   0.0000000000000000     
   0.0000000000000000     
   0.0000000000000000     
   0.0000000000000000     
   0.0000000000000000     
   0.0000000000000000     
   0.0000000000000000     
   0.0000000000000000     
   0.0000000000000000     
   0.0000000000000000     
   0.0000000000000000     
   0.0000000000000000     
   0.0000000000000000     
   0.0000000000000000     
   0.0000000000000000     
   0.0000000000000000     
   0.0000000000000000     
   0.0000000000000000     
   0.0000000000000000     
   0.0000000000000000     
   0.0000000000000000     
   0.0000000000000000     
   0.0000000000000000     
   0.0000000000000000     
   0.0000000000000000     
   0.0000000000000000     
   0.0000000000000000     
   0.0000000000000000     
   0.0000000000000000     
   0.0000000000000000     
   0.0000000000000000     
   0.0000000000000000     
   0.0000000000000000     
 0.11517909114238E-15
 0.23595355077732E-15
 0.31747989300251E-15
 0.37571610657398E-15
 0.42482736456278E-15
 0.45074059486612E-15
 0.48434069535749E-15
 0.51207808426335E-15
 0.54879202803209E-15
 0.58294741826647E-15
 0.61147118249316E-15
 0.63952714431171E-15
 0.65996467771193E-15
 0.68943703028395E-15
 0.71388146757942E-15
 0.73558634954520E-15
 0.75396179678476E-15
 0.77365930924732E-15
 0.79066005054913E-15
 0.79880614340163E-15
 0.81729714081220E-15
 0.82252530255433E-15
 0.81358960537282E-15
 0.79508597959981E-15
 0.76496657659922E-15
 0.75071622898783E-15
 0.74209654140406E-15
 0.71308270432491E-15
 0.67383042827087E-15
 0.61612396214460E-15
 0.56578672438318E-15
 0.52025270929259E-15
 0.47138876218642E-15
 0.41767934565470E-15
 0.36502884669770E-15
 0.31133255617585E-15
 0.26053250043920E-15
 0.21695005882939E-15
 0.17861257900141E-15
 0.14837685310081E-15
 0.11484224498009E-15
 0.88154841839111E-16
 0.65266472589949E-16
 0.49117073351604E-16
 0.36339932046513E-16
 0.22378836965133E-16
 0.13113674717389E-16
 0.85284353152993E-17
 0.60801504873960E-17
 0.46111024122280E-17
 0.28448462298452E-17
 0.10828385807021E-17
 0.79417361270041E-18
 0.53133866865601E-18
 0.28155716511281E-18
 0.73933031570732E-19
 0.66629389896498E-19
 0.32982977255628E-19
 0.23170365337208E-19
 0.88175962371386E-19
 0.44053478380148E-19
 0.87665100778738E-20
 0.55975602103393E-20
 0.29084951278960E-20
 0.25789054989332E-20
 0.98365513317495E-23
 0.48644570332683E-23
 0.29237481268994E-21
 0.13774351795277E-22
 0.11541009096640E-23
 0.11533375775763E-24
 0.35278809419264E-24
 0.29050653588448E-22
 0.56883783230640E-25
 0.25477435856177E-25
 0.19060214468563E-25
 0.32363148864155E-27
 0.34300140987266E-29
 0.70689889320905E-31
 0.10179972707937E-33
 0.12114213105112E-29
 0.15812654820673E-31
 0.18038606337378E-35
 0.72792451337964E-37
 0.11989016760856E-35
 0.10313749820202E-37
 0.20301445802296E-37
 0.14325323860246E-38
 0.28171100832369E-61
 0.58350973859324E-65
 0.39037929654865E-58
 0.65754880304763E-59
 0.28435483040296E-62
 0.14955743687932E-72
 0.76876661613966E-94
 0.25815395157795E-96
   0.0000000000000000     
   0.0000000000000000     
   0.0000000000000000     
   0.0000000000000000     
   0.0000000000000000     
   0.0000000000000000     
   0.0000000000000000     
   0.0000000000000000     
   0.0000000000000000     
   0.0000000000000000     
   0.0000000000000000     
   0.0000000000000000     
   0.0000000000000000     
   0.0000000000000000     
   0.0000000000000000     
   0.0000000000000000     
   0.0000000000000000     
   0.0000000000000000     
   0.0000000000000000     
   0.0000000000000000     
   0.0000000000000000     
   0.0000000000000000     
   0.0000000000000000     
   0.0000000000000000     
   0.0000000000000000     
   0.0000000000000000     
   0.0000000000000000     
   0.0000000000000000     
   0.0000000000000000     
   0.0000000000000000     
   0.0000000000000000     
   0.0000000000000000     
   0.0000000000000000     
   0.0000000000000000     
   0.0000000000000000     
   0.0000000000000000     
   0.0000000000000000     
   0.0000000000000000     
   0.0000000000000000     
   0.0000000000000000     
   0.0000000000000000     
   0.0000000000000000     
   0.0000000000000000     
   0.0000000000000000     
   0.0000000000000000     
   0.0000000000000000     
   0.0000000000000000     
   0.0000000000000000     
   0.0000000000000000     
   0.0000000000000000     
   0.0000000000000000     
   0.0000000000000000     
   0.0000000000000000     
   0.0000000000000000     
 0.74067526649370E-16
 0.18863514384215E-15
 0.20106003336095E-15
 0.22890797154094E-15
 0.25134569626154E-15
 0.29144900692362E-15
 0.32340868668361E-15
 0.34456903870328E-15
 0.36061856703350E-15
 0.38045128355328E-15
 0.40986821582333E-15
 0.43979792448726E-15
 0.46693741991016E-15
 0.49152437205522E-15
 0.51472781136920E-15
 0.54168264980027E-15
 0.57060756276411E-15
 0.60703587376543E-15
 0.64037342207464E-15
 0.66891605553765E-15
 0.69344103913134E-15
 0.71325115904766E-15
 0.73321871090587E-15
 0.75528808789435E-15
 0.77733020416916E-15
 0.78856710714071E-15
 0.78443624341552E-15
 0.76956435141905E-15
 0.75019022740630E-15
 0.73663662203087E-15
 0.71005325566347E-15
 0.66861627234553E-15
 0.63500827905591E-15
 0.58460113659163E-15
 0.53439628441843E-15
 0.48927041331934E-15
 0.43853644246690E-15
 0.39163021120926E-15
 0.34431950974918E-15
 0.29367199801698E-15
 0.25032096271022E-15
 0.21404030482066E-15
 0.18231669012900E-15
 0.13898355097293E-15
 0.10902425679176E-15
 0.81235262221023E-16
 0.59762448889951E-16
 0.45647863104246E-16
 0.34296936842226E-16
 0.21706724488871E-16
 0.13776109709093E-16
 0.10058778737467E-16
 0.75799189150943E-17
 0.42307385581970E-17
 0.20836712359863E-17
 0.75881380599258E-18
 0.57720424560297E-18
 0.64067268041660E-18
 0.49750356679300E-18
 0.44742634007999E-18
 0.12104373071248E-18
 0.26162862200842E-19
 0.18370279438051E-19
 0.14187792997302E-19
 0.24127201166928E-19
 0.13461274968801E-19
 0.66102360739015E-20
 0.69441447481932E-21
 0.93795357490159E-22
 0.29961369178446E-22
 0.10943772359561E-20
 0.26818195867877E-21
 0.53681417382008E-22
 0.45635800697290E-24
 0.21906596717336E-23
 0.46896656197666E-24
 0.47670572762876E-24
 0.87996618822592E-24
 0.40693916710440E-24
 0.26531951345691E-25
 0.15084205065732E-26
 0.14158699227889E-26
 0.10077397166333E-28
 0.27937622305925E-31
 0.72695085832991E-32
 0.28180005798392E-31
 0.30811336010302E-32
 0.34377548616029E-37
 0.26066989704319E-47
 0.28618195868267E-34
 0.29850182008675E-34
 0.23463738534260E-40
 0.24205039286962E-41
 0.13347941311338E-48
 0.28824100377363E-58
 0.14360036808178E-62
 0.64251677783707E-70
 0.64268798817533E-91
   0.0000000000000000     
   0.0000000000000000     
   0.0000000000000000     
   0.0000000000000000     
   0.0000000000000000     
   0.0000000000000000     
   0.0000000000000000     
   0.0000000000000000     
   0.0000000000000000     
   0.0000000000000000     
   0.0000000000000000     
   0.0000000000000000     
   0.0000000000000000     
   0.0000000000000000     
   0.0000000000000000     
   0.0000000000000000     
   0.0000000000000000     
   0.0000000000000000     
   0.0000000000000000     
   0.0000000000000000     
   0.0000000000000000     
   0.0000000000000000     
   0.0000000000000000     
   0.0000000000000000     
   0.0000000000000000     
   0.0000000000000000     
   0.0000000000000000     
   0.0000000000000000     
   0.0000000000000000     
   0.0000000000000000     
   0.0000000000000000     
   0.0000000000000000     
   0.0000000000000000     
   0.0000000000000000     
   0.0000000000000000     
   0.0000000000000000     
   0.0000000000000000     
   0.0000000000000000     
   0.0000000000000000     
   0.0000000000000000     
   0.0000000000000000     
   0.0000000000000000     
   0.0000000000000000     
   0.0000000000000000     
   0.0000000000000000     
   0.0000000000000000     
   0.0000000000000000     
   0.0000000000000000     
   0.0000000000000000     
   0.0000000000000000     
   0.0000000000000000     
   0.0000000000000000     
   0.0000000000000000     
 0.86594294006428E-16
 0.12357134705882E-15
 0.15876158416029E-15
 0.16297963819695E-15
 0.17766850761131E-15
 0.19333174686377E-15
 0.20759397376850E-15
 0.22309926177572E-15
 0.24068921691605E-15
 0.25960168460693E-15
 0.27768816208710E-15
 0.29653032788946E-15
 0.31762154244963E-15
 0.34138927499206E-15
 0.36887039443579E-15
 0.39941797090077E-15
 0.42199217969170E-15
 0.45131357122960E-15
 0.48648621543133E-15
 0.52962815576307E-15
 0.56661476128165E-15
 0.60244134953173E-15
 0.63785467513203E-15
 0.66193798914311E-15
 0.68580951830344E-15
 0.70352402395765E-15
 0.72474739589289E-15
 0.73866418948536E-15
 0.74241496327053E-15
 0.73877621694368E-15
 0.72413125322993E-15
 0.70611221072209E-15
 0.68803713130319E-15
 0.66557883408434E-15
 0.63423483661652E-15
 0.60092053256446E-15
 0.55833750737287E-15
 0.51451339538046E-15
 0.47655874936120E-15
 0.44767346144378E-15
 0.38397605018879E-15
 0.33628141146434E-15
 0.28772744759920E-15
 0.25356672550026E-15
 0.21818540245024E-15
 0.17701323335440E-15
 0.13336024025785E-15
 0.10262701820163E-15
 0.76573137116617E-16
 0.60692820025887E-16
 0.48060757644858E-16
 0.31482450110051E-16
 0.19912577707009E-16
 0.11750266350145E-16
 0.74085827535179E-17
 0.58194361230385E-17
 0.51368299071184E-17
 0.17835392806890E-17
 0.11394972317438E-17
 0.81039664678421E-18
 0.37801055498150E-18
 0.33495122586719E-18
 0.83189344942261E-19
 0.48043831633749E-19
 0.58567742431850E-19
 0.53127274944650E-19
 0.62257894419145E-20
 0.64617043235466E-20
 0.13614238390172E-20
 0.18340900722326E-20
 0.68811731804177E-21
 0.42313924201139E-21
 0.10519932155180E-21
 0.20194645878993E-21
 0.21257894596491E-21
 0.26897489091069E-23
 0.29894734234215E-23
 0.36116514401871E-23
 0.46106037300376E-23
 0.11590184172313E-23
 0.51002989647124E-24
 0.10520400354763E-25
 0.28000490369791E-28
 0.20070453291795E-30
 0.14541120535046E-28
 0.15846157626662E-28
 0.11792676065715E-29
 0.16847790753470E-30
 0.18156801664247E-32
 0.27643934381340E-33
 0.13593668883666E-37
 0.29007671909320E-38
 0.89196133293190E-38
 0.65742443217099E-38
 0.91012728926387E-47
 0.88336716733866E-61
 0.34505527952899E-61
 0.64526348091412E-66
 0.35366088166949E-68
 0.96648343128836E-71
 0.33219783285525E-78
 0.13360947768901E-94
   0.0000000000000000     
   0.0000000000000000     
   0.0000000000000000     
   0.0000000000000000     
   0.0000000000000000     
   0.0000000000000000     
   0.0000000000000000     
   0.0000000000000000     
   0.0000000000000000     
   0.0000000000000000     
   0.0000000000000000     
   0.0000000000000000     
   0.0000000000000000     
   0.0000000000000000     
   0.0000000000000000     
   0.0000000000000000     
   0.0000000000000000     
   0.0000000000000000     
   0.0000000000000000     
   0.0000000000000000     
   0.0000000000000000     
   0.0000000000000000     
   0.0000000000000000     
   0.0000000000000000     
   0.0000000000000000     
   0.0000000000000000     
   0.0000000000000000     
   0.0000000000000000     
   0.0000000000000000     
   0.0000000000000000     
   0.0000000000000000     
   0.0000000000000000     
   0.0000000000000000     
   0.0000000000000000     
   0.0000000000000000     
   0.0000000000000000     
   0.0000000000000000     
   0.0000000000000000     
   0.0000000000000000     
   0.0000000000000000     
   0.0000000000000000     
   0.0000000000000000     
   0.0000000000000000     
   0.0000000000000000     
   0.0000000000000000     
   0.0000000000000000     
   0.0000000000000000     
   0.0000000000000000     
 0.33840349269739E-16
 0.65586549170919E-16
 0.84587605634648E-16
 0.99817585538038E-16
 0.11141517535598E-15
 0.11466445464160E-15
 0.12127800784707E-15
 0.13495688203487E-15
 0.14581582272485E-15
 0.15397538570285E-15
 0.16534325345538E-15
 0.18098292382079E-15
 0.19993485432449E-15
 0.21710305184725E-15
 0.23245749180915E-15
 0.25106143843617E-15
 0.27958502210193E-15
 0.31183810590053E-15
 0.34467510798266E-15
 0.37452702450665E-15
 0.39928030690470E-15
 0.43448476046583E-15
 0.46635168214461E-15
 0.49713981258396E-15
 0.53357323613997E-15
 0.56769529202623E-15
 0.59431459999435E-15
 0.62017863027221E-15
 0.63794003188858E-15
 0.64974448317801E-15
 0.67479972853598E-15
 0.69112554445613E-15
 0.71032689130010E-15
 0.69782914227047E-15
 0.70845499597604E-15
 0.69065651105444E-15
 0.67064279186668E-15
 0.66282325945048E-15
 0.62983754912491E-15
 0.58762162708605E-15
 0.55253424137770E-15
 0.50954086741512E-15
 0.47964857118681E-15
 0.43952703425489E-15
 0.37468204574669E-15
 0.32809795854101E-15
 0.27991200253566E-15
 0.23315632330308E-15
 0.20219195002374E-15
 0.16558026500044E-15
 0.12698573222382E-15
 0.97746547794749E-16
 0.73873796389006E-16
 0.56188365063127E-16
 0.43783141608828E-16
 0.28561726364956E-16
 0.19308643794260E-16
 0.11475692046788E-16
 0.80930766496082E-17
 0.68183512738192E-17
 0.44272090268213E-17
 0.12982680918629E-17
 0.78925489994290E-18
 0.55352620099985E-18
 0.32107418984191E-18
 0.44397253842738E-18
 0.24394583897712E-18
 0.43340353226734E-19
 0.83445109588140E-20
 0.58088321413782E-19
 0.16227601431120E-19
 0.26070981958317E-19
 0.42583159283917E-20
 0.46358054176207E-21
 0.23320541649830E-20
 0.98504378774022E-22
 0.61312663136085E-22
 0.30546200645855E-21
 0.53997831807247E-22
 0.17892704279580E-22
 0.19220025371533E-23
 0.27462602047846E-25
 0.31726146098408E-26
 0.72050507137726E-26
 0.26752291828005E-25
 0.41688631555958E-26
 0.56485919730136E-29
 0.18136271680734E-29
 0.90085512251736E-27
 0.73996786435327E-27
 0.72088138084025E-30
 0.12657763156106E-30
 0.53024188925275E-32
 0.11834027486316E-36
 0.98319422141731E-42
 0.21566422413381E-35
 0.63482993740585E-35
 0.41063095655835E-35
 0.10710840501386E-39
 0.48240818613702E-48
 0.62803329256806E-52
 0.59142551120431E-79
 0.23555326465184E-70
 0.47094421372885E-80
   0.0000000000000000     
   0.0000000000000000     
   0.0000000000000000     
   0.0000000000000000     
   0.0000000000000000     
   0.0000000000000000     
   0.0000000000000000     
   0.0000000000000000     
   0.0000000000000000     
   0.0000000000000000     
   0.0000000000000000     
   0.0000000000000000     
   0.0000000000000000     
   0.0000000000000000     
   0.0000000000000000     
   0.0000000000000000     
   0.0000000000000000     
   0.0000000000000000     
   0.0000000000000000     
   0.0000000000000000     
   0.0000000000000000     
   0.0000000000000000     
   0.0000000000000000     
   0.0000000000000000     
   0.0000000000000000     
   0.0000000000000000     
   0.0000000000000000     
   0.0000000000000000     
   0.0000000000000000     
   0.0000000000000000     
   0.0000000000000000     
   0.0000000000000000     
   0.0000000000000000     
   0.0000000000000000     
   0.0000000000000000     
   0.0000000000000000     
   0.0000000000000000     
   0.0000000000000000     
   0.0000000000000000     
   0.0000000000000000     
   0.0000000000000000     
   0.0000000000000000     
   0.0000000000000000     
   0.0000000000000000     
   0.0000000000000000     
   0.0000000000000000     
 0.24992969998644E-16
 0.40809399016808E-16
 0.45978131579607E-16
 0.51449014884903E-16
 0.58248882702631E-16
 0.68297960612367E-16
 0.73637766611301E-16
 0.78043084529602E-16
 0.82870882377244E-16
 0.91613661767229E-16
 0.99254233398340E-16
 0.10973304867673E-15
 0.11910769667593E-15
 0.13057420890655E-15
 0.14482080107990E-15
 0.16043286327795E-15
 0.18164736490548E-15
 0.20118240709417E-15
 0.21439376415327E-15
 0.23517117774155E-15
 0.25840273310479E-15
 0.28770215133507E-15
 0.31437527353115E-15
 0.34453754832270E-15
 0.37612701147022E-15
 0.40919395312908E-15
 0.43593210813444E-15
 0.46723919932114E-15
 0.48993076722229E-15
 0.52383154922522E-15
 0.56689907253316E-15
 0.59454882934881E-15
 0.62236733694406E-15
 0.65252215016336E-15
 0.66891081546857E-15
 0.69288932039806E-15
 0.70075084408175E-15
 0.68154971980473E-15
 0.68901050642450E-15
 0.67728501199665E-15
 0.66938172229493E-15
 0.67501334866918E-15
 0.61093161009980E-15
 0.56801618772678E-15
 0.53716030400655E-15
 0.50681808521491E-15
 0.46656822837267E-15
 0.41721037622456E-15
 0.35417643734655E-15
 0.30270215103594E-15
 0.26316514684269E-15
 0.22541473338943E-15
 0.19985542238231E-15
 0.16009671585417E-15
 0.11524569045253E-15
 0.91299484215455E-16
 0.72165624043963E-16
 0.55819162569689E-16
 0.39577289657260E-16
 0.27901181395748E-16
 0.16392576627368E-16
 0.92231574833075E-17
 0.67495795575179E-17
 0.54258912852988E-17
 0.32294698938660E-17
 0.17930607158427E-17
 0.91262973413233E-18
 0.30151983889843E-18
 0.18454275161589E-18
 0.41248307331572E-18
 0.98834717457927E-19
 0.39857797701229E-19
 0.23560325304072E-19
 0.21331996873302E-19
 0.10543067641263E-19
 0.76040228983212E-20
 0.24776634762665E-20
 0.13337276044661E-20
 0.87020491187878E-21
 0.11547988460494E-20
 0.66389233165243E-21
 0.21612285964998E-22
 0.79404395731065E-23
 0.20996898430067E-22
 0.17204027514076E-24
 0.12688818002063E-24
 0.17986710028257E-24
 0.34906202107337E-25
 0.19389520546653E-24
 0.10176138433113E-25
 0.64302888290393E-28
 0.69400138289571E-25
 0.18532271676406E-24
 0.66834585561699E-25
 0.70794253844267E-32
 0.35745096263336E-33
 0.35810179611326E-33
 0.10122185666579E-29
 0.15240176777797E-29
 0.92760205800536E-41
 0.55259160921108E-41
 0.69284516986573E-42
 0.83634872418350E-51
 0.15665459120334E-51
 0.23998341181962E-65
 0.53569385178351E-70
 0.66614195263493E-81
 0.24182265124560E-83
   0.0000000000000000     
   0.0000000000000000     
   0.0000000000000000     
   0.0000000000000000     
   0.0000000000000000     
   0.0000000000000000     
   0.0000000000000000     
   0.0000000000000000     
   0.0000000000000000     
   0.0000000000000000     
   0.0000000000000000     
   0.0000000000000000     
   0.0000000000000000     
   0.0000000000000000     
   0.0000000000000000     
   0.0000000000000000     
   0.0000000000000000     
   0.0000000000000000     
   0.0000000000000000     
   0.0000000000000000     
   0.0000000000000000     
   0.0000000000000000     
   0.0000000000000000     
   0.0000000000000000     
   0.0000000000000000     
   0.0000000000000000     
   0.0000000000000000     
   0.0000000000000000     
   0.0000000000000000     
   0.0000000000000000     
   0.0000000000000000     
   0.0000000000000000     
   0.0000000000000000     
   0.0000000000000000     
   0.0000000000000000     
   0.0000000000000000     
   0.0000000000000000     
   0.0000000000000000     
   0.0000000000000000     
   0.0000000000000000     
   0.0000000000000000     
   0.0000000000000000     
 0.35868492196038E-17
 0.20045574012033E-16
 0.27125329496599E-16
 0.30236813911028E-16
 0.33405722819953E-16
 0.37218446890001E-16
 0.40882646318806E-16
 0.44080933244093E-16
 0.47767656917093E-16
 0.52307402879659E-16
 0.57082523285021E-16
 0.61706038455956E-16
 0.68673401707039E-16
 0.77381820831582E-16
 0.86405619385331E-16
 0.96783302326904E-16
 0.10561275118857E-15
 0.11410203060072E-15
 0.12716820078025E-15
 0.14416194833071E-15
 0.16009292961680E-15
 0.17927613321270E-15
 0.20118955304924E-15
 0.22325772440841E-15
 0.24501066441537E-15
 0.27419099865859E-15
 0.29311560625660E-15
 0.32877774735000E-15
 0.35477962085054E-15
 0.38710966812326E-15
 0.42308588745425E-15
 0.47029176998930E-15
 0.49457854038389E-15
 0.51858419851068E-15
 0.55860442429742E-15
 0.58618857937341E-15
 0.60025166738021E-15
 0.64588048737164E-15
 0.66267672822902E-15
 0.69850513587442E-15
 0.70443263902514E-15
 0.67577441044289E-15
 0.66798311076627E-15
 0.66278691134110E-15
 0.66618122422645E-15
 0.64930769208495E-15
 0.60434998302925E-15
 0.55918925487061E-15
 0.50364801574004E-15
 0.47370643655299E-15
 0.44307644464156E-15
 0.39897519458326E-15
 0.34958654019094E-15
 0.29329856051155E-15
 0.25549418508835E-15
 0.22255934556028E-15
 0.20548213360352E-15
 0.14468787948580E-15
 0.11034428479872E-15
 0.86974675527699E-16
 0.64727000734297E-16
 0.50815095062304E-16
 0.37471326436039E-16
 0.23784370716470E-16
 0.15206115249469E-16
 0.10569606453537E-16
 0.68081214235580E-17
 0.49182709223374E-17
 0.27305340983595E-17
 0.12200457618672E-17
 0.61383827143916E-18
 0.49357430804705E-18
 0.18930088810149E-18
 0.26128727363040E-18
 0.92648771613001E-19
 0.25702584359447E-19
 0.14002010468917E-19
 0.29204734169755E-19
 0.74834843073386E-20
 0.35521191397143E-19
 0.32876875111504E-20
 0.11308346924492E-20
 0.12634520591181E-21
 0.24968618776578E-21
 0.18198704646974E-22
 0.30218752450117E-22
 0.60946573853862E-23
 0.13741044424665E-23
 0.17839425552869E-23
 0.33236727155665E-23
 0.43014751739354E-24
 0.13604204957988E-24
 0.21739907176147E-23
 0.13702498845601E-24
 0.13718334728700E-29
 0.12494026773736E-28
 0.64525235874649E-27
 0.12635898073332E-26
 0.14599434748895E-27
 0.10142514432407E-34
 0.55527066893755E-38
 0.12077743628741E-39
 0.13803442588925E-44
 0.65260321335892E-34
 0.62305227665326E-35
 0.11524734231593E-63
 0.29226876449628E-46
 0.10747952721935E-76
 0.51383277602594E-66
 0.87064054693274E-74
 0.37478145489133E-85
   0.0000000000000000     
   0.0000000000000000     
   0.0000000000000000     
   0.0000000000000000     
   0.0000000000000000     
   0.0000000000000000     
   0.0000000000000000     
   0.0000000000000000     
   0.0000000000000000     
   0.0000000000000000     
   0.0000000000000000     
   0.0000000000000000     
   0.0000000000000000     
   0.0000000000000000     
   0.0000000000000000     
   0.0000000000000000     
   0.0000000000000000     
   0.0000000000000000     
   0.0000000000000000     
   0.0000000000000000     
   0.0000000000000000     
   0.0000000000000000     
   0.0000000000000000     
   0.0000000000000000     
   0.0000000000000000     
   0.0000000000000000     
   0.0000000000000000     
   0.0000000000000000     
   0.0000000000000000     
   0.0000000000000000     
   0.0000000000000000     
   0.0000000000000000     
   0.0000000000000000     
   0.0000000000000000     
   0.0000000000000000     
   0.0000000000000000     
   0.0000000000000000     
   0.0000000000000000     
   0.0000000000000000     
   0.0000000000000000     
 0.73428734676511E-17
 0.13003577567771E-16
 0.17263873707004E-16
 0.20117695251642E-16
 0.20235213333799E-16
 0.22379010046432E-16
 0.24467721852176E-16
 0.26856716059572E-16
 0.28879503790076E-16
 0.30602642971569E-16
 0.34166012523932E-16
 0.38799375574471E-16
 0.43892526331170E-16
 0.49076171366409E-16
 0.53771007724872E-16
 0.59743250744427E-16
 0.66691468983400E-16
 0.76054701934839E-16
 0.86471973398484E-16
 0.95361966997881E-16
 0.10629009170888E-15
 0.12138448669818E-15
 0.13553310926093E-15
 0.15523973255980E-15
 0.16999923617302E-15
 0.18609106581612E-15
 0.20683741713462E-15
 0.24015323252432E-15
 0.27290302925052E-15
 0.30114495656482E-15
 0.31960708053409E-15
 0.34087096262141E-15
 0.38291378163798E-15
 0.41049971566573E-15
 0.45087077711373E-15
 0.49181036613809E-15
 0.53388134716597E-15
 0.56832323589225E-15
 0.58659730224318E-15
 0.60170427606481E-15
 0.62944969499881E-15
 0.66040861520158E-15
 0.68980875797755E-15
 0.67180778114280E-15
 0.67454921701249E-15
 0.65726513530587E-15
 0.64793610280763E-15
 0.63784458185462E-15
 0.61521869446610E-15
 0.56974129824857E-15
 0.54828467960666E-15
 0.49643233903294E-15
 0.46908422607213E-15
 0.43863133127165E-15
 0.40173847053085E-15
 0.33850136131351E-15
 0.28381537567761E-15
 0.24991881476963E-15
 0.21132361777378E-15
 0.17766976150905E-15
 0.13853509394504E-15
 0.10451440638411E-15
 0.82998537348717E-16
 0.61869680656787E-16
 0.49345809288261E-16
 0.31937855927944E-16
 0.21785618676716E-16
 0.13938582551259E-16
 0.78254281372912E-17
 0.52371010929357E-17
 0.30159495912207E-17
 0.15548563289583E-17
 0.95609210992922E-18
 0.52289967847872E-18
 0.42731545942261E-18
 0.34425162430467E-18
 0.11473016198430E-18
 0.46782855447666E-19
 0.80222419598755E-19
 0.26294801285898E-19
 0.15808715730223E-19
 0.10345254721056E-19
 0.92042574935055E-20
 0.41256802931118E-20
 0.44285415893199E-21
 0.45042702182142E-22
 0.19009149705661E-22
 0.30176404680272E-22
 0.17491695782204E-21
 0.19188656328988E-21
 0.74805622455027E-24
 0.94523420274446E-22
 0.49633776142616E-22
 0.63669301480141E-23
 0.44681607781135E-24
 0.30251004991047E-25
 0.50262453226446E-26
 0.42344001170474E-27
 0.28594280451449E-27
 0.97733483932291E-27
 0.10252517882022E-27
 0.68200224630145E-32
 0.58479786467384E-33
 0.13242410940673E-33
 0.11115245275373E-41
 0.46604741490680E-39
 0.24936455174152E-42
 0.19701448183400E-40
 0.71523691262230E-44
 0.58373238095448E-55
 0.68734002177366E-63
 0.12296022823485E-66
 0.19735465047179E-80
 0.53306407852078E-85
   0.0000000000000000     
   0.0000000000000000     
   0.0000000000000000     
   0.0000000000000000     
   0.0000000000000000     
   0.0000000000000000     
   0.0000000000000000     
   0.0000000000000000     
   0.0000000000000000     
   0.0000000000000000     
   0.0000000000000000     
   0.0000000000000000     
   0.0000000000000000     
   0.0000000000000000     
   0.0000000000000000     
   0.0000000000000000     
   0.0000000000000000     
   0.0000000000000000     
   0.0000000000000000     
   0.0000000000000000     
   0.0000000000000000     
   0.0000000000000000     
   0.0000000000000000     
   0.0000000000000000     
   0.0000000000000000     
   0.0000000000000000     
   0.0000000000000000     
   0.0000000000000000     
   0.0000000000000000     
   0.0000000000000000     
   0.0000000000000000     
   0.0000000000000000     
   0.0000000000000000     
   0.0000000000000000     
   0.0000000000000000     
   0.0000000000000000     
 0.53199137875761E-17
 0.72804465365788E-17
 0.85725599136178E-17
 0.97715942260299E-17
 0.10929295820265E-16
 0.12276391154767E-16
 0.13325542887373E-16
 0.14309170097237E-16
 0.15477647822217E-16
 0.17272919131492E-16
 0.19215656251068E-16
 0.21749876582683E-16
 0.23965437765168E-16
 0.26567008194790E-16
 0.29791786361526E-16
 0.33592266510819E-16
 0.38778945896713E-16
 0.44152082079409E-16
 0.48973034977217E-16
 0.54773279092934E-16
 0.61938981342187E-16
 0.73045078580527E-16
 0.81194381246913E-16
 0.88977394211646E-16
 0.99160654134299E-16
 0.11650586601921E-15
 0.13618600585618E-15
 0.15728342041359E-15
 0.17193215191451E-15
 0.18082538193922E-15
 0.20077404021651E-15
 0.23344045302637E-15
 0.25629733954998E-15
 0.29235093496459E-15
 0.32291743903896E-15
 0.35799467616624E-15
 0.39742379413605E-15
 0.41758376170950E-15
 0.44760436984364E-15
 0.48243064528125E-15
 0.51985052911096E-15
 0.55125304877778E-15
 0.58045074278650E-15
 0.61747095286460E-15
 0.62392956530249E-15
 0.64393018656353E-15
 0.66727431934628E-15
 0.65325792972106E-15
 0.63870355457395E-15
 0.64941340916927E-15
 0.64519987205913E-15
 0.63891012366800E-15
 0.59191044048805E-15
 0.57894103632485E-15
 0.54970214057375E-15
 0.49234162334419E-15
 0.47385562800360E-15
 0.44135821886101E-15
 0.36045424976732E-15
 0.32308152788481E-15
 0.27831846871536E-15
 0.24065532753063E-15
 0.21015927401195E-15
 0.16758631798683E-15
 0.12799067433651E-15
 0.99568314208662E-16
 0.74351594591448E-16
 0.60959492958343E-16
 0.45365475921711E-16
 0.27976875734446E-16
 0.16750482961381E-16
 0.10388752957495E-16
 0.69603515399064E-17
 0.47704163135803E-17
 0.29219327224031E-17
 0.13587936556088E-17
 0.71399039975816E-18
 0.45364534584347E-18
 0.58177826349368E-18
 0.24251908990219E-18
 0.19952594709750E-18
 0.30440410934193E-19
 0.34587472407565E-19
 0.13417806910062E-19
 0.17152153348868E-19
 0.45783060136928E-19
 0.65463950045434E-19
 0.18033352569251E-21
 0.12047600547260E-20
 0.25571457748934E-20
 0.24195208526677E-20
 0.60488146631238E-21
 0.24591477550533E-21
 0.91824051611656E-23
 0.24050762054565E-23
 0.66634016111270E-24
 0.86899211762579E-26
 0.44392990830782E-23
 0.57911449381673E-23
 0.40160032456573E-26
 0.36857129561167E-27
 0.11953949080297E-27
 0.23769638945459E-28
 0.17170226566993E-29
 0.55968663001512E-29
 0.29199309929842E-31
 0.25733694124042E-36
 0.23987502276108E-37
 0.14716954908533E-37
 0.18115326943286E-40
 0.23698934608749E-37
 0.38780132232966E-38
 0.22730517982174E-72
 0.57467196193133E-79
 0.54715546321448E-65
 0.74304516913454E-67
 0.55513359827944E-83
 0.63611014735345E-95
   0.0000000000000000     
   0.0000000000000000     
   0.0000000000000000     
   0.0000000000000000     
   0.0000000000000000     
   0.0000000000000000     
   0.0000000000000000     
   0.0000000000000000     
   0.0000000000000000     
   0.0000000000000000     
   0.0000000000000000     
   0.0000000000000000     
   0.0000000000000000     
   0.0000000000000000     
   0.0000000000000000     
   0.0000000000000000     
   0.0000000000000000     
   0.0000000000000000     
   0.0000000000000000     
   0.0000000000000000     
   0.0000000000000000     
   0.0000000000000000     
   0.0000000000000000     
   0.0000000000000000     
   0.0000000000000000     
   0.0000000000000000     
   0.0000000000000000     
   0.0000000000000000     
   0.0000000000000000     
   0.0000000000000000     
   0.0000000000000000     
   0.0000000000000000     
 0.48229737576032E-18
 0.37558763339825E-17
 0.50692591249932E-17
 0.50586999709156E-17
 0.58273524819612E-17
 0.65343610701453E-17
 0.69768728149606E-17
 0.74957841062408E-17
 0.82437128214615E-17
 0.93241081120295E-17
 0.10430304141433E-16
 0.11309533928554E-16
 0.12366234960311E-16
 0.14190602238707E-16
 0.16134674796597E-16
 0.18927235231055E-16
 0.21212007517651E-16
 0.22561689795107E-16
 0.25813159402103E-16
 0.31511693878089E-16
 0.36537556018853E-16
 0.41264329495824E-16
 0.45165328446624E-16
 0.50117641923086E-16
 0.61169621382055E-16
 0.71469612859111E-16
 0.81951927733318E-16
 0.87470260993676E-16
 0.95715585378119E-16
 0.11223396587713E-15
 0.13122959737247E-15
 0.14903601855500E-15
 0.16693014592342E-15
 0.18863119046160E-15
 0.21768393988232E-15
 0.24655049184019E-15
 0.26317000817071E-15
 0.28912842087312E-15
 0.30666194767181E-15
 0.35554188077116E-15
 0.39164673108215E-15
 0.41996652407514E-15
 0.46758784142467E-15
 0.47869673919058E-15
 0.51061433757341E-15
 0.54257542882840E-15
 0.56745675308063E-15
 0.57988044714968E-15
 0.61831173640432E-15
 0.65527243132365E-15
 0.65748466079506E-15
 0.64423932550545E-15
 0.64865580211547E-15
 0.66951636777395E-15
 0.64800621040545E-15
 0.64369872708390E-15
 0.61221402067321E-15
 0.55441983312129E-15
 0.51242962167340E-15
 0.50056784994203E-15
 0.46385469327100E-15
 0.42165687457402E-15
 0.35258160021217E-15
 0.30937857502611E-15
 0.27012481683317E-15
 0.23792083476756E-15
 0.20439691561991E-15
 0.16465982913319E-15
 0.11587553425711E-15
 0.92547096459632E-16
 0.68892277053397E-16
 0.51601834674159E-16
 0.37038220720112E-16
 0.23993657869892E-16
 0.14729890960618E-16
 0.92544313517029E-17
 0.64342415087460E-17
 0.46542471104909E-17
 0.26799460703740E-17
 0.11383684009297E-17
 0.69461231390526E-18
 0.23058730605474E-18
 0.18974101638751E-18
 0.68863423053609E-19
 0.25033767493022E-18
 0.17718673298584E-18
 0.15414109437831E-18
 0.43908878272178E-20
 0.17297868971813E-19
 0.22620848673995E-19
 0.70913967836850E-20
 0.15108660710667E-20
 0.71742877265019E-21
 0.11726658856783E-21
 0.15539335308515E-21
 0.17902229034269E-21
 0.75347488967716E-22
 0.19643285017554E-22
 0.50285322693974E-22
 0.52454967957004E-22
 0.40309257332080E-23
 0.15741219811597E-25
 0.14418002699478E-26
 0.17832778304779E-27
 0.67814901347004E-28
 0.12259912084184E-28
 0.80675065092849E-31
 0.14276373864874E-32
 0.53586346994051E-33
 0.83343245278930E-34
 0.30195781295040E-35
 0.58885189423074E-35
 0.70684287942676E-49
 0.65179047283799E-35
 0.95992625798999E-36
 0.16382248458920E-58
 0.57579883417426E-75
 0.65232675343849E-74
 0.54177898838178E-70
 0.15508162033050E-94
   0.0000000000000000     
   0.0000000000000000     
   0.0000000000000000     
   0.0000000000000000     
   0.0000000000000000     
   0.0000000000000000     
   0.0000000000000000     
   0.0000000000000000     
   0.0000000000000000     
   0.0000000000000000     
   0.0000000000000000     
   0.0000000000000000     
   0.0000000000000000     
   0.0000000000000000     
   0.0000000000000000     
   0.0000000000000000     
   0.0000000000000000     
   0.0000000000000000     
   0.0000000000000000     
   0.0000000000000000     
   0.0000000000000000     
   0.0000000000000000     
   0.0000000000000000     
   0.0000000000000000     
   0.0000000000000000     
   0.0000000000000000     
   0.0000000000000000     
   0.0000000000000000     
   0.0000000000000000     
   0.0000000000000000     
   0.0000000000000000     
 0.12426529465731E-17
 0.21536800543401E-17
 0.29556197979298E-17
 0.31629621793550E-17
 0.32606341540847E-17
 0.35893917310475E-17
 0.39329382792954E-17
 0.43117116341941E-17
 0.46547539701035E-17
 0.51622430554502E-17
 0.57869335502297E-17
 0.65174743267659E-17
 0.75907527865180E-17
 0.88009900235721E-17
 0.96694123549762E-17
 0.10575732342651E-16
 0.12845690468918E-16
 0.15456918826228E-16
 0.17231086196975E-16
 0.19189734437758E-16
 0.21261503369261E-16
 0.24742449616539E-16
 0.30119111841522E-16
 0.35532599160444E-16
 0.39471679456520E-16
 0.44866157504369E-16
 0.51045436941833E-16
 0.58852548559858E-16
 0.69827760945354E-16
 0.79231620795479E-16
 0.89465332518520E-16
 0.10041695624599E-15
 0.11716556676113E-15
 0.13874086619925E-15
 0.14856949016366E-15
 0.16602252898893E-15
 0.18148323986692E-15
 0.20713386844512E-15
 0.24111128578421E-15
 0.27290984091043E-15
 0.29802838673790E-15
 0.30139527230300E-15
 0.33923894725467E-15
 0.38671634139419E-15
 0.42265372701346E-15
 0.44394933237525E-15
 0.47795761995657E-15
 0.51513778486900E-15
 0.55134672285231E-15
 0.57518844111463E-15
 0.58965468467890E-15
 0.64687998922300E-15
 0.66645084099699E-15
 0.64645955320078E-15
 0.65529104092632E-15
 0.65177289625202E-15
 0.61918086441488E-15
 0.63994514702070E-15
 0.64425633440956E-15
 0.59157320449186E-15
 0.55320585529184E-15
 0.50303526189296E-15
 0.48827713347009E-15
 0.45857416235577E-15
 0.40874180912201E-15
 0.34534202517088E-15
 0.30652021695703E-15
 0.24712509140269E-15
 0.23209546100480E-15
 0.19240326507931E-15
 0.14455573284689E-15
 0.10721492889712E-15
 0.79783068577364E-16
 0.62938455621045E-16
 0.48833205810946E-16
 0.32954876844263E-16
 0.21744045885751E-16
 0.13238680811758E-16
 0.82395119839127E-17
 0.51804479994668E-17
 0.30000425740799E-17
 0.14431242096166E-17
 0.60969365276114E-18
 0.10965257725973E-17
 0.71167429189464E-18
 0.33823715403978E-18
 0.10039188468294E-18
 0.99982815713676E-19
 0.66143934415904E-19
 0.14817333957798E-19
 0.18862607544288E-19
 0.14659723001320E-19
 0.18276825788865E-19
 0.10762955572774E-19
 0.15670758086501E-20
 0.32544124876984E-21
 0.26395181139587E-20
 0.69334001153706E-21
 0.12377660427893E-20
 0.35376231298551E-22
 0.57020740320401E-25
 0.37756194062287E-25
 0.18667452860770E-25
 0.28845672093513E-25
 0.36181819380391E-23
 0.24721553815946E-24
 0.75410102906436E-30
 0.15563598177188E-30
 0.30968604185862E-29
 0.74388239030646E-30
 0.14317852041601E-29
 0.35247756699434E-31
 0.37452471692932E-34
 0.76407221868110E-35
 0.17234178211112E-46
 0.45071373192146E-52
 0.24607745198358E-59
 0.81790242856679E-42
 0.15862620483346E-52
 0.16271213451841E-54
 0.21460903358464E-64
 0.11621229562315E-87
 0.44215586323530E-88
   0.0000000000000000     
   0.0000000000000000     
   0.0000000000000000     
   0.0000000000000000     
   0.0000000000000000     
   0.0000000000000000     
   0.0000000000000000     
   0.0000000000000000     
   0.0000000000000000     
   0.0000000000000000     
   0.0000000000000000     
   0.0000000000000000     
   0.0000000000000000     
   0.0000000000000000     
   0.0000000000000000     
   0.0000000000000000     
   0.0000000000000000     
   0.0000000000000000     
   0.0000000000000000     
   0.0000000000000000     
   0.0000000000000000     
   0.0000000000000000     
   0.0000000000000000     
   0.0000000000000000     
   0.0000000000000000     
   0.0000000000000000     
   0.0000000000000000     
 0.78399451203244E-18
 0.10808792863377E-17
 0.13578463840195E-17
 0.15446252139844E-17
 0.16870368466695E-17
 0.16593279334051E-17
 0.18560337190447E-17
 0.20452653217651E-17
 0.22489871201855E-17
 0.26309721528928E-17
 0.29104537496068E-17
 0.34354716326527E-17
 0.38560470035854E-17
 0.43436276865593E-17
 0.48683283851109E-17
 0.58173693118309E-17
 0.70630821809628E-17
 0.79113106619887E-17
 0.87597030693938E-17
 0.98457437432274E-17
 0.12183076874522E-16
 0.14085930695210E-16
 0.17042311193847E-16
 0.18954972661713E-16
 0.21024446345467E-16
 0.25691928610404E-16
 0.29637103503368E-16
 0.34377921192472E-16
 0.38363315162820E-16
 0.43220539350622E-16
 0.51913947097348E-16
 0.60567597357403E-16
 0.68311982186025E-16
 0.79548695493212E-16
 0.86888256961892E-16
 0.97274306182480E-16
 0.11455255324820E-15
 0.13393449212123E-15
 0.15132091154281E-15
 0.17346726189050E-15
 0.17495730946097E-15
 0.20034654969309E-15
 0.23721126535711E-15
 0.26973194878811E-15
 0.29678765927108E-15
 0.32330890218667E-15
 0.34470672997039E-15
 0.38540315713386E-15
 0.42602654114170E-15
 0.43653829605937E-15
 0.49964003140682E-15
 0.51426022350258E-15
 0.54881564662055E-15
 0.57096085372474E-15
 0.61379748807469E-15
 0.61364902632890E-15
 0.63558647811685E-15
 0.65916871130786E-15
 0.65329666806850E-15
 0.64368524423388E-15
 0.62372031767312E-15
 0.62602579366022E-15
 0.61778963284581E-15
 0.57608237861505E-15
 0.55210955318034E-15
 0.50320141953576E-15
 0.48680435917471E-15
 0.43455335026692E-15
 0.39656778309932E-15
 0.32633227226354E-15
 0.28031730467540E-15
 0.24416823799554E-15
 0.21094077508600E-15
 0.17448934460992E-15
 0.13124157494794E-15
 0.97985462467775E-16
 0.77926527670351E-16
 0.58457315734731E-16
 0.44054671698151E-16
 0.26984466787566E-16
 0.16863787175803E-16
 0.10816651184521E-16
 0.74968975224746E-17
 0.53321099127670E-17
 0.35660159454786E-17
 0.18752121534098E-17
 0.67706207179331E-18
 0.55972360942134E-18
 0.38675282093379E-18
 0.18606441335328E-18
 0.10612695421234E-18
 0.13245432702446E-18
 0.67740108720335E-19
 0.39264960867345E-19
 0.43140578166528E-19
 0.15707572477268E-19
 0.17595580407102E-19
 0.67231655330814E-20
 0.26198297908195E-20
 0.34460876092127E-21
 0.10043741012137E-21
 0.28684633307950E-22
 0.25238368128374E-22
 0.37515306146095E-22
 0.18034044147928E-22
 0.13489129709232E-22
 0.18250050384842E-24
 0.29078273453575E-26
 0.20282415877681E-26
 0.36834127225410E-28
 0.46227677024581E-28
 0.94505209043736E-28
 0.29022708297127E-24
 0.25639847799155E-24
 0.25544519033957E-28
 0.10505227405065E-36
 0.25102420279721E-42
 0.59441718385054E-39
 0.51340970349383E-39
 0.15869243780467E-34
 0.41631436079428E-34
 0.44294181049256E-49
 0.45085178301934E-49
 0.34103348457478E-60
 0.52613189470343E-71
 0.87196057619543E-94
   0.0000000000000000     
   0.0000000000000000     
   0.0000000000000000     
   0.0000000000000000     
   0.0000000000000000     
   0.0000000000000000     
   0.0000000000000000     
   0.0000000000000000     
   0.0000000000000000     
   0.0000000000000000     
   0.0000000000000000     
   0.0000000000000000     
   0.0000000000000000     
   0.0000000000000000     
   0.0000000000000000     
   0.0000000000000000     
   0.0000000000000000     
   0.0000000000000000     
   0.0000000000000000     
   0.0000000000000000     
   0.0000000000000000     
   0.0000000000000000     
   0.0000000000000000     
   0.0000000000000000     
   0.0000000000000000     
 0.56422548064472E-18
 0.58053074106194E-18
 0.51031181464180E-18
 0.60981465881761E-18
 0.69266920724623E-18
 0.80066496203334E-18
 0.87569817688666E-18
 0.98207938110119E-18
 0.12390358898141E-17
 0.14184690375913E-17
 0.16643521740863E-17
 0.18639192759740E-17
 0.20964613166985E-17
 0.26501157904967E-17
 0.29453457521841E-17
 0.34538804801368E-17
 0.38849420162669E-17
 0.45481630193776E-17
 0.57772611884102E-17
 0.67888735180267E-17
 0.74976610654758E-17
 0.85263356164556E-17
 0.99015144525052E-17
 0.12113909405758E-16
 0.14401599263701E-16
 0.15904450631388E-16
 0.18201868283118E-16
 0.20917491861103E-16
 0.25438591189640E-16
 0.30333963021088E-16
 0.33712804969622E-16
 0.37863965968254E-16
 0.41311436888632E-16
 0.51251651152364E-16
 0.59232416987954E-16
 0.68401249042298E-16
 0.80760033698406E-16
 0.82503335602215E-16
 0.98988530247561E-16
 0.11446402125279E-15
 0.13254750100204E-15
 0.15126522439313E-15
 0.16483424936824E-15
 0.18161043107776E-15
 0.21263965763763E-15
 0.23517459405002E-15
 0.27293550797490E-15
 0.28093361454067E-15
 0.32188127489818E-15
 0.34742546856460E-15
 0.38904180810056E-15
 0.42485976275535E-15
 0.46002311249414E-15
 0.49568438245207E-15
 0.49190144860786E-15
 0.54283033652021E-15
 0.58604624744088E-15
 0.60207436248245E-15
 0.63260683300037E-15
 0.64614788453572E-15
 0.64876387234578E-15
 0.64780353610871E-15
 0.64724835400400E-15
 0.65634965236804E-15
 0.64482250437563E-15
 0.61492129444882E-15
 0.55936155643055E-15
 0.53643027999160E-15
 0.48397605955701E-15
 0.45708478062616E-15
 0.42701951339713E-15
 0.36500082356847E-15
 0.30730308202844E-15
 0.27083394708698E-15
 0.23309381380238E-15
 0.20203017520996E-15
 0.16045397235823E-15
 0.11966337955762E-15
 0.86829660547804E-16
 0.68578057248441E-16
 0.53198005834535E-16
 0.39388107005634E-16
 0.24286631910147E-16
 0.14663667635304E-16
 0.87568467758675E-17
 0.62273567571368E-17
 0.42526457519439E-17
 0.21890142747395E-17
 0.12084468568540E-17
 0.93178564823289E-18
 0.61481954727931E-18
 0.39553533080995E-18
 0.27912990193290E-18
 0.28028861231420E-18
 0.92697155530585E-19
 0.49359825739860E-19
 0.82555134067084E-19
 0.46250246951598E-19
 0.15339211834332E-19
 0.12229055461047E-19
 0.46065752374197E-21
 0.37641447950498E-21
 0.25606835582456E-20
 0.54991177576829E-21
 0.43402146012875E-21
 0.14876882050795E-21
 0.82434521603953E-23
 0.19945370398950E-25
 0.21523938601803E-25
 0.60324102391614E-25
 0.45719392104977E-24
 0.15815352081295E-23
 0.16412136131186E-24
 0.21001672550039E-28
 0.26021719507945E-27
 0.28170984613655E-26
 0.14278119142404E-26
 0.64720649254884E-34
 0.19192065909896E-33
 0.88399224407887E-34
 0.34804858764013E-36
 0.64226164035839E-41
 0.10435859749669E-43
 0.21687108774614E-73
 0.16207167626984E-58
 0.18532827935127E-54
 0.16081596523883E-79
 0.45807689214138E-92
   0.0000000000000000     
   0.0000000000000000     
   0.0000000000000000     
   0.0000000000000000     
   0.0000000000000000     
   0.0000000000000000     
   0.0000000000000000     
   0.0000000000000000     
   0.0000000000000000     
   0.0000000000000000     
   0.0000000000000000     
   0.0000000000000000     
   0.0000000000000000     
   0.0000000000000000     
   0.0000000000000000     
   0.0000000000000000     
   0.0000000000000000     
   0.0000000000000000     
   0.0000000000000000     
   0.0000000000000000     
   0.0000000000000000     
   0.0000000000000000     
   0.0000000000000000     
 0.11762457777190E-20
 0.10028082168844E-18
 0.15950035448956E-18
 0.22431686378913E-18
 0.27391835517454E-18
 0.32624249121000E-18
 0.43895099629109E-18
 0.54691950936850E-18
 0.64078331380187E-18
 0.71753176450936E-18
 0.86257456826585E-18
 0.10716506846219E-17
 0.12946191805189E-17
 0.14752187410865E-17
 0.16244353536486E-17
 0.20030461992987E-17
 0.25616240397598E-17
 0.30374852065474E-17
 0.33045175045535E-17
 0.36735331773460E-17
 0.44500691558754E-17
 0.54945980781705E-17
 0.65710565919871E-17
 0.72644033815755E-17
 0.83512305044288E-17
 0.10120011075870E-16
 0.12029915145168E-16
 0.14409103589236E-16
 0.16201469750393E-16
 0.17983668013429E-16
 0.20844077951975E-16
 0.24804556398510E-16
 0.29618973889736E-16
 0.33486151428582E-16
 0.38822322221047E-16
 0.43188107850210E-16
 0.51296259586081E-16
 0.60733755830877E-16
 0.70224716163855E-16
 0.78901608870129E-16
 0.83784436986853E-16
 0.99950488861330E-16
 0.11596887051827E-15
 0.13246165944870E-15
 0.15258457061390E-15
 0.17423039318569E-15
 0.18479159413099E-15
 0.21614350331310E-15
 0.24275854833582E-15
 0.27641653320845E-15
 0.29877473884215E-15
 0.33249462675913E-15
 0.35922868435246E-15
 0.38524833281083E-15
 0.43159559044781E-15
 0.46976657621216E-15
 0.49256729202968E-15
 0.52602540088393E-15
 0.56097076675229E-15
 0.59176603169508E-15
 0.61392995861841E-15
 0.64262139520816E-15
 0.64837414649844E-15
 0.67486424171661E-15
 0.64249677071537E-15
 0.64364673170719E-15
 0.64371166415837E-15
 0.62733830140286E-15
 0.58590863057679E-15
 0.55850556482108E-15
 0.51519434155388E-15
 0.47678991888220E-15
 0.45982395697793E-15
 0.40369421691829E-15
 0.34085328654646E-15
 0.29697006012422E-15
 0.25618165146869E-15
 0.22340674862337E-15
 0.19538855855862E-15
 0.15001464348771E-15
 0.10862765093300E-15
 0.80201816171131E-16
 0.62330393629349E-16
 0.45768981990443E-16
 0.34285897701071E-16
 0.22613977394851E-16
 0.13168036626303E-16
 0.84433538124803E-17
 0.56999431420781E-17
 0.31350410350441E-17
 0.18051534049072E-17
 0.11477247374976E-17
 0.81358991898726E-18
 0.42955714430695E-18
 0.27768216713013E-18
 0.32552685258893E-18
 0.17819667896932E-18
 0.67221349311713E-19
 0.23029519712702E-19
 0.24605414273134E-19
 0.18712762754729E-19
 0.26612138847909E-19
 0.15557338292443E-19
 0.10562704730774E-20
 0.15396356812667E-20
 0.22481639186416E-20
 0.30865591658169E-23
 0.23861443587991E-22
 0.32412022680418E-22
 0.52864718308787E-23
 0.43851177229973E-23
 0.55795550773254E-24
 0.28531002720497E-24
 0.16928469788035E-25
 0.17373192438837E-25
 0.18372713937374E-26
 0.15958495308255E-31
 0.44499304850731E-30
 0.44176960288720E-30
 0.21029929728406E-28
 0.30970133875708E-30
 0.23900751615303E-40
 0.22349247784868E-45
 0.58694970062591E-49
 0.79989434518984E-46
 0.12622610486062E-71
 0.38742317701947E-73
 0.22841091436173E-53
 0.25554299760918E-68
 0.14096171787040E-89
   0.0000000000000000     
   0.0000000000000000     
   0.0000000000000000     
   0.0000000000000000     
   0.0000000000000000     
   0.0000000000000000     
   0.0000000000000000     
   0.0000000000000000     
   0.0000000000000000     
   0.0000000000000000     
   0.0000000000000000     
   0.0000000000000000     
   0.0000000000000000     
   0.0000000000000000     
   0.0000000000000000     
   0.0000000000000000     
   0.0000000000000000     
   0.0000000000000000     
   0.0000000000000000     
   0.0000000000000000     
   0.0000000000000000     
   0.0000000000000000     
   0.0000000000000000     
   0.0000000000000000     
 0.19566755173126E-19
 0.75511574602805E-19
 0.12891591662856E-18
 0.17371184261253E-18
 0.21378549891416E-18
 0.28627558942446E-18
 0.38743793515688E-18
 0.48858455970743E-18
 0.56519725433025E-18
 0.63655968130963E-18
 0.80834908488928E-18
 0.10531961612471E-17
 0.11966871516282E-17
 0.13550684034812E-17
 0.15306887869159E-17
 0.19330983475853E-17
 0.23879300931326E-17
 0.28158158175922E-17
 0.32190036304766E-17
 0.37074126638933E-17
 0.45489834275899E-17
 0.55255544537883E-17
 0.65004404231375E-17
 0.71563648425067E-17
 0.80599689588442E-17
 0.10173543113580E-16
 0.12102965902374E-16
 0.13827931048873E-16
 0.15736450746229E-16
 0.17858126493924E-16
 0.21158800163458E-16
 0.25305351745072E-16
 0.29980458977240E-16
 0.34229835218238E-16
 0.38465788153093E-16
 0.44274529750790E-16
 0.52057204213689E-16
 0.60644665730216E-16
 0.68509265451092E-16
 0.80916500289889E-16
 0.91130789330295E-16
 0.10506951646735E-15
 0.11939244083742E-15
 0.13373063031872E-15
 0.16235659904628E-15
 0.17661591088075E-15
 0.19718650667985E-15
 0.22877971191435E-15
 0.23707596214001E-15
 0.27227911778954E-15
 0.29674765896689E-15
 0.32339210512239E-15
 0.35874630525270E-15
 0.39766585753928E-15
 0.44115139913279E-15
 0.48652233695079E-15
 0.49925766463220E-15
 0.54099921697018E-15
 0.55931503271622E-15
 0.61936893957516E-15
 0.60483583502964E-15
 0.66791365045820E-15
 0.65646882026112E-15
 0.63729850075861E-15
 0.62732880655785E-15
 0.64710837114865E-15
 0.64406631317156E-15
 0.61966458566615E-15
 0.58487890066497E-15
 0.52783855209254E-15
 0.49520013228067E-15
 0.46883413135859E-15
 0.44631954035772E-15
 0.39066563525381E-15
 0.33878523329594E-15
 0.29236023897926E-15
 0.24479971450233E-15
 0.20914180315261E-15
 0.17996024283520E-15
 0.13430135252789E-15
 0.97378426447974E-16
 0.73793344011631E-16
 0.56879741478445E-16
 0.41228556060275E-16
 0.27309752694862E-16
 0.17203084851431E-16
 0.99861577900841E-17
 0.67393419413345E-17
 0.49813819779501E-17
 0.23281763997397E-17
 0.18824953003842E-17
 0.91208655225320E-18
 0.52123626554460E-18
 0.34035787810933E-18
 0.16978081512424E-18
 0.13215908684768E-18
 0.71082581355646E-19
 0.76413629554598E-19
 0.24671190106588E-19
 0.18573569552743E-19
 0.46103023278608E-19
 0.39198662158428E-20
 0.65170504987636E-21
 0.12038223148547E-21
 0.98213718355679E-21
 0.77330127686995E-21
 0.31278756052169E-21
 0.21944560001059E-22
 0.13352611906782E-23
 0.27147828499208E-24
 0.85999071650453E-24
 0.58717639009824E-24
 0.39259447798524E-24
 0.21579528094671E-25
 0.19662819114255E-26
 0.10821215303495E-27
 0.17726415258385E-25
 0.16806434647119E-23
 0.42626086120812E-27
 0.19742692057034E-26
 0.23147058028415E-35
 0.64771966631846E-42
 0.49860989814553E-49
 0.12073478948350E-41
 0.22121315630908E-35
 0.61731076400960E-71
 0.39372529693605E-53
   0.0000000000000000     
   0.0000000000000000     
   0.0000000000000000     
   0.0000000000000000     
   0.0000000000000000     
   0.0000000000000000     
   0.0000000000000000     
   0.0000000000000000     
   0.0000000000000000     
   0.0000000000000000     
   0.0000000000000000     
   0.0000000000000000     
   0.0000000000000000     
   0.0000000000000000     
   0.0000000000000000     
   0.0000000000000000     
   0.0000000000000000     
   0.0000000000000000     
   0.0000000000000000     
   0.0000000000000000     
   0.0000000000000000     
   0.0000000000000000     
   0.0000000000000000     
   0.0000000000000000     
   0.0000000000000000     
   0.0000000000000000     
   0.0000000000000000     
 0.28305777734789E-19
 0.73908328386389E-19
 0.11847844310680E-18
 0.14860232187033E-18
 0.18498087309781E-18
 0.26957661793972E-18
 0.37041076075490E-18
 0.42877217907863E-18
 0.49352888843636E-18
 0.57732781642472E-18
 0.77321178802920E-18
 0.98115837793469E-18
 0.11718478685656E-17
 0.14015089812174E-17
 0.15228117984940E-17
 0.19325827034405E-17
 0.23780915162920E-17
 0.27805041814564E-17
 0.31448961484699E-17
 0.35699058293231E-17
 0.45835970293253E-17
 0.56859078366161E-17
 0.64489348082554E-17
 0.71241666714145E-17
 0.82474438054100E-17
 0.10208577287496E-16
 0.12010356734168E-16
 0.14091283263419E-16
 0.15840206888737E-16
 0.17391402776621E-16
 0.21695311973432E-16
 0.25541145640106E-16
 0.29688260831428E-16
 0.33350913219186E-16
 0.39305486552513E-16
 0.47325368535696E-16
 0.53826388353821E-16
 0.62685838328606E-16
 0.70151059356193E-16
 0.78975638968067E-16
 0.95468078428524E-16
 0.11198171010588E-15
 0.12188140901843E-15
 0.14124462666906E-15
 0.14987608978341E-15
 0.17576043881852E-15
 0.19880694055981E-15
 0.22003446607988E-15
 0.24942803732045E-15
 0.28177736372794E-15
 0.31068100459057E-15
 0.34580782856639E-15
 0.37442613698182E-15
 0.41919731576750E-15
 0.44338233821638E-15
 0.49354844719011E-15
 0.50468350399420E-15
 0.56813409687026E-15
 0.57277243463598E-15
 0.60057516053865E-15
 0.61578035635456E-15
 0.66638042454693E-15
 0.65821795174131E-15
 0.64034685120679E-15
 0.64882828240267E-15
 0.62459094936248E-15
 0.62798929572542E-15
 0.60338265744796E-15
 0.57353465021158E-15
 0.53564071508225E-15
 0.49574943765712E-15
 0.48143496143774E-15
 0.44012353274501E-15
 0.37763806444992E-15
 0.32525033130625E-15
 0.28073506521392E-15
 0.23735731618301E-15
 0.20333553017040E-15
 0.15863787330188E-15
 0.12122881457226E-15
 0.89676977163430E-16
 0.65766864417200E-16
 0.48996063954274E-16
 0.34740512582756E-16
 0.24191905700865E-16
 0.13473045034838E-16
 0.83865272957073E-17
 0.46404050002962E-17
 0.26892402396365E-17
 0.21888364154163E-17
 0.12747806705438E-17
 0.53007749150031E-18
 0.27217460639235E-18
 0.23689984898919E-18
 0.12820621722693E-18
 0.20233554348686E-18
 0.13859594019060E-18
 0.54760505378635E-20
 0.45765876979595E-20
 0.71809336417319E-20
 0.10172932418179E-19
 0.73732251233123E-20
 0.82993711129436E-21
 0.65892803783736E-22
 0.39467157434213E-21
 0.98262987680544E-21
 0.24099173588868E-21
 0.62071525631692E-21
 0.13029944198325E-23
 0.82488710419031E-24
 0.20940438218100E-23
 0.15476691460800E-22
 0.42007783555237E-23
 0.15858275959457E-22
 0.43747659736006E-26
 0.20946001927155E-26
 0.60845974730113E-27
 0.31852206281844E-29
 0.57355336955306E-30
 0.56292849882089E-29
 0.40642062961992E-35
 0.19674308480330E-49
 0.31034125906730E-43
 0.14848020411572E-79
 0.68724973669574E-78
 0.21539984332957E-68
   0.0000000000000000     
   0.0000000000000000     
   0.0000000000000000     
   0.0000000000000000     
   0.0000000000000000     
   0.0000000000000000     
   0.0000000000000000     
   0.0000000000000000     
   0.0000000000000000     
   0.0000000000000000     
   0.0000000000000000     
   0.0000000000000000     
   0.0000000000000000     
   0.0000000000000000     
   0.0000000000000000     
   0.0000000000000000     
   0.0000000000000000     
   0.0000000000000000     
   0.0000000000000000     
   0.0000000000000000     
   0.0000000000000000     
   0.0000000000000000     
   0.0000000000000000     
   0.0000000000000000     
   0.0000000000000000     
   0.0000000000000000     
   0.0000000000000000     
   0.0000000000000000     
 0.34657593135936E-19
 0.74586477613032E-19
 0.10952959148576E-18
 0.13917791984442E-18
 0.18171230560408E-18
 0.26964124527885E-18
 0.35121145378810E-18
 0.42376420730653E-18
 0.49659212638066E-18
 0.59248845515874E-18
 0.77074526435796E-18
 0.96670940048414E-18
 0.11737669005650E-17
 0.13507058948587E-17
 0.15940473129929E-17
 0.19867806636047E-17
 0.24322999746892E-17
 0.28309193674794E-17
 0.31163205278089E-17
 0.37631624249073E-17
 0.46647538931893E-17
 0.55940567627199E-17
 0.63649974796273E-17
 0.71314034022878E-17
 0.83028262728447E-17
 0.10238992371733E-16
 0.11903851445035E-16
 0.13962033298045E-16
 0.15715646316945E-16
 0.18814854814498E-16
 0.23382848948494E-16
 0.26052909715865E-16
 0.30559618092440E-16
 0.35542377564941E-16
 0.40177191987502E-16
 0.48648215740417E-16
 0.58180593419478E-16
 0.62821477499609E-16
 0.69389977771899E-16
 0.77587326163556E-16
 0.94301837742089E-16
 0.10839550996789E-15
 0.12578797024177E-15
 0.14099450374213E-15
 0.16260011216031E-15
 0.18430101263727E-15
 0.20583811547196E-15
 0.23672657314163E-15
 0.26352966463667E-15
 0.29394372690508E-15
 0.31162576074274E-15
 0.35556781938460E-15
 0.38559253837321E-15
 0.43813274277610E-15
 0.46521212960011E-15
 0.50618325797629E-15
 0.52231606449331E-15
 0.56078789530179E-15
 0.58244473199494E-15
 0.60407505722584E-15
 0.64542062918676E-15
 0.64629655797807E-15
 0.64448492310543E-15
 0.63953592276330E-15
 0.64562933432666E-15
 0.64721923976260E-15
 0.64409582149644E-15
 0.62243008343987E-15
 0.57770527532291E-15
 0.53396008427333E-15
 0.49998830994595E-15
 0.47255379896099E-15
 0.42994348519056E-15
 0.35204106610261E-15
 0.30830364141998E-15
 0.25529909364935E-15
 0.22319237853351E-15
 0.18502172426370E-15
 0.14650565545809E-15
 0.11245676797517E-15
 0.78795948222543E-16
 0.56729304787401E-16
 0.41392854172678E-16
 0.28585278767459E-16
 0.18899978204217E-16
 0.11335369887630E-16
 0.62302558598038E-17
 0.38709811866034E-17
 0.20477763352755E-17
 0.10940889891169E-17
 0.75758838539973E-18
 0.61800965909837E-18
 0.28949062020412E-18
 0.10113134175346E-18
 0.63223172249796E-19
 0.30740551140933E-18
 0.63430721808180E-19
 0.13140559271231E-19
 0.50161701462542E-20
 0.17302498911554E-19
 0.49134490792533E-20
 0.34669052501353E-20
 0.13837033004654E-20
 0.12214756632610E-20
 0.69024184876256E-22
 0.17223165213519E-21
 0.75738562434936E-22
 0.12502641102421E-21
 0.37999806663549E-22
 0.10761042528890E-22
 0.42129937075131E-24
 0.23522163097690E-23
 0.11907494561894E-22
 0.18380998528612E-24
 0.26985527183141E-28
 0.58605528769069E-27
 0.16333469431875E-27
 0.86873987862119E-27
 0.76837344406694E-32
 0.22851839764127E-57
 0.98330832869548E-72
 0.29396523618100E-52
 0.21412485808602E-33
   0.0000000000000000     
   0.0000000000000000     
   0.0000000000000000     
   0.0000000000000000     
   0.0000000000000000     
   0.0000000000000000     
   0.0000000000000000     
   0.0000000000000000     
   0.0000000000000000     
   0.0000000000000000     
   0.0000000000000000     
   0.0000000000000000     
   0.0000000000000000     
   0.0000000000000000     
   0.0000000000000000     
   0.0000000000000000     
   0.0000000000000000     
   0.0000000000000000     
   0.0000000000000000     
   0.0000000000000000     
   0.0000000000000000     
   0.0000000000000000     
   0.0000000000000000     
   0.0000000000000000     
   0.0000000000000000     
   0.0000000000000000     
   0.0000000000000000     
   0.0000000000000000     
   0.0000000000000000     
   0.0000000000000000     
 0.29766431849070E-20
 0.41143659972533E-19
 0.79896875313125E-19
 0.10632404580868E-18
 0.14231386426624E-18
 0.19719954225259E-18
 0.26433569777583E-18
 0.35188308972891E-18
 0.42197206710509E-18
 0.49983290677578E-18
 0.62914394278455E-18
 0.80493964108357E-18
 0.97377783792904E-18
 0.11171121608828E-17
 0.12721939205326E-17
 0.16023073343880E-17
 0.20905164485676E-17
 0.24176279811850E-17
 0.28120482414526E-17
 0.31183892785454E-17
 0.38239781415081E-17
 0.46418948479665E-17
 0.53800036381243E-17
 0.65154795927718E-17
 0.71125259056882E-17
 0.87322269398956E-17
 0.11037270715285E-16
 0.12442700777156E-16
 0.14274213118012E-16
 0.16803738020815E-16
 0.20138750246153E-16
 0.23546712341443E-16
 0.28315487265932E-16
 0.31863654236825E-16
 0.35567353518329E-16
 0.40674995382784E-16
 0.49837582457842E-16
 0.56962528842817E-16
 0.62539731179756E-16
 0.71387311164031E-16
 0.83042022071194E-16
 0.99905313856840E-16
 0.11544373027505E-15
 0.12907858262617E-15
 0.14921448881408E-15
 0.16539825141473E-15
 0.19449770100955E-15
 0.21634945122897E-15
 0.24113329759613E-15
 0.27446346130678E-15
 0.30093298804463E-15
 0.33372894178747E-15
 0.35832701142911E-15
 0.39589240029371E-15
 0.44267307468390E-15
 0.46054122837181E-15
 0.50832899505345E-15
 0.52893161978857E-15
 0.57400908148751E-15
 0.58658295229344E-15
 0.61824201121234E-15
 0.65104869565820E-15
 0.67028827229032E-15
 0.66985765526961E-15
 0.66788207483704E-15
 0.67689534477344E-15
 0.66567417164554E-15
 0.66103880294155E-15
 0.60094882013181E-15
 0.56680527149518E-15
 0.52272392834929E-15
 0.49363303682669E-15
 0.45277059161518E-15
 0.39455985894120E-15
 0.34870501714929E-15
 0.29101522238690E-15
 0.25401936750804E-15
 0.20960655210025E-15
 0.16352977297794E-15
 0.12740364186296E-15
 0.95724695295230E-16
 0.69844316825449E-16
 0.48202745914289E-16
 0.33124857556882E-16
 0.21108338310563E-16
 0.12729641291834E-16
 0.68058487474490E-17
 0.46325951743538E-17
 0.34481161843295E-17
 0.11995870167627E-17
 0.88812312870158E-18
 0.75285636774990E-18
 0.76712065803138E-18
 0.39118392720724E-18
 0.23520839362244E-18
 0.69833189303023E-19
 0.60912830854662E-19
 0.31308804727394E-19
 0.10021500373319E-19
 0.25396286973206E-19
 0.26054647778567E-19
 0.26033306924280E-20
 0.11160338166008E-20
 0.45178594468074E-21
 0.27671267585053E-21
 0.33392503656014E-21
 0.36956442233339E-21
 0.11023567477302E-22
 0.30631043769891E-22
 0.10406729315466E-22
 0.69959548181907E-22
 0.76918406413900E-22
 0.51845288005128E-25
 0.72143423978523E-24
 0.11661254637664E-25
 0.15939085541706E-27
 0.68072144058862E-27
 0.17369540074858E-24
 0.37308090779615E-35
   0.0000000000000000     
   0.0000000000000000     
   0.0000000000000000     
   0.0000000000000000     
   0.0000000000000000     
   0.0000000000000000     
   0.0000000000000000     
   0.0000000000000000     
   0.0000000000000000     
   0.0000000000000000     
   0.0000000000000000     
   0.0000000000000000     
   0.0000000000000000     
   0.0000000000000000     
   0.0000000000000000     
   0.0000000000000000     
   0.0000000000000000     
   0.0000000000000000     
   0.0000000000000000     
   0.0000000000000000     
   0.0000000000000000     
   0.0000000000000000     
   0.0000000000000000     
   0.0000000000000000     
   0.0000000000000000     
   0.0000000000000000     
   0.0000000000000000     
   0.0000000000000000     
   0.0000000000000000     
   0.0000000000000000     
   0.0000000000000000     
   0.0000000000000000     
   0.0000000000000000     
   0.0000000000000000     
   0.0000000000000000     
 0.13548738972708E-19
 0.47775825685457E-19
 0.80235559548783E-19
 0.11388115864137E-18
 0.14016177686644E-18
 0.20022574250244E-18
 0.27577667998890E-18
 0.33930689295987E-18
 0.42162624530172E-18
 0.50031306368429E-18
 0.64044342622088E-18
 0.80771661962995E-18
 0.10166640216718E-17
 0.11525314134769E-17
 0.13022947954798E-17
 0.16545007805853E-17
 0.20284865945727E-17
 0.23708413199246E-17
 0.26901944695363E-17
 0.30299928646282E-17
 0.39294493739683E-17
 0.48892715883924E-17
 0.59046520661406E-17
 0.64597535513468E-17
 0.73338321231682E-17
 0.94679930565035E-17
 0.11183959399732E-16
 0.12865470216175E-16
 0.15419903853614E-16
 0.16273899667144E-16
 0.19368576908510E-16
 0.24640776230326E-16
 0.28850599641729E-16
 0.31667680001267E-16
 0.35093725779128E-16
 0.41587486278233E-16
 0.50013453872740E-16
 0.60737848111118E-16
 0.65821336504361E-16
 0.74871960000618E-16
 0.89553966243890E-16
 0.10165218469730E-15
 0.12686624316592E-15
 0.13703898148338E-15
 0.14998663576546E-15
 0.17396590557659E-15
 0.20213006264665E-15
 0.22672065616748E-15
 0.24387082100206E-15
 0.27469565037349E-15
 0.31083091484326E-15
 0.32121522135727E-15
 0.37819682595412E-15
 0.39652688420966E-15
 0.47170523663837E-15
 0.48107444799348E-15
 0.51694885252480E-15
 0.55052556418836E-15
 0.58631138107982E-15
 0.63106240794827E-15
 0.65087469443714E-15
 0.69458602092326E-15
 0.68498340535422E-15
 0.67752144288934E-15
 0.66018418055107E-15
 0.65741470705566E-15
 0.67023458537082E-15
 0.63413161078519E-15
 0.60766356328614E-15
 0.55277657121746E-15
 0.51862063546590E-15
 0.48703591065379E-15
 0.43733286761426E-15
 0.39396091447729E-15
 0.32872163230836E-15
 0.26940035086612E-15
 0.23032694710752E-15
 0.19471576596426E-15
 0.15366193909061E-15
 0.11306864740929E-15
 0.78988819449807E-16
 0.55414944094280E-16
 0.38844368318523E-16
 0.26677899424137E-16
 0.17272271588462E-16
 0.91583059658458E-17
 0.50518513376418E-17
 0.41131848908476E-17
 0.31978929507807E-17
 0.11382068917026E-17
 0.71876808840011E-18
 0.34257059915635E-18
 0.23193281111355E-18
 0.34624148108118E-18
 0.26121040619966E-18
 0.15452955812086E-18
 0.55408214025187E-19
 0.12011957681980E-19
 0.33568742910337E-20
 0.20778385400775E-19
 0.19842425954696E-19
 0.29206890486307E-20
 0.24308435063325E-20
 0.60646142537742E-22
 0.51451322128094E-21
 0.76276781846608E-20
 0.53316790083790E-21
 0.18060008769296E-20
 0.50464930455531E-24
 0.20433302722824E-22
 0.18786346544662E-22
 0.65282624782762E-25
 0.53765308633849E-23
 0.15509629118041E-29
 0.88892288714605E-30
 0.10860357230130E-33
   0.0000000000000000     
   0.0000000000000000     
   0.0000000000000000     
   0.0000000000000000     
   0.0000000000000000     
   0.0000000000000000     
   0.0000000000000000     
   0.0000000000000000     
   0.0000000000000000     
   0.0000000000000000     
   0.0000000000000000     
   0.0000000000000000     
   0.0000000000000000     
   0.0000000000000000     
   0.0000000000000000     
   0.0000000000000000     
   0.0000000000000000     
   0.0000000000000000     
   0.0000000000000000     
   0.0000000000000000     
   0.0000000000000000     
   0.0000000000000000     
   0.0000000000000000     
   0.0000000000000000     
   0.0000000000000000     
   0.0000000000000000     
   0.0000000000000000     
   0.0000000000000000     
   0.0000000000000000     
   0.0000000000000000     
   0.0000000000000000     
   0.0000000000000000     
   0.0000000000000000     
   0.0000000000000000     
   0.0000000000000000     
   0.0000000000000000     
   0.0000000000000000     
   0.0000000000000000     
 0.19862656740125E-19
 0.53090147650760E-19
 0.81199576648515E-19
 0.11162111352938E-18
 0.14250689244679E-18
 0.21985181751071E-18
 0.29222706988932E-18
 0.33135592682407E-18
 0.42304582922920E-18
 0.49583665944988E-18
 0.65664380891261E-18
 0.83455909880879E-18
 0.98057214463674E-18
 0.11270925714213E-17
 0.12920769784011E-17
 0.16854618223639E-17
 0.21027742741141E-17
 0.24409273350207E-17
 0.29375966327623E-17
 0.31914848633360E-17
 0.41345901359856E-17
 0.51512132601712E-17
 0.57582833681741E-17
 0.68940878748909E-17
 0.80714024127763E-17
 0.91223043475133E-17
 0.11128118533489E-16
 0.13424427126171E-16
 0.16036170092568E-16
 0.17122642703467E-16
 0.20299046242848E-16
 0.24644348960313E-16
 0.30724762772616E-16
 0.33235147548845E-16
 0.36188727037348E-16
 0.45754672504009E-16
 0.54506025224288E-16
 0.59891814079694E-16
 0.76066400008924E-16
 0.80620092647554E-16
 0.88884338830270E-16
 0.10862709295996E-15
 0.13036931247116E-15
 0.14062133131971E-15
 0.15372416059026E-15
 0.17700479915352E-15
 0.20927218295955E-15
 0.22364200139926E-15
 0.25961773237975E-15
 0.27253821425355E-15
 0.33745959595831E-15
 0.35938492037426E-15
 0.40169456096106E-15
 0.42703769382787E-15
 0.46631969127749E-15
 0.51492844750289E-15
 0.55040168420018E-15
 0.58523892222507E-15
 0.61140962250456E-15
 0.63303206275919E-15
 0.66570889870239E-15
 0.67726920437787E-15
 0.69053670528282E-15
 0.68084946345269E-15
 0.68190794696915E-15
 0.68174919641090E-15
 0.67892465265725E-15
 0.64332567388613E-15
 0.60437041963127E-15
 0.56036760321504E-15
 0.52238158475949E-15
 0.47280656260431E-15
 0.41709882335154E-15
 0.37446289100341E-15
 0.32066406849717E-15
 0.25919026329642E-15
 0.21279981549709E-15
 0.17296004098127E-15
 0.13386949874498E-15
 0.96634631649857E-16
 0.66803427812206E-16
 0.44377982482976E-16
 0.30155190261215E-16
 0.19688210625217E-16
 0.12105843522399E-16
 0.57960217654212E-17
 0.30435717516417E-17
 0.17861984641313E-17
 0.15898785978750E-17
 0.10729487990517E-17
 0.57716782373460E-18
 0.32393779116686E-18
 0.12636262683239E-18
 0.22560695097547E-18
 0.12705154467454E-18
 0.89132942361431E-19
 0.53308260444906E-19
 0.12012367517440E-19
 0.25892415492709E-19
 0.24849618797333E-19
 0.33719797691775E-19
 0.38023706714019E-19
 0.29330467470106E-20
 0.27396155633501E-20
 0.12919933988342E-20
 0.59619877194456E-20
 0.17245826780712E-21
 0.49299352514888E-24
 0.10288827156263E-23
 0.53469857251736E-24
 0.19084110976535E-24
   0.0000000000000000     
   0.0000000000000000     
   0.0000000000000000     
   0.0000000000000000     
   0.0000000000000000     
   0.0000000000000000     
   0.0000000000000000     
   0.0000000000000000     
   0.0000000000000000     
   0.0000000000000000     
   0.0000000000000000     
   0.0000000000000000     
   0.0000000000000000     
   0.0000000000000000     
   0.0000000000000000     
   0.0000000000000000     
   0.0000000000000000     
   0.0000000000000000     
   0.0000000000000000     
   0.0000000000000000     
   0.0000000000000000     
   0.0000000000000000     
   0.0000000000000000     
   0.0000000000000000     
   0.0000000000000000     
   0.0000000000000000     
   0.0000000000000000     
   0.0000000000000000     
   0.0000000000000000     
   0.0000000000000000     
   0.0000000000000000     
   0.0000000000000000     
   0.0000000000000000     
   0.0000000000000000     
   0.0000000000000000     
   0.0000000000000000     
   0.0000000000000000     
   0.0000000000000000     
   0.0000000000000000     
   0.0000000000000000     
   0.0000000000000000     
   0.0000000000000000     
   0.0000000000000000     
 0.28186360258525E-19
 0.63525320378316E-19
 0.91410062513892E-19
 0.12284949885188E-18
 0.15155852104084E-18
 0.22330491565140E-18
 0.29356403238803E-18
 0.35597253343623E-18
 0.41914740303282E-18
 0.51138160978153E-18
 0.67440741033750E-18
 0.85002650987599E-18
 0.97404413636462E-18
 0.10853337084625E-17
 0.13666616197904E-17
 0.17971606286914E-17
 0.21274379115091E-17
 0.25584531964254E-17
 0.29589896269861E-17
 0.35732980725214E-17
 0.46088245527060E-17
 0.48306308674290E-17
 0.60653248275744E-17
 0.68754119432662E-17
 0.82654418953737E-17
 0.10215384737392E-16
 0.11445229769913E-16
 0.13591948545713E-16
 0.16254344830750E-16
 0.18703416406952E-16
 0.21650334175070E-16
 0.26534254667125E-16
 0.30600127539335E-16
 0.35873967833571E-16
 0.39104209568624E-16
 0.47476395671191E-16
 0.54008838126091E-16
 0.63306843581626E-16
 0.77501151661407E-16
 0.81235312709519E-16
 0.96252824709112E-16
 0.11451436176410E-15
 0.13263921153403E-15
 0.14406551811496E-15
 0.15830571307158E-15
 0.17958864847321E-15
 0.22476723195302E-15
 0.25215789211676E-15
 0.27849501097953E-15
 0.29981614477640E-15
 0.33125744576769E-15
 0.36885515808949E-15
 0.42033984733076E-15
 0.45601635087825E-15
 0.49413504920056E-15
 0.52262056998325E-15
 0.56545682761848E-15
 0.58507710936672E-15
 0.61819412032390E-15
 0.66703280560766E-15
 0.66706801249920E-15
 0.70988631992119E-15
 0.71146442575581E-15
 0.69818050020965E-15
 0.70097661349254E-15
 0.69603916073215E-15
 0.68116792775242E-15
 0.65500001597951E-15
 0.59578827480271E-15
 0.55123602681533E-15
 0.51899718688552E-15
 0.48001815526160E-15
 0.41382320522782E-15
 0.35123792922333E-15
 0.29101238782823E-15
 0.24037737104738E-15
 0.19412064297888E-15
 0.15103031174417E-15
 0.11459026742845E-15
 0.76247094763072E-16
 0.50150716527570E-16
 0.32894762871364E-16
 0.20924941094558E-16
 0.12471132515305E-16
 0.72434909746945E-17
 0.34225171463619E-17
 0.16192060131472E-17
 0.12342236740511E-17
 0.11957579177486E-17
 0.48915781680195E-18
 0.38445981666535E-18
 0.21448153809968E-18
 0.21664679700964E-18
 0.23010092661790E-18
 0.16567614574529E-18
 0.17021642196663E-18
 0.83749895898452E-19
 0.54808779973612E-19
 0.30301094310976E-19
 0.28817451328493E-19
 0.24681205852927E-19
 0.47965945091263E-22
 0.12464744217370E-21
 0.20530329128014E-20
 0.22805690954266E-20
 0.40295441355634E-22
 0.83925826516833E-23
   0.0000000000000000     
   0.0000000000000000     
   0.0000000000000000     
   0.0000000000000000     
   0.0000000000000000     
   0.0000000000000000     
   0.0000000000000000     
   0.0000000000000000     
   0.0000000000000000     
   0.0000000000000000     
   0.0000000000000000     
   0.0000000000000000     
   0.0000000000000000     
   0.0000000000000000     
   0.0000000000000000     
   0.0000000000000000     
   0.0000000000000000     
   0.0000000000000000     
   0.0000000000000000     
   0.0000000000000000     
   0.0000000000000000     
   0.0000000000000000     
   0.0000000000000000     
   0.0000000000000000     
   0.0000000000000000     
   0.0000000000000000     
   0.0000000000000000     
   0.0000000000000000     
   0.0000000000000000     
   0.0000000000000000     
   0.0000000000000000     
   0.0000000000000000     
   0.0000000000000000     
   0.0000000000000000     
   0.0000000000000000     
   0.0000000000000000     
   0.0000000000000000     
   0.0000000000000000     
   0.0000000000000000     
   0.0000000000000000     
   0.0000000000000000     
   0.0000000000000000     
   0.0000000000000000     
   0.0000000000000000     
   0.0000000000000000     
   0.0000000000000000     
 0.50918766811021E-20
 0.34551130455688E-19
 0.65703580973447E-19
 0.95829529621353E-19
 0.12120566046277E-18
 0.16615312771251E-18
 0.22992383551992E-18
 0.29924516154774E-18
 0.35940784968918E-18
 0.39676137574627E-18
 0.53718581044493E-18
 0.68783585680072E-18
 0.91511848264504E-18
 0.10161069292902E-17
 0.11814004572478E-17
 0.14789302891801E-17
 0.19766422867043E-17
 0.22722190124219E-17
 0.24785468932822E-17
 0.30657982768855E-17
 0.37715669080652E-17
 0.44642794784532E-17
 0.54521408691769E-17
 0.59649516710484E-17
 0.70940009765102E-17
 0.88620243953167E-17
 0.10952801174340E-16
 0.12189072484987E-16
 0.14352304957401E-16
 0.16003836464865E-16
 0.19543702444621E-16
 0.23522607269560E-16
 0.27462660282477E-16
 0.30438501553659E-16
 0.35948982858298E-16
 0.42811337629651E-16
 0.50682669566523E-16
 0.58306025010450E-16
 0.67753753074600E-16
 0.77334888524193E-16
 0.85443436388526E-16
 0.99665345251642E-16
 0.11533906189574E-15
 0.14110373105618E-15
 0.15887545199053E-15
 0.17021498819039E-15
 0.19553793593898E-15
 0.22587460699783E-15
 0.24726073549288E-15
 0.29720438534280E-15
 0.31820401818554E-15
 0.34845933254714E-15
 0.38928297644724E-15
 0.42934087559552E-15
 0.47135676557518E-15
 0.50916786273766E-15
 0.54688440939761E-15
 0.56832004731436E-15
 0.61059047809140E-15
 0.65530843603406E-15
 0.68773311777757E-15
 0.70987943803662E-15
 0.72858368574118E-15
 0.73544014629218E-15
 0.73927075465295E-15
 0.72452363666855E-15
 0.70487046646966E-15
 0.67332863358264E-15
 0.66065717015001E-15
 0.61552305989457E-15
 0.54980812446964E-15
 0.50222272759531E-15
 0.45873271095473E-15
 0.40317516511434E-15
 0.33196696182407E-15
 0.27145509392742E-15
 0.21836744148663E-15
 0.16852876447046E-15
 0.12642868138899E-15
 0.91750464324155E-16
 0.56779652065639E-16
 0.33981757658095E-16
 0.20159849015637E-16
 0.10964983294350E-16
 0.57923948398686E-17
 0.34210461189558E-17
 0.13129875823894E-17
 0.12852360179778E-17
 0.11385387479717E-17
 0.12514026057780E-17
 0.93708795543815E-18
 0.55157554149374E-18
 0.26309069411436E-18
 0.19001603491752E-18
 0.16511392419450E-18
 0.13882132147048E-18
 0.20015198733042E-18
 0.55412716234075E-20
 0.45812673617798E-20
 0.13834546602883E-18
 0.52321761253901E-19
 0.41097685521681E-22
 0.41100191004412E-20
   0.0000000000000000     
   0.0000000000000000     
   0.0000000000000000     
   0.0000000000000000     
   0.0000000000000000     
   0.0000000000000000     
   0.0000000000000000     
   0.0000000000000000     
   0.0000000000000000     
   0.0000000000000000     
   0.0000000000000000     
   0.0000000000000000     
   0.0000000000000000     
   0.0000000000000000     
   0.0000000000000000     
   0.0000000000000000     
   0.0000000000000000     
   0.0000000000000000     
   0.0000000000000000     
   0.0000000000000000     
   0.0000000000000000     
   0.0000000000000000     
   0.0000000000000000     
   0.0000000000000000     
   0.0000000000000000     
   0.0000000000000000     
   0.0000000000000000     
   0.0000000000000000     
   0.0000000000000000     
   0.0000000000000000     
   0.0000000000000000     
   0.0000000000000000     
   0.0000000000000000     
   0.0000000000000000     
   0.0000000000000000     
   0.0000000000000000     
   0.0000000000000000     
   0.0000000000000000     
   0.0000000000000000     
   0.0000000000000000     
   0.0000000000000000     
   0.0000000000000000     
   0.0000000000000000     
   0.0000000000000000     
   0.0000000000000000     
   0.0000000000000000     
   0.0000000000000000     
   0.0000000000000000     
   0.0000000000000000     
   0.0000000000000000     
   0.0000000000000000     
 0.12343278372754E-19
 0.43135508159858E-19
 0.67194663228256E-19
 0.96906714847215E-19
 0.12610757776430E-18
 0.17598283541794E-18
 0.24979375689136E-18
 0.31510544288311E-18
 0.38542551813734E-18
 0.45657766823831E-18
 0.59041777903297E-18
 0.77647953298610E-18
 0.93303422692134E-18
 0.10638884241930E-17
 0.12143915086148E-17
 0.16233228866545E-17
 0.18699350678336E-17
 0.22208998168590E-17
 0.26004859130981E-17
 0.29601459365297E-17
 0.38931852783999E-17
 0.48136800979269E-17
 0.58638465051582E-17
 0.63955580846136E-17
 0.72536204517726E-17
 0.89518615667534E-17
 0.10962008768137E-16
 0.13161762452508E-16
 0.14711474073279E-16
 0.16252525590692E-16
 0.20445468321101E-16
 0.24869191914466E-16
 0.29006932587013E-16
 0.32763984774623E-16
 0.35949525081379E-16
 0.45137285838114E-16
 0.52876701807804E-16
 0.60418757488744E-16
 0.68677420981527E-16
 0.80697883132314E-16
 0.95110559736476E-16
 0.10931657854697E-15
 0.12432622886762E-15
 0.14290153251097E-15
 0.15431226369382E-15
 0.17876391173269E-15
 0.21659522238452E-15
 0.24111142937998E-15
 0.27276265432058E-15
 0.29223554182045E-15
 0.33520521631492E-15
 0.37166130912691E-15
 0.40709042666085E-15
 0.44432318185551E-15
 0.48253877073697E-15
 0.53977545355647E-15
 0.58011727625161E-15
 0.60239134515609E-15
 0.64260017347045E-15
 0.69088865866313E-15
 0.73338120808939E-15
 0.75145471697555E-15
 0.75285112661946E-15
 0.73883276657092E-15
 0.74578822604023E-15
 0.76347912772672E-15
 0.74447477368348E-15
 0.69423172298788E-15
 0.65298980880657E-15
 0.61025086801068E-15
 0.55942962239959E-15
 0.50778265629050E-15
 0.44869777763272E-15
 0.38814540290750E-15
 0.30484752851361E-15
 0.24054355044773E-15
 0.18790747765630E-15
 0.13411279551515E-15
 0.89467885141456E-16
 0.53726627845679E-16
 0.28581779873210E-16
 0.17073651470024E-16
 0.97022360197231E-17
 0.52417469317567E-17
 0.34685551863881E-17
 0.27033695688431E-17
 0.22134575533580E-17
 0.17069132258474E-17
 0.13087963968265E-17
 0.69769489768938E-18
 0.66936996220884E-18
 0.43320489396816E-18
 0.12810377198222E-18
 0.84675268411945E-19
 0.86569036853732E-18
 0.17738547662054E-18
 0.39862465141047E-19
 0.63043118214041E-20
   0.0000000000000000     
   0.0000000000000000     
   0.0000000000000000     
   0.0000000000000000     
   0.0000000000000000     
   0.0000000000000000     
   0.0000000000000000     
   0.0000000000000000     
   0.0000000000000000     
   0.0000000000000000     
   0.0000000000000000     
   0.0000000000000000     
   0.0000000000000000     
   0.0000000000000000     
   0.0000000000000000     
   0.0000000000000000     
   0.0000000000000000     
   0.0000000000000000     
   0.0000000000000000     
   0.0000000000000000     
   0.0000000000000000     
   0.0000000000000000     
   0.0000000000000000     
   0.0000000000000000     
   0.0000000000000000     
   0.0000000000000000     
   0.0000000000000000     
   0.0000000000000000     
   0.0000000000000000     
   0.0000000000000000     
   0.0000000000000000     
   0.0000000000000000     
   0.0000000000000000     
   0.0000000000000000     
   0.0000000000000000     
   0.0000000000000000     
   0.0000000000000000     
   0.0000000000000000     
   0.0000000000000000     
   0.0000000000000000     
   0.0000000000000000     
   0.0000000000000000     
   0.0000000000000000     
   0.0000000000000000     
   0.0000000000000000     
   0.0000000000000000     
   0.0000000000000000     
   0.0000000000000000     
   0.0000000000000000     
   0.0000000000000000     
   0.0000000000000000     
   0.0000000000000000     
   0.0000000000000000     
   0.0000000000000000     
   0.0000000000000000     
   0.0000000000000000     
 0.20252138675327E-19
 0.49348218418444E-19
 0.81234180079981E-19
 0.10557526991986E-18
 0.12625141766370E-18
 0.19968549905543E-18
 0.26598813722719E-18
 0.33902479440594E-18
 0.39184395655472E-18
 0.44888058262108E-18
 0.62539913868293E-18
 0.76386136498812E-18
 0.87675878859528E-18
 0.10738820761349E-17
 0.12489685151045E-17
 0.16393271577777E-17
 0.20139140239600E-17
 0.25155989200961E-17
 0.27612669819380E-17
 0.31967036687842E-17
 0.39488650467192E-17
 0.48725455792155E-17
 0.57032314548756E-17
 0.67391998659999E-17
 0.76379147023088E-17
 0.94971300672016E-17
 0.11510905580239E-16
 0.13181321896172E-16
 0.15187961545450E-16
 0.17202281988314E-16
 0.21410800069743E-16
 0.27361105939332E-16
 0.29956492620922E-16
 0.34808873174832E-16
 0.38810274954716E-16
 0.47808916084293E-16
 0.58355869412223E-16
 0.65160262624170E-16
 0.73752646572389E-16
 0.83697652506186E-16
 0.98119618889331E-16
 0.11525212151262E-15
 0.13648780392699E-15
 0.15459542640303E-15
 0.16854911036723E-15
 0.19041059679671E-15
 0.22857279394066E-15
 0.25579111936579E-15
 0.28676590828510E-15
 0.31496890624598E-15
 0.36019348837058E-15
 0.39438878352128E-15
 0.43925205242377E-15
 0.48596905099974E-15
 0.51188846896140E-15
 0.57106839783094E-15
 0.61429762313447E-15
 0.65904610661544E-15
 0.69296652929696E-15
 0.72635793397448E-15
 0.75586303253174E-15
 0.78339834694222E-15
 0.80690931351760E-15
 0.79419696002049E-15
 0.77099554375016E-15
 0.77436905155853E-15
 0.76424647181684E-15
 0.72787710114024E-15
 0.66671433995312E-15
 0.62024179476614E-15
 0.56647931388350E-15
 0.49106402442418E-15
 0.41843702325462E-15
 0.34665468477804E-15
 0.25585484773967E-15
 0.18101824147860E-15
 0.12171472391220E-15
 0.78260717930778E-16
 0.46242280509003E-16
 0.23591978990128E-16
 0.11726963920149E-16
 0.69024551740153E-17
 0.55336727448367E-17
 0.38542676975886E-17
 0.24634513701044E-17
 0.16309534293481E-17
 0.17904043230275E-17
 0.11414485965118E-17
 0.76540091582333E-18
 0.83027505311663E-18
 0.39701654287834E-18
 0.14181582999242E-18
 0.19004356991101E-18
 0.33646100161722E-18
   0.0000000000000000     
   0.0000000000000000     
   0.0000000000000000     
   0.0000000000000000     
   0.0000000000000000     
   0.0000000000000000     
   0.0000000000000000     
   0.0000000000000000     
   0.0000000000000000     
   0.0000000000000000     
   0.0000000000000000     
   0.0000000000000000     
   0.0000000000000000     
   0.0000000000000000     
   0.0000000000000000     
   0.0000000000000000     
   0.0000000000000000     
   0.0000000000000000     
   0.0000000000000000     
   0.0000000000000000     
   0.0000000000000000     
   0.0000000000000000     
   0.0000000000000000     
   0.0000000000000000     
   0.0000000000000000     
   0.0000000000000000     
   0.0000000000000000     
   0.0000000000000000     
   0.0000000000000000     
   0.0000000000000000     
   0.0000000000000000     
   0.0000000000000000     
   0.0000000000000000     
   0.0000000000000000     
   0.0000000000000000     
   0.0000000000000000     
   0.0000000000000000     
   0.0000000000000000     
   0.0000000000000000     
   0.0000000000000000     
   0.0000000000000000     
   0.0000000000000000     
   0.0000000000000000     
   0.0000000000000000     
   0.0000000000000000     
   0.0000000000000000     
   0.0000000000000000     
   0.0000000000000000     
   0.0000000000000000     
   0.0000000000000000     
   0.0000000000000000     
   0.0000000000000000     
   0.0000000000000000     
   0.0000000000000000     
   0.0000000000000000     
   0.0000000000000000     
   0.0000000000000000     
   0.0000000000000000     
   0.0000000000000000     
   0.0000000000000000     
 0.27891197620554E-19
 0.57426713501498E-19
 0.80796496775230E-19
 0.10964620613444E-18
 0.14721662932323E-18
 0.19835081532364E-18
 0.27554098746222E-18
 0.32123235818538E-18
 0.40137375886919E-18
 0.48455723362478E-18
 0.67562569649429E-18
 0.81563987738924E-18
 0.96468712905822E-18
 0.11634469642753E-17
 0.13214835614152E-17
 0.16991347443792E-17
 0.20304072643137E-17
 0.24323799712726E-17
 0.28745927006781E-17
 0.35053951178830E-17
 0.42741500510854E-17
 0.51217124543847E-17
 0.60196382396338E-17
 0.68971023391139E-17
 0.82795480003909E-17
 0.10073634275801E-16
 0.12305039895582E-16
 0.14868769328986E-16
 0.16571736471321E-16
 0.19182293806098E-16
 0.23173124220935E-16
 0.27363325695422E-16
 0.32734573687813E-16
 0.34881712283329E-16
 0.39745217896161E-16
 0.50693454691084E-16
 0.61367545730998E-16
 0.67262248108909E-16
 0.76247520194792E-16
 0.88376930547042E-16
 0.10481561651564E-15
 0.12194712172649E-15
 0.14538158143146E-15
 0.16160569486435E-15
 0.17935445743992E-15
 0.20957117396426E-15
 0.24138240933848E-15
 0.27075065795768E-15
 0.30930441724426E-15
 0.34327566279691E-15
 0.37098924408606E-15
 0.41207746036441E-15
 0.47013016399876E-15
 0.52058646769700E-15
 0.56880204385285E-15
 0.61240346822293E-15
 0.65358543922757E-15
 0.69153729832245E-15
 0.74027151588604E-15
 0.79454106360218E-15
 0.80597883752990E-15
 0.81296675422316E-15
 0.83584710325812E-15
 0.83921698937647E-15
 0.83443294243332E-15
 0.82832716558013E-15
 0.81174931222863E-15
 0.76537791210485E-15
 0.67095566095182E-15
 0.60357543977069E-15
 0.53814853050037E-15
 0.44714731275201E-15
 0.34226915584564E-15
 0.24236107022790E-15
 0.15841032271273E-15
 0.10004020111078E-15
 0.60172788710688E-16
 0.34531934084881E-16
 0.18701991220562E-16
 0.88687093453457E-17
 0.58016175680013E-17
 0.62796353835455E-17
 0.42443109513232E-17
 0.21990873344974E-17
 0.13535267951763E-17
 0.18078041001568E-17
 0.23884914546609E-17
 0.15792499734720E-17
 0.18160859489818E-17
   0.0000000000000000     
   0.0000000000000000     
   0.0000000000000000     
   0.0000000000000000     
   0.0000000000000000     
   0.0000000000000000     
   0.0000000000000000     
   0.0000000000000000     
   0.0000000000000000     
   0.0000000000000000     
   0.0000000000000000     
   0.0000000000000000     
   0.0000000000000000     
   0.0000000000000000     
   0.0000000000000000     
   0.0000000000000000     
   0.0000000000000000     
   0.0000000000000000     
   0.0000000000000000     
   0.0000000000000000     
   0.0000000000000000     
   0.0000000000000000     
   0.0000000000000000     
   0.0000000000000000     
   0.0000000000000000     
   0.0000000000000000     
   0.0000000000000000     
   0.0000000000000000     
   0.0000000000000000     
   0.0000000000000000     
   0.0000000000000000     
   0.0000000000000000     
   0.0000000000000000     
   0.0000000000000000     
   0.0000000000000000     
   0.0000000000000000     
   0.0000000000000000     
   0.0000000000000000     
   0.0000000000000000     
   0.0000000000000000     
   0.0000000000000000     
   0.0000000000000000     
   0.0000000000000000     
   0.0000000000000000     
   0.0000000000000000     
   0.0000000000000000     
   0.0000000000000000     
   0.0000000000000000     
   0.0000000000000000     
   0.0000000000000000     
   0.0000000000000000     
   0.0000000000000000     
   0.0000000000000000     
   0.0000000000000000     
   0.0000000000000000     
   0.0000000000000000     
   0.0000000000000000     
   0.0000000000000000     
   0.0000000000000000     
   0.0000000000000000     
   0.0000000000000000     
   0.0000000000000000     
   0.0000000000000000     
   0.0000000000000000     
 0.64161009639355E-20
 0.35426412505128E-19
 0.59088982610674E-19
 0.87109594889983E-19
 0.10774024893744E-18
 0.15850909635864E-18
 0.21284156575356E-18
 0.30489029738897E-18
 0.36339921298543E-18
 0.43724452189469E-18
 0.53193777922357E-18
 0.66675102247866E-18
 0.83261600512661E-18
 0.99368434613758E-18
 0.11011454081230E-17
 0.14675929911735E-17
 0.19150989471102E-17
 0.22229565274962E-17
 0.25448232081267E-17
 0.30309672982120E-17
 0.39105414623334E-17
 0.45326618551476E-17
 0.53859764022634E-17
 0.64410694468568E-17
 0.71690007125613E-17
 0.92811983953649E-17
 0.10887811517768E-16
 0.12893401838544E-16
 0.13923222956749E-16
 0.16932517876575E-16
 0.19719322641410E-16
 0.23587860967706E-16
 0.29711412291874E-16
 0.34360901564770E-16
 0.38150165669262E-16
 0.43785009861782E-16
 0.54918076675667E-16
 0.63911783542493E-16
 0.72540262509426E-16
 0.82861669170609E-16
 0.95887033634424E-16
 0.11292367857539E-15
 0.13851630515783E-15
 0.14965606976343E-15
 0.17289918013417E-15
 0.19528815527849E-15
 0.22979069307426E-15
 0.26126315810267E-15
 0.27971833417306E-15
 0.32829605015276E-15
 0.36517224410809E-15
 0.40693285105904E-15
 0.46135793718895E-15
 0.51310794726128E-15
 0.55507334281874E-15
 0.60996259923421E-15
 0.66738102234020E-15
 0.71513401798510E-15
 0.74806187117386E-15
 0.79402295803924E-15
 0.84926034414443E-15
 0.89059215715804E-15
 0.90841053762141E-15
 0.90835052272244E-15
 0.91802490473577E-15
 0.91134220534775E-15
 0.86915744496015E-15
 0.81699820031613E-15
 0.74794903191825E-15
 0.63885225344337E-15
 0.51393434818237E-15
 0.40601468710995E-15
 0.29531806037565E-15
 0.20340963492494E-15
 0.12128832223881E-15
 0.65028918520573E-16
 0.36910020938296E-16
 0.18672935368326E-16
 0.11678744387132E-16
 0.60546020679204E-17
 0.36521090402234E-17
 0.41441361018213E-17
 0.61208862893236E-17
 0.27577095931167E-17
 0.27042709998159E-17
   0.0000000000000000     
   0.0000000000000000     
   0.0000000000000000     
   0.0000000000000000     
   0.0000000000000000     
   0.0000000000000000     
   0.0000000000000000     
   0.0000000000000000     
   0.0000000000000000     
   0.0000000000000000     
   0.0000000000000000     
   0.0000000000000000     
   0.0000000000000000     
   0.0000000000000000     
   0.0000000000000000     
   0.0000000000000000     
   0.0000000000000000     
   0.0000000000000000     
   0.0000000000000000     
   0.0000000000000000     
   0.0000000000000000     
   0.0000000000000000     
   0.0000000000000000     
   0.0000000000000000     
   0.0000000000000000     
   0.0000000000000000     
   0.0000000000000000     
   0.0000000000000000     
   0.0000000000000000     
   0.0000000000000000     
   0.0000000000000000     
   0.0000000000000000     
   0.0000000000000000     
   0.0000000000000000     
   0.0000000000000000     
   0.0000000000000000     
   0.0000000000000000     
   0.0000000000000000     
   0.0000000000000000     
   0.0000000000000000     
   0.0000000000000000     
   0.0000000000000000     
   0.0000000000000000     
   0.0000000000000000     
   0.0000000000000000     
   0.0000000000000000     
   0.0000000000000000     
   0.0000000000000000     
   0.0000000000000000     
   0.0000000000000000     
   0.0000000000000000     
   0.0000000000000000     
   0.0000000000000000     
   0.0000000000000000     
   0.0000000000000000     
   0.0000000000000000     
   0.0000000000000000     
   0.0000000000000000     
   0.0000000000000000     
   0.0000000000000000     
   0.0000000000000000     
   0.0000000000000000     
   0.0000000000000000     
   0.0000000000000000     
   0.0000000000000000     
   0.0000000000000000     
   0.0000000000000000     
   0.0000000000000000     
   0.0000000000000000     
 0.12979400661678E-19
 0.41193245013901E-19
 0.62139028627709E-19
 0.95861282628395E-19
 0.13088601072210E-18
 0.17708198640714E-18
 0.23296570919410E-18
 0.29843691531168E-18
 0.38138743362093E-18
 0.45809398991050E-18
 0.57952056999474E-18
 0.72720759106404E-18
 0.94805940652109E-18
 0.10752398851205E-17
 0.11860418652615E-17
 0.16095119848159E-17
 0.20207365486264E-17
 0.23011245401368E-17
 0.26533347516835E-17
 0.31994094721945E-17
 0.39119723873142E-17
 0.51435095934278E-17
 0.54658016989187E-17
 0.67699063682424E-17
 0.74303085282519E-17
 0.95976135327962E-17
 0.11629501921437E-16
 0.12998259980942E-16
 0.15824136625892E-16
 0.17975509269202E-16
 0.21767554373116E-16
 0.25832380413558E-16
 0.31935448010491E-16
 0.35908798753830E-16
 0.41215439515381E-16
 0.49151909479409E-16
 0.58088541820487E-16
 0.68938482715296E-16
 0.80684595203596E-16
 0.91052737809769E-16
 0.10410916529384E-15
 0.12432875304086E-15
 0.14907852912602E-15
 0.16917065684066E-15
 0.18333180274049E-15
 0.20822155828085E-15
 0.25059756849626E-15
 0.28183927545946E-15
 0.32200212538060E-15
 0.36575167751637E-15
 0.40383408585195E-15
 0.44708953158460E-15
 0.50833393257564E-15
 0.57011015308287E-15
 0.62597397064262E-15
 0.67205732234220E-15
 0.71861048183998E-15
 0.78535502501969E-15
 0.84916615225322E-15
 0.89526700686967E-15
 0.94514612765310E-15
 0.99521980605414E-15
 0.10185133727506E-14
 0.97658241835928E-15
 0.95992013118741E-15
 0.93249793787937E-15
 0.85961349964666E-15
 0.73349400937430E-15
 0.59288171727481E-15
 0.43805596538666E-15
 0.31859579866707E-15
 0.22198932165441E-15
 0.13320646240702E-15
 0.82012799773659E-16
 0.30261768766695E-16
 0.19763090191694E-16
 0.13834881589463E-16
 0.13934798643764E-16
 0.88886810863944E-17
 0.48287831886488E-17
 0.41080632879095E-17
   0.0000000000000000     
   0.0000000000000000     
   0.0000000000000000     
   0.0000000000000000     
   0.0000000000000000     
   0.0000000000000000     
   0.0000000000000000     
   0.0000000000000000     
   0.0000000000000000     
   0.0000000000000000     
   0.0000000000000000     
   0.0000000000000000     
   0.0000000000000000     
   0.0000000000000000     
   0.0000000000000000     
   0.0000000000000000     
   0.0000000000000000     
   0.0000000000000000     
   0.0000000000000000     
   0.0000000000000000     
   0.0000000000000000     
   0.0000000000000000     
   0.0000000000000000     
   0.0000000000000000     
   0.0000000000000000     
   0.0000000000000000     
   0.0000000000000000     
   0.0000000000000000     
   0.0000000000000000     
   0.0000000000000000     
   0.0000000000000000     
   0.0000000000000000     
   0.0000000000000000     
   0.0000000000000000     
   0.0000000000000000     
   0.0000000000000000     
   0.0000000000000000     
   0.0000000000000000     
   0.0000000000000000     
   0.0000000000000000     
   0.0000000000000000     
   0.0000000000000000     
   0.0000000000000000     
   0.0000000000000000     
   0.0000000000000000     
   0.0000000000000000     
   0.0000000000000000     
   0.0000000000000000     
   0.0000000000000000     
   0.0000000000000000     
   0.0000000000000000     
   0.0000000000000000     
   0.0000000000000000     
   0.0000000000000000     
   0.0000000000000000     
   0.0000000000000000     
   0.0000000000000000     
   0.0000000000000000     
   0.0000000000000000     
   0.0000000000000000     
   0.0000000000000000     
   0.0000000000000000     
   0.0000000000000000     
   0.0000000000000000     
   0.0000000000000000     
   0.0000000000000000     
   0.0000000000000000     
   0.0000000000000000     
   0.0000000000000000     
   0.0000000000000000     
   0.0000000000000000     
   0.0000000000000000     
   0.0000000000000000     
 0.20533332592585E-19
 0.47185973578487E-19
 0.74650805520910E-19
 0.10006610408597E-18
 0.13266194675090E-18
 0.19365788621893E-18
 0.25331359061729E-18
 0.32355596096881E-18
 0.40450452520112E-18
 0.45340098677209E-18
 0.61095560849986E-18
 0.80333620911100E-18
 0.92865099077978E-18
 0.10811590195267E-17
 0.13003141715703E-17
 0.17439186481437E-17
 0.20186102933658E-17
 0.25409182993572E-17
 0.26502515654774E-17
 0.34760827478929E-17
 0.41819986520227E-17
 0.52061511547874E-17
 0.62508963301012E-17
 0.70360577436102E-17
 0.84481891358537E-17
 0.10377816204680E-16
 0.12225192209181E-16
 0.14322808083077E-16
 0.17114482173654E-16
 0.19200869093968E-16
 0.24277095626325E-16
 0.29091910303848E-16
 0.32674752670343E-16
 0.38795419467356E-16
 0.43661213720185E-16
 0.54926225347389E-16
 0.63872979709410E-16
 0.73520512564080E-16
 0.87963298163925E-16
 0.10030897207290E-15
 0.11324955992471E-15
 0.13458184983142E-15
 0.15922711085133E-15
 0.18544447139224E-15
 0.21003355061549E-15
 0.24708737119741E-15
 0.27712244546004E-15
 0.31077426734515E-15
 0.35568411223883E-15
 0.40776599124284E-15
 0.46229244489286E-15
 0.51638958937594E-15
 0.56140348914133E-15
 0.62450788467897E-15
 0.70538460991370E-15
 0.77437619913924E-15
 0.83261218863125E-15
 0.90148566995422E-15
 0.97850900283697E-15
 0.10424046517875E-14
 0.10567512054845E-14
 0.10682817117215E-14
 0.10513922345173E-14
 0.98944596230105E-15
 0.88327559640904E-15
 0.77800546172302E-15
 0.62731811296933E-15
 0.48766553481859E-15
 0.34333269289213E-15
 0.20846775940313E-15
 0.13661340054805E-15
 0.81328897067813E-16
 0.53851907265007E-16
 0.28987426333590E-16
 0.12173145304346E-16
 0.12523424348823E-16
   0.0000000000000000     
   0.0000000000000000     
   0.0000000000000000     
   0.0000000000000000     
   0.0000000000000000     
   0.0000000000000000     
   0.0000000000000000     
   0.0000000000000000     
   0.0000000000000000     
   0.0000000000000000     
   0.0000000000000000     
   0.0000000000000000     
   0.0000000000000000     
   0.0000000000000000     
   0.0000000000000000     
   0.0000000000000000     
   0.0000000000000000     
   0.0000000000000000     
   0.0000000000000000     
   0.0000000000000000     
   0.0000000000000000     
   0.0000000000000000     
   0.0000000000000000     
   0.0000000000000000     
   0.0000000000000000     
   0.0000000000000000     
   0.0000000000000000     
   0.0000000000000000     
   0.0000000000000000     
   0.0000000000000000     
   0.0000000000000000     
   0.0000000000000000     
   0.0000000000000000     
   0.0000000000000000     
   0.0000000000000000     
   0.0000000000000000     
   0.0000000000000000     
   0.0000000000000000     
   0.0000000000000000     
   0.0000000000000000     
   0.0000000000000000     
   0.0000000000000000     
   0.0000000000000000     
   0.0000000000000000     
   0.0000000000000000     
   0.0000000000000000     
   0.0000000000000000     
   0.0000000000000000     
   0.0000000000000000     
   0.0000000000000000     
   0.0000000000000000     
   0.0000000000000000     
   0.0000000000000000     
   0.0000000000000000     
   0.0000000000000000     
   0.0000000000000000     
   0.0000000000000000     
   0.0000000000000000     
   0.0000000000000000     
   0.0000000000000000     
   0.0000000000000000     
   0.0000000000000000     
   0.0000000000000000     
   0.0000000000000000     
   0.0000000000000000     
   0.0000000000000000     
   0.0000000000000000     
   0.0000000000000000     
   0.0000000000000000     
   0.0000000000000000     
   0.0000000000000000     
   0.0000000000000000     
   0.0000000000000000     
   0.0000000000000000     
   0.0000000000000000     
   0.0000000000000000     
   0.0000000000000000     
 0.81309569974429E-21
 0.29623781899550E-19
 0.54027647325310E-19
 0.79441455555858E-19
 0.99094670845012E-19
 0.15540886390555E-18
 0.20875762326530E-18
 0.26685765063524E-18
 0.35390453615734E-18
 0.40974251541485E-18
 0.49970698981502E-18
 0.69904669663645E-18
 0.85871230373621E-18
 0.96772366288892E-18
 0.11488864601470E-17
 0.14029299473405E-17
 0.18876897424568E-17
 0.21613897371781E-17
 0.26230793826497E-17
 0.31010689386858E-17
 0.37204280988536E-17
 0.47194201825707E-17
 0.55756811843004E-17
 0.65133476882341E-17
 0.76614729124011E-17
 0.92794933322218E-17
 0.11153100575842E-16
 0.13625437331681E-16
 0.15644162276556E-16
 0.17832268975517E-16
 0.21278490043442E-16
 0.26764746957669E-16
 0.32131954914658E-16
 0.36543423591343E-16
 0.40431838740477E-16
 0.48406206165702E-16
 0.62293931691565E-16
 0.71316429423800E-16
 0.81528255128783E-16
 0.92884495528251E-16
 0.10896437813134E-15
 0.13115832665363E-15
 0.15661199956178E-15
 0.18057510937751E-15
 0.20134484137343E-15
 0.23024376006394E-15
 0.26669806632058E-15
 0.31315507356611E-15
 0.36504752584480E-15
 0.41182901773775E-15
 0.45534395150013E-15
 0.51824032711065E-15
 0.58935998093297E-15
 0.66303083531196E-15
 0.73818847120524E-15
 0.82463819458396E-15
 0.91498287782185E-15
 0.99410854008104E-15
 0.10231352371269E-14
 0.10714630229998E-14
 0.10943836360304E-14
 0.10933862074475E-14
 0.10176077364985E-14
 0.91251666435730E-15
 0.76049793918910E-15
 0.61540802993896E-15
 0.49856981240107E-15
 0.35396447503419E-15
 0.21870133950747E-15
 0.12871714585008E-15
 0.52959515153650E-16
 0.49102820430932E-16
   0.0000000000000000     
   0.0000000000000000     
   0.0000000000000000     
   0.0000000000000000     
   0.0000000000000000     
   0.0000000000000000     
   0.0000000000000000     
   0.0000000000000000     
   0.0000000000000000     
   0.0000000000000000     
   0.0000000000000000     
   0.0000000000000000     
   0.0000000000000000     
   0.0000000000000000     
   0.0000000000000000     
   0.0000000000000000     
   0.0000000000000000     
   0.0000000000000000     
   0.0000000000000000     
   0.0000000000000000     
   0.0000000000000000     
   0.0000000000000000     
   0.0000000000000000     
   0.0000000000000000     
   0.0000000000000000     
   0.0000000000000000     
   0.0000000000000000     
   0.0000000000000000     
   0.0000000000000000     
   0.0000000000000000     
   0.0000000000000000     
   0.0000000000000000     
   0.0000000000000000     
   0.0000000000000000     
   0.0000000000000000     
   0.0000000000000000     
   0.0000000000000000     
   0.0000000000000000     
   0.0000000000000000     
   0.0000000000000000     
   0.0000000000000000     
   0.0000000000000000     
   0.0000000000000000     
   0.0000000000000000     
   0.0000000000000000     
   0.0000000000000000     
   0.0000000000000000     
   0.0000000000000000     
   0.0000000000000000     
   0.0000000000000000     
   0.0000000000000000     
   0.0000000000000000     
   0.0000000000000000     
   0.0000000000000000     
   0.0000000000000000     
   0.0000000000000000     
   0.0000000000000000     
   0.0000000000000000     
   0.0000000000000000     
   0.0000000000000000     
   0.0000000000000000     
   0.0000000000000000     
   0.0000000000000000     
   0.0000000000000000     
   0.0000000000000000     
   0.0000000000000000     
   0.0000000000000000     
   0.0000000000000000     
   0.0000000000000000     
   0.0000000000000000     
   0.0000000000000000     
   0.0000000000000000     
   0.0000000000000000     
   0.0000000000000000     
   0.0000000000000000     
   0.0000000000000000     
   0.0000000000000000     
   0.0000000000000000     
   0.0000000000000000     
   0.0000000000000000     
   0.0000000000000000     
   0.0000000000000000     
 0.74858712044952E-20
 0.38297538898494E-19
 0.64529240867732E-19
 0.86037144096447E-19
 0.11762555990103E-18
 0.17466291313812E-18
 0.22996539423358E-18
 0.31214626259177E-18
 0.36815753789168E-18
 0.41797259724878E-18
 0.56252666379124E-18
 0.72549842059157E-18
 0.91180737829638E-18
 0.10330377475348E-17
 0.12103589964908E-17
 0.16117610331609E-17
 0.19447381989509E-17
 0.24030106001355E-17
 0.27568857075472E-17
 0.31870038872717E-17
 0.41182963175512E-17
 0.50741703225814E-17
 0.59493970578752E-17
 0.69092071754298E-17
 0.77433310315455E-17
 0.99164444383396E-17
 0.12152792905775E-16
 0.14876779468653E-16
 0.16964872826233E-16
 0.18913795343178E-16
 0.23587730296707E-16
 0.28365339670286E-16
 0.35680364991723E-16
 0.42164345554883E-16
 0.46516034033595E-16
 0.53572038385686E-16
 0.66614762958257E-16
 0.80095148506753E-16
 0.91466812112794E-16
 0.10714919586082E-15
 0.12465033671191E-15
 0.14382030853509E-15
 0.16729334151776E-15
 0.19841604858644E-15
 0.23019375450189E-15
 0.27130525813253E-15
 0.31273243621801E-15
 0.35815226684984E-15
 0.41827599896274E-15
 0.47847799710880E-15
 0.55124592599916E-15
 0.62475851459969E-15
 0.71393860984669E-15
 0.81256838141835E-15
 0.90527872633304E-15
 0.95359377275098E-15
 0.10186729169740E-14
 0.10576400875693E-14
 0.10895698798880E-14
 0.10498474757981E-14
 0.10042610976710E-14
 0.90713418791824E-15
 0.73147115664745E-15
 0.57671105411562E-15
 0.41631342257009E-15
 0.26606795284977E-15
 0.23076893775642E-15
 0.36537675374051E-16
   0.0000000000000000     
   0.0000000000000000     
   0.0000000000000000     
   0.0000000000000000     
   0.0000000000000000     
   0.0000000000000000     
   0.0000000000000000     
   0.0000000000000000     
   0.0000000000000000     
   0.0000000000000000     
   0.0000000000000000     
   0.0000000000000000     
   0.0000000000000000     
   0.0000000000000000     
   0.0000000000000000     
   0.0000000000000000     
   0.0000000000000000     
   0.0000000000000000     
   0.0000000000000000     
   0.0000000000000000     
   0.0000000000000000     
   0.0000000000000000     
   0.0000000000000000     
   0.0000000000000000     
   0.0000000000000000     
   0.0000000000000000     
   0.0000000000000000     
   0.0000000000000000     
   0.0000000000000000     
   0.0000000000000000     
   0.0000000000000000     
   0.0000000000000000     
   0.0000000000000000     
   0.0000000000000000     
   0.0000000000000000     
   0.0000000000000000     
   0.0000000000000000     
   0.0000000000000000     
   0.0000000000000000     
   0.0000000000000000     
   0.0000000000000000     
   0.0000000000000000     
   0.0000000000000000     
   0.0000000000000000     
   0.0000000000000000     
   0.0000000000000000     
   0.0000000000000000     
   0.0000000000000000     
   0.0000000000000000     
   0.0000000000000000     
   0.0000000000000000     
   0.0000000000000000     
   0.0000000000000000     
   0.0000000000000000     
   0.0000000000000000     
   0.0000000000000000     
   0.0000000000000000     
   0.0000000000000000     
   0.0000000000000000     
   0.0000000000000000     
   0.0000000000000000     
   0.0000000000000000     
   0.0000000000000000     
   0.0000000000000000     
   0.0000000000000000     
   0.0000000000000000     
   0.0000000000000000     
   0.0000000000000000     
   0.0000000000000000     
   0.0000000000000000     
   0.0000000000000000     
   0.0000000000000000     
   0.0000000000000000     
   0.0000000000000000     
   0.0000000000000000     
   0.0000000000000000     
   0.0000000000000000     
   0.0000000000000000     
   0.0000000000000000     
   0.0000000000000000     
   0.0000000000000000     
   0.0000000000000000     
   0.0000000000000000     
   0.0000000000000000     
   0.0000000000000000     
   0.0000000000000000     
 0.15963753388895E-19
 0.45787393445376E-19
 0.72005409261077E-19
 0.10169181131383E-18
 0.12928148530232E-18
 0.18169825516123E-18
 0.24878566309555E-18
 0.32325681287044E-18
 0.38269270285965E-18
 0.44132976058036E-18
 0.59506813228486E-18
 0.80213525113223E-18
 0.93513380208822E-18
 0.11356865557460E-17
 0.12690577012408E-17
 0.17304977716650E-17
 0.22026906340737E-17
 0.25412053953315E-17
 0.28635523169753E-17
 0.33483472991996E-17
 0.45246128690988E-17
 0.54715972018349E-17
 0.64665521550683E-17
 0.75082700808714E-17
 0.86092684166257E-17
 0.10762529747321E-16
 0.13818532091620E-16
 0.15995338631064E-16
 0.18323787226121E-16
 0.22123127936419E-16
 0.27113869598434E-16
 0.32458541723649E-16
 0.37683914155178E-16
 0.43848165972285E-16
 0.50706778976540E-16
 0.62565997558119E-16
 0.75481925786783E-16
 0.87160042007943E-16
 0.99845675425103E-16
 0.11639858489289E-15
 0.13993675852309E-15
 0.17111714981674E-15
 0.20468972609681E-15
 0.23614129663147E-15
 0.27321129960786E-15
 0.32000196670962E-15
 0.37360760561664E-15
 0.45051879337914E-15
 0.51368878488688E-15
 0.59690659433683E-15
 0.68527598010246E-15
 0.77945612383112E-15
 0.83896542031984E-15
 0.92627938105313E-15
 0.97718315767772E-15
 0.10449174835346E-14
 0.10232612241210E-14
 0.99243560472583E-15
 0.87473608853964E-15
 0.75013978824436E-15
 0.64657369312667E-15
 0.53107261352394E-15
 0.17843980592113E-15
   0.0000000000000000     
   0.0000000000000000     
   0.0000000000000000     
   0.0000000000000000     
   0.0000000000000000     
   0.0000000000000000     
   0.0000000000000000     
   0.0000000000000000     
   0.0000000000000000     
   0.0000000000000000     
   0.0000000000000000     
   0.0000000000000000     
   0.0000000000000000     
   0.0000000000000000     
   0.0000000000000000     
   0.0000000000000000     
   0.0000000000000000     
   0.0000000000000000     
   0.0000000000000000     
   0.0000000000000000     
   0.0000000000000000     
   0.0000000000000000     
   0.0000000000000000     
   0.0000000000000000     
   0.0000000000000000     
   0.0000000000000000     
   0.0000000000000000     
   0.0000000000000000     
   0.0000000000000000     
   0.0000000000000000     
   0.0000000000000000     
   0.0000000000000000     
   0.0000000000000000     
   0.0000000000000000     
   0.0000000000000000     
   0.0000000000000000     
   0.0000000000000000     
   0.0000000000000000     
   0.0000000000000000     
   0.0000000000000000     
   0.0000000000000000     
   0.0000000000000000     
   0.0000000000000000     
   0.0000000000000000     
   0.0000000000000000     
   0.0000000000000000     
   0.0000000000000000     
   0.0000000000000000     
   0.0000000000000000     
   0.0000000000000000     
   0.0000000000000000     
   0.0000000000000000     
   0.0000000000000000     
   0.0000000000000000     
   0.0000000000000000     
   0.0000000000000000     
   0.0000000000000000     
   0.0000000000000000     
   0.0000000000000000     
   0.0000000000000000     
   0.0000000000000000     
   0.0000000000000000     
   0.0000000000000000     
   0.0000000000000000     
   0.0000000000000000     
   0.0000000000000000     
   0.0000000000000000     
   0.0000000000000000     
   0.0000000000000000     
   0.0000000000000000     
   0.0000000000000000     
   0.0000000000000000     
   0.0000000000000000     
   0.0000000000000000     
   0.0000000000000000     
   0.0000000000000000     
   0.0000000000000000     
   0.0000000000000000     
   0.0000000000000000     
   0.0000000000000000     
   0.0000000000000000     
   0.0000000000000000     
   0.0000000000000000     
   0.0000000000000000     
   0.0000000000000000     
   0.0000000000000000     
   0.0000000000000000     
   0.0000000000000000     
   0.0000000000000000     
   0.0000000000000000     
   0.0000000000000000     
 0.24001566508756E-19
 0.50354303567119E-19
 0.76695229603827E-19
 0.10818627641908E-18
 0.13239966039849E-18
 0.20714439695507E-18
 0.26046962993368E-18
 0.35445401218045E-18
 0.42274088112862E-18
 0.51758166605186E-18
 0.65868848020734E-18
 0.84559466530426E-18
 0.10714744858527E-17
 0.11776017381930E-17
 0.14678626581163E-17
 0.18238958986349E-17
 0.23763520326673E-17
 0.27736843202042E-17
 0.31836605750773E-17
 0.37931891374168E-17
 0.48942715294714E-17
 0.59427345631746E-17
 0.72129725829794E-17
 0.85173464445489E-17
 0.97041691026707E-17
 0.12672649274327E-16
 0.15488145096439E-16
 0.17926482761280E-16
 0.20502595578017E-16
 0.23723323074208E-16
 0.30309251329909E-16
 0.36607949196617E-16
 0.43041562505956E-16
 0.49945912490962E-16
 0.58852071330888E-16
 0.68447421744769E-16
 0.84704287492189E-16
 0.10413997935093E-15
 0.12117890454398E-15
 0.14585661674856E-15
 0.17128004127678E-15
 0.20529294594628E-15
 0.24409418955743E-15
 0.28872305734374E-15
 0.34748944004919E-15
 0.40327881809469E-15
 0.48483700911560E-15
 0.56681291380916E-15
 0.66051080263189E-15
 0.71028538999112E-15
 0.79500059420758E-15
 0.84332159958423E-15
 0.94348744521813E-15
 0.90869708244083E-15
 0.88174700052477E-15
 0.82210860496462E-15
 0.65796251531476E-15
 0.41413759378537E-15
   0.0000000000000000     
   0.0000000000000000     
   0.0000000000000000     
   0.0000000000000000     
   0.0000000000000000     
   0.0000000000000000     
   0.0000000000000000     
   0.0000000000000000     
   0.0000000000000000     
   0.0000000000000000     
   0.0000000000000000     
   0.0000000000000000     
   0.0000000000000000     
   0.0000000000000000     
   0.0000000000000000     
   0.0000000000000000     
   0.0000000000000000     
   0.0000000000000000     
   0.0000000000000000     
   0.0000000000000000     
   0.0000000000000000     
   0.0000000000000000     
   0.0000000000000000     
   0.0000000000000000     
   0.0000000000000000     
   0.0000000000000000     
   0.0000000000000000     
   0.0000000000000000     
   0.0000000000000000     
   0.0000000000000000     
   0.0000000000000000     
   0.0000000000000000     
   0.0000000000000000     
   0.0000000000000000     
   0.0000000000000000     
   0.0000000000000000     
   0.0000000000000000     
   0.0000000000000000     
   0.0000000000000000     
   0.0000000000000000     
   0.0000000000000000     
   0.0000000000000000     
   0.0000000000000000     
   0.0000000000000000     
   0.0000000000000000     
   0.0000000000000000     
   0.0000000000000000     
   0.0000000000000000     
   0.0000000000000000     
   0.0000000000000000     
   0.0000000000000000     
   0.0000000000000000     
   0.0000000000000000     
   0.0000000000000000     
   0.0000000000000000     
   0.0000000000000000     
   0.0000000000000000     
   0.0000000000000000     
   0.0000000000000000     
   0.0000000000000000     
   0.0000000000000000     
   0.0000000000000000     
   0.0000000000000000     
   0.0000000000000000     
   0.0000000000000000     
   0.0000000000000000     
   0.0000000000000000     
   0.0000000000000000     
   0.0000000000000000     
   0.0000000000000000     
   0.0000000000000000     
   0.0000000000000000     
   0.0000000000000000     
   0.0000000000000000     
   0.0000000000000000     
   0.0000000000000000     
   0.0000000000000000     
   0.0000000000000000     
   0.0000000000000000     
   0.0000000000000000     
   0.0000000000000000     
   0.0000000000000000     
   0.0000000000000000     
   0.0000000000000000     
   0.0000000000000000     
   0.0000000000000000     
   0.0000000000000000     
   0.0000000000000000     
   0.0000000000000000     
   0.0000000000000000     
   0.0000000000000000     
   0.0000000000000000     
   0.0000000000000000     
   0.0000000000000000     
   0.0000000000000000     
 0.29338353029531E-20
 0.30443904522323E-19
 0.63939826621477E-19
 0.85511253755200E-19
 0.11490187147221E-18
 0.16151502602765E-18
 0.23748685222901E-18
 0.29632343542729E-18
 0.34111404284589E-18
 0.43747234104541E-18
 0.56856703842286E-18
 0.77923212778809E-18
 0.91526312278698E-18
 0.10949394405693E-17
 0.13222213858151E-17
 0.16253652597375E-17
 0.20681034536132E-17
 0.25183909326320E-17
 0.30482082286945E-17
 0.35832224791773E-17
 0.44975755338378E-17
 0.54543967735979E-17
 0.66975037992952E-17
 0.81375340404301E-17
 0.93030162069853E-17
 0.11233508671765E-16
 0.13875347247049E-16
 0.16512182543156E-16
 0.20161969525757E-16
 0.23216575986606E-16
 0.28253372652071E-16
 0.34856388107169E-16
 0.40438974369909E-16
 0.48469851062770E-16
 0.60216348279005E-16
 0.72335050774416E-16
 0.87824303605356E-16
 0.10569029996651E-15
 0.12488145935961E-15
 0.14793009277877E-15
 0.17964309655174E-15
 0.21667701432372E-15
 0.27035975319391E-15
 0.31601329482581E-15
 0.38184333257542E-15
 0.44579788060139E-15
 0.52490621583740E-15
 0.56584990976691E-15
 0.68360297712536E-15
 0.69000294601927E-15
 0.75821912842004E-15
 0.71125205719380E-15
 0.63672272680294E-15
 0.51613061192975E-15
   0.0000000000000000     
   0.0000000000000000     
   0.0000000000000000     
   0.0000000000000000     
   0.0000000000000000     
   0.0000000000000000     
   0.0000000000000000     
   0.0000000000000000     
   0.0000000000000000     
   0.0000000000000000     
   0.0000000000000000     
   0.0000000000000000     
   0.0000000000000000     
   0.0000000000000000     
   0.0000000000000000     
   0.0000000000000000     
   0.0000000000000000     
   0.0000000000000000     
   0.0000000000000000     
   0.0000000000000000     
   0.0000000000000000     
   0.0000000000000000     
   0.0000000000000000     
   0.0000000000000000     
   0.0000000000000000     
   0.0000000000000000     
   0.0000000000000000     
   0.0000000000000000     
   0.0000000000000000     
   0.0000000000000000     
   0.0000000000000000     
   0.0000000000000000     
   0.0000000000000000     
   0.0000000000000000     
   0.0000000000000000     
   0.0000000000000000     
   0.0000000000000000     
   0.0000000000000000     
   0.0000000000000000     
   0.0000000000000000     
   0.0000000000000000     
   0.0000000000000000     
   0.0000000000000000     
   0.0000000000000000     
   0.0000000000000000     
   0.0000000000000000     
   0.0000000000000000     
   0.0000000000000000     
   0.0000000000000000     
   0.0000000000000000     
   0.0000000000000000     
   0.0000000000000000     
   0.0000000000000000     
   0.0000000000000000     
   0.0000000000000000     
   0.0000000000000000     
   0.0000000000000000     
   0.0000000000000000     
   0.0000000000000000     
   0.0000000000000000     
   0.0000000000000000     
   0.0000000000000000     
   0.0000000000000000     
   0.0000000000000000     
   0.0000000000000000     
   0.0000000000000000     
   0.0000000000000000     
   0.0000000000000000     
   0.0000000000000000     
   0.0000000000000000     
   0.0000000000000000     
   0.0000000000000000     
   0.0000000000000000     
   0.0000000000000000     
   0.0000000000000000     
   0.0000000000000000     
   0.0000000000000000     
   0.0000000000000000     
   0.0000000000000000     
   0.0000000000000000     
   0.0000000000000000     
   0.0000000000000000     
   0.0000000000000000     
   0.0000000000000000     
   0.0000000000000000     
   0.0000000000000000     
   0.0000000000000000     
   0.0000000000000000     
   0.0000000000000000     
   0.0000000000000000     
   0.0000000000000000     
   0.0000000000000000     
   0.0000000000000000     
   0.0000000000000000     
   0.0000000000000000     
   0.0000000000000000     
   0.0000000000000000     
   0.0000000000000000     
   0.0000000000000000     
   0.0000000000000000     
 0.10619669518388E-19
 0.41803823392360E-19
 0.72759252695728E-19
 0.10012642880366E-18
 0.11590152158023E-18
 0.18173273624024E-18
 0.25908146192946E-18
 0.34646199543197E-18
 0.40732451797431E-18
 0.47064843184308E-18
 0.64862062798701E-18
 0.82396434099025E-18
 0.10334537806485E-17
 0.12220434555780E-17
 0.14651207844576E-17
 0.19646305640283E-17
 0.23823553611425E-17
 0.28324717315998E-17
 0.33740898196534E-17
 0.39686701288770E-17
 0.51620168678476E-17
 0.62854996473540E-17
 0.75455567544823E-17
 0.86891124769333E-17
 0.10180951316243E-16
 0.13224267714610E-16
 0.16340647595756E-16
 0.19844901288736E-16
 0.22970289293994E-16
 0.27316358151100E-16
 0.34462279327218E-16
 0.42480786286779E-16
 0.51204011433582E-16
 0.61307476201870E-16
 0.74387901770276E-16
 0.90222950724933E-16
 0.11088965808216E-15
 0.13624098715427E-15
 0.16369363398794E-15
 0.20201098737032E-15
 0.24027791542781E-15
 0.29854192986454E-15
 0.34669090352550E-15
 0.42076211332853E-15
 0.42923126980616E-15
 0.52186006518626E-15
 0.49833033885040E-15
 0.51789775797766E-15
 0.41944174022730E-15
   0.0000000000000000     
   0.0000000000000000     
   0.0000000000000000     
   0.0000000000000000     
   0.0000000000000000     
   0.0000000000000000     
   0.0000000000000000     
   0.0000000000000000     
   0.0000000000000000     
   0.0000000000000000     
   0.0000000000000000     
   0.0000000000000000     
   0.0000000000000000     
   0.0000000000000000     
   0.0000000000000000     
   0.0000000000000000     
   0.0000000000000000     
   0.0000000000000000     
   0.0000000000000000     
   0.0000000000000000     
   0.0000000000000000     
   0.0000000000000000     
   0.0000000000000000     
   0.0000000000000000     
   0.0000000000000000     
   0.0000000000000000     
   0.0000000000000000     
   0.0000000000000000     
   0.0000000000000000     
   0.0000000000000000     
   0.0000000000000000     
   0.0000000000000000     
   0.0000000000000000     
   0.0000000000000000     
   0.0000000000000000     
   0.0000000000000000     
   0.0000000000000000     
   0.0000000000000000     
   0.0000000000000000     
   0.0000000000000000     
   0.0000000000000000     
   0.0000000000000000     
   0.0000000000000000     
   0.0000000000000000     
   0.0000000000000000     
   0.0000000000000000     
   0.0000000000000000     
   0.0000000000000000     
   0.0000000000000000     
   0.0000000000000000     
   0.0000000000000000     
   0.0000000000000000     
   0.0000000000000000     
   0.0000000000000000     
   0.0000000000000000     
   0.0000000000000000     
   0.0000000000000000     
   0.0000000000000000     
   0.0000000000000000     
   0.0000000000000000     
   0.0000000000000000     
   0.0000000000000000     
   0.0000000000000000     
   0.0000000000000000     
   0.0000000000000000     
   0.0000000000000000     
   0.0000000000000000     
   0.0000000000000000     
   0.0000000000000000     
   0.0000000000000000     
   0.0000000000000000     
   0.0000000000000000     
   0.0000000000000000     
   0.0000000000000000     
   0.0000000000000000     
   0.0000000000000000     
   0.0000000000000000     
   0.0000000000000000     
   0.0000000000000000     
   0.0000000000000000     
   0.0000000000000000     
   0.0000000000000000     
   0.0000000000000000     
   0.0000000000000000     
   0.0000000000000000     
   0.0000000000000000     
   0.0000000000000000     
   0.0000000000000000     
   0.0000000000000000     
   0.0000000000000000     
   0.0000000000000000     
   0.0000000000000000     
   0.0000000000000000     
   0.0000000000000000     
   0.0000000000000000     
   0.0000000000000000     
   0.0000000000000000     
   0.0000000000000000     
   0.0000000000000000     
   0.0000000000000000     
   0.0000000000000000     
   0.0000000000000000     
   0.0000000000000000     
   0.0000000000000000     
   0.0000000000000000     
 0.17393095320409E-19
 0.48434738834729E-19
 0.77778596026400E-19
 0.10825647423364E-18
 0.13900320310819E-18
 0.20696401749096E-18
 0.29205976281465E-18
 0.36663784115726E-18
 0.44505086065897E-18
 0.53649499344041E-18
 0.75123537373155E-18
 0.97925182919760E-18
 0.11737004676654E-17
 0.13720597946359E-17
 0.16119672739473E-17
 0.21612639304106E-17
 0.27397026004916E-17
 0.32354823445125E-17
 0.38121704689064E-17
 0.45203886642527E-17
 0.57895413648621E-17
 0.72986780593628E-17
 0.88361972893513E-17
 0.10355471822101E-16
 0.12896922399039E-16
 0.15472124429202E-16
 0.19518511298940E-16
 0.23641440636277E-16
 0.28692100202266E-16
 0.35234689870522E-16
 0.43309291124459E-16
 0.53967910862107E-16
 0.66353981919906E-16
 0.80821914073986E-16
 0.10120735452363E-15
 0.12235931750461E-15
 0.15547676924259E-15
 0.18067155931557E-15
 0.23080466486886E-15
 0.24348244707666E-15
 0.30784493261284E-15
 0.30646608598347E-15
 0.38496858741928E-15
 0.27858929044110E-15
   0.0000000000000000     
   0.0000000000000000     
   0.0000000000000000     
   0.0000000000000000     
   0.0000000000000000     
   0.0000000000000000     
   0.0000000000000000     
   0.0000000000000000     
   0.0000000000000000     
   0.0000000000000000     
   0.0000000000000000     
   0.0000000000000000     
   0.0000000000000000     
   0.0000000000000000     
   0.0000000000000000     
   0.0000000000000000     
   0.0000000000000000     
   0.0000000000000000     
   0.0000000000000000     
   0.0000000000000000     
   0.0000000000000000     
   0.0000000000000000     
   0.0000000000000000     
   0.0000000000000000     
   0.0000000000000000     
   0.0000000000000000     
   0.0000000000000000     
   0.0000000000000000     
   0.0000000000000000     
   0.0000000000000000     
   0.0000000000000000     
   0.0000000000000000     
   0.0000000000000000     
   0.0000000000000000     
   0.0000000000000000     
   0.0000000000000000     
   0.0000000000000000     
   0.0000000000000000     
   0.0000000000000000     
   0.0000000000000000     
   0.0000000000000000     
   0.0000000000000000     
   0.0000000000000000     
   0.0000000000000000     
   0.0000000000000000     
   0.0000000000000000     
   0.0000000000000000     
   0.0000000000000000     
   0.0000000000000000     
   0.0000000000000000     
   0.0000000000000000     
   0.0000000000000000     
   0.0000000000000000     
   0.0000000000000000     
   0.0000000000000000     
   0.0000000000000000     
   0.0000000000000000     
   0.0000000000000000     
   0.0000000000000000     
   0.0000000000000000     
   0.0000000000000000     
   0.0000000000000000     
   0.0000000000000000     
   0.0000000000000000     
   0.0000000000000000     
   0.0000000000000000     
   0.0000000000000000     
   0.0000000000000000     
   0.0000000000000000     
   0.0000000000000000     
   0.0000000000000000     
   0.0000000000000000     
   0.0000000000000000     
   0.0000000000000000     
   0.0000000000000000     
   0.0000000000000000     
   0.0000000000000000     
   0.0000000000000000     
   0.0000000000000000     
   0.0000000000000000     
   0.0000000000000000     
   0.0000000000000000     
   0.0000000000000000     
   0.0000000000000000     
   0.0000000000000000     
   0.0000000000000000     
   0.0000000000000000     
   0.0000000000000000     
   0.0000000000000000     
   0.0000000000000000     
   0.0000000000000000     
   0.0000000000000000     
   0.0000000000000000     
   0.0000000000000000     
   0.0000000000000000     
   0.0000000000000000     
   0.0000000000000000     
   0.0000000000000000     
   0.0000000000000000     
   0.0000000000000000     
   0.0000000000000000     
   0.0000000000000000     
   0.0000000000000000     
   0.0000000000000000     
   0.0000000000000000     
   0.0000000000000000     
   0.0000000000000000     
   0.0000000000000000     
   0.0000000000000000     
   0.0000000000000000     
 0.27963655234913E-19
 0.58124234057246E-19
 0.93109852862355E-19
 0.11890552458623E-18
 0.16436859144626E-18
 0.24113168335430E-18
 0.33321358683834E-18
 0.41894525672085E-18
 0.51141719548070E-18
 0.63858227794622E-18
 0.84385800361203E-18
 0.10520958521059E-17
 0.13235956640657E-17
 0.15639255796170E-17
 0.18979725751072E-17
 0.24676623783383E-17
 0.30440878776992E-17
 0.36568971591911E-17
 0.44403735139554E-17
 0.54761253466148E-17
 0.69306337350343E-17
 0.86706693236949E-17
 0.10494560025329E-16
 0.12684122296691E-16
 0.16208368096052E-16
 0.20535916034486E-16
 0.24766698210342E-16
 0.30720798280489E-16
 0.37557437037776E-16
 0.48239420325021E-16
 0.59770857253135E-16
 0.75544768906324E-16
 0.91114903878048E-16
 0.11399844515513E-15
 0.12461062415225E-15
 0.16715563417560E-15
 0.16932150406955E-15
 0.21611343387455E-15
 0.15473476798919E-15
 0.90423376072782E-17
   0.0000000000000000     
   0.0000000000000000     
   0.0000000000000000     
   0.0000000000000000     
   0.0000000000000000     
   0.0000000000000000     
   0.0000000000000000     
   0.0000000000000000     
   0.0000000000000000     
   0.0000000000000000     
   0.0000000000000000     
   0.0000000000000000     
   0.0000000000000000     
   0.0000000000000000     
   0.0000000000000000     
   0.0000000000000000     
   0.0000000000000000     
   0.0000000000000000     
   0.0000000000000000     
   0.0000000000000000     
   0.0000000000000000     
   0.0000000000000000     
   0.0000000000000000     
   0.0000000000000000     
   0.0000000000000000     
   0.0000000000000000     
   0.0000000000000000     
   0.0000000000000000     
   0.0000000000000000     
   0.0000000000000000     
   0.0000000000000000     
   0.0000000000000000     
   0.0000000000000000     
   0.0000000000000000     
   0.0000000000000000     
   0.0000000000000000     
   0.0000000000000000     
   0.0000000000000000     
   0.0000000000000000     
   0.0000000000000000     
   0.0000000000000000     
   0.0000000000000000     
   0.0000000000000000     
   0.0000000000000000     
   0.0000000000000000     
   0.0000000000000000     
   0.0000000000000000     
   0.0000000000000000     
   0.0000000000000000     
   0.0000000000000000     
   0.0000000000000000     
   0.0000000000000000     
   0.0000000000000000     
   0.0000000000000000     
   0.0000000000000000     
   0.0000000000000000     
   0.0000000000000000     
   0.0000000000000000     
   0.0000000000000000     
   0.0000000000000000     
   0.0000000000000000     
   0.0000000000000000     
   0.0000000000000000     
   0.0000000000000000     
   0.0000000000000000     
   0.0000000000000000     
   0.0000000000000000     
   0.0000000000000000     
   0.0000000000000000     
   0.0000000000000000     
   0.0000000000000000     
   0.0000000000000000     
   0.0000000000000000     
   0.0000000000000000     
   0.0000000000000000     
   0.0000000000000000     
   0.0000000000000000     
   0.0000000000000000     
   0.0000000000000000     
   0.0000000000000000     
   0.0000000000000000     
   0.0000000000000000     
   0.0000000000000000     
   0.0000000000000000     
   0.0000000000000000     
   0.0000000000000000     
   0.0000000000000000     
   0.0000000000000000     
   0.0000000000000000     
   0.0000000000000000     
   0.0000000000000000     
   0.0000000000000000     
   0.0000000000000000     
   0.0000000000000000     
   0.0000000000000000     
   0.0000000000000000     
   0.0000000000000000     
   0.0000000000000000     
   0.0000000000000000     
   0.0000000000000000     
   0.0000000000000000     
   0.0000000000000000     
   0.0000000000000000     
   0.0000000000000000     
   0.0000000000000000     
   0.0000000000000000     
   0.0000000000000000     
   0.0000000000000000     
   0.0000000000000000     
   0.0000000000000000     
   0.0000000000000000     
   0.0000000000000000     
   0.0000000000000000     
 0.54449722933707E-20
 0.40536372322473E-19
 0.68621799184072E-19
 0.10482166651680E-18
 0.13204802568245E-18
 0.19342825829549E-18
 0.28738315700404E-18
 0.38105822165539E-18
 0.45860463097621E-18
 0.57517600942320E-18
 0.74856076821384E-18
 0.97246850373287E-18
 0.12255054054953E-17
 0.14578881404421E-17
 0.17405503265598E-17
 0.22820551071299E-17
 0.30079865900034E-17
 0.36070401225502E-17
 0.43504073406361E-17
 0.55825697095210E-17
 0.70133508789748E-17
 0.89698906384934E-17
 0.11375988716858E-16
 0.13952507617217E-16
 0.17245019793216E-16
 0.22112972890377E-16
 0.27779647453460E-16
 0.35671751151888E-16
 0.42888882877644E-16
 0.53846634936052E-16
 0.63361777429443E-16
 0.82876312184386E-16
 0.89138870763841E-16
 0.10865527963263E-15
 0.78182776166281E-16
 0.31877496649397E-16
   0.0000000000000000     
   0.0000000000000000     
   0.0000000000000000     
   0.0000000000000000     
   0.0000000000000000     
   0.0000000000000000     
   0.0000000000000000     
   0.0000000000000000     
   0.0000000000000000     
   0.0000000000000000     
   0.0000000000000000     
   0.0000000000000000     
   0.0000000000000000     
   0.0000000000000000     
   0.0000000000000000     
   0.0000000000000000     
   0.0000000000000000     
   0.0000000000000000     
   0.0000000000000000     
   0.0000000000000000     
   0.0000000000000000     
   0.0000000000000000     
   0.0000000000000000     
   0.0000000000000000     
   0.0000000000000000     
   0.0000000000000000     
   0.0000000000000000     
   0.0000000000000000     
   0.0000000000000000     
   0.0000000000000000     
   0.0000000000000000     
   0.0000000000000000     
   0.0000000000000000     
   0.0000000000000000     
   0.0000000000000000     
   0.0000000000000000     
   0.0000000000000000     
   0.0000000000000000     
   0.0000000000000000     
   0.0000000000000000     
   0.0000000000000000     
   0.0000000000000000     
   0.0000000000000000     
   0.0000000000000000     
   0.0000000000000000     
   0.0000000000000000     
   0.0000000000000000     
   0.0000000000000000     
   0.0000000000000000     
   0.0000000000000000     
   0.0000000000000000     
   0.0000000000000000     
   0.0000000000000000     
   0.0000000000000000     
   0.0000000000000000     
   0.0000000000000000     
   0.0000000000000000     
   0.0000000000000000     
   0.0000000000000000     
   0.0000000000000000     
   0.0000000000000000     
   0.0000000000000000     
   0.0000000000000000     
   0.0000000000000000     
   0.0000000000000000     
   0.0000000000000000     
   0.0000000000000000     
   0.0000000000000000     
   0.0000000000000000     
   0.0000000000000000     
   0.0000000000000000     
   0.0000000000000000     
   0.0000000000000000     
   0.0000000000000000     
   0.0000000000000000     
   0.0000000000000000     
   0.0000000000000000     
   0.0000000000000000     
   0.0000000000000000     
   0.0000000000000000     
   0.0000000000000000     
   0.0000000000000000     
   0.0000000000000000     
   0.0000000000000000     
   0.0000000000000000     
   0.0000000000000000     
   0.0000000000000000     
   0.0000000000000000     
   0.0000000000000000     
   0.0000000000000000     
   0.0000000000000000     
   0.0000000000000000     
   0.0000000000000000     
   0.0000000000000000     
   0.0000000000000000     
   0.0000000000000000     
   0.0000000000000000     
   0.0000000000000000     
   0.0000000000000000     
   0.0000000000000000     
   0.0000000000000000     
   0.0000000000000000     
   0.0000000000000000     
   0.0000000000000000     
   0.0000000000000000     
   0.0000000000000000     
   0.0000000000000000     
   0.0000000000000000     
   0.0000000000000000     
   0.0000000000000000     
   0.0000000000000000     
   0.0000000000000000     
   0.0000000000000000     
   0.0000000000000000     
   0.0000000000000000     
   0.0000000000000000     
   0.0000000000000000     
   0.0000000000000000     
 0.14208781775546E-19
 0.48622157572283E-19
 0.87841696238185E-19
 0.12432715077846E-18
 0.15617097455694E-18
 0.23460698389779E-18
 0.33963336746284E-18
 0.44796446557723E-18
 0.54240145428321E-18
 0.64295399762480E-18
 0.88272957950481E-18
 0.11652767518007E-17
 0.14657357199794E-17
 0.17774718702210E-17
 0.21322286592145E-17
 0.28418262823875E-17
 0.37054827121706E-17
 0.47230078223034E-17
 0.58934021963936E-17
 0.76689630072900E-17
 0.99685211950406E-17
 0.12551623580335E-16
 0.16224308591924E-16
 0.19348009964840E-16
 0.23880706300865E-16
 0.29981808286555E-16
 0.39329127713825E-16
 0.43905378071481E-16
 0.51962384243169E-16
 0.37460293687946E-16
 0.15175759055054E-16
   0.0000000000000000     
   0.0000000000000000     
   0.0000000000000000     
   0.0000000000000000     
   0.0000000000000000     
   0.0000000000000000     
   0.0000000000000000     
   0.0000000000000000     
   0.0000000000000000     
   0.0000000000000000     
   0.0000000000000000     
   0.0000000000000000     
   0.0000000000000000     
   0.0000000000000000     
   0.0000000000000000     
   0.0000000000000000     
   0.0000000000000000     
   0.0000000000000000     
   0.0000000000000000     
   0.0000000000000000     
   0.0000000000000000     
   0.0000000000000000     
   0.0000000000000000     
   0.0000000000000000     
   0.0000000000000000     
   0.0000000000000000     
   0.0000000000000000     
   0.0000000000000000     
   0.0000000000000000     
   0.0000000000000000     
   0.0000000000000000     
   0.0000000000000000     
   0.0000000000000000     
   0.0000000000000000     
   0.0000000000000000     
   0.0000000000000000     
   0.0000000000000000     
   0.0000000000000000     
   0.0000000000000000     
   0.0000000000000000     
   0.0000000000000000     
   0.0000000000000000     
   0.0000000000000000     
   0.0000000000000000     
   0.0000000000000000     
   0.0000000000000000     
   0.0000000000000000     
   0.0000000000000000     
   0.0000000000000000     
   0.0000000000000000     
   0.0000000000000000     
   0.0000000000000000     
   0.0000000000000000     
   0.0000000000000000     
   0.0000000000000000     
   0.0000000000000000     
   0.0000000000000000     
   0.0000000000000000     
   0.0000000000000000     
   0.0000000000000000     
   0.0000000000000000     
   0.0000000000000000     
   0.0000000000000000     
   0.0000000000000000     
   0.0000000000000000     
   0.0000000000000000     
   0.0000000000000000     
   0.0000000000000000     
   0.0000000000000000     
   0.0000000000000000     
   0.0000000000000000     
   0.0000000000000000     
   0.0000000000000000     
   0.0000000000000000     
   0.0000000000000000     
   0.0000000000000000     
   0.0000000000000000     
   0.0000000000000000     
   0.0000000000000000     
   0.0000000000000000     
   0.0000000000000000     
   0.0000000000000000     
   0.0000000000000000     
   0.0000000000000000     
   0.0000000000000000     
   0.0000000000000000     
   0.0000000000000000     
   0.0000000000000000     
   0.0000000000000000     
   0.0000000000000000     
   0.0000000000000000     
   0.0000000000000000     
   0.0000000000000000     
   0.0000000000000000     
   0.0000000000000000     
   0.0000000000000000     
   0.0000000000000000     
   0.0000000000000000     
   0.0000000000000000     
   0.0000000000000000     
   0.0000000000000000     
   0.0000000000000000     
   0.0000000000000000     
   0.0000000000000000     
   0.0000000000000000     
   0.0000000000000000     
   0.0000000000000000     
   0.0000000000000000     
   0.0000000000000000     
   0.0000000000000000     
   0.0000000000000000     
   0.0000000000000000     
   0.0000000000000000     
   0.0000000000000000     
   0.0000000000000000     
   0.0000000000000000     
   0.0000000000000000     
   0.0000000000000000     
   0.0000000000000000     
   0.0000000000000000     
   0.0000000000000000     
   0.0000000000000000     
   0.0000000000000000     
 0.25773024864350E-19
 0.64927276346952E-19
 0.10306096634313E-18
 0.15040871635335E-18
 0.20014731601730E-18
 0.29242176611718E-18
 0.39918301389828E-18
 0.52423232828982E-18
 0.63941272026424E-18
 0.80075980630936E-18
 0.11403512557905E-17
 0.14105030463564E-17
 0.17893461051412E-17
 0.23390215738214E-17
 0.30996463548943E-17
 0.42150260795301E-17
 0.55412918748464E-17
 0.70513739323677E-17
 0.85262117432365E-17
 0.11010243198182E-16
 0.13973384959432E-16
 0.17602699662138E-16
 0.20333698176787E-16
 0.22957294379891E-16
 0.18214833212660E-16
 0.20465590113713E-17
   0.0000000000000000     
   0.0000000000000000     
   0.0000000000000000     
   0.0000000000000000     
   0.0000000000000000     
   0.0000000000000000     
   0.0000000000000000     
   0.0000000000000000     
   0.0000000000000000     
   0.0000000000000000     
   0.0000000000000000     
   0.0000000000000000     
   0.0000000000000000     
   0.0000000000000000     
   0.0000000000000000     
   0.0000000000000000     
   0.0000000000000000     
   0.0000000000000000     
   0.0000000000000000     
   0.0000000000000000     
   0.0000000000000000     
   0.0000000000000000     
   0.0000000000000000     
   0.0000000000000000     
   0.0000000000000000     
   0.0000000000000000     
   0.0000000000000000     
   0.0000000000000000     
   0.0000000000000000     
   0.0000000000000000     
   0.0000000000000000     
   0.0000000000000000     
   0.0000000000000000     
   0.0000000000000000     
   0.0000000000000000     
   0.0000000000000000     
   0.0000000000000000     
   0.0000000000000000     
   0.0000000000000000     
   0.0000000000000000     
   0.0000000000000000     
   0.0000000000000000     
   0.0000000000000000     
   0.0000000000000000     
   0.0000000000000000     
   0.0000000000000000     
   0.0000000000000000     
   0.0000000000000000     
   0.0000000000000000     
   0.0000000000000000     
   0.0000000000000000     
   0.0000000000000000     
   0.0000000000000000     
   0.0000000000000000     
   0.0000000000000000     
   0.0000000000000000     
   0.0000000000000000     
   0.0000000000000000     
   0.0000000000000000     
   0.0000000000000000     
   0.0000000000000000     
   0.0000000000000000     
   0.0000000000000000     
   0.0000000000000000     
   0.0000000000000000     
   0.0000000000000000     
   0.0000000000000000     
   0.0000000000000000     
   0.0000000000000000     
   0.0000000000000000     
   0.0000000000000000     
   0.0000000000000000     
   0.0000000000000000     
   0.0000000000000000     
   0.0000000000000000     
   0.0000000000000000     
   0.0000000000000000     
   0.0000000000000000     
   0.0000000000000000     
   0.0000000000000000     
   0.0000000000000000     
   0.0000000000000000     
   0.0000000000000000     
   0.0000000000000000     
   0.0000000000000000     
   0.0000000000000000     
   0.0000000000000000     
   0.0000000000000000     
   0.0000000000000000     
   0.0000000000000000     
   0.0000000000000000     
   0.0000000000000000     
   0.0000000000000000     
   0.0000000000000000     
   0.0000000000000000     
   0.0000000000000000     
   0.0000000000000000     
   0.0000000000000000     
   0.0000000000000000     
   0.0000000000000000     
   0.0000000000000000     
   0.0000000000000000     
   0.0000000000000000     
   0.0000000000000000     
   0.0000000000000000     
   0.0000000000000000     
   0.0000000000000000     
   0.0000000000000000     
   0.0000000000000000     
   0.0000000000000000     
   0.0000000000000000     
   0.0000000000000000     
   0.0000000000000000     
   0.0000000000000000     
   0.0000000000000000     
   0.0000000000000000     
   0.0000000000000000     
   0.0000000000000000     
   0.0000000000000000     
   0.0000000000000000     
   0.0000000000000000     
   0.0000000000000000     
   0.0000000000000000     
   0.0000000000000000     
   0.0000000000000000     
   0.0000000000000000     
   0.0000000000000000     
   0.0000000000000000     
 0.43023560844787E-19
 0.85417978106516E-19
 0.12653827693994E-18
 0.17819970781480E-18
 0.24940766505309E-18
 0.36963577769214E-18
 0.51986133897912E-18
 0.64792076481022E-18
 0.80506633721455E-18
 0.10840369907148E-17
 0.15577749703072E-17
 0.21249616815400E-17
 0.29510737921690E-17
 0.36064058090622E-17
 0.47430162578611E-17
 0.62303524011523E-17
 0.78749924699569E-17
 0.91651449220170E-17
 0.98804614670857E-17
 0.89792922704149E-17
   0.0000000000000000     
   0.0000000000000000     
   0.0000000000000000     
   0.0000000000000000     
   0.0000000000000000     
   0.0000000000000000     
   0.0000000000000000     
   0.0000000000000000     
   0.0000000000000000     
   0.0000000000000000     
   0.0000000000000000     
   0.0000000000000000     
   0.0000000000000000     
   0.0000000000000000     
   0.0000000000000000     
   0.0000000000000000     
   0.0000000000000000     
   0.0000000000000000     
   0.0000000000000000     
   0.0000000000000000     
   0.0000000000000000     
   0.0000000000000000     
   0.0000000000000000     
   0.0000000000000000     
   0.0000000000000000     
   0.0000000000000000     
   0.0000000000000000     
   0.0000000000000000     
   0.0000000000000000     
   0.0000000000000000     
   0.0000000000000000     
   0.0000000000000000     
   0.0000000000000000     
   0.0000000000000000     
   0.0000000000000000     
   0.0000000000000000     
   0.0000000000000000     
   0.0000000000000000     
   0.0000000000000000     
   0.0000000000000000     
   0.0000000000000000     
   0.0000000000000000     
   0.0000000000000000     
   0.0000000000000000     
   0.0000000000000000     
   0.0000000000000000     
   0.0000000000000000     
   0.0000000000000000     
   0.0000000000000000     
   0.0000000000000000     
   0.0000000000000000     
   0.0000000000000000     
   0.0000000000000000     
   0.0000000000000000     
   0.0000000000000000     
   0.0000000000000000     
   0.0000000000000000     
   0.0000000000000000     
   0.0000000000000000     
   0.0000000000000000     
   0.0000000000000000     
   0.0000000000000000     
   0.0000000000000000     
   0.0000000000000000     
   0.0000000000000000     
   0.0000000000000000     
   0.0000000000000000     
   0.0000000000000000     
   0.0000000000000000     
   0.0000000000000000     
   0.0000000000000000     
   0.0000000000000000     
   0.0000000000000000     
   0.0000000000000000     
   0.0000000000000000     
   0.0000000000000000     
   0.0000000000000000     
   0.0000000000000000     
   0.0000000000000000     
   0.0000000000000000     
   0.0000000000000000     
   0.0000000000000000     
   0.0000000000000000     
   0.0000000000000000     
   0.0000000000000000     
   0.0000000000000000     
   0.0000000000000000     
   0.0000000000000000     
   0.0000000000000000     
   0.0000000000000000     
   0.0000000000000000     
   0.0000000000000000     
   0.0000000000000000     
   0.0000000000000000     
   0.0000000000000000     
   0.0000000000000000     
   0.0000000000000000     
   0.0000000000000000     
   0.0000000000000000     
   0.0000000000000000     
   0.0000000000000000     
   0.0000000000000000     
   0.0000000000000000     
   0.0000000000000000     
   0.0000000000000000     
   0.0000000000000000     
   0.0000000000000000     
   0.0000000000000000     
   0.0000000000000000     
   0.0000000000000000     
   0.0000000000000000     
   0.0000000000000000     
   0.0000000000000000     
   0.0000000000000000     
   0.0000000000000000     
   0.0000000000000000     
   0.0000000000000000     
   0.0000000000000000     
   0.0000000000000000     
   0.0000000000000000     
   0.0000000000000000     
   0.0000000000000000     
   0.0000000000000000     
   0.0000000000000000     
   0.0000000000000000     
   0.0000000000000000     
   0.0000000000000000     
   0.0000000000000000     
   0.0000000000000000     
   0.0000000000000000     
   0.0000000000000000     
   0.0000000000000000     
   0.0000000000000000     
 0.11109292497266E-19
 0.62648698592022E-19
 0.11144845423608E-18
 0.17451258540421E-18
 0.23525957467576E-18
 0.33374105201330E-18
 0.49953397129130E-18
 0.70642772950927E-18
 0.95431010744370E-18
 0.13220847294483E-17
 0.19703622834065E-17
 0.26542969607713E-17
 0.33137421083668E-17
 0.41069252486850E-17
 0.40771045338999E-17
 0.43280037000327E-17
   0.0000000000000000     
   0.0000000000000000     
   0.0000000000000000     
   0.0000000000000000     
   0.0000000000000000     
   0.0000000000000000     
   0.0000000000000000     
   0.0000000000000000     
   0.0000000000000000     
   0.0000000000000000     
   0.0000000000000000     
   0.0000000000000000     
   0.0000000000000000     
   0.0000000000000000     
   0.0000000000000000     
   0.0000000000000000     
   0.0000000000000000     
   0.0000000000000000     
   0.0000000000000000     
   0.0000000000000000     
   0.0000000000000000     
   0.0000000000000000     
   0.0000000000000000     
   0.0000000000000000     
   0.0000000000000000     
   0.0000000000000000     
   0.0000000000000000     
   0.0000000000000000     
   0.0000000000000000     
   0.0000000000000000     
   0.0000000000000000     
   0.0000000000000000     
   0.0000000000000000     
   0.0000000000000000     
   0.0000000000000000     
   0.0000000000000000     
   0.0000000000000000     
   0.0000000000000000     
   0.0000000000000000     
   0.0000000000000000     
   0.0000000000000000     
   0.0000000000000000     
   0.0000000000000000     
   0.0000000000000000     
   0.0000000000000000     
   0.0000000000000000     
   0.0000000000000000     
   0.0000000000000000     
   0.0000000000000000     
   0.0000000000000000     
   0.0000000000000000     
   0.0000000000000000     
   0.0000000000000000     
   0.0000000000000000     
   0.0000000000000000     
   0.0000000000000000     
   0.0000000000000000     
   0.0000000000000000     
   0.0000000000000000     
   0.0000000000000000     
   0.0000000000000000     
   0.0000000000000000     
   0.0000000000000000     
   0.0000000000000000     
   0.0000000000000000     
   0.0000000000000000     
   0.0000000000000000     
   0.0000000000000000     
   0.0000000000000000     
   0.0000000000000000     
   0.0000000000000000     
   0.0000000000000000     
   0.0000000000000000     
   0.0000000000000000     
   0.0000000000000000     
   0.0000000000000000     
   0.0000000000000000     
   0.0000000000000000     
   0.0000000000000000     
   0.0000000000000000     
   0.0000000000000000     
   0.0000000000000000     
   0.0000000000000000     
   0.0000000000000000     
   0.0000000000000000     
   0.0000000000000000     
   0.0000000000000000     
   0.0000000000000000     
   0.0000000000000000     
   0.0000000000000000     
   0.0000000000000000     
   0.0000000000000000     
   0.0000000000000000     
   0.0000000000000000     
   0.0000000000000000     
   0.0000000000000000     
   0.0000000000000000     
   0.0000000000000000     
   0.0000000000000000     
   0.0000000000000000     
   0.0000000000000000     
   0.0000000000000000     
   0.0000000000000000     
   0.0000000000000000     
   0.0000000000000000     
   0.0000000000000000     
   0.0000000000000000     
   0.0000000000000000     
   0.0000000000000000     
   0.0000000000000000     
   0.0000000000000000     
   0.0000000000000000     
   0.0000000000000000     
   0.0000000000000000     
   0.0000000000000000     
   0.0000000000000000     
   0.0000000000000000     
   0.0000000000000000     
   0.0000000000000000     
   0.0000000000000000     
   0.0000000000000000     
   0.0000000000000000     
   0.0000000000000000     
   0.0000000000000000     
   0.0000000000000000     
   0.0000000000000000     
   0.0000000000000000     
   0.0000000000000000     
   0.0000000000000000     
   0.0000000000000000     
   0.0000000000000000     
   0.0000000000000000     
   0.0000000000000000     
   0.0000000000000000     
   0.0000000000000000     
   0.0000000000000000     
   0.0000000000000000     
   0.0000000000000000     
 0.26601588548227E-19
 0.91244829566526E-19
 0.15120446377817E-18
 0.24122541824734E-18
 0.33749801952682E-18
 0.55673336247366E-18
 0.10100552306454E-17
 0.13391795824359E-17
 0.18033239198642E-17
 0.16042259198865E-17
 0.24307513272638E-17
   0.0000000000000000     
   0.0000000000000000     
   0.0000000000000000     
   0.0000000000000000     
   0.0000000000000000     
   0.0000000000000000     
   0.0000000000000000     
   0.0000000000000000     
   0.0000000000000000     
   0.0000000000000000     
   0.0000000000000000     
   0.0000000000000000     
   0.0000000000000000     
   0.0000000000000000     
   0.0000000000000000     
   0.0000000000000000     
   0.0000000000000000     
   0.0000000000000000     
   0.0000000000000000     
   0.0000000000000000     
   0.0000000000000000     
   0.0000000000000000     
   0.0000000000000000     
   0.0000000000000000     
   0.0000000000000000     
   0.0000000000000000     
   0.0000000000000000     
   0.0000000000000000     
   0.0000000000000000     
   0.0000000000000000     
   0.0000000000000000     
   0.0000000000000000     
   0.0000000000000000     
   0.0000000000000000     
   0.0000000000000000     
   0.0000000000000000     
   0.0000000000000000     
   0.0000000000000000     
   0.0000000000000000     
   0.0000000000000000     
   0.0000000000000000     
   0.0000000000000000     
   0.0000000000000000     
   0.0000000000000000     
   0.0000000000000000     
   0.0000000000000000     
   0.0000000000000000     
   0.0000000000000000     
   0.0000000000000000     
   0.0000000000000000     
   0.0000000000000000     
   0.0000000000000000     
   0.0000000000000000     
   0.0000000000000000     
   0.0000000000000000     
   0.0000000000000000     
   0.0000000000000000     
   0.0000000000000000     
   0.0000000000000000     
   0.0000000000000000     
   0.0000000000000000     
   0.0000000000000000     
   0.0000000000000000     
   0.0000000000000000     
   0.0000000000000000     
   0.0000000000000000     
   0.0000000000000000     
   0.0000000000000000     
   0.0000000000000000     
   0.0000000000000000     
   0.0000000000000000     
   0.0000000000000000     
   0.0000000000000000     
   0.0000000000000000     
   0.0000000000000000     
   0.0000000000000000     
   0.0000000000000000     
   0.0000000000000000     
   0.0000000000000000     
   0.0000000000000000     
   0.0000000000000000     
   0.0000000000000000     
   0.0000000000000000     
   0.0000000000000000     
   0.0000000000000000     
   0.0000000000000000     
   0.0000000000000000     
   0.0000000000000000     
   0.0000000000000000     
   0.0000000000000000     
   0.0000000000000000     
   0.0000000000000000     
   0.0000000000000000     
   0.0000000000000000     
   0.0000000000000000     
   0.0000000000000000     
   0.0000000000000000     
   0.0000000000000000     
   0.0000000000000000     
   0.0000000000000000     
   0.0000000000000000     
   0.0000000000000000     
   0.0000000000000000     
   0.0000000000000000     
   0.0000000000000000     
   0.0000000000000000     
   0.0000000000000000     
   0.0000000000000000     
   0.0000000000000000     
   0.0000000000000000     
   0.0000000000000000     
   0.0000000000000000     
   0.0000000000000000     
   0.0000000000000000     
   0.0000000000000000     
   0.0000000000000000     
   0.0000000000000000     
   0.0000000000000000     
   0.0000000000000000     
   0.0000000000000000     
   0.0000000000000000     
   0.0000000000000000     
   0.0000000000000000     
   0.0000000000000000     
   0.0000000000000000     
   0.0000000000000000     
   0.0000000000000000     
   0.0000000000000000     
   0.0000000000000000     
   0.0000000000000000     
   0.0000000000000000     
   0.0000000000000000     
   0.0000000000000000     
   0.0000000000000000     
   0.0000000000000000     
   0.0000000000000000     
   0.0000000000000000     
   0.0000000000000000     
   0.0000000000000000     
   0.0000000000000000     
   0.0000000000000000     
   0.0000000000000000     
   0.0000000000000000     
 0.56120390752408E-19
 0.15864755531790E-18
 0.30169456375307E-18
 0.73811993590593E-18
 0.59282004129918E-18
 0.81993783662972E-18
   0.0000000000000000     
   0.0000000000000000     
   0.0000000000000000     
   0.0000000000000000     
   0.0000000000000000     
   0.0000000000000000     
   0.0000000000000000     
   0.0000000000000000     
   0.0000000000000000     
   0.0000000000000000     
   0.0000000000000000     
   0.0000000000000000     
   0.0000000000000000     
   0.0000000000000000     
   0.0000000000000000     
   0.0000000000000000     
   0.0000000000000000     
   0.0000000000000000     
   0.0000000000000000     
   0.0000000000000000     
   0.0000000000000000     
   0.0000000000000000     
   0.0000000000000000     
   0.0000000000000000     
   0.0000000000000000     
   0.0000000000000000     
   0.0000000000000000     
   0.0000000000000000     
   0.0000000000000000     
   0.0000000000000000     
   0.0000000000000000     
   0.0000000000000000     
   0.0000000000000000     
   0.0000000000000000     
   0.0000000000000000     
   0.0000000000000000     
   0.0000000000000000     
   0.0000000000000000     
   0.0000000000000000     
   0.0000000000000000     
   0.0000000000000000     
   0.0000000000000000     
   0.0000000000000000     
   0.0000000000000000     
   0.0000000000000000     
   0.0000000000000000     
   0.0000000000000000     
   0.0000000000000000     
   0.0000000000000000     
   0.0000000000000000     
   0.0000000000000000     
   0.0000000000000000     
   0.0000000000000000     
   0.0000000000000000     
   0.0000000000000000     
   0.0000000000000000     
   0.0000000000000000     
   0.0000000000000000     
   0.0000000000000000     
   0.0000000000000000     
   0.0000000000000000     
   0.0000000000000000     
   0.0000000000000000     
   0.0000000000000000     
   0.0000000000000000     
   0.0000000000000000     
   0.0000000000000000     
   0.0000000000000000     
   0.0000000000000000     
   0.0000000000000000     
   0.0000000000000000     
   0.0000000000000000     
   0.0000000000000000     
   0.0000000000000000     
   0.0000000000000000     
   0.0000000000000000     
   0.0000000000000000     
   0.0000000000000000     
   0.0000000000000000     
   0.0000000000000000     
   0.0000000000000000     
   0.0000000000000000     
   0.0000000000000000     
   0.0000000000000000     
   0.0000000000000000     
   0.0000000000000000     
   0.0000000000000000     
   0.0000000000000000     
   0.0000000000000000     
   0.0000000000000000     
   0.0000000000000000     
   0.0000000000000000     
   0.0000000000000000     
   0.0000000000000000     
   0.0000000000000000     
   0.0000000000000000     
   0.0000000000000000     
   0.0000000000000000     
   0.0000000000000000     
   0.0000000000000000     
   0.0000000000000000     
   0.0000000000000000     
   0.0000000000000000     
   0.0000000000000000     
   0.0000000000000000     
   0.0000000000000000     
   0.0000000000000000     
   0.0000000000000000     
   0.0000000000000000     
   0.0000000000000000     
   0.0000000000000000     
   0.0000000000000000     
   0.0000000000000000     
   0.0000000000000000     
   0.0000000000000000     
   0.0000000000000000     
   0.0000000000000000     
   0.0000000000000000     
   0.0000000000000000     
   0.0000000000000000     
   0.0000000000000000     
   0.0000000000000000     
   0.0000000000000000     
   0.0000000000000000     
   0.0000000000000000     
   0.0000000000000000     
   0.0000000000000000     
   0.0000000000000000     
   0.0000000000000000     
   0.0000000000000000     
   0.0000000000000000     
   0.0000000000000000     
   0.0000000000000000     
   0.0000000000000000     
   0.0000000000000000     
   0.0000000000000000     
   0.0000000000000000     
   0.0000000000000000     
   0.0000000000000000     
   0.0000000000000000     
   0.0000000000000000     
   0.0000000000000000     
   0.0000000000000000     
   0.0000000000000000     
   0.0000000000000000     
   0.0000000000000000     
   0.0000000000000000     
 0.78422998932909E-20
 0.18335503478587E-18
   0.0000000000000000     
   0.0000000000000000     
   0.0000000000000000     
   0.0000000000000000     
   0.0000000000000000     
   0.0000000000000000     
   0.0000000000000000     
   0.0000000000000000     
   0.0000000000000000     
   0.0000000000000000     
   0.0000000000000000     
   0.0000000000000000     
   0.0000000000000000     
   0.0000000000000000     
   0.0000000000000000     
   0.0000000000000000     
   0.0000000000000000     
   0.0000000000000000     
   0.0000000000000000     
   0.0000000000000000     
   0.0000000000000000     
   0.0000000000000000     
   0.0000000000000000     
   0.0000000000000000     
   0.0000000000000000     
   0.0000000000000000     
   0.0000000000000000     
   0.0000000000000000     
   0.0000000000000000     
   0.0000000000000000     
   0.0000000000000000     
   0.0000000000000000     
   0.0000000000000000     
   0.0000000000000000     
   0.0000000000000000     
   0.0000000000000000     
   0.0000000000000000     
   0.0000000000000000     
   0.0000000000000000     
   0.0000000000000000     
   0.0000000000000000     
   0.0000000000000000     
   0.0000000000000000     
   0.0000000000000000     
   0.0000000000000000     
   0.0000000000000000     
   0.0000000000000000     
   0.0000000000000000     
   0.0000000000000000     
   0.0000000000000000     
   0.0000000000000000     
   0.0000000000000000     
   0.0000000000000000     
   0.0000000000000000     
   0.0000000000000000     
   0.0000000000000000     
   0.0000000000000000     
   0.0000000000000000     
   0.0000000000000000     
   0.0000000000000000     
   0.0000000000000000     
   0.0000000000000000     
   0.0000000000000000     
   0.0000000000000000     
   0.0000000000000000     
   0.0000000000000000     
   0.0000000000000000     
   0.0000000000000000     
   0.0000000000000000     
   0.0000000000000000     
   0.0000000000000000     
   0.0000000000000000     
   0.0000000000000000     
   0.0000000000000000     
   0.0000000000000000     
   0.0000000000000000     
   0.0000000000000000     
   0.0000000000000000     
   0.0000000000000000     
   0.0000000000000000     
   0.0000000000000000     
   0.0000000000000000     
   0.0000000000000000     
   0.0000000000000000     
   0.0000000000000000     
   0.0000000000000000     
   0.0000000000000000     
   0.0000000000000000     
   0.0000000000000000     
   0.0000000000000000     
   0.0000000000000000     
   0.0000000000000000     
   0.0000000000000000     
   0.0000000000000000     
   0.0000000000000000     
   0.0000000000000000     
   0.0000000000000000     
   0.0000000000000000     
   0.0000000000000000     
   0.0000000000000000     
   0.0000000000000000     
   0.0000000000000000     
   0.0000000000000000     
   0.0000000000000000     
   0.0000000000000000     
   0.0000000000000000     
   0.0000000000000000     
   0.0000000000000000     
   0.0000000000000000     
   0.0000000000000000     
   0.0000000000000000     
   0.0000000000000000     
   0.0000000000000000     
   0.0000000000000000     
   0.0000000000000000     
   0.0000000000000000     
   0.0000000000000000     
   0.0000000000000000     
   0.0000000000000000     
   0.0000000000000000     
   0.0000000000000000     
   0.0000000000000000     
   0.0000000000000000     
   0.0000000000000000     
   0.0000000000000000     
   0.0000000000000000     
   0.0000000000000000     
   0.0000000000000000     
   0.0000000000000000     
   0.0000000000000000     
   0.0000000000000000     
   0.0000000000000000     
   0.0000000000000000     
   0.0000000000000000     
   0.0000000000000000     
   0.0000000000000000     
   0.0000000000000000     
   0.0000000000000000     
   0.0000000000000000     
   0.0000000000000000     
   0.0000000000000000     
   0.0000000000000000     
   0.0000000000000000     
   0.0000000000000000     
   0.0000000000000000     
   0.0000000000000000     
   0.0000000000000000     
   0.0000000000000000     
   0.0000000000000000     
   0.0000000000000000     
   0.0000000000000000     
   0.0000000000000000     
   0.0000000000000000     
   0.0000000000000000     
   0.0000000000000000     
   0.0000000000000000     
   0.0000000000000000     
   0.0000000000000000     
   0.0000000000000000     
   0.0000000000000000     
   0.0000000000000000     
   0.0000000000000000     
   0.0000000000000000     
   0.0000000000000000     
   0.0000000000000000     
   0.0000000000000000     
   0.0000000000000000     
   0.0000000000000000     
   0.0000000000000000     
   0.0000000000000000     
   0.0000000000000000     
   0.0000000000000000     
   0.0000000000000000     
   0.0000000000000000     
   0.0000000000000000     
   0.0000000000000000     
   0.0000000000000000     
   0.0000000000000000     
   0.0000000000000000     
   0.0000000000000000     
   0.0000000000000000     
   0.0000000000000000     
   0.0000000000000000     
   0.0000000000000000     
   0.0000000000000000     
   0.0000000000000000     
   0.0000000000000000     
   0.0000000000000000     
   0.0000000000000000     
   0.0000000000000000     
   0.0000000000000000     
   0.0000000000000000     
   0.0000000000000000     
   0.0000000000000000     
   0.0000000000000000     
   0.0000000000000000     
   0.0000000000000000     
   0.0000000000000000     
   0.0000000000000000     
   0.0000000000000000     
   0.0000000000000000     
   0.0000000000000000     
   0.0000000000000000     
   0.0000000000000000     
   0.0000000000000000     
   0.0000000000000000     
   0.0000000000000000     
   0.0000000000000000     
   0.0000000000000000     
   0.0000000000000000     
   0.0000000000000000     
   0.0000000000000000     
   0.0000000000000000     
   0.0000000000000000     
   0.0000000000000000     
   0.0000000000000000     
   0.0000000000000000     
   0.0000000000000000     
   0.0000000000000000     
   0.0000000000000000     
   0.0000000000000000     
   0.0000000000000000     
   0.0000000000000000     
   0.0000000000000000     
   0.0000000000000000     
   0.0000000000000000     
   0.0000000000000000     
   0.0000000000000000     
   0.0000000000000000     
   0.0000000000000000     
   0.0000000000000000     
   0.0000000000000000     
   0.0000000000000000     
   0.0000000000000000     
   0.0000000000000000     
   0.0000000000000000     
   0.0000000000000000     
   0.0000000000000000     
   0.0000000000000000     
   0.0000000000000000     
   0.0000000000000000     
   0.0000000000000000     
   0.0000000000000000     
   0.0000000000000000     
   0.0000000000000000     
   0.0000000000000000     
   0.0000000000000000     
   0.0000000000000000     
   0.0000000000000000     
   0.0000000000000000     
   0.0000000000000000     
   0.0000000000000000     
   0.0000000000000000     
   0.0000000000000000     
   0.0000000000000000     
   0.0000000000000000     
   0.0000000000000000     
   0.0000000000000000     
   0.0000000000000000     
   0.0000000000000000     
   0.0000000000000000     
   0.0000000000000000     
   0.0000000000000000     
   0.0000000000000000     
   0.0000000000000000     
   0.0000000000000000     
   0.0000000000000000     
   0.0000000000000000     
   0.0000000000000000     
   0.0000000000000000     
   0.0000000000000000     
   0.0000000000000000     
   0.0000000000000000     
   0.0000000000000000     
   0.0000000000000000     
   0.0000000000000000     
   0.0000000000000000     
   0.0000000000000000     
   0.0000000000000000     
   0.0000000000000000     
   0.0000000000000000     
   0.0000000000000000     
   0.0000000000000000     
   0.0000000000000000     
   0.0000000000000000     
   0.0000000000000000     
   0.0000000000000000     
   0.0000000000000000     
   0.0000000000000000     
   0.0000000000000000     
   0.0000000000000000     
   0.0000000000000000     
   0.0000000000000000     
   0.0000000000000000     
   0.0000000000000000     
   0.0000000000000000     
   0.0000000000000000     
   0.0000000000000000     
   0.0000000000000000     
   0.0000000000000000     
   0.0000000000000000     
   0.0000000000000000     
   0.0000000000000000     
   0.0000000000000000     
   0.0000000000000000     
   0.0000000000000000     
   0.0000000000000000     
   0.0000000000000000     
   0.0000000000000000     
   0.0000000000000000     
   0.0000000000000000     
   0.0000000000000000     
   0.0000000000000000     
   0.0000000000000000     
   0.0000000000000000     
   0.0000000000000000     
   0.0000000000000000     
   0.0000000000000000     
   0.0000000000000000     
   0.0000000000000000     
   0.0000000000000000     
   0.0000000000000000     
   0.0000000000000000     
   0.0000000000000000     
   0.0000000000000000     
   0.0000000000000000     
   0.0000000000000000     
   0.0000000000000000     
   0.0000000000000000     
   0.0000000000000000     
   0.0000000000000000     
   0.0000000000000000     
   0.0000000000000000     
   0.0000000000000000     
   0.0000000000000000     
   0.0000000000000000     
   0.0000000000000000     
   0.0000000000000000     
   0.0000000000000000     
   0.0000000000000000     
   0.0000000000000000     
   0.0000000000000000     
   0.0000000000000000     
   0.0000000000000000     
   0.0000000000000000     
   0.0000000000000000     
   0.0000000000000000     
   0.0000000000000000     
   0.0000000000000000     
   0.0000000000000000     
   0.0000000000000000     
   0.0000000000000000     
   0.0000000000000000     
   0.0000000000000000     
   0.0000000000000000     
   0.0000000000000000     
   0.0000000000000000     
   0.0000000000000000     
   0.0000000000000000     
   0.0000000000000000     
   0.0000000000000000     
   0.0000000000000000     
   0.0000000000000000     
   0.0000000000000000     
   0.0000000000000000     
   0.0000000000000000     
   0.0000000000000000     
   0.0000000000000000     
   0.0000000000000000     
   0.0000000000000000     
   0.0000000000000000     
   0.0000000000000000     
   0.0000000000000000     
   0.0000000000000000     
   0.0000000000000000     
   0.0000000000000000     
   0.0000000000000000     
   0.0000000000000000     
   0.0000000000000000     
   0.0000000000000000     
   0.0000000000000000     
   0.0000000000000000     
   0.0000000000000000     
   0.0000000000000000     
   0.0000000000000000     
   0.0000000000000000     
   0.0000000000000000     
   0.0000000000000000     
   0.0000000000000000     
   0.0000000000000000     
   0.0000000000000000     
   0.0000000000000000     
   0.0000000000000000     
   0.0000000000000000     
   0.0000000000000000     
   0.0000000000000000     
   0.0000000000000000     
   0.0000000000000000     
   0.0000000000000000     
   0.0000000000000000     
   0.0000000000000000     
   0.0000000000000000     
   0.0000000000000000     
   0.0000000000000000     
   0.0000000000000000     
   0.0000000000000000     
   0.0000000000000000     
   0.0000000000000000     
   0.0000000000000000     
   0.0000000000000000     
   0.0000000000000000     
   0.0000000000000000     
   0.0000000000000000     
   0.0000000000000000     
   0.0000000000000000     
   0.0000000000000000     
   0.0000000000000000     
   0.0000000000000000     
   0.0000000000000000     
   0.0000000000000000     
   0.0000000000000000     
   0.0000000000000000     
   0.0000000000000000     
   0.0000000000000000     
   0.0000000000000000     
   0.0000000000000000     
   0.0000000000000000     
   0.0000000000000000     
   0.0000000000000000     
   0.0000000000000000     
   0.0000000000000000     
   0.0000000000000000     
   0.0000000000000000     
   0.0000000000000000     
   0.0000000000000000     
   0.0000000000000000     
   0.0000000000000000     
   0.0000000000000000     
   0.0000000000000000     
   0.0000000000000000     
   0.0000000000000000     
   0.0000000000000000     
   0.0000000000000000     
   0.0000000000000000     
   0.0000000000000000     
   0.0000000000000000     
   0.0000000000000000     
   0.0000000000000000     
   0.0000000000000000     
   0.0000000000000000     
   0.0000000000000000     
   0.0000000000000000     
   0.0000000000000000     
   0.0000000000000000     
   0.0000000000000000     
   0.0000000000000000     
   0.0000000000000000     
   0.0000000000000000     
   0.0000000000000000     
   0.0000000000000000     
   0.0000000000000000     
   0.0000000000000000     
   0.0000000000000000     
   0.0000000000000000     
   0.0000000000000000     
   0.0000000000000000     
   0.0000000000000000     
   0.0000000000000000     
   0.0000000000000000     
   0.0000000000000000     
   0.0000000000000000     
   0.0000000000000000     
   0.0000000000000000     
   0.0000000000000000     
   0.0000000000000000     
   0.0000000000000000     
   0.0000000000000000     
   0.0000000000000000     
   0.0000000000000000     
   0.0000000000000000     
   0.0000000000000000     
   0.0000000000000000     
   0.0000000000000000     
   0.0000000000000000     
   0.0000000000000000     
   0.0000000000000000     
   0.0000000000000000     
   0.0000000000000000     
   0.0000000000000000     
   0.0000000000000000     
   0.0000000000000000     
   0.0000000000000000     
   0.0000000000000000     
   0.0000000000000000     
   0.0000000000000000     
   0.0000000000000000     
   0.0000000000000000     
   0.0000000000000000     
   0.0000000000000000     
   0.0000000000000000     
   0.0000000000000000     
   0.0000000000000000     
   0.0000000000000000     
   0.0000000000000000     
   0.0000000000000000     
   0.0000000000000000     
   0.0000000000000000     
   0.0000000000000000     
   0.0000000000000000     
   0.0000000000000000     
   0.0000000000000000     
   0.0000000000000000     
   0.0000000000000000     
   0.0000000000000000     
   0.0000000000000000     
   0.0000000000000000     
   0.0000000000000000     
   0.0000000000000000     
   0.0000000000000000     
   0.0000000000000000     
   0.0000000000000000     
   0.0000000000000000     
   0.0000000000000000     
   0.0000000000000000     
   0.0000000000000000     
   0.0000000000000000     
   0.0000000000000000     
   0.0000000000000000     
   0.0000000000000000     
   0.0000000000000000     
   0.0000000000000000     
   0.0000000000000000     
   0.0000000000000000     
   0.0000000000000000     
   0.0000000000000000     
   0.0000000000000000     
   0.0000000000000000     
   0.0000000000000000     
   0.0000000000000000     
   0.0000000000000000     
   0.0000000000000000     
   0.0000000000000000     
   0.0000000000000000     
   0.0000000000000000     
   0.0000000000000000     
   0.0000000000000000     
   0.0000000000000000     
   0.0000000000000000     
   0.0000000000000000     
   0.0000000000000000     
   0.0000000000000000     
   0.0000000000000000     
   0.0000000000000000     
   0.0000000000000000     
   0.0000000000000000     
   0.0000000000000000     
   0.0000000000000000     
   0.0000000000000000     
   0.0000000000000000     
   0.0000000000000000     
   0.0000000000000000     
   0.0000000000000000     
   0.0000000000000000     
   0.0000000000000000     
   0.0000000000000000     
   0.0000000000000000     
   0.0000000000000000     
   0.0000000000000000     
   0.0000000000000000     
   0.0000000000000000     
   0.0000000000000000     
   0.0000000000000000     
   0.0000000000000000     
   0.0000000000000000     
   0.0000000000000000     
   0.0000000000000000     
   0.0000000000000000     
   0.0000000000000000     
   0.0000000000000000     
   0.0000000000000000     
   0.0000000000000000     
   0.0000000000000000     
   0.0000000000000000     
   0.0000000000000000     
   0.0000000000000000     
   0.0000000000000000     
   0.0000000000000000     
   0.0000000000000000     
   0.0000000000000000     
   0.0000000000000000     
   0.0000000000000000     
   0.0000000000000000     
   0.0000000000000000     
   0.0000000000000000     
   0.0000000000000000     
   0.0000000000000000     
   0.0000000000000000     
   0.0000000000000000     
   0.0000000000000000     
   0.0000000000000000     
   0.0000000000000000     
   0.0000000000000000     
   0.0000000000000000     
   0.0000000000000000     
   0.0000000000000000     
   0.0000000000000000     
   0.0000000000000000     
   0.0000000000000000     
   0.0000000000000000     
   0.0000000000000000     
   0.0000000000000000     
   0.0000000000000000     
   0.0000000000000000     
   0.0000000000000000     
   0.0000000000000000     
   0.0000000000000000     
   0.0000000000000000     
   0.0000000000000000     
   0.0000000000000000     
   0.0000000000000000     
   0.0000000000000000     
   0.0000000000000000     
   0.0000000000000000     
   0.0000000000000000     
   0.0000000000000000     
   0.0000000000000000     
   0.0000000000000000     
   0.0000000000000000     
   0.0000000000000000     
   0.0000000000000000     
   0.0000000000000000     
   0.0000000000000000     
   0.0000000000000000     
   0.0000000000000000     
   0.0000000000000000     
   0.0000000000000000     
   0.0000000000000000     
   0.0000000000000000     
   0.0000000000000000     
   0.0000000000000000     
   0.0000000000000000     
   0.0000000000000000     
   0.0000000000000000     
   0.0000000000000000     
   0.0000000000000000     
   0.0000000000000000     
   0.0000000000000000     
   0.0000000000000000     
   0.0000000000000000     
   0.0000000000000000     
   0.0000000000000000     
   0.0000000000000000     
   0.0000000000000000     
   0.0000000000000000     
   0.0000000000000000     
   0.0000000000000000     
   0.0000000000000000     
   0.0000000000000000     
   0.0000000000000000     
   0.0000000000000000     
   0.0000000000000000     
   0.0000000000000000     
   0.0000000000000000     
   0.0000000000000000     
   0.0000000000000000     
   0.0000000000000000     
   0.0000000000000000     
   0.0000000000000000     
   0.0000000000000000     
   0.0000000000000000     
   0.0000000000000000     
   0.0000000000000000     
   0.0000000000000000     
   0.0000000000000000     
   0.0000000000000000     
   0.0000000000000000     
   0.0000000000000000     
   0.0000000000000000     
   0.0000000000000000     
   0.0000000000000000     
   0.0000000000000000     
   0.0000000000000000     
   0.0000000000000000     
   0.0000000000000000     
   0.0000000000000000     
   0.0000000000000000     
   0.0000000000000000     
   0.0000000000000000     
   0.0000000000000000     
   0.0000000000000000     
   0.0000000000000000     
   0.0000000000000000     
   0.0000000000000000     
   0.0000000000000000     
   0.0000000000000000     
   0.0000000000000000     
   0.0000000000000000     
   0.0000000000000000     
   0.0000000000000000     
   0.0000000000000000     
   0.0000000000000000     
   0.0000000000000000     
   0.0000000000000000     
   0.0000000000000000     
   0.0000000000000000     
   0.0000000000000000     
   0.0000000000000000     
   0.0000000000000000     
   0.0000000000000000     
   0.0000000000000000     
   0.0000000000000000     
   0.0000000000000000     
   0.0000000000000000     
   0.0000000000000000     
   0.0000000000000000     
   0.0000000000000000     
   0.0000000000000000     
   0.0000000000000000     
   0.0000000000000000     
   0.0000000000000000     
   0.0000000000000000     
   0.0000000000000000     
   0.0000000000000000     
   0.0000000000000000     
   0.0000000000000000     
   0.0000000000000000     
   0.0000000000000000     
   0.0000000000000000     
   0.0000000000000000     
   0.0000000000000000     
   0.0000000000000000     
   0.0000000000000000     
   0.0000000000000000     
   0.0000000000000000     
   0.0000000000000000     
   0.0000000000000000     
   0.0000000000000000     
   0.0000000000000000     
   0.0000000000000000     
   0.0000000000000000     
   0.0000000000000000     
   0.0000000000000000     
   0.0000000000000000     
   0.0000000000000000     
   0.0000000000000000     
   0.0000000000000000     
   0.0000000000000000     
   0.0000000000000000     
   0.0000000000000000     
   0.0000000000000000     
   0.0000000000000000     
   0.0000000000000000     
   0.0000000000000000     
   0.0000000000000000     
   0.0000000000000000     
   0.0000000000000000     
   0.0000000000000000     
   0.0000000000000000     
   0.0000000000000000     
   0.0000000000000000     
   0.0000000000000000     
   0.0000000000000000     
   0.0000000000000000     
   0.0000000000000000     
   0.0000000000000000     
   0.0000000000000000     
   0.0000000000000000     
   0.0000000000000000     
   0.0000000000000000     
   0.0000000000000000     
   0.0000000000000000     
   0.0000000000000000     
   0.0000000000000000     
   0.0000000000000000     
   0.0000000000000000     
   0.0000000000000000     
   0.0000000000000000     
   0.0000000000000000     
   0.0000000000000000     
   0.0000000000000000     
   0.0000000000000000     
   0.0000000000000000     
   0.0000000000000000     
   0.0000000000000000     
   0.0000000000000000     
   0.0000000000000000     
   0.0000000000000000     
   0.0000000000000000     
   0.0000000000000000     
   0.0000000000000000     
   0.0000000000000000     
   0.0000000000000000     
   0.0000000000000000     
   0.0000000000000000     
   0.0000000000000000     
   0.0000000000000000     
   0.0000000000000000     
   0.0000000000000000     
   0.0000000000000000     
   0.0000000000000000     
   0.0000000000000000     
   0.0000000000000000     
   0.0000000000000000     
   0.0000000000000000     
   0.0000000000000000     
   0.0000000000000000     
   0.0000000000000000     
   0.0000000000000000     
   0.0000000000000000     
   0.0000000000000000     
   0.0000000000000000     
   0.0000000000000000     
   0.0000000000000000     
   0.0000000000000000     
   0.0000000000000000     
   0.0000000000000000     
   0.0000000000000000     
   0.0000000000000000     
   0.0000000000000000     
   0.0000000000000000     
   0.0000000000000000     
   0.0000000000000000     
   0.0000000000000000     
   0.0000000000000000     
   0.0000000000000000     
   0.0000000000000000     
   0.0000000000000000     
   0.0000000000000000     
   0.0000000000000000     
   0.0000000000000000     
   0.0000000000000000     
   0.0000000000000000     
   0.0000000000000000     
   0.0000000000000000     
   0.0000000000000000     
   0.0000000000000000     
   0.0000000000000000     
   0.0000000000000000     
   0.0000000000000000     
   0.0000000000000000     
   0.0000000000000000     
   0.0000000000000000     
   0.0000000000000000     
   0.0000000000000000     
   0.0000000000000000     
   0.0000000000000000     
   0.0000000000000000     
   0.0000000000000000     
   0.0000000000000000     
   0.0000000000000000     
   0.0000000000000000     
   0.0000000000000000     
   0.0000000000000000     
   0.0000000000000000     
   0.0000000000000000     
   0.0000000000000000     
   0.0000000000000000     
   0.0000000000000000     
   0.0000000000000000     
   0.0000000000000000     
   0.0000000000000000     
   0.0000000000000000     
   0.0000000000000000     
   0.0000000000000000     
   0.0000000000000000     
   0.0000000000000000     
   0.0000000000000000     
   0.0000000000000000     
   0.0000000000000000     
   0.0000000000000000     
   0.0000000000000000     
   0.0000000000000000     
   0.0000000000000000     
   0.0000000000000000     
   0.0000000000000000     
   0.0000000000000000     
   0.0000000000000000     
   0.0000000000000000     
   0.0000000000000000     
   0.0000000000000000     
   0.0000000000000000     
   0.0000000000000000     
   0.0000000000000000     
   0.0000000000000000     
   0.0000000000000000     
   0.0000000000000000     
   0.0000000000000000     
   0.0000000000000000     
   0.0000000000000000     
   0.0000000000000000     
   0.0000000000000000     
   0.0000000000000000     
   0.0000000000000000     
   0.0000000000000000     
   0.0000000000000000     
   0.0000000000000000     
   0.0000000000000000     
   0.0000000000000000     
   0.0000000000000000     
   0.0000000000000000     
   0.0000000000000000     
   0.0000000000000000     
   0.0000000000000000     
   0.0000000000000000     
   0.0000000000000000     
   0.0000000000000000     
   0.0000000000000000     
   0.0000000000000000     
   0.0000000000000000     
   0.0000000000000000     
   0.0000000000000000     
   0.0000000000000000     
   0.0000000000000000     
   0.0000000000000000     
   0.0000000000000000     
   0.0000000000000000     
   0.0000000000000000     
   0.0000000000000000     
   0.0000000000000000     
   0.0000000000000000     
   0.0000000000000000     
   0.0000000000000000     
   0.0000000000000000     
   0.0000000000000000     
   0.0000000000000000     
   0.0000000000000000     
   0.0000000000000000     
   0.0000000000000000     
   0.0000000000000000     
   0.0000000000000000     
   0.0000000000000000     
   0.0000000000000000     
   0.0000000000000000     
   0.0000000000000000     
   0.0000000000000000     
   0.0000000000000000     
   0.0000000000000000     
   0.0000000000000000     
   0.0000000000000000     
   0.0000000000000000     
   0.0000000000000000     
   0.0000000000000000     
   0.0000000000000000     
   0.0000000000000000     
   0.0000000000000000     
   0.0000000000000000     
   0.0000000000000000     
   0.0000000000000000     
   0.0000000000000000     
   0.0000000000000000     
   0.0000000000000000     
   0.0000000000000000     
   0.0000000000000000     
   0.0000000000000000     
   0.0000000000000000     
   0.0000000000000000     
   0.0000000000000000     
   0.0000000000000000     
   0.0000000000000000     
   0.0000000000000000     
   0.0000000000000000     
   0.0000000000000000     
   0.0000000000000000     
   0.0000000000000000     
   0.0000000000000000     
   0.0000000000000000     
   0.0000000000000000     
   0.0000000000000000     
   0.0000000000000000     
   0.0000000000000000     
   0.0000000000000000     
   0.0000000000000000     
   0.0000000000000000     
   0.0000000000000000     
   0.0000000000000000     
   0.0000000000000000     
   0.0000000000000000     
   0.0000000000000000     
   0.0000000000000000     
   0.0000000000000000     
   0.0000000000000000     
   0.0000000000000000     
   0.0000000000000000     
   0.0000000000000000     
   0.0000000000000000     
   0.0000000000000000     
   0.0000000000000000     
   0.0000000000000000     
   0.0000000000000000     
   0.0000000000000000     
   0.0000000000000000     
   0.0000000000000000     
   0.0000000000000000     
   0.0000000000000000     
   0.0000000000000000     
   0.0000000000000000     
   0.0000000000000000     
   0.0000000000000000     
   0.0000000000000000     
   0.0000000000000000     
   0.0000000000000000     
   0.0000000000000000     
   0.0000000000000000     
   0.0000000000000000     
   0.0000000000000000     
   0.0000000000000000     
   0.0000000000000000     
   0.0000000000000000     
   0.0000000000000000     
   0.0000000000000000     
   0.0000000000000000     
   0.0000000000000000     
   0.0000000000000000     
   0.0000000000000000     
   0.0000000000000000     
   0.0000000000000000     
   0.0000000000000000     
   0.0000000000000000     
   0.0000000000000000     
   0.0000000000000000     
   0.0000000000000000     
   0.0000000000000000     
   0.0000000000000000     
   0.0000000000000000     
   0.0000000000000000     
   0.0000000000000000     
   0.0000000000000000     
   0.0000000000000000     
   0.0000000000000000     
   0.0000000000000000     
   0.0000000000000000     
   0.0000000000000000     
   0.0000000000000000     
   0.0000000000000000     
   0.0000000000000000     
   0.0000000000000000     
   0.0000000000000000     
   0.0000000000000000     
   0.0000000000000000     
   0.0000000000000000     
   0.0000000000000000     
   0.0000000000000000     
   0.0000000000000000     
   0.0000000000000000     
   0.0000000000000000     
   0.0000000000000000     
   0.0000000000000000     
   0.0000000000000000     
   0.0000000000000000     
   0.0000000000000000     
   0.0000000000000000     
   0.0000000000000000     
   0.0000000000000000     
   0.0000000000000000     
   0.0000000000000000     
   0.0000000000000000     
   0.0000000000000000     
   0.0000000000000000     
   0.0000000000000000     
   0.0000000000000000     
   0.0000000000000000     
   0.0000000000000000     
   0.0000000000000000     
   0.0000000000000000     
   0.0000000000000000     
   0.0000000000000000     
   0.0000000000000000     
   0.0000000000000000     
   0.0000000000000000     
   0.0000000000000000     
   0.0000000000000000     
   0.0000000000000000     
   0.0000000000000000     
   0.0000000000000000     
   0.0000000000000000     
   0.0000000000000000     
   0.0000000000000000     
   0.0000000000000000     
   0.0000000000000000     
   0.0000000000000000     
   0.0000000000000000     
   0.0000000000000000     
   0.0000000000000000     
   0.0000000000000000     
   0.0000000000000000     
   0.0000000000000000     
   0.0000000000000000     
   0.0000000000000000     
   0.0000000000000000     
   0.0000000000000000     
   0.0000000000000000     
   0.0000000000000000     
   0.0000000000000000     
   0.0000000000000000     
   0.0000000000000000     
   0.0000000000000000     
   0.0000000000000000     
   0.0000000000000000     
   0.0000000000000000     
   0.0000000000000000     
   0.0000000000000000     
   0.0000000000000000     
   0.0000000000000000     
   0.0000000000000000     
   0.0000000000000000     
   0.0000000000000000     
   0.0000000000000000     
   0.0000000000000000     
   0.0000000000000000     
   0.0000000000000000     
   0.0000000000000000     
   0.0000000000000000     
   0.0000000000000000     
   0.0000000000000000     
   0.0000000000000000     
   0.0000000000000000     
   0.0000000000000000     
   0.0000000000000000     
   0.0000000000000000     
   0.0000000000000000     
   0.0000000000000000     
   0.0000000000000000     
   0.0000000000000000     
   0.0000000000000000     
   0.0000000000000000     
   0.0000000000000000     
   0.0000000000000000     
   0.0000000000000000     
   0.0000000000000000     
   0.0000000000000000     
   0.0000000000000000     
   0.0000000000000000     
   0.0000000000000000     
   0.0000000000000000     
   0.0000000000000000     
   0.0000000000000000     
   0.0000000000000000     
   0.0000000000000000     
   0.0000000000000000     
   0.0000000000000000     
   0.0000000000000000     
   0.0000000000000000     
   0.0000000000000000     
   0.0000000000000000     
   0.0000000000000000     
   0.0000000000000000     
   0.0000000000000000     
   0.0000000000000000     
   0.0000000000000000     
   0.0000000000000000     
   0.0000000000000000     
   0.0000000000000000     
   0.0000000000000000     
   0.0000000000000000     
   0.0000000000000000     
   0.0000000000000000     
   0.0000000000000000     
   0.0000000000000000     
   0.0000000000000000     
   0.0000000000000000     
   0.0000000000000000     
   0.0000000000000000     
   0.0000000000000000     
   0.0000000000000000     
   0.0000000000000000     
   0.0000000000000000     
   0.0000000000000000     
   0.0000000000000000     
   0.0000000000000000     
   0.0000000000000000     
   0.0000000000000000     
   0.0000000000000000     
   0.0000000000000000     
   0.0000000000000000     
   0.0000000000000000     
   0.0000000000000000     
   0.0000000000000000     
   0.0000000000000000     
   0.0000000000000000     
   0.0000000000000000     
   0.0000000000000000     
   0.0000000000000000     
   0.0000000000000000     
   0.0000000000000000     
   0.0000000000000000     
   0.0000000000000000     
   0.0000000000000000     
   0.0000000000000000     
   0.0000000000000000     
   0.0000000000000000     
   0.0000000000000000     
   0.0000000000000000     
   0.0000000000000000     
   0.0000000000000000     
   0.0000000000000000     
   0.0000000000000000     
   0.0000000000000000     
   0.0000000000000000     
   0.0000000000000000     
   0.0000000000000000     
   0.0000000000000000     
   0.0000000000000000     
   0.0000000000000000     
   0.0000000000000000     
   0.0000000000000000     
   0.0000000000000000     
   0.0000000000000000     
   0.0000000000000000     
   0.0000000000000000     
   0.0000000000000000     
   0.0000000000000000     
   0.0000000000000000     
   0.0000000000000000     
   0.0000000000000000     
   0.0000000000000000     
   0.0000000000000000     
   0.0000000000000000     
   0.0000000000000000     
   0.0000000000000000     
   0.0000000000000000     
   0.0000000000000000     
   0.0000000000000000     
   0.0000000000000000     
   0.0000000000000000     
   0.0000000000000000     
   0.0000000000000000     
   0.0000000000000000     
   0.0000000000000000     
   0.0000000000000000     
   0.0000000000000000     
   0.0000000000000000     
   0.0000000000000000     
   0.0000000000000000     
   0.0000000000000000     
   0.0000000000000000     
   0.0000000000000000     
   0.0000000000000000     
   0.0000000000000000     
   0.0000000000000000     
   0.0000000000000000     
   0.0000000000000000     
   0.0000000000000000     
   0.0000000000000000     
   0.0000000000000000     
   0.0000000000000000     
   0.0000000000000000     
   0.0000000000000000     
   0.0000000000000000     
   0.0000000000000000     
   0.0000000000000000     
   0.0000000000000000     
   0.0000000000000000     
   0.0000000000000000     
   0.0000000000000000     
   0.0000000000000000     
   0.0000000000000000     
   0.0000000000000000     
   0.0000000000000000     
   0.0000000000000000     
   0.0000000000000000     
   0.0000000000000000     
   0.0000000000000000     
   0.0000000000000000     
   0.0000000000000000     
   0.0000000000000000     
   0.0000000000000000     
   0.0000000000000000     
   0.0000000000000000     
   0.0000000000000000     
   0.0000000000000000     
   0.0000000000000000     
   0.0000000000000000     
   0.0000000000000000     
   0.0000000000000000     
   0.0000000000000000     
   0.0000000000000000     
   0.0000000000000000     
   0.0000000000000000     
   0.0000000000000000     
   0.0000000000000000     
   0.0000000000000000     
   0.0000000000000000     
   0.0000000000000000     
   0.0000000000000000     
   0.0000000000000000     
   0.0000000000000000     
   0.0000000000000000     
   0.0000000000000000     
   0.0000000000000000     
   0.0000000000000000     
   0.0000000000000000     
   0.0000000000000000     
   0.0000000000000000     
   0.0000000000000000     
   0.0000000000000000     
   0.0000000000000000     
   0.0000000000000000     
   0.0000000000000000     
   0.0000000000000000     
   0.0000000000000000     
   0.0000000000000000     
   0.0000000000000000     
   0.0000000000000000     
   0.0000000000000000     
   0.0000000000000000     
   0.0000000000000000     
   0.0000000000000000     
   0.0000000000000000     
   0.0000000000000000     
   0.0000000000000000     
   0.0000000000000000     
   0.0000000000000000     
   0.0000000000000000     
   0.0000000000000000     
   0.0000000000000000     
   0.0000000000000000     
   0.0000000000000000     
   0.0000000000000000     
   0.0000000000000000     
   0.0000000000000000     
   0.0000000000000000     
   0.0000000000000000     
   0.0000000000000000     
   0.0000000000000000     
   0.0000000000000000     
   0.0000000000000000     
   0.0000000000000000     
   0.0000000000000000     
   0.0000000000000000     
   0.0000000000000000     
   0.0000000000000000     
   0.0000000000000000     
   0.0000000000000000     
   0.0000000000000000     
   0.0000000000000000     
   0.0000000000000000     
   0.0000000000000000     
   0.0000000000000000     
   0.0000000000000000     
   0.0000000000000000     
   0.0000000000000000     
   0.0000000000000000     
   0.0000000000000000     
   0.0000000000000000     
   0.0000000000000000     
   0.0000000000000000     
   0.0000000000000000     
   0.0000000000000000     
   0.0000000000000000     
   0.0000000000000000     
   0.0000000000000000     
   0.0000000000000000     
   0.0000000000000000     
   0.0000000000000000     
   0.0000000000000000     
   0.0000000000000000     
   0.0000000000000000     
   0.0000000000000000     
   0.0000000000000000     
   0.0000000000000000     
   0.0000000000000000     
   0.0000000000000000     
   0.0000000000000000     
   0.0000000000000000     
   0.0000000000000000     
   0.0000000000000000     
   0.0000000000000000     
   0.0000000000000000     
   0.0000000000000000     
   0.0000000000000000     
   0.0000000000000000     
   0.0000000000000000     
   0.0000000000000000     
   0.0000000000000000     
   0.0000000000000000     
   0.0000000000000000     
   0.0000000000000000     
   0.0000000000000000     
   0.0000000000000000     
   0.0000000000000000     
   0.0000000000000000     
   0.0000000000000000     
   0.0000000000000000     
   0.0000000000000000     
   0.0000000000000000     
   0.0000000000000000     
   0.0000000000000000     
   0.0000000000000000     
   0.0000000000000000     
   0.0000000000000000     
   0.0000000000000000     
   0.0000000000000000     
   0.0000000000000000     
   0.0000000000000000     
   0.0000000000000000     
   0.0000000000000000     
   0.0000000000000000     
   0.0000000000000000     
   0.0000000000000000     
   0.0000000000000000     
   0.0000000000000000     
   0.0000000000000000     
   0.0000000000000000     
   0.0000000000000000     
   0.0000000000000000     
   0.0000000000000000     
   0.0000000000000000     
   0.0000000000000000     
   0.0000000000000000     
   0.0000000000000000     
   0.0000000000000000     
   0.0000000000000000     
   0.0000000000000000     
   0.0000000000000000     
   0.0000000000000000     
   0.0000000000000000     
   0.0000000000000000     
   0.0000000000000000     
   0.0000000000000000     
   0.0000000000000000     
   0.0000000000000000     
   0.0000000000000000     
   0.0000000000000000     
   0.0000000000000000     
   0.0000000000000000     
   0.0000000000000000     
   0.0000000000000000     
   0.0000000000000000     
   0.0000000000000000     
   0.0000000000000000     
   0.0000000000000000     
   0.0000000000000000     
   0.0000000000000000     
   0.0000000000000000     
   0.0000000000000000     
   0.0000000000000000     
   0.0000000000000000     
   0.0000000000000000     
   0.0000000000000000     
   0.0000000000000000     
   0.0000000000000000     
   0.0000000000000000     
   0.0000000000000000     
   0.0000000000000000     
   0.0000000000000000     
   0.0000000000000000     
   0.0000000000000000     
   0.0000000000000000     
   0.0000000000000000     
   0.0000000000000000     
   0.0000000000000000     
   0.0000000000000000     
   0.0000000000000000     
   0.0000000000000000     
   0.0000000000000000     
   0.0000000000000000     
   0.0000000000000000     
   0.0000000000000000     
   0.0000000000000000     
   0.0000000000000000     
   0.0000000000000000     
   0.0000000000000000     
   0.0000000000000000     
   0.0000000000000000     
   0.0000000000000000     
   0.0000000000000000     
   0.0000000000000000     
   0.0000000000000000     
   0.0000000000000000     
   0.0000000000000000     
   0.0000000000000000     
   0.0000000000000000     
   0.0000000000000000     
   0.0000000000000000     
   0.0000000000000000     
   0.0000000000000000     
   0.0000000000000000     
   0.0000000000000000     
   0.0000000000000000     
   0.0000000000000000     
   0.0000000000000000     
   0.0000000000000000     
   0.0000000000000000     
   0.0000000000000000     
   0.0000000000000000     
   0.0000000000000000     
   0.0000000000000000     
   0.0000000000000000     
   0.0000000000000000     
   0.0000000000000000     
   0.0000000000000000     
   0.0000000000000000     
   0.0000000000000000     
   0.0000000000000000     
   0.0000000000000000     
   0.0000000000000000     
   0.0000000000000000     
   0.0000000000000000     
   0.0000000000000000     
   0.0000000000000000     
   0.0000000000000000     
   0.0000000000000000     
   0.0000000000000000     
   0.0000000000000000     
   0.0000000000000000     
   0.0000000000000000     
   0.0000000000000000     
   0.0000000000000000     
   0.0000000000000000     
   0.0000000000000000     
   0.0000000000000000     
   0.0000000000000000     
   0.0000000000000000     
   0.0000000000000000     
   0.0000000000000000     
   0.0000000000000000     
   0.0000000000000000     
   0.0000000000000000     
   0.0000000000000000     
   0.0000000000000000     
   0.0000000000000000     
   0.0000000000000000     
   0.0000000000000000     
   0.0000000000000000     
   0.0000000000000000     
   0.0000000000000000     
   0.0000000000000000     
   0.0000000000000000     
   0.0000000000000000     
   0.0000000000000000     
   0.0000000000000000     
   0.0000000000000000     
   0.0000000000000000     
   0.0000000000000000     
   0.0000000000000000     
   0.0000000000000000     
   0.0000000000000000     
   0.0000000000000000     
   0.0000000000000000     
   0.0000000000000000     
   0.0000000000000000     
   0.0000000000000000     
   0.0000000000000000     
   0.0000000000000000     
   0.0000000000000000     
   0.0000000000000000     
   0.0000000000000000     
   0.0000000000000000     
   0.0000000000000000     
   0.0000000000000000     
   0.0000000000000000     
   0.0000000000000000     
   0.0000000000000000     
   0.0000000000000000     
   0.0000000000000000     
   0.0000000000000000     
   0.0000000000000000     
   0.0000000000000000     
   0.0000000000000000     
   0.0000000000000000     
   0.0000000000000000     
   0.0000000000000000     
   0.0000000000000000     
   0.0000000000000000     
   0.0000000000000000     
   0.0000000000000000     
   0.0000000000000000     
   0.0000000000000000     
   0.0000000000000000     
   0.0000000000000000     
   0.0000000000000000     
   0.0000000000000000     
   0.0000000000000000     
   0.0000000000000000     
   0.0000000000000000     
   0.0000000000000000     
   0.0000000000000000     
   0.0000000000000000     
   0.0000000000000000     
   0.0000000000000000     
   0.0000000000000000     
   0.0000000000000000     
   0.0000000000000000     
   0.0000000000000000     
   0.0000000000000000     
   0.0000000000000000     
   0.0000000000000000     
   0.0000000000000000     
   0.0000000000000000     
   0.0000000000000000     
   0.0000000000000000     
   0.0000000000000000     
   0.0000000000000000     
   0.0000000000000000     
   0.0000000000000000     
   0.0000000000000000     
   0.0000000000000000     
   0.0000000000000000     
   0.0000000000000000     
   0.0000000000000000     
   0.0000000000000000     
   0.0000000000000000     
   0.0000000000000000     
   0.0000000000000000     
   0.0000000000000000     
   0.0000000000000000     
   0.0000000000000000     
   0.0000000000000000     
   0.0000000000000000     
   0.0000000000000000     
   0.0000000000000000     
   0.0000000000000000     
   0.0000000000000000     
   0.0000000000000000     
   0.0000000000000000     
   0.0000000000000000     
   0.0000000000000000     
   0.0000000000000000     
   0.0000000000000000     
   0.0000000000000000     
   0.0000000000000000     
   0.0000000000000000     
   0.0000000000000000     
   0.0000000000000000     
   0.0000000000000000     
   0.0000000000000000     
   0.0000000000000000     
   0.0000000000000000     
   0.0000000000000000     
   0.0000000000000000     
   0.0000000000000000     
   0.0000000000000000     
   0.0000000000000000     
   0.0000000000000000     
   0.0000000000000000     
   0.0000000000000000     
   0.0000000000000000     
   0.0000000000000000     
   0.0000000000000000     
   0.0000000000000000     
   0.0000000000000000     
   0.0000000000000000     
   0.0000000000000000     
   0.0000000000000000     
   0.0000000000000000     
   0.0000000000000000     
   0.0000000000000000     
   0.0000000000000000     
   0.0000000000000000     
   0.0000000000000000     
   0.0000000000000000     
   0.0000000000000000     
   0.0000000000000000     
   0.0000000000000000     
   0.0000000000000000     
   0.0000000000000000     
   0.0000000000000000     
   0.0000000000000000     
   0.0000000000000000     
   0.0000000000000000     
   0.0000000000000000     
   0.0000000000000000     
   0.0000000000000000     
   0.0000000000000000     
   0.0000000000000000     
   0.0000000000000000     
   0.0000000000000000     
   0.0000000000000000     
   0.0000000000000000     
   0.0000000000000000     
   0.0000000000000000     
   0.0000000000000000     
   0.0000000000000000     
   0.0000000000000000     
   0.0000000000000000     
   0.0000000000000000     
   0.0000000000000000     
   0.0000000000000000     
   0.0000000000000000     
   0.0000000000000000     
   0.0000000000000000     
   0.0000000000000000     
   0.0000000000000000     
   0.0000000000000000     
   0.0000000000000000     
   0.0000000000000000     
   0.0000000000000000     
   0.0000000000000000     
   0.0000000000000000     
   0.0000000000000000     
   0.0000000000000000     
   0.0000000000000000     
   0.0000000000000000     
   0.0000000000000000     
   0.0000000000000000     
   0.0000000000000000     
   0.0000000000000000     
   0.0000000000000000     
   0.0000000000000000     
   0.0000000000000000     
   0.0000000000000000     
   0.0000000000000000     
   0.0000000000000000     
   0.0000000000000000     
   0.0000000000000000     
   0.0000000000000000     
   0.0000000000000000     
   0.0000000000000000     
   0.0000000000000000     
   0.0000000000000000     
   0.0000000000000000     
   0.0000000000000000     
   0.0000000000000000     
   0.0000000000000000     
   0.0000000000000000     
   0.0000000000000000     
   0.0000000000000000     
   0.0000000000000000     
   0.0000000000000000     
   0.0000000000000000     
   0.0000000000000000     
   0.0000000000000000     
   0.0000000000000000     
   0.0000000000000000     
   0.0000000000000000     
   0.0000000000000000     
   0.0000000000000000     
   0.0000000000000000     
   0.0000000000000000     
   0.0000000000000000     
   0.0000000000000000     
   0.0000000000000000     
   0.0000000000000000     
   0.0000000000000000     
   0.0000000000000000     
   0.0000000000000000     
   0.0000000000000000     
   0.0000000000000000     
   0.0000000000000000     
   0.0000000000000000     
   0.0000000000000000     
   0.0000000000000000     
   0.0000000000000000     
   0.0000000000000000     
   0.0000000000000000     
   0.0000000000000000     
   0.0000000000000000     
   0.0000000000000000     
   0.0000000000000000     
   0.0000000000000000     
   0.0000000000000000     
   0.0000000000000000     
   0.0000000000000000     
   0.0000000000000000     
   0.0000000000000000     
   0.0000000000000000     
   0.0000000000000000     
   0.0000000000000000     
   0.0000000000000000     
   0.0000000000000000     
   0.0000000000000000     
   0.0000000000000000     
   0.0000000000000000     
   0.0000000000000000     
   0.0000000000000000     
   0.0000000000000000     
   0.0000000000000000     
   0.0000000000000000     
   0.0000000000000000     
   0.0000000000000000     
   0.0000000000000000     
   0.0000000000000000     
   0.0000000000000000     
   0.0000000000000000     
   0.0000000000000000     
   0.0000000000000000     
   0.0000000000000000     
   0.0000000000000000     
   0.0000000000000000     
   0.0000000000000000     
   0.0000000000000000     
   0.0000000000000000     
   0.0000000000000000     
   0.0000000000000000     
   0.0000000000000000     
   0.0000000000000000     
   0.0000000000000000     
   0.0000000000000000     
   0.0000000000000000     
   0.0000000000000000     
   0.0000000000000000     
   0.0000000000000000     
   0.0000000000000000     
   0.0000000000000000     
   0.0000000000000000     
   0.0000000000000000     
   0.0000000000000000     
   0.0000000000000000     
   0.0000000000000000     
   0.0000000000000000     
   0.0000000000000000     
   0.0000000000000000     
   0.0000000000000000     
   0.0000000000000000     
   0.0000000000000000     
   0.0000000000000000     
   0.0000000000000000     
   0.0000000000000000     
   0.0000000000000000     
   0.0000000000000000     
   0.0000000000000000     
   0.0000000000000000     
   0.0000000000000000     
   0.0000000000000000     
   0.0000000000000000     
   0.0000000000000000     
   0.0000000000000000     
   0.0000000000000000     
   0.0000000000000000     
   0.0000000000000000     
   0.0000000000000000     
   0.0000000000000000     
   0.0000000000000000     
   0.0000000000000000     
   0.0000000000000000     
   0.0000000000000000     
   0.0000000000000000     
   0.0000000000000000     
   0.0000000000000000     
   0.0000000000000000     
   0.0000000000000000     
   0.0000000000000000     
   0.0000000000000000     
   0.0000000000000000     
   0.0000000000000000     
   0.0000000000000000     
   0.0000000000000000     
   0.0000000000000000     
   0.0000000000000000     
   0.0000000000000000     
   0.0000000000000000     
   0.0000000000000000     
   0.0000000000000000     
   0.0000000000000000     
   0.0000000000000000     
   0.0000000000000000     
   0.0000000000000000     
   0.0000000000000000     
   0.0000000000000000     
   0.0000000000000000     
   0.0000000000000000     
   0.0000000000000000     
   0.0000000000000000     
   0.0000000000000000     
   0.0000000000000000     
   0.0000000000000000     
   0.0000000000000000     
   0.0000000000000000     
   0.0000000000000000     
   0.0000000000000000     
   0.0000000000000000     
   0.0000000000000000     
   0.0000000000000000     
   0.0000000000000000     
   0.0000000000000000     
   0.0000000000000000     
   0.0000000000000000     
   0.0000000000000000     
   0.0000000000000000     
   0.0000000000000000     
   0.0000000000000000     
   0.0000000000000000     
   0.0000000000000000     
   0.0000000000000000     
   0.0000000000000000     
   0.0000000000000000     
   0.0000000000000000     
   0.0000000000000000     
   0.0000000000000000     
   0.0000000000000000     
   0.0000000000000000     
   0.0000000000000000     
   0.0000000000000000     
   0.0000000000000000     
   0.0000000000000000     
   0.0000000000000000     
   0.0000000000000000     
   0.0000000000000000     
   0.0000000000000000     
   0.0000000000000000     
   0.0000000000000000     
   0.0000000000000000     
   0.0000000000000000     
   0.0000000000000000     
   0.0000000000000000     
   0.0000000000000000     
   0.0000000000000000     
   0.0000000000000000     
   0.0000000000000000     
   0.0000000000000000     
   0.0000000000000000     
   0.0000000000000000     
   0.0000000000000000     
   0.0000000000000000     
   0.0000000000000000     
   0.0000000000000000     
   0.0000000000000000     
   0.0000000000000000     
   0.0000000000000000     
   0.0000000000000000     
   0.0000000000000000     
   0.0000000000000000     
   0.0000000000000000     
   0.0000000000000000     
   0.0000000000000000     
   0.0000000000000000     
   0.0000000000000000     
   0.0000000000000000     
   0.0000000000000000     
   0.0000000000000000     
   0.0000000000000000     
   0.0000000000000000     
   0.0000000000000000     
   0.0000000000000000     
   0.0000000000000000     
   0.0000000000000000     
   0.0000000000000000     
   0.0000000000000000     
   0.0000000000000000     
   0.0000000000000000     
   0.0000000000000000     
   0.0000000000000000     
   0.0000000000000000     
   0.0000000000000000     
   0.0000000000000000     
   0.0000000000000000     
   0.0000000000000000     
   0.0000000000000000     
   0.0000000000000000     
   0.0000000000000000     
   0.0000000000000000     
   0.0000000000000000     
   0.0000000000000000     
   0.0000000000000000     
   0.0000000000000000     
   0.0000000000000000     
   0.0000000000000000     
   0.0000000000000000     
   0.0000000000000000     
   0.0000000000000000     
   0.0000000000000000     
   0.0000000000000000     
   0.0000000000000000     
   0.0000000000000000     
   0.0000000000000000     
   0.0000000000000000     
   0.0000000000000000     
   0.0000000000000000     
   0.0000000000000000     
   0.0000000000000000     
   0.0000000000000000     
   0.0000000000000000     
   0.0000000000000000     
   0.0000000000000000     
   0.0000000000000000     
   0.0000000000000000     
   0.0000000000000000     
   0.0000000000000000     
   0.0000000000000000     
   0.0000000000000000     
   0.0000000000000000     
   0.0000000000000000     
   0.0000000000000000     
   0.0000000000000000     
   0.0000000000000000     
   0.0000000000000000     
   0.0000000000000000     
   0.0000000000000000     
   0.0000000000000000     
   0.0000000000000000     
   0.0000000000000000     
   0.0000000000000000     
   0.0000000000000000     
   0.0000000000000000     
   0.0000000000000000     
   0.0000000000000000     
   0.0000000000000000     
   0.0000000000000000     
   0.0000000000000000     
   0.0000000000000000     
   0.0000000000000000     
   0.0000000000000000     
   0.0000000000000000     
   0.0000000000000000     
   0.0000000000000000     
   0.0000000000000000     
   0.0000000000000000     
   0.0000000000000000     
   0.0000000000000000     
   0.0000000000000000     
   0.0000000000000000     
   0.0000000000000000     
   0.0000000000000000     
   0.0000000000000000     
   0.0000000000000000     
   0.0000000000000000     
   0.0000000000000000     
   0.0000000000000000     
   0.0000000000000000     
   0.0000000000000000     
   0.0000000000000000     
   0.0000000000000000     
   0.0000000000000000     
   0.0000000000000000     
   0.0000000000000000     
   0.0000000000000000     
   0.0000000000000000     
   0.0000000000000000     
   0.0000000000000000     
   0.0000000000000000     
   0.0000000000000000     
   0.0000000000000000     
   0.0000000000000000     
   0.0000000000000000     
   0.0000000000000000     
   0.0000000000000000     
   0.0000000000000000     
   0.0000000000000000     
   0.0000000000000000     
   0.0000000000000000     
   0.0000000000000000     
   0.0000000000000000     
   0.0000000000000000     
   0.0000000000000000     
   0.0000000000000000     
   0.0000000000000000     
   0.0000000000000000     
   0.0000000000000000     
   0.0000000000000000     
   0.0000000000000000     
   0.0000000000000000     
   0.0000000000000000     
   0.0000000000000000     
   0.0000000000000000     
   0.0000000000000000     
   0.0000000000000000     
   0.0000000000000000     
   0.0000000000000000     
   0.0000000000000000     
   0.0000000000000000     
   0.0000000000000000     
   0.0000000000000000     
   0.0000000000000000     
   0.0000000000000000     
   0.0000000000000000     
   0.0000000000000000     
   0.0000000000000000     
   0.0000000000000000     
   0.0000000000000000     
   0.0000000000000000     
   0.0000000000000000     
   0.0000000000000000     
   0.0000000000000000     
   0.0000000000000000     
   0.0000000000000000     
   0.0000000000000000     
   0.0000000000000000     
   0.0000000000000000     
   0.0000000000000000     
   0.0000000000000000     
   0.0000000000000000     
   0.0000000000000000     
   0.0000000000000000     
   0.0000000000000000     
   0.0000000000000000     
   0.0000000000000000     
   0.0000000000000000     
   0.0000000000000000     
   0.0000000000000000     
   0.0000000000000000     
   0.0000000000000000     
   0.0000000000000000     
   0.0000000000000000     
   0.0000000000000000     
   0.0000000000000000     
   0.0000000000000000     
   0.0000000000000000     
   0.0000000000000000     
   0.0000000000000000     
   0.0000000000000000     
   0.0000000000000000     
   0.0000000000000000     
   0.0000000000000000     
   0.0000000000000000     
   0.0000000000000000     
   0.0000000000000000     
   0.0000000000000000     
   0.0000000000000000     
   0.0000000000000000     
   0.0000000000000000     
   0.0000000000000000     
   0.0000000000000000     
   0.0000000000000000     
   0.0000000000000000     
   0.0000000000000000     
   0.0000000000000000     
   0.0000000000000000     
   0.0000000000000000     
   0.0000000000000000     
   0.0000000000000000     
   0.0000000000000000     
   0.0000000000000000     
   0.0000000000000000     
   0.0000000000000000     
   0.0000000000000000     
   0.0000000000000000     
   0.0000000000000000     
   0.0000000000000000     
   0.0000000000000000     
   0.0000000000000000     
   0.0000000000000000     
   0.0000000000000000     
   0.0000000000000000     
   0.0000000000000000     
   0.0000000000000000     
   0.0000000000000000     
   0.0000000000000000     
   0.0000000000000000     
   0.0000000000000000     
   0.0000000000000000     
   0.0000000000000000     
   0.0000000000000000     
   0.0000000000000000     
   0.0000000000000000     
   0.0000000000000000     
   0.0000000000000000     
   0.0000000000000000     
   0.0000000000000000     
   0.0000000000000000     
   0.0000000000000000     
   0.0000000000000000     
   0.0000000000000000     
   0.0000000000000000     
   0.0000000000000000     
   0.0000000000000000     
   0.0000000000000000     
   0.0000000000000000     
   0.0000000000000000     
   0.0000000000000000     
   0.0000000000000000     
   0.0000000000000000     
   0.0000000000000000     
   0.0000000000000000     
   0.0000000000000000     
   0.0000000000000000     
   0.0000000000000000     
   0.0000000000000000     
   0.0000000000000000     
   0.0000000000000000     
   0.0000000000000000     
   0.0000000000000000     
   0.0000000000000000     
   0.0000000000000000     
   0.0000000000000000     
   0.0000000000000000     
   0.0000000000000000     
   0.0000000000000000     
   0.0000000000000000     
   0.0000000000000000     
   0.0000000000000000     
   0.0000000000000000     
   0.0000000000000000     
   0.0000000000000000     
   0.0000000000000000     
   0.0000000000000000     
   0.0000000000000000     
   0.0000000000000000     
   0.0000000000000000     
   0.0000000000000000     
   0.0000000000000000     
   0.0000000000000000     
   0.0000000000000000     
   0.0000000000000000     
   0.0000000000000000     
   0.0000000000000000     
   0.0000000000000000     
   0.0000000000000000     
   0.0000000000000000     
   0.0000000000000000     
   0.0000000000000000     
   0.0000000000000000     
   0.0000000000000000     
   0.0000000000000000     
   0.0000000000000000     
   0.0000000000000000     
   0.0000000000000000     
   0.0000000000000000     
   0.0000000000000000     
   0.0000000000000000     
   0.0000000000000000     
   0.0000000000000000     
   0.0000000000000000     
   0.0000000000000000     
   0.0000000000000000     
   0.0000000000000000     
   0.0000000000000000     
   0.0000000000000000     
   0.0000000000000000     
   0.0000000000000000     
   0.0000000000000000     
   0.0000000000000000     
   0.0000000000000000     
   0.0000000000000000     
   0.0000000000000000     
   0.0000000000000000     
   0.0000000000000000     
   0.0000000000000000     
   0.0000000000000000     
   0.0000000000000000     
   0.0000000000000000     
   0.0000000000000000     
   0.0000000000000000     
   0.0000000000000000     
   0.0000000000000000     
   0.0000000000000000     
   0.0000000000000000     
   0.0000000000000000     
   0.0000000000000000     
   0.0000000000000000     
   0.0000000000000000     
   0.0000000000000000     
   0.0000000000000000     
   0.0000000000000000     
   0.0000000000000000     
   0.0000000000000000     
   0.0000000000000000     
   0.0000000000000000     
   0.0000000000000000     
   0.0000000000000000     
   0.0000000000000000     
   0.0000000000000000     
   0.0000000000000000     
   0.0000000000000000     
   0.0000000000000000     
   0.0000000000000000     
   0.0000000000000000     
   0.0000000000000000     
   0.0000000000000000     
   0.0000000000000000     
   0.0000000000000000     
   0.0000000000000000     
   0.0000000000000000     
   0.0000000000000000     
   0.0000000000000000     
   0.0000000000000000     
   0.0000000000000000     
   0.0000000000000000     
   0.0000000000000000     
   0.0000000000000000     
   0.0000000000000000     
   0.0000000000000000     
   0.0000000000000000     
   0.0000000000000000     
   0.0000000000000000     
   0.0000000000000000     
   0.0000000000000000     
   0.0000000000000000     
   0.0000000000000000     
   0.0000000000000000     
   0.0000000000000000     
   0.0000000000000000     
   0.0000000000000000     
   0.0000000000000000     
   0.0000000000000000     
   0.0000000000000000     
   0.0000000000000000     
   0.0000000000000000     
   0.0000000000000000     
   0.0000000000000000     
  
