           1
         150         150
           1
   29920000000000.000        29920000000000.000     
 0.22000000000000E+01
  
   0.0000000000000000     
   0.0000000000000000     
   0.0000000000000000     
   0.0000000000000000     
   0.0000000000000000     
   0.0000000000000000     
   0.0000000000000000     
   0.0000000000000000     
   0.0000000000000000     
   0.0000000000000000     
   0.0000000000000000     
   0.0000000000000000     
   0.0000000000000000     
   0.0000000000000000     
   0.0000000000000000     
   0.0000000000000000     
   0.0000000000000000     
   0.0000000000000000     
   0.0000000000000000     
   0.0000000000000000     
   0.0000000000000000     
   0.0000000000000000     
   0.0000000000000000     
   0.0000000000000000     
   0.0000000000000000     
   0.0000000000000000     
   0.0000000000000000     
   0.0000000000000000     
   0.0000000000000000     
   0.0000000000000000     
   0.0000000000000000     
   0.0000000000000000     
   0.0000000000000000     
   0.0000000000000000     
   0.0000000000000000     
   0.0000000000000000     
   0.0000000000000000     
   0.0000000000000000     
   0.0000000000000000     
   0.0000000000000000     
   0.0000000000000000     
   0.0000000000000000     
   0.0000000000000000     
   0.0000000000000000     
   0.0000000000000000     
   0.0000000000000000     
   0.0000000000000000     
   0.0000000000000000     
   0.0000000000000000     
   0.0000000000000000     
   0.0000000000000000     
   0.0000000000000000     
   0.0000000000000000     
   0.0000000000000000     
   0.0000000000000000     
   0.0000000000000000     
   0.0000000000000000     
   0.0000000000000000     
   0.0000000000000000     
   0.0000000000000000     
   0.0000000000000000     
   0.0000000000000000     
   0.0000000000000000     
   0.0000000000000000     
   0.0000000000000000     
   0.0000000000000000     
   0.0000000000000000     
   0.0000000000000000     
   0.0000000000000000     
   0.0000000000000000     
   0.0000000000000000     
   0.0000000000000000     
   0.0000000000000000     
   0.0000000000000000     
   0.0000000000000000     
   0.0000000000000000     
   0.0000000000000000     
   0.0000000000000000     
   0.0000000000000000     
   0.0000000000000000     
   0.0000000000000000     
   0.0000000000000000     
   0.0000000000000000     
   0.0000000000000000     
   0.0000000000000000     
   0.0000000000000000     
   0.0000000000000000     
   0.0000000000000000     
   0.0000000000000000     
   0.0000000000000000     
   0.0000000000000000     
   0.0000000000000000     
   0.0000000000000000     
   0.0000000000000000     
   0.0000000000000000     
   0.0000000000000000     
   0.0000000000000000     
   0.0000000000000000     
   0.0000000000000000     
   0.0000000000000000     
   0.0000000000000000     
   0.0000000000000000     
   0.0000000000000000     
   0.0000000000000000     
   0.0000000000000000     
   0.0000000000000000     
   0.0000000000000000     
   0.0000000000000000     
   0.0000000000000000     
   0.0000000000000000     
   0.0000000000000000     
   0.0000000000000000     
   0.0000000000000000     
   0.0000000000000000     
   0.0000000000000000     
   0.0000000000000000     
   0.0000000000000000     
   0.0000000000000000     
   0.0000000000000000     
   0.0000000000000000     
   0.0000000000000000     
   0.0000000000000000     
   0.0000000000000000     
   0.0000000000000000     
   0.0000000000000000     
   0.0000000000000000     
   0.0000000000000000     
   0.0000000000000000     
   0.0000000000000000     
   0.0000000000000000     
   0.0000000000000000     
   0.0000000000000000     
   0.0000000000000000     
   0.0000000000000000     
   0.0000000000000000     
   0.0000000000000000     
   0.0000000000000000     
   0.0000000000000000     
   0.0000000000000000     
   0.0000000000000000     
   0.0000000000000000     
   0.0000000000000000     
   0.0000000000000000     
   0.0000000000000000     
   0.0000000000000000     
   0.0000000000000000     
   0.0000000000000000     
   0.0000000000000000     
   0.0000000000000000     
   0.0000000000000000     
   0.0000000000000000     
   0.0000000000000000     
   0.0000000000000000     
   0.0000000000000000     
   0.0000000000000000     
   0.0000000000000000     
   0.0000000000000000     
   0.0000000000000000     
   0.0000000000000000     
   0.0000000000000000     
   0.0000000000000000     
   0.0000000000000000     
   0.0000000000000000     
   0.0000000000000000     
   0.0000000000000000     
   0.0000000000000000     
   0.0000000000000000     
   0.0000000000000000     
   0.0000000000000000     
   0.0000000000000000     
   0.0000000000000000     
   0.0000000000000000     
   0.0000000000000000     
   0.0000000000000000     
   0.0000000000000000     
   0.0000000000000000     
   0.0000000000000000     
   0.0000000000000000     
   0.0000000000000000     
   0.0000000000000000     
   0.0000000000000000     
   0.0000000000000000     
   0.0000000000000000     
   0.0000000000000000     
   0.0000000000000000     
   0.0000000000000000     
   0.0000000000000000     
   0.0000000000000000     
   0.0000000000000000     
   0.0000000000000000     
   0.0000000000000000     
   0.0000000000000000     
   0.0000000000000000     
   0.0000000000000000     
   0.0000000000000000     
   0.0000000000000000     
   0.0000000000000000     
   0.0000000000000000     
   0.0000000000000000     
   0.0000000000000000     
   0.0000000000000000     
   0.0000000000000000     
   0.0000000000000000     
   0.0000000000000000     
   0.0000000000000000     
   0.0000000000000000     
   0.0000000000000000     
   0.0000000000000000     
   0.0000000000000000     
   0.0000000000000000     
   0.0000000000000000     
   0.0000000000000000     
   0.0000000000000000     
   0.0000000000000000     
   0.0000000000000000     
   0.0000000000000000     
   0.0000000000000000     
   0.0000000000000000     
   0.0000000000000000     
   0.0000000000000000     
   0.0000000000000000     
   0.0000000000000000     
   0.0000000000000000     
   0.0000000000000000     
   0.0000000000000000     
   0.0000000000000000     
   0.0000000000000000     
   0.0000000000000000     
   0.0000000000000000     
   0.0000000000000000     
   0.0000000000000000     
   0.0000000000000000     
   0.0000000000000000     
   0.0000000000000000     
   0.0000000000000000     
   0.0000000000000000     
   0.0000000000000000     
   0.0000000000000000     
   0.0000000000000000     
   0.0000000000000000     
   0.0000000000000000     
   0.0000000000000000     
   0.0000000000000000     
   0.0000000000000000     
   0.0000000000000000     
   0.0000000000000000     
   0.0000000000000000     
   0.0000000000000000     
   0.0000000000000000     
   0.0000000000000000     
   0.0000000000000000     
   0.0000000000000000     
   0.0000000000000000     
   0.0000000000000000     
   0.0000000000000000     
   0.0000000000000000     
   0.0000000000000000     
   0.0000000000000000     
   0.0000000000000000     
   0.0000000000000000     
   0.0000000000000000     
   0.0000000000000000     
   0.0000000000000000     
   0.0000000000000000     
   0.0000000000000000     
   0.0000000000000000     
   0.0000000000000000     
   0.0000000000000000     
   0.0000000000000000     
   0.0000000000000000     
   0.0000000000000000     
   0.0000000000000000     
   0.0000000000000000     
   0.0000000000000000     
   0.0000000000000000     
   0.0000000000000000     
   0.0000000000000000     
   0.0000000000000000     
   0.0000000000000000     
   0.0000000000000000     
   0.0000000000000000     
   0.0000000000000000     
   0.0000000000000000     
   0.0000000000000000     
   0.0000000000000000     
   0.0000000000000000     
   0.0000000000000000     
   0.0000000000000000     
   0.0000000000000000     
   0.0000000000000000     
   0.0000000000000000     
   0.0000000000000000     
   0.0000000000000000     
   0.0000000000000000     
   0.0000000000000000     
   0.0000000000000000     
   0.0000000000000000     
   0.0000000000000000     
   0.0000000000000000     
   0.0000000000000000     
   0.0000000000000000     
   0.0000000000000000     
   0.0000000000000000     
   0.0000000000000000     
   0.0000000000000000     
   0.0000000000000000     
   0.0000000000000000     
   0.0000000000000000     
   0.0000000000000000     
   0.0000000000000000     
   0.0000000000000000     
   0.0000000000000000     
   0.0000000000000000     
   0.0000000000000000     
   0.0000000000000000     
   0.0000000000000000     
   0.0000000000000000     
   0.0000000000000000     
   0.0000000000000000     
   0.0000000000000000     
   0.0000000000000000     
   0.0000000000000000     
   0.0000000000000000     
   0.0000000000000000     
   0.0000000000000000     
   0.0000000000000000     
   0.0000000000000000     
   0.0000000000000000     
   0.0000000000000000     
   0.0000000000000000     
   0.0000000000000000     
   0.0000000000000000     
   0.0000000000000000     
   0.0000000000000000     
   0.0000000000000000     
   0.0000000000000000     
   0.0000000000000000     
   0.0000000000000000     
   0.0000000000000000     
   0.0000000000000000     
   0.0000000000000000     
   0.0000000000000000     
   0.0000000000000000     
   0.0000000000000000     
   0.0000000000000000     
   0.0000000000000000     
   0.0000000000000000     
   0.0000000000000000     
   0.0000000000000000     
   0.0000000000000000     
   0.0000000000000000     
   0.0000000000000000     
   0.0000000000000000     
   0.0000000000000000     
   0.0000000000000000     
   0.0000000000000000     
   0.0000000000000000     
   0.0000000000000000     
   0.0000000000000000     
   0.0000000000000000     
   0.0000000000000000     
   0.0000000000000000     
   0.0000000000000000     
   0.0000000000000000     
   0.0000000000000000     
   0.0000000000000000     
   0.0000000000000000     
   0.0000000000000000     
   0.0000000000000000     
   0.0000000000000000     
   0.0000000000000000     
   0.0000000000000000     
   0.0000000000000000     
   0.0000000000000000     
   0.0000000000000000     
   0.0000000000000000     
   0.0000000000000000     
   0.0000000000000000     
   0.0000000000000000     
   0.0000000000000000     
   0.0000000000000000     
   0.0000000000000000     
   0.0000000000000000     
   0.0000000000000000     
   0.0000000000000000     
   0.0000000000000000     
   0.0000000000000000     
   0.0000000000000000     
   0.0000000000000000     
   0.0000000000000000     
   0.0000000000000000     
   0.0000000000000000     
   0.0000000000000000     
   0.0000000000000000     
   0.0000000000000000     
   0.0000000000000000     
   0.0000000000000000     
   0.0000000000000000     
   0.0000000000000000     
   0.0000000000000000     
   0.0000000000000000     
   0.0000000000000000     
   0.0000000000000000     
   0.0000000000000000     
   0.0000000000000000     
   0.0000000000000000     
   0.0000000000000000     
   0.0000000000000000     
   0.0000000000000000     
   0.0000000000000000     
   0.0000000000000000     
   0.0000000000000000     
   0.0000000000000000     
   0.0000000000000000     
   0.0000000000000000     
   0.0000000000000000     
   0.0000000000000000     
   0.0000000000000000     
   0.0000000000000000     
   0.0000000000000000     
   0.0000000000000000     
   0.0000000000000000     
   0.0000000000000000     
   0.0000000000000000     
   0.0000000000000000     
   0.0000000000000000     
   0.0000000000000000     
   0.0000000000000000     
   0.0000000000000000     
   0.0000000000000000     
   0.0000000000000000     
   0.0000000000000000     
   0.0000000000000000     
   0.0000000000000000     
   0.0000000000000000     
   0.0000000000000000     
   0.0000000000000000     
   0.0000000000000000     
   0.0000000000000000     
   0.0000000000000000     
   0.0000000000000000     
   0.0000000000000000     
   0.0000000000000000     
   0.0000000000000000     
   0.0000000000000000     
   0.0000000000000000     
   0.0000000000000000     
   0.0000000000000000     
   0.0000000000000000     
   0.0000000000000000     
   0.0000000000000000     
   0.0000000000000000     
   0.0000000000000000     
   0.0000000000000000     
   0.0000000000000000     
   0.0000000000000000     
   0.0000000000000000     
   0.0000000000000000     
   0.0000000000000000     
   0.0000000000000000     
   0.0000000000000000     
   0.0000000000000000     
   0.0000000000000000     
   0.0000000000000000     
   0.0000000000000000     
   0.0000000000000000     
   0.0000000000000000     
   0.0000000000000000     
   0.0000000000000000     
   0.0000000000000000     
   0.0000000000000000     
   0.0000000000000000     
   0.0000000000000000     
   0.0000000000000000     
   0.0000000000000000     
   0.0000000000000000     
   0.0000000000000000     
   0.0000000000000000     
   0.0000000000000000     
   0.0000000000000000     
   0.0000000000000000     
   0.0000000000000000     
   0.0000000000000000     
   0.0000000000000000     
   0.0000000000000000     
   0.0000000000000000     
   0.0000000000000000     
   0.0000000000000000     
   0.0000000000000000     
   0.0000000000000000     
   0.0000000000000000     
   0.0000000000000000     
   0.0000000000000000     
   0.0000000000000000     
   0.0000000000000000     
   0.0000000000000000     
   0.0000000000000000     
   0.0000000000000000     
   0.0000000000000000     
   0.0000000000000000     
   0.0000000000000000     
   0.0000000000000000     
   0.0000000000000000     
   0.0000000000000000     
   0.0000000000000000     
   0.0000000000000000     
   0.0000000000000000     
   0.0000000000000000     
   0.0000000000000000     
   0.0000000000000000     
   0.0000000000000000     
   0.0000000000000000     
   0.0000000000000000     
   0.0000000000000000     
   0.0000000000000000     
   0.0000000000000000     
   0.0000000000000000     
   0.0000000000000000     
   0.0000000000000000     
   0.0000000000000000     
   0.0000000000000000     
   0.0000000000000000     
   0.0000000000000000     
   0.0000000000000000     
   0.0000000000000000     
   0.0000000000000000     
   0.0000000000000000     
   0.0000000000000000     
   0.0000000000000000     
   0.0000000000000000     
   0.0000000000000000     
   0.0000000000000000     
   0.0000000000000000     
   0.0000000000000000     
   0.0000000000000000     
   0.0000000000000000     
   0.0000000000000000     
   0.0000000000000000     
   0.0000000000000000     
   0.0000000000000000     
   0.0000000000000000     
   0.0000000000000000     
   0.0000000000000000     
   0.0000000000000000     
   0.0000000000000000     
   0.0000000000000000     
   0.0000000000000000     
   0.0000000000000000     
   0.0000000000000000     
   0.0000000000000000     
   0.0000000000000000     
   0.0000000000000000     
   0.0000000000000000     
   0.0000000000000000     
   0.0000000000000000     
   0.0000000000000000     
   0.0000000000000000     
   0.0000000000000000     
   0.0000000000000000     
   0.0000000000000000     
   0.0000000000000000     
   0.0000000000000000     
   0.0000000000000000     
   0.0000000000000000     
   0.0000000000000000     
   0.0000000000000000     
   0.0000000000000000     
   0.0000000000000000     
   0.0000000000000000     
   0.0000000000000000     
   0.0000000000000000     
   0.0000000000000000     
   0.0000000000000000     
   0.0000000000000000     
   0.0000000000000000     
   0.0000000000000000     
   0.0000000000000000     
   0.0000000000000000     
   0.0000000000000000     
   0.0000000000000000     
   0.0000000000000000     
   0.0000000000000000     
   0.0000000000000000     
   0.0000000000000000     
   0.0000000000000000     
   0.0000000000000000     
   0.0000000000000000     
   0.0000000000000000     
   0.0000000000000000     
   0.0000000000000000     
   0.0000000000000000     
   0.0000000000000000     
   0.0000000000000000     
   0.0000000000000000     
   0.0000000000000000     
   0.0000000000000000     
   0.0000000000000000     
   0.0000000000000000     
   0.0000000000000000     
   0.0000000000000000     
   0.0000000000000000     
   0.0000000000000000     
   0.0000000000000000     
   0.0000000000000000     
   0.0000000000000000     
   0.0000000000000000     
   0.0000000000000000     
   0.0000000000000000     
   0.0000000000000000     
   0.0000000000000000     
   0.0000000000000000     
   0.0000000000000000     
   0.0000000000000000     
   0.0000000000000000     
   0.0000000000000000     
   0.0000000000000000     
   0.0000000000000000     
   0.0000000000000000     
   0.0000000000000000     
   0.0000000000000000     
   0.0000000000000000     
   0.0000000000000000     
   0.0000000000000000     
   0.0000000000000000     
   0.0000000000000000     
   0.0000000000000000     
   0.0000000000000000     
   0.0000000000000000     
   0.0000000000000000     
   0.0000000000000000     
   0.0000000000000000     
   0.0000000000000000     
   0.0000000000000000     
   0.0000000000000000     
   0.0000000000000000     
   0.0000000000000000     
   0.0000000000000000     
   0.0000000000000000     
   0.0000000000000000     
   0.0000000000000000     
   0.0000000000000000     
   0.0000000000000000     
   0.0000000000000000     
   0.0000000000000000     
   0.0000000000000000     
   0.0000000000000000     
   0.0000000000000000     
   0.0000000000000000     
   0.0000000000000000     
   0.0000000000000000     
   0.0000000000000000     
   0.0000000000000000     
   0.0000000000000000     
   0.0000000000000000     
   0.0000000000000000     
   0.0000000000000000     
   0.0000000000000000     
   0.0000000000000000     
   0.0000000000000000     
   0.0000000000000000     
   0.0000000000000000     
   0.0000000000000000     
   0.0000000000000000     
   0.0000000000000000     
   0.0000000000000000     
   0.0000000000000000     
   0.0000000000000000     
   0.0000000000000000     
   0.0000000000000000     
   0.0000000000000000     
   0.0000000000000000     
   0.0000000000000000     
   0.0000000000000000     
   0.0000000000000000     
   0.0000000000000000     
   0.0000000000000000     
   0.0000000000000000     
   0.0000000000000000     
   0.0000000000000000     
   0.0000000000000000     
   0.0000000000000000     
   0.0000000000000000     
   0.0000000000000000     
   0.0000000000000000     
   0.0000000000000000     
   0.0000000000000000     
   0.0000000000000000     
   0.0000000000000000     
   0.0000000000000000     
   0.0000000000000000     
   0.0000000000000000     
   0.0000000000000000     
   0.0000000000000000     
   0.0000000000000000     
   0.0000000000000000     
   0.0000000000000000     
   0.0000000000000000     
   0.0000000000000000     
   0.0000000000000000     
   0.0000000000000000     
   0.0000000000000000     
   0.0000000000000000     
   0.0000000000000000     
   0.0000000000000000     
   0.0000000000000000     
   0.0000000000000000     
   0.0000000000000000     
   0.0000000000000000     
   0.0000000000000000     
   0.0000000000000000     
   0.0000000000000000     
   0.0000000000000000     
   0.0000000000000000     
   0.0000000000000000     
   0.0000000000000000     
   0.0000000000000000     
   0.0000000000000000     
   0.0000000000000000     
   0.0000000000000000     
   0.0000000000000000     
   0.0000000000000000     
   0.0000000000000000     
   0.0000000000000000     
   0.0000000000000000     
   0.0000000000000000     
   0.0000000000000000     
   0.0000000000000000     
   0.0000000000000000     
   0.0000000000000000     
   0.0000000000000000     
   0.0000000000000000     
   0.0000000000000000     
   0.0000000000000000     
   0.0000000000000000     
   0.0000000000000000     
   0.0000000000000000     
   0.0000000000000000     
   0.0000000000000000     
   0.0000000000000000     
   0.0000000000000000     
   0.0000000000000000     
   0.0000000000000000     
   0.0000000000000000     
   0.0000000000000000     
   0.0000000000000000     
   0.0000000000000000     
   0.0000000000000000     
   0.0000000000000000     
   0.0000000000000000     
   0.0000000000000000     
   0.0000000000000000     
   0.0000000000000000     
   0.0000000000000000     
   0.0000000000000000     
   0.0000000000000000     
   0.0000000000000000     
   0.0000000000000000     
   0.0000000000000000     
   0.0000000000000000     
   0.0000000000000000     
   0.0000000000000000     
   0.0000000000000000     
   0.0000000000000000     
   0.0000000000000000     
   0.0000000000000000     
   0.0000000000000000     
   0.0000000000000000     
   0.0000000000000000     
   0.0000000000000000     
   0.0000000000000000     
   0.0000000000000000     
   0.0000000000000000     
   0.0000000000000000     
   0.0000000000000000     
   0.0000000000000000     
   0.0000000000000000     
   0.0000000000000000     
   0.0000000000000000     
   0.0000000000000000     
   0.0000000000000000     
   0.0000000000000000     
   0.0000000000000000     
   0.0000000000000000     
   0.0000000000000000     
   0.0000000000000000     
   0.0000000000000000     
   0.0000000000000000     
   0.0000000000000000     
   0.0000000000000000     
   0.0000000000000000     
   0.0000000000000000     
   0.0000000000000000     
   0.0000000000000000     
   0.0000000000000000     
   0.0000000000000000     
   0.0000000000000000     
   0.0000000000000000     
   0.0000000000000000     
   0.0000000000000000     
   0.0000000000000000     
   0.0000000000000000     
   0.0000000000000000     
   0.0000000000000000     
   0.0000000000000000     
   0.0000000000000000     
   0.0000000000000000     
   0.0000000000000000     
   0.0000000000000000     
   0.0000000000000000     
   0.0000000000000000     
   0.0000000000000000     
   0.0000000000000000     
   0.0000000000000000     
   0.0000000000000000     
   0.0000000000000000     
   0.0000000000000000     
   0.0000000000000000     
   0.0000000000000000     
   0.0000000000000000     
   0.0000000000000000     
   0.0000000000000000     
   0.0000000000000000     
   0.0000000000000000     
   0.0000000000000000     
   0.0000000000000000     
   0.0000000000000000     
   0.0000000000000000     
   0.0000000000000000     
   0.0000000000000000     
   0.0000000000000000     
   0.0000000000000000     
   0.0000000000000000     
   0.0000000000000000     
   0.0000000000000000     
   0.0000000000000000     
   0.0000000000000000     
   0.0000000000000000     
   0.0000000000000000     
   0.0000000000000000     
   0.0000000000000000     
   0.0000000000000000     
   0.0000000000000000     
   0.0000000000000000     
   0.0000000000000000     
   0.0000000000000000     
   0.0000000000000000     
   0.0000000000000000     
   0.0000000000000000     
   0.0000000000000000     
   0.0000000000000000     
   0.0000000000000000     
   0.0000000000000000     
   0.0000000000000000     
   0.0000000000000000     
   0.0000000000000000     
   0.0000000000000000     
   0.0000000000000000     
   0.0000000000000000     
   0.0000000000000000     
   0.0000000000000000     
   0.0000000000000000     
   0.0000000000000000     
   0.0000000000000000     
   0.0000000000000000     
   0.0000000000000000     
   0.0000000000000000     
   0.0000000000000000     
   0.0000000000000000     
   0.0000000000000000     
   0.0000000000000000     
   0.0000000000000000     
   0.0000000000000000     
   0.0000000000000000     
   0.0000000000000000     
   0.0000000000000000     
   0.0000000000000000     
   0.0000000000000000     
   0.0000000000000000     
   0.0000000000000000     
   0.0000000000000000     
   0.0000000000000000     
   0.0000000000000000     
   0.0000000000000000     
   0.0000000000000000     
   0.0000000000000000     
   0.0000000000000000     
   0.0000000000000000     
   0.0000000000000000     
   0.0000000000000000     
   0.0000000000000000     
   0.0000000000000000     
   0.0000000000000000     
   0.0000000000000000     
   0.0000000000000000     
   0.0000000000000000     
   0.0000000000000000     
   0.0000000000000000     
   0.0000000000000000     
   0.0000000000000000     
   0.0000000000000000     
   0.0000000000000000     
   0.0000000000000000     
   0.0000000000000000     
   0.0000000000000000     
   0.0000000000000000     
   0.0000000000000000     
   0.0000000000000000     
   0.0000000000000000     
   0.0000000000000000     
   0.0000000000000000     
   0.0000000000000000     
   0.0000000000000000     
   0.0000000000000000     
   0.0000000000000000     
   0.0000000000000000     
   0.0000000000000000     
   0.0000000000000000     
   0.0000000000000000     
   0.0000000000000000     
   0.0000000000000000     
   0.0000000000000000     
   0.0000000000000000     
   0.0000000000000000     
   0.0000000000000000     
   0.0000000000000000     
   0.0000000000000000     
   0.0000000000000000     
   0.0000000000000000     
   0.0000000000000000     
   0.0000000000000000     
   0.0000000000000000     
   0.0000000000000000     
   0.0000000000000000     
   0.0000000000000000     
   0.0000000000000000     
   0.0000000000000000     
   0.0000000000000000     
   0.0000000000000000     
   0.0000000000000000     
   0.0000000000000000     
   0.0000000000000000     
   0.0000000000000000     
   0.0000000000000000     
   0.0000000000000000     
   0.0000000000000000     
   0.0000000000000000     
   0.0000000000000000     
   0.0000000000000000     
   0.0000000000000000     
   0.0000000000000000     
   0.0000000000000000     
   0.0000000000000000     
   0.0000000000000000     
   0.0000000000000000     
   0.0000000000000000     
   0.0000000000000000     
   0.0000000000000000     
   0.0000000000000000     
   0.0000000000000000     
   0.0000000000000000     
   0.0000000000000000     
   0.0000000000000000     
   0.0000000000000000     
   0.0000000000000000     
   0.0000000000000000     
   0.0000000000000000     
   0.0000000000000000     
   0.0000000000000000     
   0.0000000000000000     
   0.0000000000000000     
   0.0000000000000000     
   0.0000000000000000     
   0.0000000000000000     
   0.0000000000000000     
   0.0000000000000000     
   0.0000000000000000     
   0.0000000000000000     
   0.0000000000000000     
   0.0000000000000000     
   0.0000000000000000     
   0.0000000000000000     
   0.0000000000000000     
   0.0000000000000000     
   0.0000000000000000     
   0.0000000000000000     
   0.0000000000000000     
   0.0000000000000000     
   0.0000000000000000     
   0.0000000000000000     
   0.0000000000000000     
   0.0000000000000000     
   0.0000000000000000     
   0.0000000000000000     
   0.0000000000000000     
   0.0000000000000000     
   0.0000000000000000     
   0.0000000000000000     
   0.0000000000000000     
   0.0000000000000000     
   0.0000000000000000     
   0.0000000000000000     
   0.0000000000000000     
   0.0000000000000000     
   0.0000000000000000     
   0.0000000000000000     
   0.0000000000000000     
   0.0000000000000000     
   0.0000000000000000     
   0.0000000000000000     
   0.0000000000000000     
   0.0000000000000000     
   0.0000000000000000     
   0.0000000000000000     
   0.0000000000000000     
   0.0000000000000000     
   0.0000000000000000     
   0.0000000000000000     
   0.0000000000000000     
   0.0000000000000000     
   0.0000000000000000     
   0.0000000000000000     
   0.0000000000000000     
   0.0000000000000000     
   0.0000000000000000     
   0.0000000000000000     
   0.0000000000000000     
   0.0000000000000000     
   0.0000000000000000     
   0.0000000000000000     
   0.0000000000000000     
   0.0000000000000000     
   0.0000000000000000     
   0.0000000000000000     
   0.0000000000000000     
   0.0000000000000000     
   0.0000000000000000     
   0.0000000000000000     
   0.0000000000000000     
   0.0000000000000000     
   0.0000000000000000     
   0.0000000000000000     
   0.0000000000000000     
   0.0000000000000000     
   0.0000000000000000     
   0.0000000000000000     
   0.0000000000000000     
   0.0000000000000000     
   0.0000000000000000     
   0.0000000000000000     
   0.0000000000000000     
   0.0000000000000000     
   0.0000000000000000     
   0.0000000000000000     
   0.0000000000000000     
   0.0000000000000000     
   0.0000000000000000     
   0.0000000000000000     
   0.0000000000000000     
   0.0000000000000000     
   0.0000000000000000     
   0.0000000000000000     
   0.0000000000000000     
   0.0000000000000000     
   0.0000000000000000     
   0.0000000000000000     
   0.0000000000000000     
   0.0000000000000000     
   0.0000000000000000     
   0.0000000000000000     
   0.0000000000000000     
   0.0000000000000000     
   0.0000000000000000     
   0.0000000000000000     
   0.0000000000000000     
   0.0000000000000000     
   0.0000000000000000     
   0.0000000000000000     
   0.0000000000000000     
   0.0000000000000000     
   0.0000000000000000     
   0.0000000000000000     
   0.0000000000000000     
   0.0000000000000000     
   0.0000000000000000     
   0.0000000000000000     
   0.0000000000000000     
   0.0000000000000000     
   0.0000000000000000     
   0.0000000000000000     
   0.0000000000000000     
   0.0000000000000000     
   0.0000000000000000     
   0.0000000000000000     
   0.0000000000000000     
   0.0000000000000000     
   0.0000000000000000     
   0.0000000000000000     
   0.0000000000000000     
   0.0000000000000000     
   0.0000000000000000     
   0.0000000000000000     
   0.0000000000000000     
   0.0000000000000000     
   0.0000000000000000     
   0.0000000000000000     
   0.0000000000000000     
   0.0000000000000000     
   0.0000000000000000     
   0.0000000000000000     
   0.0000000000000000     
   0.0000000000000000     
   0.0000000000000000     
   0.0000000000000000     
   0.0000000000000000     
   0.0000000000000000     
   0.0000000000000000     
   0.0000000000000000     
   0.0000000000000000     
   0.0000000000000000     
   0.0000000000000000     
   0.0000000000000000     
   0.0000000000000000     
   0.0000000000000000     
   0.0000000000000000     
   0.0000000000000000     
   0.0000000000000000     
   0.0000000000000000     
   0.0000000000000000     
   0.0000000000000000     
   0.0000000000000000     
   0.0000000000000000     
   0.0000000000000000     
   0.0000000000000000     
   0.0000000000000000     
   0.0000000000000000     
   0.0000000000000000     
   0.0000000000000000     
   0.0000000000000000     
   0.0000000000000000     
   0.0000000000000000     
   0.0000000000000000     
   0.0000000000000000     
   0.0000000000000000     
   0.0000000000000000     
   0.0000000000000000     
   0.0000000000000000     
   0.0000000000000000     
   0.0000000000000000     
   0.0000000000000000     
   0.0000000000000000     
   0.0000000000000000     
   0.0000000000000000     
   0.0000000000000000     
   0.0000000000000000     
   0.0000000000000000     
   0.0000000000000000     
   0.0000000000000000     
   0.0000000000000000     
   0.0000000000000000     
   0.0000000000000000     
   0.0000000000000000     
   0.0000000000000000     
   0.0000000000000000     
   0.0000000000000000     
   0.0000000000000000     
   0.0000000000000000     
   0.0000000000000000     
   0.0000000000000000     
   0.0000000000000000     
   0.0000000000000000     
   0.0000000000000000     
   0.0000000000000000     
   0.0000000000000000     
   0.0000000000000000     
   0.0000000000000000     
   0.0000000000000000     
   0.0000000000000000     
   0.0000000000000000     
   0.0000000000000000     
   0.0000000000000000     
   0.0000000000000000     
   0.0000000000000000     
   0.0000000000000000     
   0.0000000000000000     
   0.0000000000000000     
   0.0000000000000000     
   0.0000000000000000     
   0.0000000000000000     
   0.0000000000000000     
   0.0000000000000000     
   0.0000000000000000     
   0.0000000000000000     
   0.0000000000000000     
   0.0000000000000000     
   0.0000000000000000     
   0.0000000000000000     
   0.0000000000000000     
   0.0000000000000000     
   0.0000000000000000     
   0.0000000000000000     
   0.0000000000000000     
   0.0000000000000000     
   0.0000000000000000     
   0.0000000000000000     
   0.0000000000000000     
   0.0000000000000000     
   0.0000000000000000     
   0.0000000000000000     
   0.0000000000000000     
   0.0000000000000000     
   0.0000000000000000     
   0.0000000000000000     
   0.0000000000000000     
   0.0000000000000000     
   0.0000000000000000     
   0.0000000000000000     
   0.0000000000000000     
   0.0000000000000000     
   0.0000000000000000     
   0.0000000000000000     
   0.0000000000000000     
   0.0000000000000000     
   0.0000000000000000     
   0.0000000000000000     
   0.0000000000000000     
   0.0000000000000000     
   0.0000000000000000     
   0.0000000000000000     
   0.0000000000000000     
   0.0000000000000000     
   0.0000000000000000     
   0.0000000000000000     
   0.0000000000000000     
   0.0000000000000000     
   0.0000000000000000     
   0.0000000000000000     
   0.0000000000000000     
   0.0000000000000000     
   0.0000000000000000     
   0.0000000000000000     
   0.0000000000000000     
   0.0000000000000000     
   0.0000000000000000     
   0.0000000000000000     
   0.0000000000000000     
   0.0000000000000000     
   0.0000000000000000     
   0.0000000000000000     
   0.0000000000000000     
   0.0000000000000000     
   0.0000000000000000     
   0.0000000000000000     
   0.0000000000000000     
   0.0000000000000000     
   0.0000000000000000     
   0.0000000000000000     
   0.0000000000000000     
   0.0000000000000000     
   0.0000000000000000     
   0.0000000000000000     
   0.0000000000000000     
   0.0000000000000000     
   0.0000000000000000     
   0.0000000000000000     
   0.0000000000000000     
   0.0000000000000000     
   0.0000000000000000     
   0.0000000000000000     
   0.0000000000000000     
   0.0000000000000000     
   0.0000000000000000     
   0.0000000000000000     
   0.0000000000000000     
   0.0000000000000000     
   0.0000000000000000     
   0.0000000000000000     
   0.0000000000000000     
   0.0000000000000000     
   0.0000000000000000     
   0.0000000000000000     
   0.0000000000000000     
   0.0000000000000000     
   0.0000000000000000     
   0.0000000000000000     
   0.0000000000000000     
   0.0000000000000000     
   0.0000000000000000     
   0.0000000000000000     
   0.0000000000000000     
   0.0000000000000000     
   0.0000000000000000     
   0.0000000000000000     
   0.0000000000000000     
   0.0000000000000000     
   0.0000000000000000     
   0.0000000000000000     
   0.0000000000000000     
   0.0000000000000000     
   0.0000000000000000     
   0.0000000000000000     
   0.0000000000000000     
   0.0000000000000000     
   0.0000000000000000     
   0.0000000000000000     
   0.0000000000000000     
   0.0000000000000000     
   0.0000000000000000     
   0.0000000000000000     
   0.0000000000000000     
   0.0000000000000000     
   0.0000000000000000     
   0.0000000000000000     
   0.0000000000000000     
   0.0000000000000000     
   0.0000000000000000     
   0.0000000000000000     
   0.0000000000000000     
   0.0000000000000000     
   0.0000000000000000     
   0.0000000000000000     
   0.0000000000000000     
   0.0000000000000000     
   0.0000000000000000     
   0.0000000000000000     
   0.0000000000000000     
   0.0000000000000000     
   0.0000000000000000     
   0.0000000000000000     
   0.0000000000000000     
   0.0000000000000000     
   0.0000000000000000     
   0.0000000000000000     
   0.0000000000000000     
   0.0000000000000000     
   0.0000000000000000     
   0.0000000000000000     
   0.0000000000000000     
   0.0000000000000000     
   0.0000000000000000     
   0.0000000000000000     
   0.0000000000000000     
   0.0000000000000000     
   0.0000000000000000     
   0.0000000000000000     
   0.0000000000000000     
   0.0000000000000000     
   0.0000000000000000     
   0.0000000000000000     
   0.0000000000000000     
   0.0000000000000000     
   0.0000000000000000     
   0.0000000000000000     
   0.0000000000000000     
   0.0000000000000000     
   0.0000000000000000     
   0.0000000000000000     
   0.0000000000000000     
   0.0000000000000000     
   0.0000000000000000     
   0.0000000000000000     
   0.0000000000000000     
   0.0000000000000000     
   0.0000000000000000     
   0.0000000000000000     
   0.0000000000000000     
   0.0000000000000000     
   0.0000000000000000     
   0.0000000000000000     
   0.0000000000000000     
   0.0000000000000000     
   0.0000000000000000     
   0.0000000000000000     
   0.0000000000000000     
   0.0000000000000000     
   0.0000000000000000     
   0.0000000000000000     
   0.0000000000000000     
   0.0000000000000000     
   0.0000000000000000     
   0.0000000000000000     
   0.0000000000000000     
   0.0000000000000000     
   0.0000000000000000     
   0.0000000000000000     
   0.0000000000000000     
   0.0000000000000000     
   0.0000000000000000     
   0.0000000000000000     
   0.0000000000000000     
   0.0000000000000000     
   0.0000000000000000     
   0.0000000000000000     
   0.0000000000000000     
   0.0000000000000000     
   0.0000000000000000     
   0.0000000000000000     
   0.0000000000000000     
   0.0000000000000000     
   0.0000000000000000     
   0.0000000000000000     
   0.0000000000000000     
   0.0000000000000000     
   0.0000000000000000     
   0.0000000000000000     
   0.0000000000000000     
   0.0000000000000000     
   0.0000000000000000     
   0.0000000000000000     
   0.0000000000000000     
   0.0000000000000000     
   0.0000000000000000     
   0.0000000000000000     
   0.0000000000000000     
   0.0000000000000000     
   0.0000000000000000     
   0.0000000000000000     
   0.0000000000000000     
   0.0000000000000000     
   0.0000000000000000     
   0.0000000000000000     
   0.0000000000000000     
   0.0000000000000000     
   0.0000000000000000     
   0.0000000000000000     
   0.0000000000000000     
   0.0000000000000000     
   0.0000000000000000     
   0.0000000000000000     
   0.0000000000000000     
   0.0000000000000000     
   0.0000000000000000     
   0.0000000000000000     
   0.0000000000000000     
   0.0000000000000000     
   0.0000000000000000     
   0.0000000000000000     
   0.0000000000000000     
   0.0000000000000000     
   0.0000000000000000     
   0.0000000000000000     
   0.0000000000000000     
   0.0000000000000000     
   0.0000000000000000     
   0.0000000000000000     
   0.0000000000000000     
   0.0000000000000000     
   0.0000000000000000     
   0.0000000000000000     
   0.0000000000000000     
   0.0000000000000000     
   0.0000000000000000     
   0.0000000000000000     
   0.0000000000000000     
   0.0000000000000000     
   0.0000000000000000     
   0.0000000000000000     
   0.0000000000000000     
   0.0000000000000000     
   0.0000000000000000     
   0.0000000000000000     
   0.0000000000000000     
   0.0000000000000000     
   0.0000000000000000     
   0.0000000000000000     
   0.0000000000000000     
   0.0000000000000000     
   0.0000000000000000     
   0.0000000000000000     
   0.0000000000000000     
   0.0000000000000000     
   0.0000000000000000     
   0.0000000000000000     
   0.0000000000000000     
   0.0000000000000000     
   0.0000000000000000     
   0.0000000000000000     
   0.0000000000000000     
   0.0000000000000000     
   0.0000000000000000     
   0.0000000000000000     
   0.0000000000000000     
   0.0000000000000000     
   0.0000000000000000     
   0.0000000000000000     
   0.0000000000000000     
   0.0000000000000000     
   0.0000000000000000     
   0.0000000000000000     
   0.0000000000000000     
   0.0000000000000000     
   0.0000000000000000     
   0.0000000000000000     
   0.0000000000000000     
   0.0000000000000000     
   0.0000000000000000     
   0.0000000000000000     
   0.0000000000000000     
   0.0000000000000000     
   0.0000000000000000     
   0.0000000000000000     
   0.0000000000000000     
   0.0000000000000000     
   0.0000000000000000     
   0.0000000000000000     
   0.0000000000000000     
   0.0000000000000000     
   0.0000000000000000     
   0.0000000000000000     
   0.0000000000000000     
   0.0000000000000000     
   0.0000000000000000     
   0.0000000000000000     
   0.0000000000000000     
   0.0000000000000000     
   0.0000000000000000     
   0.0000000000000000     
   0.0000000000000000     
   0.0000000000000000     
   0.0000000000000000     
   0.0000000000000000     
   0.0000000000000000     
   0.0000000000000000     
   0.0000000000000000     
   0.0000000000000000     
   0.0000000000000000     
   0.0000000000000000     
   0.0000000000000000     
   0.0000000000000000     
   0.0000000000000000     
   0.0000000000000000     
   0.0000000000000000     
   0.0000000000000000     
   0.0000000000000000     
   0.0000000000000000     
   0.0000000000000000     
   0.0000000000000000     
   0.0000000000000000     
   0.0000000000000000     
   0.0000000000000000     
   0.0000000000000000     
   0.0000000000000000     
   0.0000000000000000     
   0.0000000000000000     
   0.0000000000000000     
   0.0000000000000000     
   0.0000000000000000     
   0.0000000000000000     
   0.0000000000000000     
   0.0000000000000000     
   0.0000000000000000     
   0.0000000000000000     
   0.0000000000000000     
   0.0000000000000000     
   0.0000000000000000     
   0.0000000000000000     
   0.0000000000000000     
   0.0000000000000000     
   0.0000000000000000     
   0.0000000000000000     
   0.0000000000000000     
   0.0000000000000000     
   0.0000000000000000     
   0.0000000000000000     
   0.0000000000000000     
   0.0000000000000000     
   0.0000000000000000     
   0.0000000000000000     
   0.0000000000000000     
   0.0000000000000000     
   0.0000000000000000     
   0.0000000000000000     
   0.0000000000000000     
   0.0000000000000000     
   0.0000000000000000     
   0.0000000000000000     
   0.0000000000000000     
   0.0000000000000000     
   0.0000000000000000     
   0.0000000000000000     
   0.0000000000000000     
   0.0000000000000000     
   0.0000000000000000     
   0.0000000000000000     
   0.0000000000000000     
   0.0000000000000000     
   0.0000000000000000     
   0.0000000000000000     
   0.0000000000000000     
   0.0000000000000000     
   0.0000000000000000     
   0.0000000000000000     
   0.0000000000000000     
   0.0000000000000000     
   0.0000000000000000     
   0.0000000000000000     
   0.0000000000000000     
   0.0000000000000000     
   0.0000000000000000     
   0.0000000000000000     
   0.0000000000000000     
   0.0000000000000000     
   0.0000000000000000     
   0.0000000000000000     
   0.0000000000000000     
   0.0000000000000000     
   0.0000000000000000     
   0.0000000000000000     
   0.0000000000000000     
   0.0000000000000000     
   0.0000000000000000     
   0.0000000000000000     
   0.0000000000000000     
   0.0000000000000000     
   0.0000000000000000     
   0.0000000000000000     
   0.0000000000000000     
   0.0000000000000000     
   0.0000000000000000     
   0.0000000000000000     
   0.0000000000000000     
   0.0000000000000000     
   0.0000000000000000     
   0.0000000000000000     
   0.0000000000000000     
   0.0000000000000000     
   0.0000000000000000     
   0.0000000000000000     
   0.0000000000000000     
   0.0000000000000000     
   0.0000000000000000     
   0.0000000000000000     
   0.0000000000000000     
   0.0000000000000000     
   0.0000000000000000     
   0.0000000000000000     
   0.0000000000000000     
   0.0000000000000000     
   0.0000000000000000     
   0.0000000000000000     
   0.0000000000000000     
   0.0000000000000000     
   0.0000000000000000     
   0.0000000000000000     
   0.0000000000000000     
   0.0000000000000000     
   0.0000000000000000     
   0.0000000000000000     
   0.0000000000000000     
   0.0000000000000000     
   0.0000000000000000     
   0.0000000000000000     
   0.0000000000000000     
   0.0000000000000000     
   0.0000000000000000     
   0.0000000000000000     
   0.0000000000000000     
   0.0000000000000000     
   0.0000000000000000     
   0.0000000000000000     
   0.0000000000000000     
   0.0000000000000000     
   0.0000000000000000     
   0.0000000000000000     
   0.0000000000000000     
   0.0000000000000000     
   0.0000000000000000     
   0.0000000000000000     
   0.0000000000000000     
   0.0000000000000000     
   0.0000000000000000     
   0.0000000000000000     
   0.0000000000000000     
   0.0000000000000000     
   0.0000000000000000     
   0.0000000000000000     
   0.0000000000000000     
   0.0000000000000000     
   0.0000000000000000     
   0.0000000000000000     
   0.0000000000000000     
   0.0000000000000000     
   0.0000000000000000     
   0.0000000000000000     
   0.0000000000000000     
   0.0000000000000000     
   0.0000000000000000     
   0.0000000000000000     
   0.0000000000000000     
   0.0000000000000000     
   0.0000000000000000     
   0.0000000000000000     
   0.0000000000000000     
   0.0000000000000000     
   0.0000000000000000     
   0.0000000000000000     
   0.0000000000000000     
   0.0000000000000000     
   0.0000000000000000     
   0.0000000000000000     
   0.0000000000000000     
   0.0000000000000000     
   0.0000000000000000     
   0.0000000000000000     
   0.0000000000000000     
   0.0000000000000000     
   0.0000000000000000     
   0.0000000000000000     
   0.0000000000000000     
   0.0000000000000000     
   0.0000000000000000     
   0.0000000000000000     
   0.0000000000000000     
   0.0000000000000000     
   0.0000000000000000     
   0.0000000000000000     
   0.0000000000000000     
   0.0000000000000000     
   0.0000000000000000     
   0.0000000000000000     
   0.0000000000000000     
   0.0000000000000000     
   0.0000000000000000     
   0.0000000000000000     
   0.0000000000000000     
   0.0000000000000000     
   0.0000000000000000     
   0.0000000000000000     
   0.0000000000000000     
   0.0000000000000000     
   0.0000000000000000     
   0.0000000000000000     
   0.0000000000000000     
   0.0000000000000000     
   0.0000000000000000     
   0.0000000000000000     
   0.0000000000000000     
   0.0000000000000000     
   0.0000000000000000     
   0.0000000000000000     
   0.0000000000000000     
   0.0000000000000000     
   0.0000000000000000     
   0.0000000000000000     
   0.0000000000000000     
   0.0000000000000000     
   0.0000000000000000     
   0.0000000000000000     
   0.0000000000000000     
   0.0000000000000000     
   0.0000000000000000     
   0.0000000000000000     
   0.0000000000000000     
   0.0000000000000000     
   0.0000000000000000     
   0.0000000000000000     
   0.0000000000000000     
   0.0000000000000000     
   0.0000000000000000     
   0.0000000000000000     
   0.0000000000000000     
   0.0000000000000000     
   0.0000000000000000     
   0.0000000000000000     
   0.0000000000000000     
   0.0000000000000000     
   0.0000000000000000     
   0.0000000000000000     
   0.0000000000000000     
   0.0000000000000000     
   0.0000000000000000     
   0.0000000000000000     
   0.0000000000000000     
   0.0000000000000000     
   0.0000000000000000     
   0.0000000000000000     
   0.0000000000000000     
   0.0000000000000000     
   0.0000000000000000     
   0.0000000000000000     
   0.0000000000000000     
   0.0000000000000000     
   0.0000000000000000     
   0.0000000000000000     
   0.0000000000000000     
   0.0000000000000000     
   0.0000000000000000     
   0.0000000000000000     
   0.0000000000000000     
   0.0000000000000000     
   0.0000000000000000     
   0.0000000000000000     
   0.0000000000000000     
   0.0000000000000000     
   0.0000000000000000     
   0.0000000000000000     
   0.0000000000000000     
   0.0000000000000000     
   0.0000000000000000     
   0.0000000000000000     
   0.0000000000000000     
   0.0000000000000000     
   0.0000000000000000     
   0.0000000000000000     
   0.0000000000000000     
   0.0000000000000000     
   0.0000000000000000     
   0.0000000000000000     
   0.0000000000000000     
   0.0000000000000000     
   0.0000000000000000     
   0.0000000000000000     
   0.0000000000000000     
   0.0000000000000000     
   0.0000000000000000     
   0.0000000000000000     
   0.0000000000000000     
   0.0000000000000000     
   0.0000000000000000     
   0.0000000000000000     
   0.0000000000000000     
   0.0000000000000000     
   0.0000000000000000     
   0.0000000000000000     
   0.0000000000000000     
   0.0000000000000000     
   0.0000000000000000     
   0.0000000000000000     
   0.0000000000000000     
   0.0000000000000000     
   0.0000000000000000     
   0.0000000000000000     
   0.0000000000000000     
   0.0000000000000000     
   0.0000000000000000     
   0.0000000000000000     
   0.0000000000000000     
   0.0000000000000000     
   0.0000000000000000     
   0.0000000000000000     
   0.0000000000000000     
   0.0000000000000000     
   0.0000000000000000     
   0.0000000000000000     
   0.0000000000000000     
   0.0000000000000000     
   0.0000000000000000     
   0.0000000000000000     
   0.0000000000000000     
   0.0000000000000000     
   0.0000000000000000     
   0.0000000000000000     
   0.0000000000000000     
   0.0000000000000000     
   0.0000000000000000     
   0.0000000000000000     
   0.0000000000000000     
   0.0000000000000000     
   0.0000000000000000     
   0.0000000000000000     
   0.0000000000000000     
   0.0000000000000000     
   0.0000000000000000     
   0.0000000000000000     
   0.0000000000000000     
   0.0000000000000000     
   0.0000000000000000     
   0.0000000000000000     
   0.0000000000000000     
   0.0000000000000000     
   0.0000000000000000     
   0.0000000000000000     
   0.0000000000000000     
   0.0000000000000000     
   0.0000000000000000     
   0.0000000000000000     
   0.0000000000000000     
   0.0000000000000000     
   0.0000000000000000     
   0.0000000000000000     
   0.0000000000000000     
   0.0000000000000000     
   0.0000000000000000     
   0.0000000000000000     
   0.0000000000000000     
   0.0000000000000000     
   0.0000000000000000     
   0.0000000000000000     
   0.0000000000000000     
   0.0000000000000000     
   0.0000000000000000     
   0.0000000000000000     
   0.0000000000000000     
   0.0000000000000000     
   0.0000000000000000     
   0.0000000000000000     
   0.0000000000000000     
   0.0000000000000000     
   0.0000000000000000     
   0.0000000000000000     
   0.0000000000000000     
   0.0000000000000000     
   0.0000000000000000     
   0.0000000000000000     
   0.0000000000000000     
   0.0000000000000000     
   0.0000000000000000     
   0.0000000000000000     
   0.0000000000000000     
   0.0000000000000000     
   0.0000000000000000     
   0.0000000000000000     
   0.0000000000000000     
   0.0000000000000000     
   0.0000000000000000     
   0.0000000000000000     
   0.0000000000000000     
   0.0000000000000000     
   0.0000000000000000     
   0.0000000000000000     
   0.0000000000000000     
   0.0000000000000000     
   0.0000000000000000     
   0.0000000000000000     
   0.0000000000000000     
   0.0000000000000000     
   0.0000000000000000     
   0.0000000000000000     
   0.0000000000000000     
   0.0000000000000000     
   0.0000000000000000     
   0.0000000000000000     
   0.0000000000000000     
   0.0000000000000000     
   0.0000000000000000     
   0.0000000000000000     
   0.0000000000000000     
   0.0000000000000000     
   0.0000000000000000     
   0.0000000000000000     
   0.0000000000000000     
   0.0000000000000000     
   0.0000000000000000     
   0.0000000000000000     
   0.0000000000000000     
   0.0000000000000000     
   0.0000000000000000     
   0.0000000000000000     
   0.0000000000000000     
   0.0000000000000000     
   0.0000000000000000     
   0.0000000000000000     
   0.0000000000000000     
   0.0000000000000000     
   0.0000000000000000     
   0.0000000000000000     
   0.0000000000000000     
   0.0000000000000000     
   0.0000000000000000     
   0.0000000000000000     
   0.0000000000000000     
   0.0000000000000000     
   0.0000000000000000     
   0.0000000000000000     
   0.0000000000000000     
   0.0000000000000000     
   0.0000000000000000     
   0.0000000000000000     
   0.0000000000000000     
   0.0000000000000000     
   0.0000000000000000     
   0.0000000000000000     
   0.0000000000000000     
   0.0000000000000000     
   0.0000000000000000     
   0.0000000000000000     
   0.0000000000000000     
   0.0000000000000000     
   0.0000000000000000     
   0.0000000000000000     
   0.0000000000000000     
   0.0000000000000000     
   0.0000000000000000     
   0.0000000000000000     
   0.0000000000000000     
   0.0000000000000000     
   0.0000000000000000     
   0.0000000000000000     
   0.0000000000000000     
   0.0000000000000000     
   0.0000000000000000     
   0.0000000000000000     
   0.0000000000000000     
   0.0000000000000000     
   0.0000000000000000     
   0.0000000000000000     
   0.0000000000000000     
   0.0000000000000000     
   0.0000000000000000     
   0.0000000000000000     
   0.0000000000000000     
   0.0000000000000000     
   0.0000000000000000     
   0.0000000000000000     
   0.0000000000000000     
   0.0000000000000000     
   0.0000000000000000     
   0.0000000000000000     
   0.0000000000000000     
   0.0000000000000000     
   0.0000000000000000     
   0.0000000000000000     
   0.0000000000000000     
   0.0000000000000000     
   0.0000000000000000     
   0.0000000000000000     
   0.0000000000000000     
   0.0000000000000000     
   0.0000000000000000     
   0.0000000000000000     
   0.0000000000000000     
   0.0000000000000000     
   0.0000000000000000     
   0.0000000000000000     
   0.0000000000000000     
   0.0000000000000000     
   0.0000000000000000     
   0.0000000000000000     
   0.0000000000000000     
   0.0000000000000000     
   0.0000000000000000     
   0.0000000000000000     
   0.0000000000000000     
   0.0000000000000000     
   0.0000000000000000     
   0.0000000000000000     
   0.0000000000000000     
   0.0000000000000000     
   0.0000000000000000     
   0.0000000000000000     
   0.0000000000000000     
   0.0000000000000000     
   0.0000000000000000     
   0.0000000000000000     
   0.0000000000000000     
   0.0000000000000000     
   0.0000000000000000     
   0.0000000000000000     
   0.0000000000000000     
   0.0000000000000000     
   0.0000000000000000     
   0.0000000000000000     
   0.0000000000000000     
   0.0000000000000000     
   0.0000000000000000     
   0.0000000000000000     
   0.0000000000000000     
   0.0000000000000000     
   0.0000000000000000     
   0.0000000000000000     
   0.0000000000000000     
   0.0000000000000000     
   0.0000000000000000     
   0.0000000000000000     
   0.0000000000000000     
   0.0000000000000000     
   0.0000000000000000     
   0.0000000000000000     
   0.0000000000000000     
   0.0000000000000000     
   0.0000000000000000     
   0.0000000000000000     
   0.0000000000000000     
   0.0000000000000000     
   0.0000000000000000     
   0.0000000000000000     
   0.0000000000000000     
   0.0000000000000000     
   0.0000000000000000     
   0.0000000000000000     
   0.0000000000000000     
   0.0000000000000000     
   0.0000000000000000     
   0.0000000000000000     
   0.0000000000000000     
   0.0000000000000000     
   0.0000000000000000     
   0.0000000000000000     
   0.0000000000000000     
   0.0000000000000000     
   0.0000000000000000     
   0.0000000000000000     
   0.0000000000000000     
   0.0000000000000000     
   0.0000000000000000     
   0.0000000000000000     
   0.0000000000000000     
   0.0000000000000000     
   0.0000000000000000     
   0.0000000000000000     
   0.0000000000000000     
   0.0000000000000000     
   0.0000000000000000     
   0.0000000000000000     
   0.0000000000000000     
   0.0000000000000000     
   0.0000000000000000     
   0.0000000000000000     
   0.0000000000000000     
   0.0000000000000000     
   0.0000000000000000     
   0.0000000000000000     
   0.0000000000000000     
   0.0000000000000000     
   0.0000000000000000     
   0.0000000000000000     
   0.0000000000000000     
   0.0000000000000000     
   0.0000000000000000     
   0.0000000000000000     
   0.0000000000000000     
   0.0000000000000000     
   0.0000000000000000     
   0.0000000000000000     
   0.0000000000000000     
   0.0000000000000000     
   0.0000000000000000     
   0.0000000000000000     
   0.0000000000000000     
   0.0000000000000000     
   0.0000000000000000     
   0.0000000000000000     
   0.0000000000000000     
   0.0000000000000000     
   0.0000000000000000     
   0.0000000000000000     
   0.0000000000000000     
   0.0000000000000000     
   0.0000000000000000     
   0.0000000000000000     
   0.0000000000000000     
   0.0000000000000000     
   0.0000000000000000     
   0.0000000000000000     
   0.0000000000000000     
   0.0000000000000000     
   0.0000000000000000     
   0.0000000000000000     
   0.0000000000000000     
   0.0000000000000000     
   0.0000000000000000     
   0.0000000000000000     
   0.0000000000000000     
   0.0000000000000000     
   0.0000000000000000     
   0.0000000000000000     
   0.0000000000000000     
   0.0000000000000000     
   0.0000000000000000     
   0.0000000000000000     
   0.0000000000000000     
   0.0000000000000000     
   0.0000000000000000     
   0.0000000000000000     
   0.0000000000000000     
   0.0000000000000000     
   0.0000000000000000     
   0.0000000000000000     
   0.0000000000000000     
   0.0000000000000000     
   0.0000000000000000     
   0.0000000000000000     
   0.0000000000000000     
   0.0000000000000000     
   0.0000000000000000     
   0.0000000000000000     
   0.0000000000000000     
   0.0000000000000000     
   0.0000000000000000     
   0.0000000000000000     
   0.0000000000000000     
   0.0000000000000000     
   0.0000000000000000     
   0.0000000000000000     
   0.0000000000000000     
   0.0000000000000000     
   0.0000000000000000     
   0.0000000000000000     
   0.0000000000000000     
   0.0000000000000000     
   0.0000000000000000     
   0.0000000000000000     
   0.0000000000000000     
   0.0000000000000000     
   0.0000000000000000     
   0.0000000000000000     
   0.0000000000000000     
   0.0000000000000000     
   0.0000000000000000     
   0.0000000000000000     
   0.0000000000000000     
   0.0000000000000000     
   0.0000000000000000     
   0.0000000000000000     
   0.0000000000000000     
   0.0000000000000000     
   0.0000000000000000     
   0.0000000000000000     
   0.0000000000000000     
   0.0000000000000000     
   0.0000000000000000     
   0.0000000000000000     
   0.0000000000000000     
   0.0000000000000000     
   0.0000000000000000     
   0.0000000000000000     
   0.0000000000000000     
   0.0000000000000000     
   0.0000000000000000     
   0.0000000000000000     
   0.0000000000000000     
   0.0000000000000000     
   0.0000000000000000     
   0.0000000000000000     
   0.0000000000000000     
   0.0000000000000000     
   0.0000000000000000     
   0.0000000000000000     
   0.0000000000000000     
   0.0000000000000000     
   0.0000000000000000     
   0.0000000000000000     
   0.0000000000000000     
   0.0000000000000000     
   0.0000000000000000     
   0.0000000000000000     
   0.0000000000000000     
   0.0000000000000000     
   0.0000000000000000     
   0.0000000000000000     
   0.0000000000000000     
   0.0000000000000000     
   0.0000000000000000     
   0.0000000000000000     
   0.0000000000000000     
   0.0000000000000000     
   0.0000000000000000     
   0.0000000000000000     
   0.0000000000000000     
   0.0000000000000000     
   0.0000000000000000     
   0.0000000000000000     
   0.0000000000000000     
   0.0000000000000000     
   0.0000000000000000     
   0.0000000000000000     
   0.0000000000000000     
   0.0000000000000000     
   0.0000000000000000     
   0.0000000000000000     
   0.0000000000000000     
   0.0000000000000000     
   0.0000000000000000     
   0.0000000000000000     
   0.0000000000000000     
   0.0000000000000000     
   0.0000000000000000     
   0.0000000000000000     
   0.0000000000000000     
   0.0000000000000000     
   0.0000000000000000     
   0.0000000000000000     
   0.0000000000000000     
   0.0000000000000000     
   0.0000000000000000     
   0.0000000000000000     
   0.0000000000000000     
   0.0000000000000000     
   0.0000000000000000     
   0.0000000000000000     
   0.0000000000000000     
   0.0000000000000000     
   0.0000000000000000     
   0.0000000000000000     
   0.0000000000000000     
   0.0000000000000000     
   0.0000000000000000     
   0.0000000000000000     
   0.0000000000000000     
   0.0000000000000000     
   0.0000000000000000     
   0.0000000000000000     
   0.0000000000000000     
   0.0000000000000000     
   0.0000000000000000     
   0.0000000000000000     
   0.0000000000000000     
   0.0000000000000000     
   0.0000000000000000     
   0.0000000000000000     
   0.0000000000000000     
   0.0000000000000000     
   0.0000000000000000     
   0.0000000000000000     
   0.0000000000000000     
   0.0000000000000000     
   0.0000000000000000     
   0.0000000000000000     
   0.0000000000000000     
   0.0000000000000000     
   0.0000000000000000     
   0.0000000000000000     
   0.0000000000000000     
   0.0000000000000000     
   0.0000000000000000     
   0.0000000000000000     
   0.0000000000000000     
   0.0000000000000000     
   0.0000000000000000     
   0.0000000000000000     
   0.0000000000000000     
   0.0000000000000000     
   0.0000000000000000     
   0.0000000000000000     
   0.0000000000000000     
   0.0000000000000000     
   0.0000000000000000     
   0.0000000000000000     
   0.0000000000000000     
   0.0000000000000000     
   0.0000000000000000     
   0.0000000000000000     
   0.0000000000000000     
   0.0000000000000000     
   0.0000000000000000     
   0.0000000000000000     
   0.0000000000000000     
   0.0000000000000000     
   0.0000000000000000     
   0.0000000000000000     
   0.0000000000000000     
   0.0000000000000000     
   0.0000000000000000     
   0.0000000000000000     
   0.0000000000000000     
   0.0000000000000000     
   0.0000000000000000     
   0.0000000000000000     
   0.0000000000000000     
   0.0000000000000000     
   0.0000000000000000     
   0.0000000000000000     
   0.0000000000000000     
   0.0000000000000000     
   0.0000000000000000     
   0.0000000000000000     
   0.0000000000000000     
   0.0000000000000000     
   0.0000000000000000     
   0.0000000000000000     
   0.0000000000000000     
   0.0000000000000000     
   0.0000000000000000     
   0.0000000000000000     
   0.0000000000000000     
   0.0000000000000000     
   0.0000000000000000     
   0.0000000000000000     
   0.0000000000000000     
   0.0000000000000000     
   0.0000000000000000     
   0.0000000000000000     
   0.0000000000000000     
   0.0000000000000000     
   0.0000000000000000     
   0.0000000000000000     
   0.0000000000000000     
   0.0000000000000000     
   0.0000000000000000     
   0.0000000000000000     
   0.0000000000000000     
   0.0000000000000000     
   0.0000000000000000     
   0.0000000000000000     
   0.0000000000000000     
   0.0000000000000000     
   0.0000000000000000     
   0.0000000000000000     
   0.0000000000000000     
   0.0000000000000000     
   0.0000000000000000     
   0.0000000000000000     
   0.0000000000000000     
   0.0000000000000000     
   0.0000000000000000     
   0.0000000000000000     
   0.0000000000000000     
   0.0000000000000000     
   0.0000000000000000     
   0.0000000000000000     
   0.0000000000000000     
   0.0000000000000000     
   0.0000000000000000     
   0.0000000000000000     
   0.0000000000000000     
   0.0000000000000000     
   0.0000000000000000     
   0.0000000000000000     
   0.0000000000000000     
   0.0000000000000000     
   0.0000000000000000     
   0.0000000000000000     
   0.0000000000000000     
   0.0000000000000000     
   0.0000000000000000     
   0.0000000000000000     
   0.0000000000000000     
   0.0000000000000000     
   0.0000000000000000     
   0.0000000000000000     
   0.0000000000000000     
   0.0000000000000000     
   0.0000000000000000     
   0.0000000000000000     
   0.0000000000000000     
   0.0000000000000000     
   0.0000000000000000     
   0.0000000000000000     
   0.0000000000000000     
   0.0000000000000000     
   0.0000000000000000     
   0.0000000000000000     
   0.0000000000000000     
   0.0000000000000000     
   0.0000000000000000     
   0.0000000000000000     
   0.0000000000000000     
   0.0000000000000000     
   0.0000000000000000     
   0.0000000000000000     
   0.0000000000000000     
   0.0000000000000000     
   0.0000000000000000     
   0.0000000000000000     
   0.0000000000000000     
   0.0000000000000000     
   0.0000000000000000     
   0.0000000000000000     
   0.0000000000000000     
   0.0000000000000000     
   0.0000000000000000     
   0.0000000000000000     
   0.0000000000000000     
   0.0000000000000000     
   0.0000000000000000     
   0.0000000000000000     
   0.0000000000000000     
   0.0000000000000000     
   0.0000000000000000     
   0.0000000000000000     
   0.0000000000000000     
   0.0000000000000000     
   0.0000000000000000     
   0.0000000000000000     
   0.0000000000000000     
   0.0000000000000000     
   0.0000000000000000     
   0.0000000000000000     
   0.0000000000000000     
   0.0000000000000000     
   0.0000000000000000     
   0.0000000000000000     
   0.0000000000000000     
   0.0000000000000000     
   0.0000000000000000     
   0.0000000000000000     
   0.0000000000000000     
   0.0000000000000000     
   0.0000000000000000     
   0.0000000000000000     
   0.0000000000000000     
   0.0000000000000000     
   0.0000000000000000     
   0.0000000000000000     
   0.0000000000000000     
   0.0000000000000000     
   0.0000000000000000     
   0.0000000000000000     
   0.0000000000000000     
   0.0000000000000000     
   0.0000000000000000     
   0.0000000000000000     
   0.0000000000000000     
   0.0000000000000000     
   0.0000000000000000     
   0.0000000000000000     
   0.0000000000000000     
   0.0000000000000000     
   0.0000000000000000     
   0.0000000000000000     
   0.0000000000000000     
   0.0000000000000000     
   0.0000000000000000     
   0.0000000000000000     
   0.0000000000000000     
   0.0000000000000000     
   0.0000000000000000     
   0.0000000000000000     
   0.0000000000000000     
   0.0000000000000000     
   0.0000000000000000     
   0.0000000000000000     
   0.0000000000000000     
   0.0000000000000000     
   0.0000000000000000     
   0.0000000000000000     
   0.0000000000000000     
   0.0000000000000000     
   0.0000000000000000     
   0.0000000000000000     
   0.0000000000000000     
   0.0000000000000000     
   0.0000000000000000     
   0.0000000000000000     
   0.0000000000000000     
   0.0000000000000000     
   0.0000000000000000     
   0.0000000000000000     
   0.0000000000000000     
   0.0000000000000000     
   0.0000000000000000     
   0.0000000000000000     
   0.0000000000000000     
   0.0000000000000000     
   0.0000000000000000     
   0.0000000000000000     
   0.0000000000000000     
   0.0000000000000000     
   0.0000000000000000     
   0.0000000000000000     
   0.0000000000000000     
   0.0000000000000000     
   0.0000000000000000     
   0.0000000000000000     
   0.0000000000000000     
   0.0000000000000000     
   0.0000000000000000     
   0.0000000000000000     
   0.0000000000000000     
   0.0000000000000000     
   0.0000000000000000     
   0.0000000000000000     
   0.0000000000000000     
   0.0000000000000000     
   0.0000000000000000     
   0.0000000000000000     
   0.0000000000000000     
   0.0000000000000000     
   0.0000000000000000     
   0.0000000000000000     
   0.0000000000000000     
   0.0000000000000000     
   0.0000000000000000     
   0.0000000000000000     
   0.0000000000000000     
   0.0000000000000000     
   0.0000000000000000     
   0.0000000000000000     
   0.0000000000000000     
   0.0000000000000000     
   0.0000000000000000     
   0.0000000000000000     
   0.0000000000000000     
   0.0000000000000000     
   0.0000000000000000     
   0.0000000000000000     
   0.0000000000000000     
   0.0000000000000000     
   0.0000000000000000     
   0.0000000000000000     
   0.0000000000000000     
   0.0000000000000000     
   0.0000000000000000     
   0.0000000000000000     
   0.0000000000000000     
   0.0000000000000000     
   0.0000000000000000     
   0.0000000000000000     
   0.0000000000000000     
   0.0000000000000000     
   0.0000000000000000     
   0.0000000000000000     
   0.0000000000000000     
   0.0000000000000000     
   0.0000000000000000     
   0.0000000000000000     
   0.0000000000000000     
   0.0000000000000000     
   0.0000000000000000     
   0.0000000000000000     
   0.0000000000000000     
   0.0000000000000000     
   0.0000000000000000     
   0.0000000000000000     
   0.0000000000000000     
   0.0000000000000000     
   0.0000000000000000     
   0.0000000000000000     
   0.0000000000000000     
   0.0000000000000000     
   0.0000000000000000     
   0.0000000000000000     
   0.0000000000000000     
   0.0000000000000000     
   0.0000000000000000     
   0.0000000000000000     
   0.0000000000000000     
   0.0000000000000000     
   0.0000000000000000     
   0.0000000000000000     
   0.0000000000000000     
   0.0000000000000000     
   0.0000000000000000     
   0.0000000000000000     
   0.0000000000000000     
   0.0000000000000000     
   0.0000000000000000     
   0.0000000000000000     
   0.0000000000000000     
   0.0000000000000000     
   0.0000000000000000     
   0.0000000000000000     
   0.0000000000000000     
   0.0000000000000000     
   0.0000000000000000     
   0.0000000000000000     
   0.0000000000000000     
   0.0000000000000000     
   0.0000000000000000     
   0.0000000000000000     
   0.0000000000000000     
   0.0000000000000000     
   0.0000000000000000     
   0.0000000000000000     
   0.0000000000000000     
   0.0000000000000000     
   0.0000000000000000     
   0.0000000000000000     
   0.0000000000000000     
   0.0000000000000000     
   0.0000000000000000     
   0.0000000000000000     
   0.0000000000000000     
   0.0000000000000000     
   0.0000000000000000     
   0.0000000000000000     
   0.0000000000000000     
   0.0000000000000000     
   0.0000000000000000     
   0.0000000000000000     
   0.0000000000000000     
   0.0000000000000000     
   0.0000000000000000     
   0.0000000000000000     
   0.0000000000000000     
   0.0000000000000000     
   0.0000000000000000     
   0.0000000000000000     
   0.0000000000000000     
   0.0000000000000000     
   0.0000000000000000     
   0.0000000000000000     
   0.0000000000000000     
   0.0000000000000000     
   0.0000000000000000     
   0.0000000000000000     
   0.0000000000000000     
   0.0000000000000000     
   0.0000000000000000     
   0.0000000000000000     
   0.0000000000000000     
   0.0000000000000000     
   0.0000000000000000     
   0.0000000000000000     
   0.0000000000000000     
   0.0000000000000000     
   0.0000000000000000     
   0.0000000000000000     
   0.0000000000000000     
   0.0000000000000000     
   0.0000000000000000     
   0.0000000000000000     
   0.0000000000000000     
   0.0000000000000000     
   0.0000000000000000     
   0.0000000000000000     
   0.0000000000000000     
   0.0000000000000000     
   0.0000000000000000     
   0.0000000000000000     
   0.0000000000000000     
   0.0000000000000000     
   0.0000000000000000     
   0.0000000000000000     
   0.0000000000000000     
   0.0000000000000000     
   0.0000000000000000     
   0.0000000000000000     
   0.0000000000000000     
   0.0000000000000000     
   0.0000000000000000     
   0.0000000000000000     
   0.0000000000000000     
   0.0000000000000000     
   0.0000000000000000     
   0.0000000000000000     
   0.0000000000000000     
   0.0000000000000000     
   0.0000000000000000     
   0.0000000000000000     
   0.0000000000000000     
   0.0000000000000000     
   0.0000000000000000     
   0.0000000000000000     
   0.0000000000000000     
   0.0000000000000000     
   0.0000000000000000     
   0.0000000000000000     
   0.0000000000000000     
   0.0000000000000000     
   0.0000000000000000     
   0.0000000000000000     
   0.0000000000000000     
   0.0000000000000000     
   0.0000000000000000     
   0.0000000000000000     
   0.0000000000000000     
   0.0000000000000000     
   0.0000000000000000     
   0.0000000000000000     
   0.0000000000000000     
   0.0000000000000000     
   0.0000000000000000     
   0.0000000000000000     
   0.0000000000000000     
   0.0000000000000000     
   0.0000000000000000     
   0.0000000000000000     
   0.0000000000000000     
   0.0000000000000000     
   0.0000000000000000     
   0.0000000000000000     
   0.0000000000000000     
   0.0000000000000000     
   0.0000000000000000     
   0.0000000000000000     
   0.0000000000000000     
   0.0000000000000000     
   0.0000000000000000     
   0.0000000000000000     
   0.0000000000000000     
   0.0000000000000000     
   0.0000000000000000     
   0.0000000000000000     
   0.0000000000000000     
   0.0000000000000000     
   0.0000000000000000     
   0.0000000000000000     
   0.0000000000000000     
   0.0000000000000000     
   0.0000000000000000     
   0.0000000000000000     
   0.0000000000000000     
   0.0000000000000000     
   0.0000000000000000     
   0.0000000000000000     
   0.0000000000000000     
   0.0000000000000000     
   0.0000000000000000     
   0.0000000000000000     
   0.0000000000000000     
   0.0000000000000000     
   0.0000000000000000     
   0.0000000000000000     
   0.0000000000000000     
   0.0000000000000000     
   0.0000000000000000     
   0.0000000000000000     
   0.0000000000000000     
   0.0000000000000000     
   0.0000000000000000     
   0.0000000000000000     
   0.0000000000000000     
   0.0000000000000000     
   0.0000000000000000     
   0.0000000000000000     
   0.0000000000000000     
   0.0000000000000000     
   0.0000000000000000     
   0.0000000000000000     
   0.0000000000000000     
   0.0000000000000000     
   0.0000000000000000     
   0.0000000000000000     
   0.0000000000000000     
   0.0000000000000000     
   0.0000000000000000     
   0.0000000000000000     
   0.0000000000000000     
   0.0000000000000000     
   0.0000000000000000     
   0.0000000000000000     
   0.0000000000000000     
   0.0000000000000000     
   0.0000000000000000     
   0.0000000000000000     
   0.0000000000000000     
   0.0000000000000000     
   0.0000000000000000     
   0.0000000000000000     
   0.0000000000000000     
   0.0000000000000000     
   0.0000000000000000     
   0.0000000000000000     
   0.0000000000000000     
   0.0000000000000000     
   0.0000000000000000     
   0.0000000000000000     
   0.0000000000000000     
   0.0000000000000000     
   0.0000000000000000     
   0.0000000000000000     
   0.0000000000000000     
   0.0000000000000000     
   0.0000000000000000     
   0.0000000000000000     
   0.0000000000000000     
   0.0000000000000000     
   0.0000000000000000     
   0.0000000000000000     
   0.0000000000000000     
   0.0000000000000000     
   0.0000000000000000     
   0.0000000000000000     
   0.0000000000000000     
   0.0000000000000000     
   0.0000000000000000     
   0.0000000000000000     
   0.0000000000000000     
   0.0000000000000000     
   0.0000000000000000     
   0.0000000000000000     
   0.0000000000000000     
   0.0000000000000000     
   0.0000000000000000     
   0.0000000000000000     
   0.0000000000000000     
   0.0000000000000000     
   0.0000000000000000     
   0.0000000000000000     
   0.0000000000000000     
   0.0000000000000000     
   0.0000000000000000     
   0.0000000000000000     
   0.0000000000000000     
   0.0000000000000000     
   0.0000000000000000     
   0.0000000000000000     
   0.0000000000000000     
   0.0000000000000000     
   0.0000000000000000     
   0.0000000000000000     
   0.0000000000000000     
   0.0000000000000000     
   0.0000000000000000     
   0.0000000000000000     
   0.0000000000000000     
   0.0000000000000000     
   0.0000000000000000     
   0.0000000000000000     
   0.0000000000000000     
   0.0000000000000000     
   0.0000000000000000     
   0.0000000000000000     
   0.0000000000000000     
   0.0000000000000000     
   0.0000000000000000     
   0.0000000000000000     
   0.0000000000000000     
   0.0000000000000000     
   0.0000000000000000     
   0.0000000000000000     
   0.0000000000000000     
   0.0000000000000000     
   0.0000000000000000     
   0.0000000000000000     
   0.0000000000000000     
   0.0000000000000000     
   0.0000000000000000     
   0.0000000000000000     
   0.0000000000000000     
   0.0000000000000000     
   0.0000000000000000     
   0.0000000000000000     
   0.0000000000000000     
   0.0000000000000000     
   0.0000000000000000     
   0.0000000000000000     
   0.0000000000000000     
   0.0000000000000000     
   0.0000000000000000     
   0.0000000000000000     
   0.0000000000000000     
   0.0000000000000000     
   0.0000000000000000     
   0.0000000000000000     
   0.0000000000000000     
   0.0000000000000000     
   0.0000000000000000     
   0.0000000000000000     
   0.0000000000000000     
   0.0000000000000000     
   0.0000000000000000     
   0.0000000000000000     
   0.0000000000000000     
   0.0000000000000000     
   0.0000000000000000     
   0.0000000000000000     
   0.0000000000000000     
   0.0000000000000000     
   0.0000000000000000     
   0.0000000000000000     
   0.0000000000000000     
   0.0000000000000000     
   0.0000000000000000     
   0.0000000000000000     
   0.0000000000000000     
   0.0000000000000000     
   0.0000000000000000     
   0.0000000000000000     
   0.0000000000000000     
   0.0000000000000000     
   0.0000000000000000     
   0.0000000000000000     
   0.0000000000000000     
   0.0000000000000000     
   0.0000000000000000     
   0.0000000000000000     
   0.0000000000000000     
   0.0000000000000000     
   0.0000000000000000     
   0.0000000000000000     
   0.0000000000000000     
   0.0000000000000000     
   0.0000000000000000     
   0.0000000000000000     
   0.0000000000000000     
   0.0000000000000000     
   0.0000000000000000     
   0.0000000000000000     
   0.0000000000000000     
   0.0000000000000000     
   0.0000000000000000     
   0.0000000000000000     
   0.0000000000000000     
   0.0000000000000000     
   0.0000000000000000     
   0.0000000000000000     
   0.0000000000000000     
   0.0000000000000000     
   0.0000000000000000     
   0.0000000000000000     
   0.0000000000000000     
   0.0000000000000000     
   0.0000000000000000     
   0.0000000000000000     
   0.0000000000000000     
   0.0000000000000000     
   0.0000000000000000     
   0.0000000000000000     
   0.0000000000000000     
   0.0000000000000000     
   0.0000000000000000     
   0.0000000000000000     
   0.0000000000000000     
   0.0000000000000000     
   0.0000000000000000     
   0.0000000000000000     
   0.0000000000000000     
   0.0000000000000000     
   0.0000000000000000     
   0.0000000000000000     
   0.0000000000000000     
   0.0000000000000000     
   0.0000000000000000     
   0.0000000000000000     
   0.0000000000000000     
   0.0000000000000000     
   0.0000000000000000     
   0.0000000000000000     
   0.0000000000000000     
   0.0000000000000000     
   0.0000000000000000     
   0.0000000000000000     
   0.0000000000000000     
   0.0000000000000000     
   0.0000000000000000     
   0.0000000000000000     
   0.0000000000000000     
   0.0000000000000000     
   0.0000000000000000     
   0.0000000000000000     
   0.0000000000000000     
   0.0000000000000000     
   0.0000000000000000     
   0.0000000000000000     
   0.0000000000000000     
   0.0000000000000000     
   0.0000000000000000     
   0.0000000000000000     
   0.0000000000000000     
   0.0000000000000000     
   0.0000000000000000     
   0.0000000000000000     
   0.0000000000000000     
   0.0000000000000000     
   0.0000000000000000     
   0.0000000000000000     
   0.0000000000000000     
   0.0000000000000000     
   0.0000000000000000     
   0.0000000000000000     
   0.0000000000000000     
   0.0000000000000000     
   0.0000000000000000     
   0.0000000000000000     
   0.0000000000000000     
   0.0000000000000000     
   0.0000000000000000     
   0.0000000000000000     
   0.0000000000000000     
   0.0000000000000000     
   0.0000000000000000     
   0.0000000000000000     
   0.0000000000000000     
   0.0000000000000000     
   0.0000000000000000     
   0.0000000000000000     
   0.0000000000000000     
   0.0000000000000000     
   0.0000000000000000     
   0.0000000000000000     
   0.0000000000000000     
   0.0000000000000000     
   0.0000000000000000     
   0.0000000000000000     
   0.0000000000000000     
   0.0000000000000000     
   0.0000000000000000     
   0.0000000000000000     
   0.0000000000000000     
   0.0000000000000000     
   0.0000000000000000     
   0.0000000000000000     
   0.0000000000000000     
   0.0000000000000000     
   0.0000000000000000     
   0.0000000000000000     
   0.0000000000000000     
   0.0000000000000000     
   0.0000000000000000     
   0.0000000000000000     
   0.0000000000000000     
   0.0000000000000000     
   0.0000000000000000     
   0.0000000000000000     
   0.0000000000000000     
   0.0000000000000000     
   0.0000000000000000     
   0.0000000000000000     
   0.0000000000000000     
   0.0000000000000000     
   0.0000000000000000     
   0.0000000000000000     
   0.0000000000000000     
   0.0000000000000000     
   0.0000000000000000     
   0.0000000000000000     
   0.0000000000000000     
   0.0000000000000000     
   0.0000000000000000     
   0.0000000000000000     
   0.0000000000000000     
   0.0000000000000000     
   0.0000000000000000     
   0.0000000000000000     
   0.0000000000000000     
   0.0000000000000000     
   0.0000000000000000     
   0.0000000000000000     
   0.0000000000000000     
   0.0000000000000000     
   0.0000000000000000     
   0.0000000000000000     
   0.0000000000000000     
   0.0000000000000000     
   0.0000000000000000     
   0.0000000000000000     
   0.0000000000000000     
   0.0000000000000000     
   0.0000000000000000     
   0.0000000000000000     
   0.0000000000000000     
   0.0000000000000000     
   0.0000000000000000     
   0.0000000000000000     
   0.0000000000000000     
   0.0000000000000000     
   0.0000000000000000     
   0.0000000000000000     
   0.0000000000000000     
   0.0000000000000000     
   0.0000000000000000     
   0.0000000000000000     
   0.0000000000000000     
   0.0000000000000000     
   0.0000000000000000     
   0.0000000000000000     
   0.0000000000000000     
   0.0000000000000000     
   0.0000000000000000     
   0.0000000000000000     
   0.0000000000000000     
   0.0000000000000000     
   0.0000000000000000     
   0.0000000000000000     
   0.0000000000000000     
   0.0000000000000000     
   0.0000000000000000     
   0.0000000000000000     
   0.0000000000000000     
   0.0000000000000000     
   0.0000000000000000     
   0.0000000000000000     
   0.0000000000000000     
   0.0000000000000000     
   0.0000000000000000     
   0.0000000000000000     
   0.0000000000000000     
   0.0000000000000000     
   0.0000000000000000     
   0.0000000000000000     
   0.0000000000000000     
   0.0000000000000000     
   0.0000000000000000     
   0.0000000000000000     
   0.0000000000000000     
   0.0000000000000000     
   0.0000000000000000     
   0.0000000000000000     
   0.0000000000000000     
   0.0000000000000000     
   0.0000000000000000     
   0.0000000000000000     
   0.0000000000000000     
   0.0000000000000000     
   0.0000000000000000     
   0.0000000000000000     
   0.0000000000000000     
   0.0000000000000000     
   0.0000000000000000     
   0.0000000000000000     
   0.0000000000000000     
   0.0000000000000000     
   0.0000000000000000     
   0.0000000000000000     
   0.0000000000000000     
   0.0000000000000000     
   0.0000000000000000     
   0.0000000000000000     
   0.0000000000000000     
   0.0000000000000000     
   0.0000000000000000     
   0.0000000000000000     
   0.0000000000000000     
   0.0000000000000000     
   0.0000000000000000     
   0.0000000000000000     
   0.0000000000000000     
   0.0000000000000000     
   0.0000000000000000     
   0.0000000000000000     
   0.0000000000000000     
   0.0000000000000000     
   0.0000000000000000     
   0.0000000000000000     
   0.0000000000000000     
   0.0000000000000000     
   0.0000000000000000     
   0.0000000000000000     
   0.0000000000000000     
   0.0000000000000000     
   0.0000000000000000     
   0.0000000000000000     
   0.0000000000000000     
   0.0000000000000000     
   0.0000000000000000     
   0.0000000000000000     
   0.0000000000000000     
   0.0000000000000000     
   0.0000000000000000     
   0.0000000000000000     
   0.0000000000000000     
   0.0000000000000000     
   0.0000000000000000     
   0.0000000000000000     
   0.0000000000000000     
   0.0000000000000000     
   0.0000000000000000     
   0.0000000000000000     
   0.0000000000000000     
   0.0000000000000000     
   0.0000000000000000     
   0.0000000000000000     
   0.0000000000000000     
   0.0000000000000000     
   0.0000000000000000     
   0.0000000000000000     
   0.0000000000000000     
   0.0000000000000000     
   0.0000000000000000     
   0.0000000000000000     
   0.0000000000000000     
   0.0000000000000000     
   0.0000000000000000     
   0.0000000000000000     
   0.0000000000000000     
   0.0000000000000000     
   0.0000000000000000     
   0.0000000000000000     
   0.0000000000000000     
   0.0000000000000000     
   0.0000000000000000     
   0.0000000000000000     
   0.0000000000000000     
   0.0000000000000000     
   0.0000000000000000     
   0.0000000000000000     
   0.0000000000000000     
   0.0000000000000000     
   0.0000000000000000     
   0.0000000000000000     
   0.0000000000000000     
   0.0000000000000000     
   0.0000000000000000     
   0.0000000000000000     
   0.0000000000000000     
   0.0000000000000000     
   0.0000000000000000     
   0.0000000000000000     
   0.0000000000000000     
   0.0000000000000000     
   0.0000000000000000     
   0.0000000000000000     
   0.0000000000000000     
   0.0000000000000000     
   0.0000000000000000     
   0.0000000000000000     
   0.0000000000000000     
   0.0000000000000000     
   0.0000000000000000     
   0.0000000000000000     
   0.0000000000000000     
   0.0000000000000000     
   0.0000000000000000     
   0.0000000000000000     
   0.0000000000000000     
   0.0000000000000000     
   0.0000000000000000     
   0.0000000000000000     
   0.0000000000000000     
   0.0000000000000000     
   0.0000000000000000     
   0.0000000000000000     
   0.0000000000000000     
   0.0000000000000000     
   0.0000000000000000     
   0.0000000000000000     
   0.0000000000000000     
   0.0000000000000000     
   0.0000000000000000     
   0.0000000000000000     
   0.0000000000000000     
   0.0000000000000000     
   0.0000000000000000     
   0.0000000000000000     
   0.0000000000000000     
   0.0000000000000000     
   0.0000000000000000     
   0.0000000000000000     
   0.0000000000000000     
   0.0000000000000000     
   0.0000000000000000     
   0.0000000000000000     
   0.0000000000000000     
   0.0000000000000000     
   0.0000000000000000     
   0.0000000000000000     
   0.0000000000000000     
   0.0000000000000000     
   0.0000000000000000     
   0.0000000000000000     
   0.0000000000000000     
   0.0000000000000000     
   0.0000000000000000     
   0.0000000000000000     
   0.0000000000000000     
   0.0000000000000000     
   0.0000000000000000     
   0.0000000000000000     
   0.0000000000000000     
   0.0000000000000000     
   0.0000000000000000     
   0.0000000000000000     
   0.0000000000000000     
   0.0000000000000000     
   0.0000000000000000     
   0.0000000000000000     
   0.0000000000000000     
   0.0000000000000000     
   0.0000000000000000     
   0.0000000000000000     
   0.0000000000000000     
   0.0000000000000000     
   0.0000000000000000     
   0.0000000000000000     
   0.0000000000000000     
   0.0000000000000000     
   0.0000000000000000     
   0.0000000000000000     
   0.0000000000000000     
   0.0000000000000000     
   0.0000000000000000     
   0.0000000000000000     
   0.0000000000000000     
   0.0000000000000000     
   0.0000000000000000     
   0.0000000000000000     
   0.0000000000000000     
   0.0000000000000000     
   0.0000000000000000     
   0.0000000000000000     
   0.0000000000000000     
   0.0000000000000000     
   0.0000000000000000     
   0.0000000000000000     
   0.0000000000000000     
   0.0000000000000000     
   0.0000000000000000     
   0.0000000000000000     
   0.0000000000000000     
   0.0000000000000000     
   0.0000000000000000     
   0.0000000000000000     
   0.0000000000000000     
   0.0000000000000000     
   0.0000000000000000     
   0.0000000000000000     
   0.0000000000000000     
   0.0000000000000000     
   0.0000000000000000     
   0.0000000000000000     
   0.0000000000000000     
   0.0000000000000000     
   0.0000000000000000     
   0.0000000000000000     
   0.0000000000000000     
   0.0000000000000000     
   0.0000000000000000     
   0.0000000000000000     
   0.0000000000000000     
   0.0000000000000000     
   0.0000000000000000     
   0.0000000000000000     
   0.0000000000000000     
   0.0000000000000000     
   0.0000000000000000     
   0.0000000000000000     
   0.0000000000000000     
   0.0000000000000000     
   0.0000000000000000     
   0.0000000000000000     
   0.0000000000000000     
   0.0000000000000000     
   0.0000000000000000     
   0.0000000000000000     
   0.0000000000000000     
   0.0000000000000000     
   0.0000000000000000     
   0.0000000000000000     
   0.0000000000000000     
   0.0000000000000000     
   0.0000000000000000     
   0.0000000000000000     
   0.0000000000000000     
   0.0000000000000000     
   0.0000000000000000     
   0.0000000000000000     
   0.0000000000000000     
   0.0000000000000000     
   0.0000000000000000     
   0.0000000000000000     
   0.0000000000000000     
   0.0000000000000000     
   0.0000000000000000     
   0.0000000000000000     
   0.0000000000000000     
   0.0000000000000000     
   0.0000000000000000     
   0.0000000000000000     
   0.0000000000000000     
   0.0000000000000000     
   0.0000000000000000     
   0.0000000000000000     
   0.0000000000000000     
   0.0000000000000000     
   0.0000000000000000     
   0.0000000000000000     
   0.0000000000000000     
   0.0000000000000000     
   0.0000000000000000     
   0.0000000000000000     
   0.0000000000000000     
   0.0000000000000000     
   0.0000000000000000     
   0.0000000000000000     
   0.0000000000000000     
   0.0000000000000000     
   0.0000000000000000     
   0.0000000000000000     
   0.0000000000000000     
   0.0000000000000000     
   0.0000000000000000     
   0.0000000000000000     
   0.0000000000000000     
   0.0000000000000000     
   0.0000000000000000     
   0.0000000000000000     
   0.0000000000000000     
   0.0000000000000000     
   0.0000000000000000     
   0.0000000000000000     
   0.0000000000000000     
   0.0000000000000000     
   0.0000000000000000     
   0.0000000000000000     
   0.0000000000000000     
   0.0000000000000000     
   0.0000000000000000     
   0.0000000000000000     
   0.0000000000000000     
   0.0000000000000000     
   0.0000000000000000     
   0.0000000000000000     
   0.0000000000000000     
   0.0000000000000000     
   0.0000000000000000     
   0.0000000000000000     
   0.0000000000000000     
   0.0000000000000000     
   0.0000000000000000     
   0.0000000000000000     
   0.0000000000000000     
   0.0000000000000000     
   0.0000000000000000     
   0.0000000000000000     
   0.0000000000000000     
   0.0000000000000000     
   0.0000000000000000     
   0.0000000000000000     
   0.0000000000000000     
   0.0000000000000000     
   0.0000000000000000     
   0.0000000000000000     
   0.0000000000000000     
   0.0000000000000000     
   0.0000000000000000     
   0.0000000000000000     
   0.0000000000000000     
   0.0000000000000000     
   0.0000000000000000     
   0.0000000000000000     
   0.0000000000000000     
   0.0000000000000000     
   0.0000000000000000     
   0.0000000000000000     
   0.0000000000000000     
   0.0000000000000000     
   0.0000000000000000     
   0.0000000000000000     
   0.0000000000000000     
   0.0000000000000000     
   0.0000000000000000     
   0.0000000000000000     
   0.0000000000000000     
   0.0000000000000000     
   0.0000000000000000     
   0.0000000000000000     
   0.0000000000000000     
   0.0000000000000000     
   0.0000000000000000     
   0.0000000000000000     
   0.0000000000000000     
   0.0000000000000000     
   0.0000000000000000     
   0.0000000000000000     
   0.0000000000000000     
   0.0000000000000000     
   0.0000000000000000     
   0.0000000000000000     
   0.0000000000000000     
   0.0000000000000000     
   0.0000000000000000     
   0.0000000000000000     
   0.0000000000000000     
   0.0000000000000000     
   0.0000000000000000     
   0.0000000000000000     
   0.0000000000000000     
   0.0000000000000000     
   0.0000000000000000     
   0.0000000000000000     
   0.0000000000000000     
   0.0000000000000000     
   0.0000000000000000     
   0.0000000000000000     
   0.0000000000000000     
   0.0000000000000000     
   0.0000000000000000     
   0.0000000000000000     
   0.0000000000000000     
   0.0000000000000000     
   0.0000000000000000     
   0.0000000000000000     
   0.0000000000000000     
   0.0000000000000000     
   0.0000000000000000     
   0.0000000000000000     
   0.0000000000000000     
   0.0000000000000000     
   0.0000000000000000     
   0.0000000000000000     
   0.0000000000000000     
   0.0000000000000000     
   0.0000000000000000     
   0.0000000000000000     
   0.0000000000000000     
   0.0000000000000000     
   0.0000000000000000     
   0.0000000000000000     
   0.0000000000000000     
   0.0000000000000000     
   0.0000000000000000     
   0.0000000000000000     
   0.0000000000000000     
   0.0000000000000000     
   0.0000000000000000     
   0.0000000000000000     
   0.0000000000000000     
   0.0000000000000000     
   0.0000000000000000     
   0.0000000000000000     
   0.0000000000000000     
   0.0000000000000000     
   0.0000000000000000     
   0.0000000000000000     
   0.0000000000000000     
   0.0000000000000000     
   0.0000000000000000     
   0.0000000000000000     
   0.0000000000000000     
   0.0000000000000000     
   0.0000000000000000     
   0.0000000000000000     
   0.0000000000000000     
   0.0000000000000000     
   0.0000000000000000     
   0.0000000000000000     
   0.0000000000000000     
   0.0000000000000000     
   0.0000000000000000     
   0.0000000000000000     
   0.0000000000000000     
   0.0000000000000000     
   0.0000000000000000     
   0.0000000000000000     
   0.0000000000000000     
   0.0000000000000000     
   0.0000000000000000     
   0.0000000000000000     
   0.0000000000000000     
   0.0000000000000000     
   0.0000000000000000     
   0.0000000000000000     
   0.0000000000000000     
   0.0000000000000000     
   0.0000000000000000     
   0.0000000000000000     
   0.0000000000000000     
   0.0000000000000000     
   0.0000000000000000     
   0.0000000000000000     
   0.0000000000000000     
   0.0000000000000000     
   0.0000000000000000     
   0.0000000000000000     
   0.0000000000000000     
   0.0000000000000000     
   0.0000000000000000     
   0.0000000000000000     
   0.0000000000000000     
   0.0000000000000000     
   0.0000000000000000     
   0.0000000000000000     
   0.0000000000000000     
   0.0000000000000000     
   0.0000000000000000     
   0.0000000000000000     
   0.0000000000000000     
   0.0000000000000000     
   0.0000000000000000     
   0.0000000000000000     
   0.0000000000000000     
   0.0000000000000000     
   0.0000000000000000     
   0.0000000000000000     
   0.0000000000000000     
   0.0000000000000000     
   0.0000000000000000     
   0.0000000000000000     
   0.0000000000000000     
   0.0000000000000000     
   0.0000000000000000     
   0.0000000000000000     
   0.0000000000000000     
   0.0000000000000000     
   0.0000000000000000     
   0.0000000000000000     
   0.0000000000000000     
   0.0000000000000000     
   0.0000000000000000     
   0.0000000000000000     
   0.0000000000000000     
   0.0000000000000000     
   0.0000000000000000     
   0.0000000000000000     
   0.0000000000000000     
   0.0000000000000000     
   0.0000000000000000     
   0.0000000000000000     
   0.0000000000000000     
   0.0000000000000000     
   0.0000000000000000     
   0.0000000000000000     
   0.0000000000000000     
   0.0000000000000000     
   0.0000000000000000     
   0.0000000000000000     
   0.0000000000000000     
   0.0000000000000000     
   0.0000000000000000     
   0.0000000000000000     
   0.0000000000000000     
   0.0000000000000000     
   0.0000000000000000     
   0.0000000000000000     
   0.0000000000000000     
   0.0000000000000000     
   0.0000000000000000     
   0.0000000000000000     
   0.0000000000000000     
   0.0000000000000000     
   0.0000000000000000     
   0.0000000000000000     
   0.0000000000000000     
   0.0000000000000000     
   0.0000000000000000     
   0.0000000000000000     
   0.0000000000000000     
   0.0000000000000000     
   0.0000000000000000     
   0.0000000000000000     
   0.0000000000000000     
   0.0000000000000000     
   0.0000000000000000     
   0.0000000000000000     
   0.0000000000000000     
   0.0000000000000000     
   0.0000000000000000     
   0.0000000000000000     
   0.0000000000000000     
   0.0000000000000000     
   0.0000000000000000     
   0.0000000000000000     
   0.0000000000000000     
   0.0000000000000000     
   0.0000000000000000     
   0.0000000000000000     
   0.0000000000000000     
   0.0000000000000000     
   0.0000000000000000     
   0.0000000000000000     
   0.0000000000000000     
   0.0000000000000000     
   0.0000000000000000     
   0.0000000000000000     
   0.0000000000000000     
   0.0000000000000000     
   0.0000000000000000     
   0.0000000000000000     
   0.0000000000000000     
   0.0000000000000000     
   0.0000000000000000     
   0.0000000000000000     
   0.0000000000000000     
   0.0000000000000000     
   0.0000000000000000     
   0.0000000000000000     
   0.0000000000000000     
   0.0000000000000000     
   0.0000000000000000     
   0.0000000000000000     
   0.0000000000000000     
   0.0000000000000000     
   0.0000000000000000     
   0.0000000000000000     
   0.0000000000000000     
   0.0000000000000000     
   0.0000000000000000     
   0.0000000000000000     
   0.0000000000000000     
   0.0000000000000000     
   0.0000000000000000     
   0.0000000000000000     
   0.0000000000000000     
   0.0000000000000000     
   0.0000000000000000     
   0.0000000000000000     
   0.0000000000000000     
   0.0000000000000000     
   0.0000000000000000     
   0.0000000000000000     
   0.0000000000000000     
   0.0000000000000000     
   0.0000000000000000     
   0.0000000000000000     
   0.0000000000000000     
   0.0000000000000000     
   0.0000000000000000     
   0.0000000000000000     
   0.0000000000000000     
   0.0000000000000000     
   0.0000000000000000     
   0.0000000000000000     
   0.0000000000000000     
   0.0000000000000000     
   0.0000000000000000     
   0.0000000000000000     
   0.0000000000000000     
   0.0000000000000000     
 0.16702419589444E-17
 0.15375901635953E-17
 0.57395025724540E-18
 0.20730973417576E-18
   0.0000000000000000     
   0.0000000000000000     
   0.0000000000000000     
   0.0000000000000000     
   0.0000000000000000     
   0.0000000000000000     
   0.0000000000000000     
   0.0000000000000000     
   0.0000000000000000     
   0.0000000000000000     
   0.0000000000000000     
   0.0000000000000000     
   0.0000000000000000     
   0.0000000000000000     
   0.0000000000000000     
   0.0000000000000000     
   0.0000000000000000     
   0.0000000000000000     
   0.0000000000000000     
   0.0000000000000000     
   0.0000000000000000     
   0.0000000000000000     
   0.0000000000000000     
   0.0000000000000000     
   0.0000000000000000     
   0.0000000000000000     
   0.0000000000000000     
   0.0000000000000000     
   0.0000000000000000     
   0.0000000000000000     
   0.0000000000000000     
   0.0000000000000000     
   0.0000000000000000     
   0.0000000000000000     
   0.0000000000000000     
   0.0000000000000000     
   0.0000000000000000     
   0.0000000000000000     
   0.0000000000000000     
   0.0000000000000000     
   0.0000000000000000     
   0.0000000000000000     
   0.0000000000000000     
   0.0000000000000000     
   0.0000000000000000     
   0.0000000000000000     
   0.0000000000000000     
   0.0000000000000000     
   0.0000000000000000     
   0.0000000000000000     
   0.0000000000000000     
   0.0000000000000000     
   0.0000000000000000     
   0.0000000000000000     
   0.0000000000000000     
   0.0000000000000000     
   0.0000000000000000     
   0.0000000000000000     
   0.0000000000000000     
   0.0000000000000000     
   0.0000000000000000     
   0.0000000000000000     
   0.0000000000000000     
   0.0000000000000000     
   0.0000000000000000     
   0.0000000000000000     
   0.0000000000000000     
   0.0000000000000000     
   0.0000000000000000     
   0.0000000000000000     
   0.0000000000000000     
   0.0000000000000000     
   0.0000000000000000     
   0.0000000000000000     
   0.0000000000000000     
   0.0000000000000000     
   0.0000000000000000     
   0.0000000000000000     
   0.0000000000000000     
   0.0000000000000000     
   0.0000000000000000     
   0.0000000000000000     
   0.0000000000000000     
   0.0000000000000000     
   0.0000000000000000     
   0.0000000000000000     
   0.0000000000000000     
   0.0000000000000000     
   0.0000000000000000     
   0.0000000000000000     
   0.0000000000000000     
   0.0000000000000000     
   0.0000000000000000     
   0.0000000000000000     
   0.0000000000000000     
   0.0000000000000000     
   0.0000000000000000     
   0.0000000000000000     
   0.0000000000000000     
   0.0000000000000000     
   0.0000000000000000     
   0.0000000000000000     
   0.0000000000000000     
   0.0000000000000000     
   0.0000000000000000     
   0.0000000000000000     
   0.0000000000000000     
   0.0000000000000000     
   0.0000000000000000     
   0.0000000000000000     
   0.0000000000000000     
   0.0000000000000000     
   0.0000000000000000     
   0.0000000000000000     
   0.0000000000000000     
   0.0000000000000000     
   0.0000000000000000     
   0.0000000000000000     
   0.0000000000000000     
   0.0000000000000000     
   0.0000000000000000     
   0.0000000000000000     
   0.0000000000000000     
   0.0000000000000000     
   0.0000000000000000     
   0.0000000000000000     
   0.0000000000000000     
   0.0000000000000000     
   0.0000000000000000     
   0.0000000000000000     
   0.0000000000000000     
   0.0000000000000000     
   0.0000000000000000     
   0.0000000000000000     
   0.0000000000000000     
   0.0000000000000000     
   0.0000000000000000     
   0.0000000000000000     
   0.0000000000000000     
   0.0000000000000000     
   0.0000000000000000     
   0.0000000000000000     
   0.0000000000000000     
   0.0000000000000000     
   0.0000000000000000     
 0.35992832559313E-17
 0.41959685604587E-17
 0.38252549583918E-17
 0.30847676585077E-17
 0.16366793124164E-17
 0.93181598959371E-18
 0.52446965262772E-18
 0.24586260415471E-18
 0.97134948016865E-21
   0.0000000000000000     
   0.0000000000000000     
   0.0000000000000000     
   0.0000000000000000     
   0.0000000000000000     
   0.0000000000000000     
   0.0000000000000000     
   0.0000000000000000     
   0.0000000000000000     
   0.0000000000000000     
   0.0000000000000000     
   0.0000000000000000     
   0.0000000000000000     
   0.0000000000000000     
   0.0000000000000000     
   0.0000000000000000     
   0.0000000000000000     
   0.0000000000000000     
   0.0000000000000000     
   0.0000000000000000     
   0.0000000000000000     
   0.0000000000000000     
   0.0000000000000000     
   0.0000000000000000     
   0.0000000000000000     
   0.0000000000000000     
   0.0000000000000000     
   0.0000000000000000     
   0.0000000000000000     
   0.0000000000000000     
   0.0000000000000000     
   0.0000000000000000     
   0.0000000000000000     
   0.0000000000000000     
   0.0000000000000000     
   0.0000000000000000     
   0.0000000000000000     
   0.0000000000000000     
   0.0000000000000000     
   0.0000000000000000     
   0.0000000000000000     
   0.0000000000000000     
   0.0000000000000000     
   0.0000000000000000     
   0.0000000000000000     
   0.0000000000000000     
   0.0000000000000000     
   0.0000000000000000     
   0.0000000000000000     
   0.0000000000000000     
   0.0000000000000000     
   0.0000000000000000     
   0.0000000000000000     
   0.0000000000000000     
   0.0000000000000000     
   0.0000000000000000     
   0.0000000000000000     
   0.0000000000000000     
   0.0000000000000000     
   0.0000000000000000     
   0.0000000000000000     
   0.0000000000000000     
   0.0000000000000000     
   0.0000000000000000     
   0.0000000000000000     
   0.0000000000000000     
   0.0000000000000000     
   0.0000000000000000     
   0.0000000000000000     
   0.0000000000000000     
   0.0000000000000000     
   0.0000000000000000     
   0.0000000000000000     
   0.0000000000000000     
   0.0000000000000000     
   0.0000000000000000     
   0.0000000000000000     
   0.0000000000000000     
   0.0000000000000000     
   0.0000000000000000     
   0.0000000000000000     
   0.0000000000000000     
   0.0000000000000000     
   0.0000000000000000     
   0.0000000000000000     
   0.0000000000000000     
   0.0000000000000000     
   0.0000000000000000     
   0.0000000000000000     
   0.0000000000000000     
   0.0000000000000000     
   0.0000000000000000     
   0.0000000000000000     
   0.0000000000000000     
   0.0000000000000000     
   0.0000000000000000     
   0.0000000000000000     
   0.0000000000000000     
   0.0000000000000000     
   0.0000000000000000     
   0.0000000000000000     
   0.0000000000000000     
   0.0000000000000000     
   0.0000000000000000     
   0.0000000000000000     
   0.0000000000000000     
   0.0000000000000000     
   0.0000000000000000     
   0.0000000000000000     
   0.0000000000000000     
   0.0000000000000000     
   0.0000000000000000     
   0.0000000000000000     
   0.0000000000000000     
   0.0000000000000000     
   0.0000000000000000     
   0.0000000000000000     
   0.0000000000000000     
   0.0000000000000000     
   0.0000000000000000     
   0.0000000000000000     
   0.0000000000000000     
   0.0000000000000000     
   0.0000000000000000     
   0.0000000000000000     
   0.0000000000000000     
   0.0000000000000000     
   0.0000000000000000     
   0.0000000000000000     
   0.0000000000000000     
   0.0000000000000000     
   0.0000000000000000     
   0.0000000000000000     
   0.0000000000000000     
   0.0000000000000000     
   0.0000000000000000     
   0.0000000000000000     
   0.0000000000000000     
   0.0000000000000000     
   0.0000000000000000     
 0.68726132780398E-17
 0.88690403759776E-17
 0.85802938058877E-17
 0.73379652222702E-17
 0.61881911735919E-17
 0.49010728144526E-17
 0.30522419571378E-17
 0.20559728380416E-17
 0.13365458841994E-17
 0.81878666428128E-18
 0.54695979399666E-18
 0.34310860929628E-18
 0.14171712074231E-18
   0.0000000000000000     
   0.0000000000000000     
   0.0000000000000000     
   0.0000000000000000     
   0.0000000000000000     
   0.0000000000000000     
   0.0000000000000000     
   0.0000000000000000     
   0.0000000000000000     
   0.0000000000000000     
   0.0000000000000000     
   0.0000000000000000     
   0.0000000000000000     
   0.0000000000000000     
   0.0000000000000000     
   0.0000000000000000     
   0.0000000000000000     
   0.0000000000000000     
   0.0000000000000000     
   0.0000000000000000     
   0.0000000000000000     
   0.0000000000000000     
   0.0000000000000000     
   0.0000000000000000     
   0.0000000000000000     
   0.0000000000000000     
   0.0000000000000000     
   0.0000000000000000     
   0.0000000000000000     
   0.0000000000000000     
   0.0000000000000000     
   0.0000000000000000     
   0.0000000000000000     
   0.0000000000000000     
   0.0000000000000000     
   0.0000000000000000     
   0.0000000000000000     
   0.0000000000000000     
   0.0000000000000000     
   0.0000000000000000     
   0.0000000000000000     
   0.0000000000000000     
   0.0000000000000000     
   0.0000000000000000     
   0.0000000000000000     
   0.0000000000000000     
   0.0000000000000000     
   0.0000000000000000     
   0.0000000000000000     
   0.0000000000000000     
   0.0000000000000000     
   0.0000000000000000     
   0.0000000000000000     
   0.0000000000000000     
   0.0000000000000000     
   0.0000000000000000     
   0.0000000000000000     
   0.0000000000000000     
   0.0000000000000000     
   0.0000000000000000     
   0.0000000000000000     
   0.0000000000000000     
   0.0000000000000000     
   0.0000000000000000     
   0.0000000000000000     
   0.0000000000000000     
   0.0000000000000000     
   0.0000000000000000     
   0.0000000000000000     
   0.0000000000000000     
   0.0000000000000000     
   0.0000000000000000     
   0.0000000000000000     
   0.0000000000000000     
   0.0000000000000000     
   0.0000000000000000     
   0.0000000000000000     
   0.0000000000000000     
   0.0000000000000000     
   0.0000000000000000     
   0.0000000000000000     
   0.0000000000000000     
   0.0000000000000000     
   0.0000000000000000     
   0.0000000000000000     
   0.0000000000000000     
   0.0000000000000000     
   0.0000000000000000     
   0.0000000000000000     
   0.0000000000000000     
   0.0000000000000000     
   0.0000000000000000     
   0.0000000000000000     
   0.0000000000000000     
   0.0000000000000000     
   0.0000000000000000     
   0.0000000000000000     
   0.0000000000000000     
   0.0000000000000000     
   0.0000000000000000     
   0.0000000000000000     
   0.0000000000000000     
   0.0000000000000000     
   0.0000000000000000     
   0.0000000000000000     
   0.0000000000000000     
   0.0000000000000000     
   0.0000000000000000     
   0.0000000000000000     
   0.0000000000000000     
   0.0000000000000000     
   0.0000000000000000     
   0.0000000000000000     
   0.0000000000000000     
   0.0000000000000000     
   0.0000000000000000     
   0.0000000000000000     
   0.0000000000000000     
   0.0000000000000000     
   0.0000000000000000     
   0.0000000000000000     
   0.0000000000000000     
   0.0000000000000000     
   0.0000000000000000     
   0.0000000000000000     
   0.0000000000000000     
   0.0000000000000000     
   0.0000000000000000     
   0.0000000000000000     
   0.0000000000000000     
   0.0000000000000000     
   0.0000000000000000     
   0.0000000000000000     
   0.0000000000000000     
   0.0000000000000000     
   0.0000000000000000     
 0.10543264825671E-16
 0.18459338293365E-16
 0.18367011741993E-16
 0.15991753687893E-16
 0.14015853268692E-16
 0.11584557583714E-16
 0.96831422507415E-17
 0.74788408027279E-17
 0.51124755017362E-17
 0.35849854666742E-17
 0.24355102970294E-17
 0.18331350840312E-17
 0.13271444307999E-17
 0.94254654528301E-18
 0.61423723508830E-18
 0.41452775904581E-18
 0.25542288510626E-18
 0.76050883962887E-19
   0.0000000000000000     
   0.0000000000000000     
   0.0000000000000000     
   0.0000000000000000     
   0.0000000000000000     
   0.0000000000000000     
   0.0000000000000000     
   0.0000000000000000     
   0.0000000000000000     
   0.0000000000000000     
   0.0000000000000000     
   0.0000000000000000     
   0.0000000000000000     
   0.0000000000000000     
   0.0000000000000000     
   0.0000000000000000     
   0.0000000000000000     
   0.0000000000000000     
   0.0000000000000000     
   0.0000000000000000     
   0.0000000000000000     
   0.0000000000000000     
   0.0000000000000000     
   0.0000000000000000     
   0.0000000000000000     
   0.0000000000000000     
   0.0000000000000000     
   0.0000000000000000     
   0.0000000000000000     
   0.0000000000000000     
   0.0000000000000000     
   0.0000000000000000     
   0.0000000000000000     
   0.0000000000000000     
   0.0000000000000000     
   0.0000000000000000     
   0.0000000000000000     
   0.0000000000000000     
   0.0000000000000000     
   0.0000000000000000     
   0.0000000000000000     
   0.0000000000000000     
   0.0000000000000000     
   0.0000000000000000     
   0.0000000000000000     
   0.0000000000000000     
   0.0000000000000000     
   0.0000000000000000     
   0.0000000000000000     
   0.0000000000000000     
   0.0000000000000000     
   0.0000000000000000     
   0.0000000000000000     
   0.0000000000000000     
   0.0000000000000000     
   0.0000000000000000     
   0.0000000000000000     
   0.0000000000000000     
   0.0000000000000000     
   0.0000000000000000     
   0.0000000000000000     
   0.0000000000000000     
   0.0000000000000000     
   0.0000000000000000     
   0.0000000000000000     
   0.0000000000000000     
   0.0000000000000000     
   0.0000000000000000     
   0.0000000000000000     
   0.0000000000000000     
   0.0000000000000000     
   0.0000000000000000     
   0.0000000000000000     
   0.0000000000000000     
   0.0000000000000000     
   0.0000000000000000     
   0.0000000000000000     
   0.0000000000000000     
   0.0000000000000000     
   0.0000000000000000     
   0.0000000000000000     
   0.0000000000000000     
   0.0000000000000000     
   0.0000000000000000     
   0.0000000000000000     
   0.0000000000000000     
   0.0000000000000000     
   0.0000000000000000     
   0.0000000000000000     
   0.0000000000000000     
   0.0000000000000000     
   0.0000000000000000     
   0.0000000000000000     
   0.0000000000000000     
   0.0000000000000000     
   0.0000000000000000     
   0.0000000000000000     
   0.0000000000000000     
   0.0000000000000000     
   0.0000000000000000     
   0.0000000000000000     
   0.0000000000000000     
   0.0000000000000000     
   0.0000000000000000     
   0.0000000000000000     
   0.0000000000000000     
   0.0000000000000000     
   0.0000000000000000     
   0.0000000000000000     
   0.0000000000000000     
   0.0000000000000000     
   0.0000000000000000     
   0.0000000000000000     
   0.0000000000000000     
   0.0000000000000000     
   0.0000000000000000     
   0.0000000000000000     
   0.0000000000000000     
   0.0000000000000000     
   0.0000000000000000     
   0.0000000000000000     
   0.0000000000000000     
   0.0000000000000000     
   0.0000000000000000     
   0.0000000000000000     
   0.0000000000000000     
   0.0000000000000000     
   0.0000000000000000     
   0.0000000000000000     
   0.0000000000000000     
   0.0000000000000000     
 0.14138951836137E-16
 0.36348144675255E-16
 0.37025117966319E-16
 0.34653738772926E-16
 0.29859053512003E-16
 0.25468534389537E-16
 0.21743711853506E-16
 0.17477017186923E-16
 0.13931104001929E-16
 0.10772385226625E-16
 0.78216238221661E-17
 0.58984827435780E-17
 0.44007621102064E-17
 0.33275806715063E-17
 0.24313688963188E-17
 0.18561207032735E-17
 0.14392685958388E-17
 0.10797018156581E-17
 0.75141175895517E-18
 0.49274194423274E-18
 0.33756236506172E-18
 0.18473455484146E-18
 0.28411163797645E-19
   0.0000000000000000     
   0.0000000000000000     
   0.0000000000000000     
   0.0000000000000000     
   0.0000000000000000     
   0.0000000000000000     
   0.0000000000000000     
   0.0000000000000000     
   0.0000000000000000     
   0.0000000000000000     
   0.0000000000000000     
   0.0000000000000000     
   0.0000000000000000     
   0.0000000000000000     
   0.0000000000000000     
   0.0000000000000000     
   0.0000000000000000     
   0.0000000000000000     
   0.0000000000000000     
   0.0000000000000000     
   0.0000000000000000     
   0.0000000000000000     
   0.0000000000000000     
   0.0000000000000000     
   0.0000000000000000     
   0.0000000000000000     
   0.0000000000000000     
   0.0000000000000000     
   0.0000000000000000     
   0.0000000000000000     
   0.0000000000000000     
   0.0000000000000000     
   0.0000000000000000     
   0.0000000000000000     
   0.0000000000000000     
   0.0000000000000000     
   0.0000000000000000     
   0.0000000000000000     
   0.0000000000000000     
   0.0000000000000000     
   0.0000000000000000     
   0.0000000000000000     
   0.0000000000000000     
   0.0000000000000000     
   0.0000000000000000     
   0.0000000000000000     
   0.0000000000000000     
   0.0000000000000000     
   0.0000000000000000     
   0.0000000000000000     
   0.0000000000000000     
   0.0000000000000000     
   0.0000000000000000     
   0.0000000000000000     
   0.0000000000000000     
   0.0000000000000000     
   0.0000000000000000     
   0.0000000000000000     
   0.0000000000000000     
   0.0000000000000000     
   0.0000000000000000     
   0.0000000000000000     
   0.0000000000000000     
   0.0000000000000000     
   0.0000000000000000     
   0.0000000000000000     
   0.0000000000000000     
   0.0000000000000000     
   0.0000000000000000     
   0.0000000000000000     
   0.0000000000000000     
   0.0000000000000000     
   0.0000000000000000     
   0.0000000000000000     
   0.0000000000000000     
   0.0000000000000000     
   0.0000000000000000     
   0.0000000000000000     
   0.0000000000000000     
   0.0000000000000000     
   0.0000000000000000     
   0.0000000000000000     
   0.0000000000000000     
   0.0000000000000000     
   0.0000000000000000     
   0.0000000000000000     
   0.0000000000000000     
   0.0000000000000000     
   0.0000000000000000     
   0.0000000000000000     
   0.0000000000000000     
   0.0000000000000000     
   0.0000000000000000     
   0.0000000000000000     
   0.0000000000000000     
   0.0000000000000000     
   0.0000000000000000     
   0.0000000000000000     
   0.0000000000000000     
   0.0000000000000000     
   0.0000000000000000     
   0.0000000000000000     
   0.0000000000000000     
   0.0000000000000000     
   0.0000000000000000     
   0.0000000000000000     
   0.0000000000000000     
   0.0000000000000000     
   0.0000000000000000     
   0.0000000000000000     
   0.0000000000000000     
   0.0000000000000000     
   0.0000000000000000     
   0.0000000000000000     
   0.0000000000000000     
   0.0000000000000000     
   0.0000000000000000     
   0.0000000000000000     
   0.0000000000000000     
   0.0000000000000000     
   0.0000000000000000     
   0.0000000000000000     
   0.0000000000000000     
   0.0000000000000000     
   0.0000000000000000     
   0.0000000000000000     
   0.0000000000000000     
 0.61781687128094E-16
 0.73572154507568E-16
 0.69082456862250E-16
 0.60875745222671E-16
 0.54442750720689E-16
 0.46770393164863E-16
 0.38531394096439E-16
 0.30659584728970E-16
 0.24473995314550E-16
 0.19957856999662E-16
 0.15763567322379E-16
 0.12030160383500E-16
 0.92034055496226E-17
 0.69776623685241E-17
 0.53608199825145E-17
 0.42200526011767E-17
 0.33892373424046E-17
 0.26078389234272E-17
 0.19636661272146E-17
 0.14921201488366E-17
 0.12191076693515E-17
 0.90014179950183E-18
 0.58006586903087E-18
 0.41134715250368E-18
 0.25788918127010E-18
 0.12470345887295E-18
   0.0000000000000000     
   0.0000000000000000     
   0.0000000000000000     
   0.0000000000000000     
   0.0000000000000000     
   0.0000000000000000     
   0.0000000000000000     
   0.0000000000000000     
   0.0000000000000000     
   0.0000000000000000     
   0.0000000000000000     
   0.0000000000000000     
   0.0000000000000000     
   0.0000000000000000     
   0.0000000000000000     
   0.0000000000000000     
   0.0000000000000000     
   0.0000000000000000     
   0.0000000000000000     
   0.0000000000000000     
   0.0000000000000000     
   0.0000000000000000     
   0.0000000000000000     
   0.0000000000000000     
   0.0000000000000000     
   0.0000000000000000     
   0.0000000000000000     
   0.0000000000000000     
   0.0000000000000000     
   0.0000000000000000     
   0.0000000000000000     
   0.0000000000000000     
   0.0000000000000000     
   0.0000000000000000     
   0.0000000000000000     
   0.0000000000000000     
   0.0000000000000000     
   0.0000000000000000     
   0.0000000000000000     
   0.0000000000000000     
   0.0000000000000000     
   0.0000000000000000     
   0.0000000000000000     
   0.0000000000000000     
   0.0000000000000000     
   0.0000000000000000     
   0.0000000000000000     
   0.0000000000000000     
   0.0000000000000000     
   0.0000000000000000     
   0.0000000000000000     
   0.0000000000000000     
   0.0000000000000000     
   0.0000000000000000     
   0.0000000000000000     
   0.0000000000000000     
   0.0000000000000000     
   0.0000000000000000     
   0.0000000000000000     
   0.0000000000000000     
   0.0000000000000000     
   0.0000000000000000     
   0.0000000000000000     
   0.0000000000000000     
   0.0000000000000000     
   0.0000000000000000     
   0.0000000000000000     
   0.0000000000000000     
   0.0000000000000000     
   0.0000000000000000     
   0.0000000000000000     
   0.0000000000000000     
   0.0000000000000000     
   0.0000000000000000     
   0.0000000000000000     
   0.0000000000000000     
   0.0000000000000000     
   0.0000000000000000     
   0.0000000000000000     
   0.0000000000000000     
   0.0000000000000000     
   0.0000000000000000     
   0.0000000000000000     
   0.0000000000000000     
   0.0000000000000000     
   0.0000000000000000     
   0.0000000000000000     
   0.0000000000000000     
   0.0000000000000000     
   0.0000000000000000     
   0.0000000000000000     
   0.0000000000000000     
   0.0000000000000000     
   0.0000000000000000     
   0.0000000000000000     
   0.0000000000000000     
   0.0000000000000000     
   0.0000000000000000     
   0.0000000000000000     
   0.0000000000000000     
   0.0000000000000000     
   0.0000000000000000     
   0.0000000000000000     
   0.0000000000000000     
   0.0000000000000000     
   0.0000000000000000     
   0.0000000000000000     
   0.0000000000000000     
   0.0000000000000000     
   0.0000000000000000     
   0.0000000000000000     
   0.0000000000000000     
   0.0000000000000000     
   0.0000000000000000     
   0.0000000000000000     
   0.0000000000000000     
   0.0000000000000000     
   0.0000000000000000     
   0.0000000000000000     
   0.0000000000000000     
   0.0000000000000000     
   0.0000000000000000     
   0.0000000000000000     
 0.91862536210665E-16
 0.13233534208718E-15
 0.13105744126608E-15
 0.12283458925962E-15
 0.10727914607036E-15
 0.96017762392372E-16
 0.82164143629084E-16
 0.66913891868092E-16
 0.54238959684002E-16
 0.43917456423886E-16
 0.35526635799876E-16
 0.28863551185523E-16
 0.22907171672122E-16
 0.18074808106906E-16
 0.13958362260728E-16
 0.10551309147147E-16
 0.84903903036289E-17
 0.70185686338358E-17
 0.55206822825527E-17
 0.41619006581034E-17
 0.35913792070656E-17
 0.27983654758470E-17
 0.22362890556483E-17
 0.17264200542153E-17
 0.13739016722437E-17
 0.99434677026644E-18
 0.74140777161782E-18
 0.48544889134647E-18
 0.34966147191511E-18
 0.22026541169224E-18
 0.80204086847164E-19
   0.0000000000000000     
   0.0000000000000000     
   0.0000000000000000     
   0.0000000000000000     
   0.0000000000000000     
   0.0000000000000000     
   0.0000000000000000     
   0.0000000000000000     
   0.0000000000000000     
   0.0000000000000000     
   0.0000000000000000     
   0.0000000000000000     
   0.0000000000000000     
   0.0000000000000000     
   0.0000000000000000     
   0.0000000000000000     
   0.0000000000000000     
   0.0000000000000000     
   0.0000000000000000     
   0.0000000000000000     
   0.0000000000000000     
   0.0000000000000000     
   0.0000000000000000     
   0.0000000000000000     
   0.0000000000000000     
   0.0000000000000000     
   0.0000000000000000     
   0.0000000000000000     
   0.0000000000000000     
   0.0000000000000000     
   0.0000000000000000     
   0.0000000000000000     
   0.0000000000000000     
   0.0000000000000000     
   0.0000000000000000     
   0.0000000000000000     
   0.0000000000000000     
   0.0000000000000000     
   0.0000000000000000     
   0.0000000000000000     
   0.0000000000000000     
   0.0000000000000000     
   0.0000000000000000     
   0.0000000000000000     
   0.0000000000000000     
   0.0000000000000000     
   0.0000000000000000     
   0.0000000000000000     
   0.0000000000000000     
   0.0000000000000000     
   0.0000000000000000     
   0.0000000000000000     
   0.0000000000000000     
   0.0000000000000000     
   0.0000000000000000     
   0.0000000000000000     
   0.0000000000000000     
   0.0000000000000000     
   0.0000000000000000     
   0.0000000000000000     
   0.0000000000000000     
   0.0000000000000000     
   0.0000000000000000     
   0.0000000000000000     
   0.0000000000000000     
   0.0000000000000000     
   0.0000000000000000     
   0.0000000000000000     
   0.0000000000000000     
   0.0000000000000000     
   0.0000000000000000     
   0.0000000000000000     
   0.0000000000000000     
   0.0000000000000000     
   0.0000000000000000     
   0.0000000000000000     
   0.0000000000000000     
   0.0000000000000000     
   0.0000000000000000     
   0.0000000000000000     
   0.0000000000000000     
   0.0000000000000000     
   0.0000000000000000     
   0.0000000000000000     
   0.0000000000000000     
   0.0000000000000000     
   0.0000000000000000     
   0.0000000000000000     
   0.0000000000000000     
   0.0000000000000000     
   0.0000000000000000     
   0.0000000000000000     
   0.0000000000000000     
   0.0000000000000000     
   0.0000000000000000     
   0.0000000000000000     
   0.0000000000000000     
   0.0000000000000000     
   0.0000000000000000     
   0.0000000000000000     
   0.0000000000000000     
   0.0000000000000000     
   0.0000000000000000     
   0.0000000000000000     
   0.0000000000000000     
   0.0000000000000000     
   0.0000000000000000     
   0.0000000000000000     
   0.0000000000000000     
   0.0000000000000000     
   0.0000000000000000     
   0.0000000000000000     
   0.0000000000000000     
   0.0000000000000000     
   0.0000000000000000     
   0.0000000000000000     
   0.0000000000000000     
   0.0000000000000000     
 0.11140272503027E-15
 0.21904119330223E-15
 0.23959940227813E-15
 0.22734781002231E-15
 0.20585363078252E-15
 0.19058799969624E-15
 0.16524185899891E-15
 0.13892277158609E-15
 0.11354459488493E-15
 0.94365315025049E-16
 0.77196263565583E-16
 0.63038170381546E-16
 0.50748344693995E-16
 0.41090649528677E-16
 0.32967096620782E-16
 0.26551099917071E-16
 0.21437139621260E-16
 0.16889386131865E-16
 0.13808864791651E-16
 0.10918779368445E-16
 0.85758223241451E-17
 0.71664759940272E-17
 0.59339474139806E-17
 0.46447946586563E-17
 0.36933158067590E-17
 0.31631125941218E-17
 0.23985369421165E-17
 0.19150416767403E-17
 0.14513417496191E-17
 0.11170065292064E-17
 0.88429093664039E-18
 0.60888855493928E-18
 0.40475324322409E-18
 0.27943844050781E-18
 0.16144024316239E-18
 0.51321295005812E-19
   0.0000000000000000     
   0.0000000000000000     
   0.0000000000000000     
   0.0000000000000000     
   0.0000000000000000     
   0.0000000000000000     
   0.0000000000000000     
   0.0000000000000000     
   0.0000000000000000     
   0.0000000000000000     
   0.0000000000000000     
   0.0000000000000000     
   0.0000000000000000     
   0.0000000000000000     
   0.0000000000000000     
   0.0000000000000000     
   0.0000000000000000     
   0.0000000000000000     
   0.0000000000000000     
   0.0000000000000000     
   0.0000000000000000     
   0.0000000000000000     
   0.0000000000000000     
   0.0000000000000000     
   0.0000000000000000     
   0.0000000000000000     
   0.0000000000000000     
   0.0000000000000000     
   0.0000000000000000     
   0.0000000000000000     
   0.0000000000000000     
   0.0000000000000000     
   0.0000000000000000     
   0.0000000000000000     
   0.0000000000000000     
   0.0000000000000000     
   0.0000000000000000     
   0.0000000000000000     
   0.0000000000000000     
   0.0000000000000000     
   0.0000000000000000     
   0.0000000000000000     
   0.0000000000000000     
   0.0000000000000000     
   0.0000000000000000     
   0.0000000000000000     
   0.0000000000000000     
   0.0000000000000000     
   0.0000000000000000     
   0.0000000000000000     
   0.0000000000000000     
   0.0000000000000000     
   0.0000000000000000     
   0.0000000000000000     
   0.0000000000000000     
   0.0000000000000000     
   0.0000000000000000     
   0.0000000000000000     
   0.0000000000000000     
   0.0000000000000000     
   0.0000000000000000     
   0.0000000000000000     
   0.0000000000000000     
   0.0000000000000000     
   0.0000000000000000     
   0.0000000000000000     
   0.0000000000000000     
   0.0000000000000000     
   0.0000000000000000     
   0.0000000000000000     
   0.0000000000000000     
   0.0000000000000000     
   0.0000000000000000     
   0.0000000000000000     
   0.0000000000000000     
   0.0000000000000000     
   0.0000000000000000     
   0.0000000000000000     
   0.0000000000000000     
   0.0000000000000000     
   0.0000000000000000     
   0.0000000000000000     
   0.0000000000000000     
   0.0000000000000000     
   0.0000000000000000     
   0.0000000000000000     
   0.0000000000000000     
   0.0000000000000000     
   0.0000000000000000     
   0.0000000000000000     
   0.0000000000000000     
   0.0000000000000000     
   0.0000000000000000     
   0.0000000000000000     
   0.0000000000000000     
   0.0000000000000000     
   0.0000000000000000     
   0.0000000000000000     
   0.0000000000000000     
   0.0000000000000000     
   0.0000000000000000     
   0.0000000000000000     
   0.0000000000000000     
   0.0000000000000000     
   0.0000000000000000     
   0.0000000000000000     
   0.0000000000000000     
   0.0000000000000000     
   0.0000000000000000     
   0.0000000000000000     
   0.0000000000000000     
   0.0000000000000000     
   0.0000000000000000     
   0.0000000000000000     
 0.32704906138790E-15
 0.40249982210165E-15
 0.39844490858625E-15
 0.38284128126654E-15
 0.35072227531806E-15
 0.31545200281002E-15
 0.27249060526323E-15
 0.22970142144634E-15
 0.19027632558184E-15
 0.15915617323858E-15
 0.13482802685447E-15
 0.10962489244728E-15
 0.88569374724478E-16
 0.71747889602741E-16
 0.58683193983841E-16
 0.47675788550101E-16
 0.39141385498154E-16
 0.31382894751069E-16
 0.25735475402689E-16
 0.20576261611393E-16
 0.16093824505567E-16
 0.13526934497224E-16
 0.11618046737054E-16
 0.90280501501490E-17
 0.72117809677443E-17
 0.61986763833191E-17
 0.50389141898353E-17
 0.39739981605908E-17
 0.32521756258891E-17
 0.26112208358810E-17
 0.21537610147373E-17
 0.16558508383738E-17
 0.12759620216560E-17
 0.10266835792369E-17
 0.72262960584136E-18
 0.54519675919922E-18
 0.39149529844756E-18
 0.24655100676225E-18
 0.13124416061759E-18
 0.16893269954252E-19
   0.0000000000000000     
   0.0000000000000000     
   0.0000000000000000     
   0.0000000000000000     
   0.0000000000000000     
   0.0000000000000000     
   0.0000000000000000     
   0.0000000000000000     
   0.0000000000000000     
   0.0000000000000000     
   0.0000000000000000     
   0.0000000000000000     
   0.0000000000000000     
   0.0000000000000000     
   0.0000000000000000     
   0.0000000000000000     
   0.0000000000000000     
   0.0000000000000000     
   0.0000000000000000     
   0.0000000000000000     
   0.0000000000000000     
   0.0000000000000000     
   0.0000000000000000     
   0.0000000000000000     
   0.0000000000000000     
   0.0000000000000000     
   0.0000000000000000     
   0.0000000000000000     
   0.0000000000000000     
   0.0000000000000000     
   0.0000000000000000     
   0.0000000000000000     
   0.0000000000000000     
   0.0000000000000000     
   0.0000000000000000     
   0.0000000000000000     
   0.0000000000000000     
   0.0000000000000000     
   0.0000000000000000     
   0.0000000000000000     
   0.0000000000000000     
   0.0000000000000000     
   0.0000000000000000     
   0.0000000000000000     
   0.0000000000000000     
   0.0000000000000000     
   0.0000000000000000     
   0.0000000000000000     
   0.0000000000000000     
   0.0000000000000000     
   0.0000000000000000     
   0.0000000000000000     
   0.0000000000000000     
   0.0000000000000000     
   0.0000000000000000     
   0.0000000000000000     
   0.0000000000000000     
   0.0000000000000000     
   0.0000000000000000     
   0.0000000000000000     
   0.0000000000000000     
   0.0000000000000000     
   0.0000000000000000     
   0.0000000000000000     
   0.0000000000000000     
   0.0000000000000000     
   0.0000000000000000     
   0.0000000000000000     
   0.0000000000000000     
   0.0000000000000000     
   0.0000000000000000     
   0.0000000000000000     
   0.0000000000000000     
   0.0000000000000000     
   0.0000000000000000     
   0.0000000000000000     
   0.0000000000000000     
   0.0000000000000000     
   0.0000000000000000     
   0.0000000000000000     
   0.0000000000000000     
   0.0000000000000000     
   0.0000000000000000     
   0.0000000000000000     
   0.0000000000000000     
   0.0000000000000000     
   0.0000000000000000     
   0.0000000000000000     
   0.0000000000000000     
   0.0000000000000000     
   0.0000000000000000     
   0.0000000000000000     
   0.0000000000000000     
   0.0000000000000000     
   0.0000000000000000     
   0.0000000000000000     
   0.0000000000000000     
   0.0000000000000000     
   0.0000000000000000     
   0.0000000000000000     
   0.0000000000000000     
   0.0000000000000000     
   0.0000000000000000     
   0.0000000000000000     
   0.0000000000000000     
   0.0000000000000000     
   0.0000000000000000     
   0.0000000000000000     
   0.0000000000000000     
 0.44884072330268E-15
 0.62348066035901E-15
 0.66383659748449E-15
 0.64445119895280E-15
 0.61788183111002E-15
 0.58211731347378E-15
 0.51610290314341E-15
 0.44058801901306E-15
 0.37071005803830E-15
 0.31934375028914E-15
 0.26865323137804E-15
 0.22436246745664E-15
 0.18800510690102E-15
 0.15304971915513E-15
 0.12512954185061E-15
 0.10356220909482E-15
 0.83929272184986E-16
 0.68699460202301E-16
 0.56184855682480E-16
 0.46265440153174E-16
 0.38126837370155E-16
 0.30744486058233E-16
 0.25348652141517E-16
 0.20948331571441E-16
 0.17125158097277E-16
 0.14032904940788E-16
 0.11665494285107E-16
 0.97800596787707E-17
 0.77882856037835E-17
 0.64534733908756E-17
 0.54779908572005E-17
 0.45840735695271E-17
 0.35992447167499E-17
 0.28685857295584E-17
 0.22945415565055E-17
 0.18404489981850E-17
 0.13683602138205E-17
 0.12178507786196E-17
 0.92693729358206E-18
 0.66247015724476E-18
 0.49399317150866E-18
 0.34665123838301E-18
 0.21517067628607E-18
 0.97324040156737E-19
   0.0000000000000000     
   0.0000000000000000     
   0.0000000000000000     
   0.0000000000000000     
   0.0000000000000000     
   0.0000000000000000     
   0.0000000000000000     
   0.0000000000000000     
   0.0000000000000000     
   0.0000000000000000     
   0.0000000000000000     
   0.0000000000000000     
   0.0000000000000000     
   0.0000000000000000     
   0.0000000000000000     
   0.0000000000000000     
   0.0000000000000000     
   0.0000000000000000     
   0.0000000000000000     
   0.0000000000000000     
   0.0000000000000000     
   0.0000000000000000     
   0.0000000000000000     
   0.0000000000000000     
   0.0000000000000000     
   0.0000000000000000     
   0.0000000000000000     
   0.0000000000000000     
   0.0000000000000000     
   0.0000000000000000     
   0.0000000000000000     
   0.0000000000000000     
   0.0000000000000000     
   0.0000000000000000     
   0.0000000000000000     
   0.0000000000000000     
   0.0000000000000000     
   0.0000000000000000     
   0.0000000000000000     
   0.0000000000000000     
   0.0000000000000000     
   0.0000000000000000     
   0.0000000000000000     
   0.0000000000000000     
   0.0000000000000000     
   0.0000000000000000     
   0.0000000000000000     
   0.0000000000000000     
   0.0000000000000000     
   0.0000000000000000     
   0.0000000000000000     
   0.0000000000000000     
   0.0000000000000000     
   0.0000000000000000     
   0.0000000000000000     
   0.0000000000000000     
   0.0000000000000000     
   0.0000000000000000     
   0.0000000000000000     
   0.0000000000000000     
   0.0000000000000000     
   0.0000000000000000     
   0.0000000000000000     
   0.0000000000000000     
   0.0000000000000000     
   0.0000000000000000     
   0.0000000000000000     
   0.0000000000000000     
   0.0000000000000000     
   0.0000000000000000     
   0.0000000000000000     
   0.0000000000000000     
   0.0000000000000000     
   0.0000000000000000     
   0.0000000000000000     
   0.0000000000000000     
   0.0000000000000000     
   0.0000000000000000     
   0.0000000000000000     
   0.0000000000000000     
   0.0000000000000000     
   0.0000000000000000     
   0.0000000000000000     
   0.0000000000000000     
   0.0000000000000000     
   0.0000000000000000     
   0.0000000000000000     
   0.0000000000000000     
   0.0000000000000000     
   0.0000000000000000     
   0.0000000000000000     
   0.0000000000000000     
   0.0000000000000000     
   0.0000000000000000     
   0.0000000000000000     
   0.0000000000000000     
   0.0000000000000000     
   0.0000000000000000     
   0.0000000000000000     
   0.0000000000000000     
   0.0000000000000000     
   0.0000000000000000     
   0.0000000000000000     
   0.0000000000000000     
   0.0000000000000000     
 0.39751070429827E-15
 0.87709048919172E-15
 0.10482849175988E-14
 0.10432305580092E-14
 0.10230784375125E-14
 0.97624168825149E-15
 0.91952205338835E-15
 0.80601655818044E-15
 0.70217775022862E-15
 0.60365843085284E-15
 0.51797018565684E-15
 0.44612005352328E-15
 0.37172851720922E-15
 0.30711757719178E-15
 0.25619911764453E-15
 0.21358013091268E-15
 0.17841063362315E-15
 0.14726152053492E-15
 0.11987832013958E-15
 0.99237289889145E-16
 0.81688738228285E-16
 0.67929570255789E-16
 0.55776930088226E-16
 0.46494263610988E-16
 0.37961988945867E-16
 0.30548665623501E-16
 0.26739754263694E-16
 0.22469690977646E-16
 0.18238695800558E-16
 0.14770508357708E-16
 0.12654287228472E-16
 0.10655875245157E-16
 0.88483375239571E-17
 0.69694535428995E-17
 0.58468106360992E-17
 0.49068187464151E-17
 0.38360529400319E-17
 0.30003632518985E-17
 0.26126637112346E-17
 0.22065964197090E-17
 0.16689170239117E-17
 0.12596511044204E-17
 0.10662473074918E-17
 0.82841368892310E-18
 0.59366516088119E-18
 0.40928081073840E-18
 0.29849066840933E-18
 0.18983034710013E-18
 0.66300005468501E-19
   0.0000000000000000     
   0.0000000000000000     
   0.0000000000000000     
   0.0000000000000000     
   0.0000000000000000     
   0.0000000000000000     
   0.0000000000000000     
   0.0000000000000000     
   0.0000000000000000     
   0.0000000000000000     
   0.0000000000000000     
   0.0000000000000000     
   0.0000000000000000     
   0.0000000000000000     
   0.0000000000000000     
   0.0000000000000000     
   0.0000000000000000     
   0.0000000000000000     
   0.0000000000000000     
   0.0000000000000000     
   0.0000000000000000     
   0.0000000000000000     
   0.0000000000000000     
   0.0000000000000000     
   0.0000000000000000     
   0.0000000000000000     
   0.0000000000000000     
   0.0000000000000000     
   0.0000000000000000     
   0.0000000000000000     
   0.0000000000000000     
   0.0000000000000000     
   0.0000000000000000     
   0.0000000000000000     
   0.0000000000000000     
   0.0000000000000000     
   0.0000000000000000     
   0.0000000000000000     
   0.0000000000000000     
   0.0000000000000000     
   0.0000000000000000     
   0.0000000000000000     
   0.0000000000000000     
   0.0000000000000000     
   0.0000000000000000     
   0.0000000000000000     
   0.0000000000000000     
   0.0000000000000000     
   0.0000000000000000     
   0.0000000000000000     
   0.0000000000000000     
   0.0000000000000000     
   0.0000000000000000     
   0.0000000000000000     
   0.0000000000000000     
   0.0000000000000000     
   0.0000000000000000     
   0.0000000000000000     
   0.0000000000000000     
   0.0000000000000000     
   0.0000000000000000     
   0.0000000000000000     
   0.0000000000000000     
   0.0000000000000000     
   0.0000000000000000     
   0.0000000000000000     
   0.0000000000000000     
   0.0000000000000000     
   0.0000000000000000     
   0.0000000000000000     
   0.0000000000000000     
   0.0000000000000000     
   0.0000000000000000     
   0.0000000000000000     
   0.0000000000000000     
   0.0000000000000000     
   0.0000000000000000     
   0.0000000000000000     
   0.0000000000000000     
   0.0000000000000000     
   0.0000000000000000     
   0.0000000000000000     
   0.0000000000000000     
   0.0000000000000000     
   0.0000000000000000     
   0.0000000000000000     
   0.0000000000000000     
   0.0000000000000000     
   0.0000000000000000     
   0.0000000000000000     
   0.0000000000000000     
   0.0000000000000000     
   0.0000000000000000     
   0.0000000000000000     
   0.0000000000000000     
   0.0000000000000000     
   0.0000000000000000     
   0.0000000000000000     
   0.0000000000000000     
   0.0000000000000000     
   0.0000000000000000     
 0.10345675885063E-14
 0.13752100217703E-14
 0.15321002286618E-14
 0.15526576654254E-14
 0.15674202441546E-14
 0.14906188859269E-14
 0.13607661943548E-14
 0.12088518296441E-14
 0.10793148686024E-14
 0.95461284907632E-15
 0.83986662232753E-15
 0.72085786508226E-15
 0.60348053727196E-15
 0.50406393051129E-15
 0.41730233425601E-15
 0.35281686521446E-15
 0.30026199656965E-15
 0.25084166412191E-15
 0.20710507137298E-15
 0.17020269211740E-15
 0.14227300161122E-15
 0.11843097191439E-15
 0.99576323644839E-16
 0.82924014944630E-16
 0.67779757435529E-16
 0.53464593963195E-16
 0.46831512877817E-16
 0.41185191146330E-16
 0.33463314784287E-16
 0.26815934397364E-16
 0.23373995626750E-16
 0.20294642570544E-16
 0.16374945161744E-16
 0.13460853480167E-16
 0.11340899399391E-16
 0.96568199421929E-17
 0.77100083566702E-17
 0.61409484692426E-17
 0.53105393308671E-17
 0.46892552417777E-17
 0.36916949191498E-17
 0.27534100054580E-17
 0.23910781484377E-17
 0.19918785905331E-17
 0.15057283497630E-17
 0.11439972198318E-17
 0.90662747744286E-18
 0.77945159842619E-18
 0.53359001402865E-18
 0.34253251942338E-18
 0.23228352480168E-18
 0.13840094692950E-18
 0.36420446369735E-19
   0.0000000000000000     
   0.0000000000000000     
   0.0000000000000000     
   0.0000000000000000     
   0.0000000000000000     
   0.0000000000000000     
   0.0000000000000000     
   0.0000000000000000     
   0.0000000000000000     
   0.0000000000000000     
   0.0000000000000000     
   0.0000000000000000     
   0.0000000000000000     
   0.0000000000000000     
   0.0000000000000000     
   0.0000000000000000     
   0.0000000000000000     
   0.0000000000000000     
   0.0000000000000000     
   0.0000000000000000     
   0.0000000000000000     
   0.0000000000000000     
   0.0000000000000000     
   0.0000000000000000     
   0.0000000000000000     
   0.0000000000000000     
   0.0000000000000000     
   0.0000000000000000     
   0.0000000000000000     
   0.0000000000000000     
   0.0000000000000000     
   0.0000000000000000     
   0.0000000000000000     
   0.0000000000000000     
   0.0000000000000000     
   0.0000000000000000     
   0.0000000000000000     
   0.0000000000000000     
   0.0000000000000000     
   0.0000000000000000     
   0.0000000000000000     
   0.0000000000000000     
   0.0000000000000000     
   0.0000000000000000     
   0.0000000000000000     
   0.0000000000000000     
   0.0000000000000000     
   0.0000000000000000     
   0.0000000000000000     
   0.0000000000000000     
   0.0000000000000000     
   0.0000000000000000     
   0.0000000000000000     
   0.0000000000000000     
   0.0000000000000000     
   0.0000000000000000     
   0.0000000000000000     
   0.0000000000000000     
   0.0000000000000000     
   0.0000000000000000     
   0.0000000000000000     
   0.0000000000000000     
   0.0000000000000000     
   0.0000000000000000     
   0.0000000000000000     
   0.0000000000000000     
   0.0000000000000000     
   0.0000000000000000     
   0.0000000000000000     
   0.0000000000000000     
   0.0000000000000000     
   0.0000000000000000     
   0.0000000000000000     
   0.0000000000000000     
   0.0000000000000000     
   0.0000000000000000     
   0.0000000000000000     
   0.0000000000000000     
   0.0000000000000000     
   0.0000000000000000     
   0.0000000000000000     
   0.0000000000000000     
   0.0000000000000000     
   0.0000000000000000     
   0.0000000000000000     
   0.0000000000000000     
   0.0000000000000000     
   0.0000000000000000     
   0.0000000000000000     
   0.0000000000000000     
   0.0000000000000000     
   0.0000000000000000     
   0.0000000000000000     
   0.0000000000000000     
   0.0000000000000000     
   0.0000000000000000     
 0.90820729948419E-15
 0.15905220508487E-14
 0.19274551621398E-14
 0.20699276842128E-14
 0.21836468572183E-14
 0.22305443781274E-14
 0.21735793422822E-14
 0.19782981776011E-14
 0.17794001621721E-14
 0.16107444513799E-14
 0.14770787401455E-14
 0.12944726502114E-14
 0.11263339481137E-14
 0.96335306929991E-15
 0.81110784096950E-15
 0.68543904758066E-15
 0.57918652863699E-15
 0.49044205698180E-15
 0.41442190853194E-15
 0.34805962390626E-15
 0.28959880536361E-15
 0.23941595588830E-15
 0.20172356303154E-15
 0.16927814404865E-15
 0.14424775381404E-15
 0.12043075354040E-15
 0.97304121098401E-16
 0.82456716645897E-16
 0.72136821973944E-16
 0.59923509321361E-16
 0.49717859847530E-16
 0.42439439322353E-16
 0.36207207664654E-16
 0.30013258167670E-16
 0.24119082170653E-16
 0.21397096808937E-16
 0.17740973087283E-16
 0.14653789756191E-16
 0.11644612363135E-16
 0.10024591738521E-16
 0.87908736956475E-17
 0.73569202875594E-17
 0.59983719978584E-17
 0.48223132017810E-17
 0.41673412163770E-17
 0.33407990169785E-17
 0.26102703354840E-17
 0.20741239819208E-17
 0.18672142865538E-17
 0.13738871046061E-17
 0.11334882582253E-17
 0.87199411571910E-18
 0.64609885048529E-18
 0.47517546812562E-18
 0.32007242546304E-18
 0.22918528689932E-18
 0.10701426255080E-18
 0.59143271647958E-20
   0.0000000000000000     
   0.0000000000000000     
   0.0000000000000000     
   0.0000000000000000     
   0.0000000000000000     
   0.0000000000000000     
   0.0000000000000000     
   0.0000000000000000     
   0.0000000000000000     
   0.0000000000000000     
   0.0000000000000000     
   0.0000000000000000     
   0.0000000000000000     
   0.0000000000000000     
   0.0000000000000000     
   0.0000000000000000     
   0.0000000000000000     
   0.0000000000000000     
   0.0000000000000000     
   0.0000000000000000     
   0.0000000000000000     
   0.0000000000000000     
   0.0000000000000000     
   0.0000000000000000     
   0.0000000000000000     
   0.0000000000000000     
   0.0000000000000000     
   0.0000000000000000     
   0.0000000000000000     
   0.0000000000000000     
   0.0000000000000000     
   0.0000000000000000     
   0.0000000000000000     
   0.0000000000000000     
   0.0000000000000000     
   0.0000000000000000     
   0.0000000000000000     
   0.0000000000000000     
   0.0000000000000000     
   0.0000000000000000     
   0.0000000000000000     
   0.0000000000000000     
   0.0000000000000000     
   0.0000000000000000     
   0.0000000000000000     
   0.0000000000000000     
   0.0000000000000000     
   0.0000000000000000     
   0.0000000000000000     
   0.0000000000000000     
   0.0000000000000000     
   0.0000000000000000     
   0.0000000000000000     
   0.0000000000000000     
   0.0000000000000000     
   0.0000000000000000     
   0.0000000000000000     
   0.0000000000000000     
   0.0000000000000000     
   0.0000000000000000     
   0.0000000000000000     
   0.0000000000000000     
   0.0000000000000000     
   0.0000000000000000     
   0.0000000000000000     
   0.0000000000000000     
   0.0000000000000000     
   0.0000000000000000     
   0.0000000000000000     
   0.0000000000000000     
   0.0000000000000000     
   0.0000000000000000     
   0.0000000000000000     
   0.0000000000000000     
   0.0000000000000000     
   0.0000000000000000     
   0.0000000000000000     
   0.0000000000000000     
   0.0000000000000000     
   0.0000000000000000     
   0.0000000000000000     
   0.0000000000000000     
   0.0000000000000000     
   0.0000000000000000     
   0.0000000000000000     
   0.0000000000000000     
   0.0000000000000000     
   0.0000000000000000     
   0.0000000000000000     
   0.0000000000000000     
   0.0000000000000000     
 0.36078950968390E-15
 0.14871984429332E-14
 0.21061758548072E-14
 0.24282466828595E-14
 0.26327690591430E-14
 0.28567642764114E-14
 0.29404063004255E-14
 0.28838337637395E-14
 0.27220802108952E-14
 0.25583476897233E-14
 0.23508997189617E-14
 0.21547779082646E-14
 0.19321074644887E-14
 0.16933556955261E-14
 0.14694224511003E-14
 0.12704701420634E-14
 0.11023246903912E-14
 0.94853275903423E-15
 0.79186417993232E-15
 0.66400842286759E-15
 0.55809434595628E-15
 0.47574818102195E-15
 0.40191425840774E-15
 0.33821995102205E-15
 0.28562072122156E-15
 0.23923615197520E-15
 0.20532607054018E-15
 0.17147273634663E-15
 0.14434420764215E-15
 0.12204215639304E-15
 0.10451283803569E-15
 0.88427937710037E-16
 0.74704613039897E-16
 0.63938690009535E-16
 0.53767937819627E-16
 0.46106254184033E-16
 0.38032479580385E-16
 0.33157439198061E-16
 0.26333891224405E-16
 0.22518962007182E-16
 0.19126352747183E-16
 0.15865106787070E-16
 0.13562898505087E-16
 0.11195024895698E-16
 0.94003341704781E-17
 0.78624749009432E-17
 0.64663767251470E-17
 0.54894362024829E-17
 0.44520288701002E-17
 0.37587559333452E-17
 0.29740406876260E-17
 0.24412095710974E-17
 0.19603377046309E-17
 0.16049102219267E-17
 0.12371642512269E-17
 0.10217083527277E-17
 0.80489556305683E-18
 0.59590731931675E-18
 0.38918138127172E-18
 0.27290838012111E-18
 0.18585998526637E-18
 0.81155688550831E-19
   0.0000000000000000     
   0.0000000000000000     
   0.0000000000000000     
   0.0000000000000000     
   0.0000000000000000     
   0.0000000000000000     
   0.0000000000000000     
   0.0000000000000000     
   0.0000000000000000     
   0.0000000000000000     
   0.0000000000000000     
   0.0000000000000000     
   0.0000000000000000     
   0.0000000000000000     
   0.0000000000000000     
   0.0000000000000000     
   0.0000000000000000     
   0.0000000000000000     
   0.0000000000000000     
   0.0000000000000000     
   0.0000000000000000     
   0.0000000000000000     
   0.0000000000000000     
   0.0000000000000000     
   0.0000000000000000     
   0.0000000000000000     
   0.0000000000000000     
   0.0000000000000000     
   0.0000000000000000     
   0.0000000000000000     
   0.0000000000000000     
   0.0000000000000000     
   0.0000000000000000     
   0.0000000000000000     
   0.0000000000000000     
   0.0000000000000000     
   0.0000000000000000     
   0.0000000000000000     
   0.0000000000000000     
   0.0000000000000000     
   0.0000000000000000     
   0.0000000000000000     
   0.0000000000000000     
   0.0000000000000000     
   0.0000000000000000     
   0.0000000000000000     
   0.0000000000000000     
   0.0000000000000000     
   0.0000000000000000     
   0.0000000000000000     
   0.0000000000000000     
   0.0000000000000000     
   0.0000000000000000     
   0.0000000000000000     
   0.0000000000000000     
   0.0000000000000000     
   0.0000000000000000     
   0.0000000000000000     
   0.0000000000000000     
   0.0000000000000000     
   0.0000000000000000     
   0.0000000000000000     
   0.0000000000000000     
   0.0000000000000000     
   0.0000000000000000     
   0.0000000000000000     
   0.0000000000000000     
   0.0000000000000000     
   0.0000000000000000     
   0.0000000000000000     
   0.0000000000000000     
   0.0000000000000000     
   0.0000000000000000     
   0.0000000000000000     
   0.0000000000000000     
   0.0000000000000000     
   0.0000000000000000     
   0.0000000000000000     
   0.0000000000000000     
   0.0000000000000000     
   0.0000000000000000     
   0.0000000000000000     
   0.0000000000000000     
   0.0000000000000000     
   0.0000000000000000     
   0.0000000000000000     
   0.0000000000000000     
   0.0000000000000000     
 0.93669408674572E-15
 0.17037507118222E-14
 0.22536424682257E-14
 0.26723470472489E-14
 0.31301616629688E-14
 0.34422240868160E-14
 0.35435867500953E-14
 0.35310073871338E-14
 0.34902099116406E-14
 0.34210872780421E-14
 0.32863361812705E-14
 0.30462445032110E-14
 0.27381871578051E-14
 0.24493555313267E-14
 0.21825830625986E-14
 0.19301191058625E-14
 0.17092443521174E-14
 0.14844812966749E-14
 0.12585942215200E-14
 0.10612076319504E-14
 0.89581133663629E-15
 0.75799569657546E-15
 0.65293719306785E-15
 0.55621172226391E-15
 0.46642109280639E-15
 0.39855119010934E-15
 0.33568410763482E-15
 0.28668168807899E-15
 0.24676656662360E-15
 0.20800331121649E-15
 0.17535548948619E-15
 0.15448755255778E-15
 0.12952392129235E-15
 0.11170861421508E-15
 0.92377980553069E-16
 0.78535439676772E-16
 0.70080513358571E-16
 0.57739805016578E-16
 0.48426166900288E-16
 0.40767525463561E-16
 0.35000554223352E-16
 0.29733836102045E-16
 0.24354168179275E-16
 0.20745027060943E-16
 0.17757509421503E-16
 0.14469198347497E-16
 0.11740887892631E-16
 0.10421091286089E-16
 0.89107777706312E-17
 0.72700843776324E-17
 0.58112559191922E-17
 0.50486718016365E-17
 0.41126068303196E-17
 0.33365867791138E-17
 0.26106929802763E-17
 0.23098789182777E-17
 0.18906402844925E-17
 0.15390225404416E-17
 0.11673114860863E-17
 0.92559117806634E-18
 0.74790510001770E-18
 0.52799429862930E-18
 0.36810054498444E-18
 0.26288960679300E-18
 0.15665856092757E-18
 0.55715194584883E-19
   0.0000000000000000     
   0.0000000000000000     
   0.0000000000000000     
   0.0000000000000000     
   0.0000000000000000     
   0.0000000000000000     
   0.0000000000000000     
   0.0000000000000000     
   0.0000000000000000     
   0.0000000000000000     
   0.0000000000000000     
   0.0000000000000000     
   0.0000000000000000     
   0.0000000000000000     
   0.0000000000000000     
   0.0000000000000000     
   0.0000000000000000     
   0.0000000000000000     
   0.0000000000000000     
   0.0000000000000000     
   0.0000000000000000     
   0.0000000000000000     
   0.0000000000000000     
   0.0000000000000000     
   0.0000000000000000     
   0.0000000000000000     
   0.0000000000000000     
   0.0000000000000000     
   0.0000000000000000     
   0.0000000000000000     
   0.0000000000000000     
   0.0000000000000000     
   0.0000000000000000     
   0.0000000000000000     
   0.0000000000000000     
   0.0000000000000000     
   0.0000000000000000     
   0.0000000000000000     
   0.0000000000000000     
   0.0000000000000000     
   0.0000000000000000     
   0.0000000000000000     
   0.0000000000000000     
   0.0000000000000000     
   0.0000000000000000     
   0.0000000000000000     
   0.0000000000000000     
   0.0000000000000000     
   0.0000000000000000     
   0.0000000000000000     
   0.0000000000000000     
   0.0000000000000000     
   0.0000000000000000     
   0.0000000000000000     
   0.0000000000000000     
   0.0000000000000000     
   0.0000000000000000     
   0.0000000000000000     
   0.0000000000000000     
   0.0000000000000000     
   0.0000000000000000     
   0.0000000000000000     
   0.0000000000000000     
   0.0000000000000000     
   0.0000000000000000     
   0.0000000000000000     
   0.0000000000000000     
   0.0000000000000000     
   0.0000000000000000     
   0.0000000000000000     
   0.0000000000000000     
   0.0000000000000000     
   0.0000000000000000     
   0.0000000000000000     
   0.0000000000000000     
   0.0000000000000000     
   0.0000000000000000     
   0.0000000000000000     
   0.0000000000000000     
   0.0000000000000000     
   0.0000000000000000     
   0.0000000000000000     
   0.0000000000000000     
 0.23891368099626E-15
 0.98916352276895E-15
 0.15905282707985E-14
 0.20503654376764E-14
 0.25781130140275E-14
 0.31431899027629E-14
 0.36337483657564E-14
 0.39203701080008E-14
 0.40135724045700E-14
 0.41282479283035E-14
 0.42148156635591E-14
 0.41940708146742E-14
 0.39734013546880E-14
 0.37131456620595E-14
 0.33967726434884E-14
 0.30978823459639E-14
 0.28580105844236E-14
 0.25559471559104E-14
 0.22111337792793E-14
 0.19137251058327E-14
 0.16553293721087E-14
 0.14060501612132E-14
 0.11986503893114E-14
 0.10187099116617E-14
 0.87655540849568E-15
 0.75559560409232E-15
 0.64417548752648E-15
 0.56034626525466E-15
 0.47289637674158E-15
 0.40560581474085E-15
 0.34719180077930E-15
 0.29407692040069E-15
 0.25959562318980E-15
 0.22149392213196E-15
 0.18700963444452E-15
 0.16248293546838E-15
 0.13976372789921E-15
 0.11793115664235E-15
 0.10152172852928E-15
 0.84265812142362E-16
 0.72563647807194E-16
 0.62323631160179E-16
 0.53444854324265E-16
 0.41814285262221E-16
 0.38012467135394E-16
 0.31236006184525E-16
 0.26518212727930E-16
 0.22683070489979E-16
 0.19362471799846E-16
 0.17347208087412E-16
 0.13413213051969E-16
 0.11277495709889E-16
 0.97044364633013E-17
 0.81467996978418E-17
 0.64723376564042E-17
 0.56702773826961E-17
 0.46624924526910E-17
 0.39945150122038E-17
 0.33069376291748E-17
 0.26110029559381E-17
 0.21474582356945E-17
 0.17732957059586E-17
 0.13430815310249E-17
 0.11153307195198E-17
 0.87931308908718E-18
 0.68126020115882E-18
 0.48911212653708E-18
 0.31306501987322E-18
 0.23006014742752E-18
 0.12160564256181E-18
 0.23293348457155E-19
   0.0000000000000000     
   0.0000000000000000     
   0.0000000000000000     
   0.0000000000000000     
   0.0000000000000000     
   0.0000000000000000     
   0.0000000000000000     
   0.0000000000000000     
   0.0000000000000000     
   0.0000000000000000     
   0.0000000000000000     
   0.0000000000000000     
   0.0000000000000000     
   0.0000000000000000     
   0.0000000000000000     
   0.0000000000000000     
   0.0000000000000000     
   0.0000000000000000     
   0.0000000000000000     
   0.0000000000000000     
   0.0000000000000000     
   0.0000000000000000     
   0.0000000000000000     
   0.0000000000000000     
   0.0000000000000000     
   0.0000000000000000     
   0.0000000000000000     
   0.0000000000000000     
   0.0000000000000000     
   0.0000000000000000     
   0.0000000000000000     
   0.0000000000000000     
   0.0000000000000000     
   0.0000000000000000     
   0.0000000000000000     
   0.0000000000000000     
   0.0000000000000000     
   0.0000000000000000     
   0.0000000000000000     
   0.0000000000000000     
   0.0000000000000000     
   0.0000000000000000     
   0.0000000000000000     
   0.0000000000000000     
   0.0000000000000000     
   0.0000000000000000     
   0.0000000000000000     
   0.0000000000000000     
   0.0000000000000000     
   0.0000000000000000     
   0.0000000000000000     
   0.0000000000000000     
   0.0000000000000000     
   0.0000000000000000     
   0.0000000000000000     
   0.0000000000000000     
   0.0000000000000000     
   0.0000000000000000     
   0.0000000000000000     
   0.0000000000000000     
   0.0000000000000000     
   0.0000000000000000     
   0.0000000000000000     
   0.0000000000000000     
   0.0000000000000000     
   0.0000000000000000     
   0.0000000000000000     
   0.0000000000000000     
   0.0000000000000000     
   0.0000000000000000     
   0.0000000000000000     
   0.0000000000000000     
   0.0000000000000000     
   0.0000000000000000     
   0.0000000000000000     
   0.0000000000000000     
   0.0000000000000000     
   0.0000000000000000     
   0.0000000000000000     
 0.33472750206946E-15
 0.71730521018046E-15
 0.10675781067928E-14
 0.15170823071189E-14
 0.21205786653752E-14
 0.26938571807697E-14
 0.32196412934607E-14
 0.36543778277980E-14
 0.41265719756923E-14
 0.45102321511255E-14
 0.47483188135592E-14
 0.48427298553352E-14
 0.47783621518028E-14
 0.46238901427156E-14
 0.44284436191693E-14
 0.42589193942768E-14
 0.39819922878720E-14
 0.35964792659400E-14
 0.31969362050594E-14
 0.27703032846150E-14
 0.24364078653498E-14
 0.21337946102409E-14
 0.18431383755537E-14
 0.15836257569612E-14
 0.13554714174550E-14
 0.11679278512814E-14
 0.10178864974091E-14
 0.88197915920663E-15
 0.77133060163361E-15
 0.65934765067444E-15
 0.56528779994402E-15
 0.48553967788987E-15
 0.42192628536976E-15
 0.36525678884447E-15
 0.31093204961728E-15
 0.26669373602235E-15
 0.24500049428355E-15
 0.20091047157375E-15
 0.16649626398392E-15
 0.14734916203360E-15
 0.12471112938570E-15
 0.10717517230602E-15
 0.91741147868638E-16
 0.78238616240539E-16
 0.66160609640814E-16
 0.55963732857364E-16
 0.45856253749374E-16
 0.40617095628645E-16
 0.35243757554791E-16
 0.30593978265354E-16
 0.24388068719421E-16
 0.22175326324535E-16
 0.18394730967788E-16
 0.15010900759670E-16
 0.12382605129943E-16
 0.10880375837032E-16
 0.89917536586070E-17
 0.77631773057588E-17
 0.66575369220952E-17
 0.51538953039130E-17
 0.45096292964965E-17
 0.36392989432151E-17
 0.28959398619776E-17
 0.24581004742994E-17
 0.20292255681431E-17
 0.16188520760089E-17
 0.12575443774254E-17
 0.96824415046873E-18
 0.81428937235207E-18
 0.57695479395267E-18
 0.43782874699498E-18
 0.30459817641474E-18
 0.19539616441546E-18
 0.91719665573197E-19
   0.0000000000000000     
   0.0000000000000000     
   0.0000000000000000     
   0.0000000000000000     
   0.0000000000000000     
   0.0000000000000000     
   0.0000000000000000     
   0.0000000000000000     
   0.0000000000000000     
   0.0000000000000000     
   0.0000000000000000     
   0.0000000000000000     
   0.0000000000000000     
   0.0000000000000000     
   0.0000000000000000     
   0.0000000000000000     
   0.0000000000000000     
   0.0000000000000000     
   0.0000000000000000     
   0.0000000000000000     
   0.0000000000000000     
   0.0000000000000000     
   0.0000000000000000     
   0.0000000000000000     
   0.0000000000000000     
   0.0000000000000000     
   0.0000000000000000     
   0.0000000000000000     
   0.0000000000000000     
   0.0000000000000000     
   0.0000000000000000     
   0.0000000000000000     
   0.0000000000000000     
   0.0000000000000000     
   0.0000000000000000     
   0.0000000000000000     
   0.0000000000000000     
   0.0000000000000000     
   0.0000000000000000     
   0.0000000000000000     
   0.0000000000000000     
   0.0000000000000000     
   0.0000000000000000     
   0.0000000000000000     
   0.0000000000000000     
   0.0000000000000000     
   0.0000000000000000     
   0.0000000000000000     
   0.0000000000000000     
   0.0000000000000000     
   0.0000000000000000     
   0.0000000000000000     
   0.0000000000000000     
   0.0000000000000000     
   0.0000000000000000     
   0.0000000000000000     
   0.0000000000000000     
   0.0000000000000000     
   0.0000000000000000     
   0.0000000000000000     
   0.0000000000000000     
   0.0000000000000000     
   0.0000000000000000     
   0.0000000000000000     
   0.0000000000000000     
   0.0000000000000000     
   0.0000000000000000     
   0.0000000000000000     
   0.0000000000000000     
   0.0000000000000000     
   0.0000000000000000     
   0.0000000000000000     
   0.0000000000000000     
   0.0000000000000000     
   0.0000000000000000     
 0.45279448188354E-16
 0.21002061722684E-15
 0.36529453724308E-15
 0.53701362139235E-15
 0.88887563330577E-15
 0.13222096891562E-14
 0.18429161401528E-14
 0.24040266794471E-14
 0.29438960457121E-14
 0.35813203540095E-14
 0.42059852755966E-14
 0.47645742223499E-14
 0.50491057991153E-14
 0.51780251352383E-14
 0.52681860710333E-14
 0.53399921497293E-14
 0.53711792688362E-14
 0.52029381933969E-14
 0.47865927972054E-14
 0.43377120782395E-14
 0.39074086047550E-14
 0.34543313739753E-14
 0.30482490379540E-14
 0.27099965285344E-14
 0.23619127024190E-14
 0.20505980243810E-14
 0.17732785279572E-14
 0.15354752560372E-14
 0.13532546889873E-14
 0.11867156119152E-14
 0.10405428699450E-14
 0.90691362401569E-15
 0.77764514586063E-15
 0.67905995261573E-15
 0.58781616975998E-15
 0.50284981396538E-15
 0.44546853477177E-15
 0.37746330252605E-15
 0.34143818837115E-15
 0.27751308385759E-15
 0.24258607426893E-15
 0.21524847660376E-15
 0.18276794022869E-15
 0.15187611928962E-15
 0.13298638119451E-15
 0.11607578925643E-15
 0.99098309901768E-16
 0.80662937416030E-16
 0.70508106305556E-16
 0.60849296342194E-16
 0.53205842983215E-16
 0.46285894038412E-16
 0.37496472516923E-16
 0.34454171881288E-16
 0.27319242487617E-16
 0.22346719938193E-16
 0.19757421372247E-16
 0.17193944085275E-16
 0.14525027205486E-16
 0.12195914844603E-16
 0.97282202565458E-17
 0.89315776622969E-17
 0.68046008505780E-17
 0.57134413332259E-17
 0.49219361791187E-17
 0.41193698880637E-17
 0.33432044446594E-17
 0.26772562853644E-17
 0.22996658479294E-17
 0.19168979153922E-17
 0.14759595083362E-17
 0.11847979120375E-17
 0.91325211124266E-18
 0.74827689208295E-18
 0.54461182310369E-18
 0.36099808173450E-18
 0.25882587125457E-18
 0.17089499526488E-18
 0.70630556625665E-19
   0.0000000000000000     
   0.0000000000000000     
   0.0000000000000000     
   0.0000000000000000     
   0.0000000000000000     
   0.0000000000000000     
   0.0000000000000000     
   0.0000000000000000     
   0.0000000000000000     
   0.0000000000000000     
   0.0000000000000000     
   0.0000000000000000     
   0.0000000000000000     
   0.0000000000000000     
   0.0000000000000000     
   0.0000000000000000     
   0.0000000000000000     
   0.0000000000000000     
   0.0000000000000000     
   0.0000000000000000     
   0.0000000000000000     
   0.0000000000000000     
   0.0000000000000000     
   0.0000000000000000     
   0.0000000000000000     
   0.0000000000000000     
   0.0000000000000000     
   0.0000000000000000     
   0.0000000000000000     
   0.0000000000000000     
   0.0000000000000000     
   0.0000000000000000     
   0.0000000000000000     
   0.0000000000000000     
   0.0000000000000000     
   0.0000000000000000     
   0.0000000000000000     
   0.0000000000000000     
   0.0000000000000000     
   0.0000000000000000     
   0.0000000000000000     
   0.0000000000000000     
   0.0000000000000000     
   0.0000000000000000     
   0.0000000000000000     
   0.0000000000000000     
   0.0000000000000000     
   0.0000000000000000     
   0.0000000000000000     
   0.0000000000000000     
   0.0000000000000000     
   0.0000000000000000     
   0.0000000000000000     
   0.0000000000000000     
   0.0000000000000000     
   0.0000000000000000     
   0.0000000000000000     
   0.0000000000000000     
   0.0000000000000000     
   0.0000000000000000     
   0.0000000000000000     
   0.0000000000000000     
   0.0000000000000000     
   0.0000000000000000     
   0.0000000000000000     
   0.0000000000000000     
   0.0000000000000000     
   0.0000000000000000     
   0.0000000000000000     
   0.0000000000000000     
   0.0000000000000000     
 0.54127052780188E-16
 0.10024105597166E-15
 0.14718860004846E-15
 0.24702969965335E-15
 0.41132889555253E-15
 0.63264436464418E-15
 0.97029474109270E-15
 0.13662822136500E-14
 0.19307687063431E-14
 0.25934041662018E-14
 0.32732054512317E-14
 0.39340761286109E-14
 0.45175107920056E-14
 0.50527935748463E-14
 0.54204080623488E-14
 0.58522344037595E-14
 0.61007661288389E-14
 0.60776435755082E-14
 0.58909507438270E-14
 0.55300125329169E-14
 0.50805574992309E-14
 0.46700076422243E-14
 0.42123398773344E-14
 0.37347419344923E-14
 0.33409870663361E-14
 0.29312305080415E-14
 0.25860560189697E-14
 0.22822273351620E-14
 0.19797353484712E-14
 0.17556247267944E-14
 0.15558414313245E-14
 0.13772715512934E-14
 0.12106608240196E-14
 0.10537304859260E-14
 0.93440279181646E-15
 0.81818662170059E-15
 0.71042879543403E-15
 0.61462393732622E-15
 0.52638741784895E-15
 0.46324631198478E-15
 0.39487827785264E-15
 0.35072675805281E-15
 0.30649715166269E-15
 0.25758599230339E-15
 0.22687817997778E-15
 0.20171661512863E-15
 0.16629723994196E-15
 0.14324135050165E-15
 0.12488694087605E-15
 0.10399189712766E-15
 0.90684761798626E-16
 0.77648808240216E-16
 0.65231547664483E-16
 0.60349779614215E-16
 0.49085491234940E-16
 0.39644303245456E-16
 0.35227181467279E-16
 0.32253260997869E-16
 0.26225044965651E-16
 0.21812904265939E-16
 0.18346923935298E-16
 0.16814106880467E-16
 0.12684360212037E-16
 0.11001225832116E-16
 0.97238475313639E-17
 0.77039259163693E-17
 0.65663437620841E-17
 0.54031532655333E-17
 0.47167592869761E-17
 0.40195092143330E-17
 0.31490038118677E-17
 0.26187554852349E-17
 0.20989347423222E-17
 0.17624048049128E-17
 0.14276913251268E-17
 0.10533673006155E-17
 0.87917574192790E-18
 0.69281587252911E-18
 0.49744735204491E-18
 0.33616440709000E-18
 0.24723625243819E-18
 0.14781014981288E-18
 0.46488836533407E-19
   0.0000000000000000     
   0.0000000000000000     
   0.0000000000000000     
   0.0000000000000000     
   0.0000000000000000     
   0.0000000000000000     
   0.0000000000000000     
   0.0000000000000000     
   0.0000000000000000     
   0.0000000000000000     
   0.0000000000000000     
   0.0000000000000000     
   0.0000000000000000     
   0.0000000000000000     
   0.0000000000000000     
   0.0000000000000000     
   0.0000000000000000     
   0.0000000000000000     
   0.0000000000000000     
   0.0000000000000000     
   0.0000000000000000     
   0.0000000000000000     
   0.0000000000000000     
   0.0000000000000000     
   0.0000000000000000     
   0.0000000000000000     
   0.0000000000000000     
   0.0000000000000000     
   0.0000000000000000     
   0.0000000000000000     
   0.0000000000000000     
   0.0000000000000000     
   0.0000000000000000     
   0.0000000000000000     
   0.0000000000000000     
   0.0000000000000000     
   0.0000000000000000     
   0.0000000000000000     
   0.0000000000000000     
   0.0000000000000000     
   0.0000000000000000     
   0.0000000000000000     
   0.0000000000000000     
   0.0000000000000000     
   0.0000000000000000     
   0.0000000000000000     
   0.0000000000000000     
   0.0000000000000000     
   0.0000000000000000     
   0.0000000000000000     
   0.0000000000000000     
   0.0000000000000000     
   0.0000000000000000     
   0.0000000000000000     
   0.0000000000000000     
   0.0000000000000000     
   0.0000000000000000     
   0.0000000000000000     
   0.0000000000000000     
   0.0000000000000000     
   0.0000000000000000     
   0.0000000000000000     
   0.0000000000000000     
   0.0000000000000000     
   0.0000000000000000     
   0.0000000000000000     
 0.11903685713745E-16
 0.51126718196502E-16
 0.61534837316975E-16
 0.69566871768930E-16
 0.10670244625989E-15
 0.15697663029554E-15
 0.25594558214058E-15
 0.39984015418600E-15
 0.61278418047259E-15
 0.96465120899420E-15
 0.14290488251604E-14
 0.20308353808239E-14
 0.26813311776893E-14
 0.33613450636924E-14
 0.40858266679892E-14
 0.49161721189695E-14
 0.57387760718133E-14
 0.61635443206133E-14
 0.63617508130121E-14
 0.64596101572904E-14
 0.63718874123586E-14
 0.61758717917665E-14
 0.58706662611109E-14
 0.54303346582562E-14
 0.49376329239397E-14
 0.44043742721423E-14
 0.39721672917290E-14
 0.35539240260172E-14
 0.31985956957928E-14
 0.28568000834271E-14
 0.25006193351518E-14
 0.22242745320827E-14
 0.20037586483325E-14
 0.17855201612906E-14
 0.15984324049699E-14
 0.14207607096562E-14
 0.12721649198613E-14
 0.11119435445845E-14
 0.96848108537170E-15
 0.84144297265946E-15
 0.72482640656161E-15
 0.64373600861833E-15
 0.55296489887279E-15
 0.48542873693778E-15
 0.43060402135331E-15
 0.37450827197270E-15
 0.33437412527949E-15
 0.28358875353946E-15
 0.23167633791164E-15
 0.21195522849943E-15
 0.18023564423280E-15
 0.14802421319654E-15
 0.13557121240580E-15
 0.11743387537006E-15
 0.99150721434474E-16
 0.86181090348816E-16
 0.70788194326615E-16
 0.62682538687367E-16
 0.56726870544285E-16
 0.46004163581664E-16
 0.40024534343867E-16
 0.32805935121180E-16
 0.29851640081825E-16
 0.24342737096739E-16
 0.20516624190986E-16
 0.17872937778653E-16
 0.14354454585649E-16
 0.12377811664492E-16
 0.10489154590303E-16
 0.92589217688763E-17
 0.77937572231422E-17
 0.62857909047547E-17
 0.53225149686632E-17
 0.44712371733401E-17
 0.36105896081576E-17
 0.30984198197007E-17
 0.25161479720666E-17
 0.20373741273752E-17
 0.16546331468521E-17
 0.12155939252385E-17
 0.98697915406057E-18
 0.82536115025858E-18
 0.65222099286672E-18
 0.46295459346086E-18
 0.31993123783555E-18
 0.20967069792397E-18
 0.11788595918089E-18
 0.17918779800771E-19
   0.0000000000000000     
   0.0000000000000000     
   0.0000000000000000     
   0.0000000000000000     
   0.0000000000000000     
   0.0000000000000000     
   0.0000000000000000     
   0.0000000000000000     
   0.0000000000000000     
   0.0000000000000000     
   0.0000000000000000     
   0.0000000000000000     
   0.0000000000000000     
   0.0000000000000000     
   0.0000000000000000     
   0.0000000000000000     
   0.0000000000000000     
   0.0000000000000000     
   0.0000000000000000     
   0.0000000000000000     
   0.0000000000000000     
   0.0000000000000000     
   0.0000000000000000     
   0.0000000000000000     
   0.0000000000000000     
   0.0000000000000000     
   0.0000000000000000     
   0.0000000000000000     
   0.0000000000000000     
   0.0000000000000000     
   0.0000000000000000     
   0.0000000000000000     
   0.0000000000000000     
   0.0000000000000000     
   0.0000000000000000     
   0.0000000000000000     
   0.0000000000000000     
   0.0000000000000000     
   0.0000000000000000     
   0.0000000000000000     
   0.0000000000000000     
   0.0000000000000000     
   0.0000000000000000     
   0.0000000000000000     
   0.0000000000000000     
   0.0000000000000000     
   0.0000000000000000     
   0.0000000000000000     
   0.0000000000000000     
   0.0000000000000000     
   0.0000000000000000     
   0.0000000000000000     
   0.0000000000000000     
   0.0000000000000000     
   0.0000000000000000     
   0.0000000000000000     
   0.0000000000000000     
   0.0000000000000000     
   0.0000000000000000     
   0.0000000000000000     
   0.0000000000000000     
   0.0000000000000000     
 0.27241785755300E-16
 0.40047955325136E-16
 0.52510571461016E-16
 0.60515422992124E-16
 0.79863693586779E-16
 0.90165088893626E-16
 0.11252196963836E-15
 0.14334409801496E-15
 0.23412959782735E-15
 0.38131647621768E-15
 0.60997003689730E-15
 0.95070260793491E-15
 0.14010117156674E-14
 0.20020613530778E-14
 0.27520318559293E-14
 0.36394780527729E-14
 0.45646645374258E-14
 0.53639489021367E-14
 0.59360188582203E-14
 0.62744945429385E-14
 0.65550639277498E-14
 0.67516123704386E-14
 0.67151930464162E-14
 0.64232379773646E-14
 0.59805547005424E-14
 0.55187054008361E-14
 0.50347617381705E-14
 0.45988097700542E-14
 0.42373017581663E-14
 0.38614785923797E-14
 0.34814868734982E-14
 0.31002488197986E-14
 0.27786567808719E-14
 0.25351701036469E-14
 0.22905722465350E-14
 0.20693711317889E-14
 0.18491281775532E-14
 0.16607865688493E-14
 0.14754818503991E-14
 0.12989104552537E-14
 0.11396947219373E-14
 0.10034556294180E-14
 0.88355469000605E-15
 0.74821416122676E-15
 0.67307175054235E-15
 0.60714352084289E-15
 0.52631060522577E-15
 0.46329050900176E-15
 0.39144267826051E-15
 0.33562393020706E-15
 0.30869832640342E-15
 0.24688355902344E-15
 0.21530546156002E-15
 0.19771321948616E-15
 0.16765915432706E-15
 0.14806003120431E-15
 0.12295448092053E-15
 0.10846941577370E-15
 0.96240213801112E-16
 0.79519550555084E-16
 0.66909119928895E-16
 0.59330812388024E-16
 0.51831915713389E-16
 0.43403685260408E-16
 0.37835944538891E-16
 0.31932616204265E-16
 0.27071723452047E-16
 0.22926018365555E-16
 0.19584811323103E-16
 0.17069529343173E-16
 0.14552957876289E-16
 0.12051254585786E-16
 0.10457125906304E-16
 0.86234890082403E-17
 0.70952941810042E-17
 0.61298811261942E-17
 0.50166228305793E-17
 0.42116771980283E-17
 0.33230493369107E-17
 0.25602121696336E-17
 0.22116310520716E-17
 0.19193589094648E-17
 0.15934247536659E-17
 0.12451086547405E-17
 0.97009856138983E-18
 0.77878638395652E-18
 0.59277553509703E-18
 0.39247882843694E-18
 0.26831880616443E-18
 0.19276077826397E-18
 0.93524860812402E-19
   0.0000000000000000     
   0.0000000000000000     
   0.0000000000000000     
   0.0000000000000000     
   0.0000000000000000     
   0.0000000000000000     
   0.0000000000000000     
   0.0000000000000000     
   0.0000000000000000     
   0.0000000000000000     
   0.0000000000000000     
   0.0000000000000000     
   0.0000000000000000     
   0.0000000000000000     
   0.0000000000000000     
   0.0000000000000000     
   0.0000000000000000     
   0.0000000000000000     
   0.0000000000000000     
   0.0000000000000000     
   0.0000000000000000     
   0.0000000000000000     
   0.0000000000000000     
   0.0000000000000000     
   0.0000000000000000     
   0.0000000000000000     
   0.0000000000000000     
   0.0000000000000000     
   0.0000000000000000     
   0.0000000000000000     
   0.0000000000000000     
   0.0000000000000000     
   0.0000000000000000     
   0.0000000000000000     
   0.0000000000000000     
   0.0000000000000000     
   0.0000000000000000     
   0.0000000000000000     
   0.0000000000000000     
   0.0000000000000000     
   0.0000000000000000     
   0.0000000000000000     
   0.0000000000000000     
   0.0000000000000000     
   0.0000000000000000     
   0.0000000000000000     
   0.0000000000000000     
   0.0000000000000000     
   0.0000000000000000     
   0.0000000000000000     
   0.0000000000000000     
   0.0000000000000000     
   0.0000000000000000     
   0.0000000000000000     
   0.0000000000000000     
   0.0000000000000000     
   0.0000000000000000     
   0.0000000000000000     
   0.0000000000000000     
 0.28970553438617E-16
 0.32729539177723E-16
 0.39902722825336E-16
 0.43204203394363E-16
 0.60257619623523E-16
 0.68266253990741E-16
 0.79460293712298E-16
 0.88409357427611E-16
 0.10093831695060E-15
 0.14321505256300E-15
 0.21880773191297E-15
 0.35744666215769E-15
 0.57484861093887E-15
 0.91282918069969E-15
 0.13986649173667E-14
 0.21183036257287E-14
 0.29051703700440E-14
 0.37337415775664E-14
 0.45739362766085E-14
 0.53802854787942E-14
 0.60100857075080E-14
 0.64586553340713E-14
 0.67222328843369E-14
 0.67397211190934E-14
 0.65697071415880E-14
 0.63270134951996E-14
 0.60112407107133E-14
 0.56414833424294E-14
 0.52406128388901E-14
 0.49060405842051E-14
 0.45124339421866E-14
 0.41518012616027E-14
 0.37555102198189E-14
 0.33790782034004E-14
 0.31418257528061E-14
 0.28524476501915E-14
 0.26103836678901E-14
 0.23449510644654E-14
 0.21192890512531E-14
 0.18939642978133E-14
 0.16807647341873E-14
 0.15053046402756E-14
 0.13449487443642E-14
 0.11713636024724E-14
 0.10386228231533E-14
 0.94070721045131E-15
 0.83200547970164E-15
 0.71047371458912E-15
 0.65642711769702E-15
 0.54690473057460E-15
 0.47799271435406E-15
 0.41555344154239E-15
 0.35425172417359E-15
 0.32227180585236E-15
 0.28363851155001E-15
 0.24202803280378E-15
 0.21453765935909E-15
 0.18139769358366E-15
 0.16118954431480E-15
 0.13670661078544E-15
 0.11496312916925E-15
 0.10587156805072E-15
 0.88479599016048E-16
 0.74788655365886E-16
 0.66149374843631E-16
 0.57786684278512E-16
 0.48997435603054E-16
 0.41791226932316E-16
 0.35972294335942E-16
 0.30672690736314E-16
 0.26105548144140E-16
 0.22146760657181E-16
 0.19077165246368E-16
 0.16352479539413E-16
 0.13640252321253E-16
 0.11320094966706E-16
 0.96298399043097E-17
 0.82908606652848E-17
 0.63798502756983E-17
 0.53593078662776E-17
 0.47118752087773E-17
 0.39989953296873E-17
 0.33390041538407E-17
 0.26344285032644E-17
 0.22137315449466E-17
 0.18135553520321E-17
 0.14660873033906E-17
 0.10660261673664E-17
 0.94626912721387E-18
 0.76405160625387E-18
 0.54317294536738E-18
 0.32684310439553E-18
 0.27783759169049E-18
 0.16318159717085E-18
 0.64472818269625E-19
   0.0000000000000000     
   0.0000000000000000     
   0.0000000000000000     
   0.0000000000000000     
   0.0000000000000000     
   0.0000000000000000     
   0.0000000000000000     
   0.0000000000000000     
   0.0000000000000000     
   0.0000000000000000     
   0.0000000000000000     
   0.0000000000000000     
   0.0000000000000000     
   0.0000000000000000     
   0.0000000000000000     
   0.0000000000000000     
   0.0000000000000000     
   0.0000000000000000     
   0.0000000000000000     
   0.0000000000000000     
   0.0000000000000000     
   0.0000000000000000     
   0.0000000000000000     
   0.0000000000000000     
   0.0000000000000000     
   0.0000000000000000     
   0.0000000000000000     
   0.0000000000000000     
   0.0000000000000000     
   0.0000000000000000     
   0.0000000000000000     
   0.0000000000000000     
   0.0000000000000000     
   0.0000000000000000     
   0.0000000000000000     
   0.0000000000000000     
   0.0000000000000000     
   0.0000000000000000     
   0.0000000000000000     
   0.0000000000000000     
   0.0000000000000000     
   0.0000000000000000     
   0.0000000000000000     
   0.0000000000000000     
   0.0000000000000000     
   0.0000000000000000     
   0.0000000000000000     
   0.0000000000000000     
   0.0000000000000000     
   0.0000000000000000     
   0.0000000000000000     
   0.0000000000000000     
   0.0000000000000000     
   0.0000000000000000     
 0.14544557581024E-16
 0.18482660552145E-16
 0.23181286193999E-16
 0.24340444464574E-16
 0.37586147678780E-16
 0.46564161108731E-16
 0.43958855816287E-16
 0.55817609105833E-16
 0.51694782971893E-16
 0.62909117114198E-16
 0.77796802765022E-16
 0.94335213100730E-16
 0.13660223803179E-15
 0.19855950468479E-15
 0.32522017983883E-15
 0.55756741832076E-15
 0.89063870042478E-15
 0.13707799105074E-14
 0.20409253360678E-14
 0.27804998390846E-14
 0.36101007235350E-14
 0.45516238125277E-14
 0.53620910155457E-14
 0.58193712351818E-14
 0.61436116679804E-14
 0.63822844185446E-14
 0.64618198759577E-14
 0.64649071082129E-14
 0.63452310613721E-14
 0.61467023425946E-14
 0.58294328153729E-14
 0.54767214669582E-14
 0.51392051396022E-14
 0.47591854841206E-14
 0.43966805690526E-14
 0.40092810683731E-14
 0.37387380963126E-14
 0.34410931930769E-14
 0.31850049476317E-14
 0.29196125597662E-14
 0.26746239478903E-14
 0.24066584669497E-14
 0.21495744991201E-14
 0.19049268494165E-14
 0.17508945916043E-14
 0.15497217424881E-14
 0.13932894956689E-14
 0.12665565319141E-14
 0.11009315093432E-14
 0.97456795401009E-15
 0.86991869905720E-15
 0.75667128295611E-15
 0.67632613910788E-15
 0.59313633603923E-15
 0.51616446585080E-15
 0.45766254624963E-15
 0.39416417626600E-15
 0.35787252908970E-15
 0.29677081207980E-15
 0.26029317344270E-15
 0.22809742856544E-15
 0.19758490095785E-15
 0.17953078634744E-15
 0.15175755821379E-15
 0.12832874734208E-15
 0.11374348299111E-15
 0.10025580815217E-15
 0.85029083964030E-16
 0.69614381919602E-16
 0.64825610250865E-16
 0.56282389900414E-16
 0.46281877527618E-16
 0.39572342971150E-16
 0.33774447983531E-16
 0.30042008078826E-16
 0.24391980433380E-16
 0.19730152329837E-16
 0.18514847792945E-16
 0.15282291365234E-16
 0.12399022148702E-16
 0.10743729408345E-16
 0.89242658986450E-17
 0.77559867263487E-17
 0.62961339974668E-17
 0.50735511413253E-17
 0.42661075406121E-17
 0.37373935939644E-17
 0.32215200146432E-17
 0.26738354271500E-17
 0.21519069668052E-17
 0.17907272385437E-17
 0.12911418837780E-17
 0.10959454846569E-17
 0.93446332238859E-18
 0.70103948744229E-18
 0.48892766096834E-18
 0.35314859638130E-18
 0.25858079340590E-18
 0.13977087133579E-18
 0.38068882467327E-19
   0.0000000000000000     
   0.0000000000000000     
   0.0000000000000000     
   0.0000000000000000     
   0.0000000000000000     
   0.0000000000000000     
   0.0000000000000000     
   0.0000000000000000     
   0.0000000000000000     
   0.0000000000000000     
   0.0000000000000000     
   0.0000000000000000     
   0.0000000000000000     
   0.0000000000000000     
   0.0000000000000000     
   0.0000000000000000     
   0.0000000000000000     
   0.0000000000000000     
   0.0000000000000000     
   0.0000000000000000     
   0.0000000000000000     
   0.0000000000000000     
   0.0000000000000000     
   0.0000000000000000     
   0.0000000000000000     
   0.0000000000000000     
   0.0000000000000000     
   0.0000000000000000     
   0.0000000000000000     
   0.0000000000000000     
   0.0000000000000000     
   0.0000000000000000     
   0.0000000000000000     
   0.0000000000000000     
   0.0000000000000000     
   0.0000000000000000     
   0.0000000000000000     
   0.0000000000000000     
   0.0000000000000000     
   0.0000000000000000     
   0.0000000000000000     
   0.0000000000000000     
   0.0000000000000000     
   0.0000000000000000     
   0.0000000000000000     
   0.0000000000000000     
   0.0000000000000000     
   0.0000000000000000     
   0.0000000000000000     
   0.0000000000000000     
 0.14989390085245E-16
 0.11508863919087E-16
 0.14077990608125E-16
 0.21478354903877E-16
 0.26707925760009E-16
 0.30221060869243E-16
 0.43438597307945E-16
 0.33966867874782E-16
 0.34957755684649E-16
 0.51290724200081E-16
 0.53963553802177E-16
 0.63260149530919E-16
 0.65722458263803E-16
 0.80059467454807E-16
 0.11716921086419E-15
 0.17494376737422E-15
 0.28357261268545E-15
 0.46580119083047E-15
 0.77587870506736E-15
 0.12424152097006E-14
 0.18816193860312E-14
 0.26658546236832E-14
 0.34441803023168E-14
 0.42230654546474E-14
 0.48570237700262E-14
 0.53184265897514E-14
 0.57758059753741E-14
 0.61742726982183E-14
 0.64792075934302E-14
 0.65905383397522E-14
 0.64589409695331E-14
 0.61937959145310E-14
 0.58903826827332E-14
 0.55797676708109E-14
 0.52638668855723E-14
 0.49788678050183E-14
 0.45937472323752E-14
 0.42934676900507E-14
 0.40300743542224E-14
 0.37679397770363E-14
 0.35039810224797E-14
 0.32659288927555E-14
 0.29802008317191E-14
 0.26893820507093E-14
 0.24180006817294E-14
 0.22325755976816E-14
 0.19825467390170E-14
 0.18378578235178E-14
 0.16467527253219E-14
 0.14431316817090E-14
 0.13108473597128E-14
 0.11525734260132E-14
 0.10276523495358E-14
 0.93410815228851E-15
 0.82383080009173E-15
 0.72797078323423E-15
 0.62223216216159E-15
 0.56430826065347E-15
 0.48567152821819E-15
 0.41125422761967E-15
 0.36805008429054E-15
 0.32707558992377E-15
 0.29293485661455E-15
 0.25529433661574E-15
 0.21739945591648E-15
 0.19610970408119E-15
 0.17072162647410E-15
 0.14657901108580E-15
 0.11838789697705E-15
 0.11230997242877E-15
 0.99412678029043E-16
 0.78910719626313E-16
 0.69272873703433E-16
 0.59574071777055E-16
 0.52316141867607E-16
 0.42251758314588E-16
 0.37019121203068E-16
 0.32865548140470E-16
 0.27882362745610E-16
 0.23154417596715E-16
 0.18801659806714E-16
 0.16570807425929E-16
 0.14515193238137E-16
 0.11832511180919E-16
 0.10201259533083E-16
 0.85534140885614E-17
 0.75670260998122E-17
 0.63094314899858E-17
 0.51138545283298E-17
 0.44636312745032E-17
 0.36470007438982E-17
 0.29053852437426E-17
 0.25421572780090E-17
 0.20718216945372E-17
 0.16998107800674E-17
 0.13038803624844E-17
 0.11138342394898E-17
 0.87235563835196E-18
 0.64462997257690E-18
 0.47288604627334E-18
 0.33128725726474E-18
 0.22243456788978E-18
 0.11894169116924E-18
 0.11843697617556E-19
   0.0000000000000000     
   0.0000000000000000     
   0.0000000000000000     
   0.0000000000000000     
   0.0000000000000000     
   0.0000000000000000     
   0.0000000000000000     
   0.0000000000000000     
   0.0000000000000000     
   0.0000000000000000     
   0.0000000000000000     
   0.0000000000000000     
   0.0000000000000000     
   0.0000000000000000     
   0.0000000000000000     
   0.0000000000000000     
   0.0000000000000000     
   0.0000000000000000     
   0.0000000000000000     
   0.0000000000000000     
   0.0000000000000000     
   0.0000000000000000     
   0.0000000000000000     
   0.0000000000000000     
   0.0000000000000000     
   0.0000000000000000     
   0.0000000000000000     
   0.0000000000000000     
   0.0000000000000000     
   0.0000000000000000     
   0.0000000000000000     
   0.0000000000000000     
   0.0000000000000000     
   0.0000000000000000     
   0.0000000000000000     
   0.0000000000000000     
   0.0000000000000000     
   0.0000000000000000     
   0.0000000000000000     
   0.0000000000000000     
   0.0000000000000000     
   0.0000000000000000     
   0.0000000000000000     
   0.0000000000000000     
   0.0000000000000000     
 0.65046380767209E-17
 0.10289649668070E-16
 0.15813438661855E-16
 0.18354792710324E-16
 0.18813703327701E-16
 0.20089781786820E-16
 0.24872041365408E-16
 0.30788069500155E-16
 0.25054676244227E-16
 0.35544200562871E-16
 0.41655125684156E-16
 0.42619051680052E-16
 0.49533726154924E-16
 0.46433778275058E-16
 0.58395234191624E-16
 0.66548814792819E-16
 0.75877038350070E-16
 0.10331553993756E-15
 0.14520424799612E-15
 0.23386503183364E-15
 0.41814499159595E-15
 0.69462477664933E-15
 0.11233769247009E-14
 0.16858545237941E-14
 0.23155539297866E-14
 0.30026059898562E-14
 0.37312127919656E-14
 0.44266874496416E-14
 0.51379704053545E-14
 0.58169262761908E-14
 0.62872381761334E-14
 0.65013289477226E-14
 0.64934438186352E-14
 0.63381321536538E-14
 0.60693137281939E-14
 0.58513200617517E-14
 0.56036785909763E-14
 0.53687908829152E-14
 0.50482306747048E-14
 0.47857197046677E-14
 0.45661137109361E-14
 0.42978532780249E-14
 0.40620593638529E-14
 0.38455973046759E-14
 0.35477762438450E-14
 0.32610745424531E-14
 0.29696257203615E-14
 0.27675559064410E-14
 0.25013364299626E-14
 0.23583102078811E-14
 0.21068312794604E-14
 0.18621068095773E-14
 0.17124378697652E-14
 0.15385073945256E-14
 0.13697216159876E-14
 0.12416837100794E-14
 0.10933306867975E-14
 0.96479038111396E-15
 0.85192871391647E-15
 0.76841324990313E-15
 0.64516520392164E-15
 0.59369964928878E-15
 0.52487837647798E-15
 0.46573776609961E-15
 0.40657099016385E-15
 0.34292353932615E-15
 0.32503162451686E-15
 0.28383445981818E-15
 0.23967887601207E-15
 0.20132536030165E-15
 0.18629823750534E-15
 0.16689823348295E-15
 0.13062908151488E-15
 0.12151947305657E-15
 0.10286594732911E-15
 0.90099763548330E-16
 0.73119074233501E-16
 0.65564455412916E-16
 0.57902322581515E-16
 0.49683256396684E-16
 0.42355007088569E-16
 0.36003445687125E-16
 0.31222580290234E-16
 0.26415335899035E-16
 0.22636829257894E-16
 0.18464002583123E-16
 0.16639873065729E-16
 0.14543835996017E-16
 0.11362866040204E-16
 0.98434672882454E-17
 0.87240657865623E-17
 0.71078945976781E-17
 0.58837171970070E-17
 0.48602138186389E-17
 0.42025364124983E-17
 0.35391170341844E-17
 0.28173049316431E-17
 0.24306356171822E-17
 0.19556870704560E-17
 0.16156322335739E-17
 0.12341621321381E-17
 0.10319323534891E-17
 0.81099149009573E-18
 0.62151216114215E-18
 0.43288357855088E-18
 0.31960865302681E-18
 0.19559140817854E-18
 0.93040298411657E-19
   0.0000000000000000     
   0.0000000000000000     
   0.0000000000000000     
   0.0000000000000000     
   0.0000000000000000     
   0.0000000000000000     
   0.0000000000000000     
   0.0000000000000000     
   0.0000000000000000     
   0.0000000000000000     
   0.0000000000000000     
   0.0000000000000000     
   0.0000000000000000     
   0.0000000000000000     
   0.0000000000000000     
   0.0000000000000000     
   0.0000000000000000     
   0.0000000000000000     
   0.0000000000000000     
   0.0000000000000000     
   0.0000000000000000     
   0.0000000000000000     
   0.0000000000000000     
   0.0000000000000000     
   0.0000000000000000     
   0.0000000000000000     
   0.0000000000000000     
   0.0000000000000000     
   0.0000000000000000     
   0.0000000000000000     
   0.0000000000000000     
   0.0000000000000000     
   0.0000000000000000     
   0.0000000000000000     
   0.0000000000000000     
   0.0000000000000000     
   0.0000000000000000     
   0.0000000000000000     
   0.0000000000000000     
   0.0000000000000000     
   0.0000000000000000     
   0.0000000000000000     
 0.79878883218460E-17
 0.83000923979083E-17
 0.14248513568657E-16
 0.13525475118899E-16
 0.16802124384313E-16
 0.19311620709608E-16
 0.21276649659609E-16
 0.19662630049143E-16
 0.24788798752278E-16
 0.32123863616732E-16
 0.34005826358551E-16
 0.24548520449004E-16
 0.28669966305924E-16
 0.36283657635465E-16
 0.40681848747759E-16
 0.38406306453079E-16
 0.45940090330847E-16
 0.62306626800751E-16
 0.71270318442815E-16
 0.79278416938255E-16
 0.12623575793481E-15
 0.19468924237974E-15
 0.32484556642142E-15
 0.56316692739572E-15
 0.91096285360761E-15
 0.13717921242822E-14
 0.19652549431555E-14
 0.27223967760413E-14
 0.36332335024913E-14
 0.44569561214868E-14
 0.51493549709438E-14
 0.57314260084759E-14
 0.60955954611315E-14
 0.62290453726432E-14
 0.61811730926336E-14
 0.60457699194527E-14
 0.58846937152057E-14
 0.57147852466294E-14
 0.55518805202839E-14
 0.53571845221190E-14
 0.51024047351437E-14
 0.49362290644508E-14
 0.47281869089087E-14
 0.45369014149256E-14
 0.43483828692067E-14
 0.40845019194114E-14
 0.38177125834262E-14
 0.35508295021727E-14
 0.33520315874533E-14
 0.30848261970986E-14
 0.28867883278771E-14
 0.26085209614513E-14
 0.23631904395891E-14
 0.22045282191606E-14
 0.19685753001710E-14
 0.17758947572619E-14
 0.16173647093890E-14
 0.14420930255760E-14
 0.12541821478190E-14
 0.11627904107273E-14
 0.10275807211753E-14
 0.93096949711458E-15
 0.82433707602078E-15
 0.73130172676061E-15
 0.64134877706995E-15
 0.55644671006896E-15
 0.51234662519350E-15
 0.45666838823206E-15
 0.38763755792032E-15
 0.34156227966360E-15
 0.30376575302958E-15
 0.27155708827411E-15
 0.21023314099330E-15
 0.21019524533310E-15
 0.17859127357678E-15
 0.15279218386787E-15
 0.12491154338937E-15
 0.11084898677009E-15
 0.10200148338001E-15
 0.86601411138816E-16
 0.74801134227178E-16
 0.64167829948721E-16
 0.54532241881274E-16
 0.47504272711132E-16
 0.39200607107524E-16
 0.34370378684039E-16
 0.30911079130631E-16
 0.25578879462660E-16
 0.21250964666172E-16
 0.18481944099646E-16
 0.16445786333526E-16
 0.13120600701036E-16
 0.11529682401713E-16
 0.99512820472949E-17
 0.84800529440628E-17
 0.71015127845610E-17
 0.57915565037828E-17
 0.48127356337356E-17
 0.40138660074281E-17
 0.33827518766441E-17
 0.26873346074615E-17
 0.22402686296739E-17
 0.19822539748497E-17
 0.15993230179781E-17
 0.13111173636323E-17
 0.10493464159677E-17
 0.76590941897187E-18
 0.57596841803032E-18
 0.37992652755215E-18
 0.29216667007064E-18
 0.17059397999428E-18
 0.64489931843511E-19
   0.0000000000000000     
   0.0000000000000000     
   0.0000000000000000     
   0.0000000000000000     
   0.0000000000000000     
   0.0000000000000000     
   0.0000000000000000     
   0.0000000000000000     
   0.0000000000000000     
   0.0000000000000000     
   0.0000000000000000     
   0.0000000000000000     
   0.0000000000000000     
   0.0000000000000000     
   0.0000000000000000     
   0.0000000000000000     
   0.0000000000000000     
   0.0000000000000000     
   0.0000000000000000     
   0.0000000000000000     
   0.0000000000000000     
   0.0000000000000000     
   0.0000000000000000     
   0.0000000000000000     
   0.0000000000000000     
   0.0000000000000000     
   0.0000000000000000     
   0.0000000000000000     
   0.0000000000000000     
   0.0000000000000000     
   0.0000000000000000     
   0.0000000000000000     
   0.0000000000000000     
   0.0000000000000000     
   0.0000000000000000     
   0.0000000000000000     
   0.0000000000000000     
   0.0000000000000000     
 0.60373555752997E-17
 0.10719425762596E-16
 0.94108872664565E-17
 0.96502828201108E-17
 0.13017218696769E-16
 0.16769176656236E-16
 0.14142645025696E-16
 0.14872863045334E-16
 0.19220259017415E-16
 0.22213190336606E-16
 0.19719567153334E-16
 0.17367119068623E-16
 0.18469365458750E-16
 0.27275117303947E-16
 0.23556546962419E-16
 0.25328169837441E-16
 0.37763664368578E-16
 0.44480801622498E-16
 0.44787241252176E-16
 0.52088038576098E-16
 0.54449387586705E-16
 0.61557156164412E-16
 0.92727968287338E-16
 0.16173966797426E-15
 0.26267015738449E-15
 0.43758571168443E-15
 0.74473259884734E-15
 0.12325915635186E-14
 0.18838741570690E-14
 0.26741725682951E-14
 0.35098813410193E-14
 0.41966258541304E-14
 0.48180214775047E-14
 0.53277734069248E-14
 0.55909906676550E-14
 0.56978221170112E-14
 0.56908624252788E-14
 0.55949268361889E-14
 0.55510479503023E-14
 0.54841171401397E-14
 0.54200421584890E-14
 0.52572746659197E-14
 0.51875375998491E-14
 0.50309945060598E-14
 0.48988764032062E-14
 0.47455614207569E-14
 0.45268011161988E-14
 0.43368239322715E-14
 0.40943371555291E-14
 0.38717309823286E-14
 0.36571078361138E-14
 0.34438950528410E-14
 0.31631687125241E-14
 0.29437613084346E-14
 0.26775213245193E-14
 0.24462013693357E-14
 0.22679389442617E-14
 0.21031708992055E-14
 0.18545003110313E-14
 0.16406031806854E-14
 0.15420888659019E-14
 0.14083925870303E-14
 0.12596944961189E-14
 0.11282155224508E-14
 0.98400800543511E-15
 0.89165556611620E-15
 0.78281524224806E-15
 0.70597662512412E-15
 0.63696998970456E-15
 0.54508768582290E-15
 0.49096898481095E-15
 0.44030526430705E-15
 0.36194003078993E-15
 0.33561054563157E-15
 0.30045947157437E-15
 0.25518803271050E-15
 0.21136404245619E-15
 0.19699069159974E-15
 0.16678955182986E-15
 0.14579346139066E-15
 0.12702447019427E-15
 0.10983720481003E-15
 0.95798505414335E-16
 0.81859760509922E-16
 0.66621731654437E-16
 0.62316631532363E-16
 0.54033698249087E-16
 0.44829595649995E-16
 0.37456960278823E-16
 0.34005525999890E-16
 0.28932736421110E-16
 0.24900042768768E-16
 0.21582454060192E-16
 0.18356233924191E-16
 0.15627305666406E-16
 0.13172402451162E-16
 0.11019534993800E-16
 0.95941305025238E-17
 0.79303658913946E-17
 0.66586977773938E-17
 0.54233068813303E-17
 0.51378161005469E-17
 0.41011661838109E-17
 0.34126484922158E-17
 0.27194507312504E-17
 0.22816270285529E-17
 0.19203039356919E-17
 0.14757431828414E-17
 0.11616013542606E-17
 0.99614746963790E-18
 0.76339923945478E-18
 0.53361716513883E-18
 0.37274480615162E-18
 0.26722374685882E-18
 0.15851367496590E-18
 0.39296463338069E-19
   0.0000000000000000     
   0.0000000000000000     
   0.0000000000000000     
   0.0000000000000000     
   0.0000000000000000     
   0.0000000000000000     
   0.0000000000000000     
   0.0000000000000000     
   0.0000000000000000     
   0.0000000000000000     
   0.0000000000000000     
   0.0000000000000000     
   0.0000000000000000     
   0.0000000000000000     
   0.0000000000000000     
   0.0000000000000000     
   0.0000000000000000     
   0.0000000000000000     
   0.0000000000000000     
   0.0000000000000000     
   0.0000000000000000     
   0.0000000000000000     
   0.0000000000000000     
   0.0000000000000000     
   0.0000000000000000     
   0.0000000000000000     
   0.0000000000000000     
   0.0000000000000000     
   0.0000000000000000     
   0.0000000000000000     
   0.0000000000000000     
   0.0000000000000000     
   0.0000000000000000     
 0.21911254603707E-17
 0.61128676134424E-17
 0.64607094664419E-17
 0.53198633598649E-17
 0.62696497040566E-17
 0.98558086811744E-17
 0.10590202652250E-16
 0.92139815617712E-17
 0.10692945762356E-16
 0.12783334204699E-16
 0.14113705880842E-16
 0.88162120346885E-17
 0.15648704137604E-16
 0.18768006839041E-16
 0.19640372003806E-16
 0.23552333879311E-16
 0.26597386349820E-16
 0.29117162389137E-16
 0.30181372591791E-16
 0.32075284180169E-16
 0.35804338386272E-16
 0.28848353664968E-16
 0.36850812526936E-16
 0.53596361385058E-16
 0.62438996418484E-16
 0.76729049930806E-16
 0.11979776754485E-15
 0.20855195784966E-15
 0.38839992873199E-15
 0.68452200970035E-15
 0.11243341764498E-14
 0.17177262417459E-14
 0.24095503860059E-14
 0.30891725942941E-14
 0.37008947051627E-14
 0.42514071742976E-14
 0.46146951758246E-14
 0.48569907409838E-14
 0.50107577380688E-14
 0.50568039619485E-14
 0.51173621781761E-14
 0.51598862576089E-14
 0.52404513540413E-14
 0.52191347926039E-14
 0.51780912723203E-14
 0.51103523428153E-14
 0.50546685280817E-14
 0.50005760879039E-14
 0.48618901021619E-14
 0.46999142969305E-14
 0.44966171623255E-14
 0.43523018658376E-14
 0.41999507072802E-14
 0.39594738208560E-14
 0.36727387387383E-14
 0.35276495213253E-14
 0.32333862270932E-14
 0.29342809933614E-14
 0.27884933982681E-14
 0.26146201383437E-14
 0.23038312003078E-14
 0.21379119377079E-14
 0.20252961879253E-14
 0.18642585905437E-14
 0.16336382426184E-14
 0.14609530345817E-14
 0.13492779611319E-14
 0.11808055278938E-14
 0.10703451441317E-14
 0.98950437128579E-15
 0.85434589552245E-15
 0.77858897455111E-15
 0.69896404672914E-15
 0.58466139713797E-15
 0.54767798025643E-15
 0.48983819254826E-15
 0.40713535505477E-15
 0.35289997351754E-15
 0.31737326979226E-15
 0.27343702819788E-15
 0.24531685459105E-15
 0.21074981142392E-15
 0.18535013986903E-15
 0.16528203705325E-15
 0.13682147273431E-15
 0.11523748361482E-15
 0.10913620841491E-15
 0.91870498720830E-16
 0.77820190966742E-16
 0.67787725757522E-16
 0.59960683284526E-16
 0.50576892065641E-16
 0.45627891071390E-16
 0.38533277192760E-16
 0.33250805611589E-16
 0.28432052609796E-16
 0.23779779036786E-16
 0.20350885877523E-16
 0.17608646966007E-16
 0.15238355462155E-16
 0.12773243273528E-16
 0.11026752236033E-16
 0.92134682681766E-17
 0.80601165938380E-17
 0.65120839693592E-17
 0.54624718961795E-17
 0.48226457785379E-17
 0.38486332642645E-17
 0.31753063472909E-17
 0.26892117189102E-17
 0.23385609735783E-17
 0.19187530421766E-17
 0.14318373691180E-17
 0.11438732488975E-17
 0.93863161536928E-18
 0.73913265135942E-18
 0.51947124378817E-18
 0.38669980407731E-18
 0.25404190842509E-18
 0.11929851046211E-18
 0.49639334265845E-20
   0.0000000000000000     
   0.0000000000000000     
   0.0000000000000000     
   0.0000000000000000     
   0.0000000000000000     
   0.0000000000000000     
   0.0000000000000000     
   0.0000000000000000     
   0.0000000000000000     
   0.0000000000000000     
   0.0000000000000000     
   0.0000000000000000     
   0.0000000000000000     
   0.0000000000000000     
   0.0000000000000000     
   0.0000000000000000     
   0.0000000000000000     
   0.0000000000000000     
   0.0000000000000000     
   0.0000000000000000     
   0.0000000000000000     
   0.0000000000000000     
   0.0000000000000000     
   0.0000000000000000     
   0.0000000000000000     
   0.0000000000000000     
   0.0000000000000000     
   0.0000000000000000     
   0.0000000000000000     
 0.12674763905453E-17
 0.39854090461700E-17
 0.22795197208787E-17
 0.35319083036687E-17
 0.63180655328266E-17
 0.71242551405239E-17
 0.31233467957016E-17
 0.58700275840798E-17
 0.71196499845572E-17
 0.77463152178063E-17
 0.84785123291564E-17
 0.99143184588317E-17
 0.13345910447025E-16
 0.14721397201934E-16
 0.11989734598595E-16
 0.12641683670161E-16
 0.15662018466758E-16
 0.16849885305774E-16
 0.15611474439664E-16
 0.23840114598666E-16
 0.17471284797664E-16
 0.20721681569667E-16
 0.30082301773789E-16
 0.37045407560390E-16
 0.33899052669996E-16
 0.37190618881630E-16
 0.49457961153362E-16
 0.68636822990541E-16
 0.98368167526290E-16
 0.17063240535417E-15
 0.31410613231701E-15
 0.56677234097221E-15
 0.92247957905860E-15
 0.13922559770900E-14
 0.19756968416295E-14
 0.24889807420290E-14
 0.29840455884067E-14
 0.34431337413172E-14
 0.38112217265725E-14
 0.40971906106321E-14
 0.42763980857396E-14
 0.44405049879023E-14
 0.46543644072021E-14
 0.48174994199357E-14
 0.49136308324536E-14
 0.49480670138933E-14
 0.50119297802179E-14
 0.50491718432866E-14
 0.50496206571632E-14
 0.49891965161773E-14
 0.49269577433448E-14
 0.47612745779522E-14
 0.46756686408104E-14
 0.45701247165967E-14
 0.43519613563412E-14
 0.41161210182398E-14
 0.39894685464370E-14
 0.36918179449335E-14
 0.34856665004376E-14
 0.34361709618875E-14
 0.30894370250116E-14
 0.28115131503715E-14
 0.26977821945797E-14
 0.25623312843426E-14
 0.22838862984000E-14
 0.21031708863470E-14
 0.19287458723101E-14
 0.17381503061273E-14
 0.15879015515365E-14
 0.14622469860917E-14
 0.12796473250116E-14
 0.11773054020080E-14
 0.10522192184895E-14
 0.90763359091985E-15
 0.85760383857454E-15
 0.72850461783779E-15
 0.63568141917855E-15
 0.56866011776443E-15
 0.50875277323592E-15
 0.44952048778876E-15
 0.37721344992892E-15
 0.35653109898702E-15
 0.31659971634834E-15
 0.27333442228415E-15
 0.23235468889579E-15
 0.20812072678042E-15
 0.18690759548514E-15
 0.15769033054585E-15
 0.13345010844857E-15
 0.12073358962981E-15
 0.10362070485188E-15
 0.91944235276838E-16
 0.78411849352387E-16
 0.68892646421502E-16
 0.63006279518502E-16
 0.51089105451773E-16
 0.39449078454694E-16
 0.37497461971871E-16
 0.33407548339725E-16
 0.29128268945388E-16
 0.23544617479125E-16
 0.20062385907920E-16
 0.18116694466198E-16
 0.15008021871706E-16
 0.12368805644188E-16
 0.10386581906230E-16
 0.87647615210913E-17
 0.76706348512219E-17
 0.63728104679401E-17
 0.53861496371200E-17
 0.47036364009402E-17
 0.38851646477290E-17
 0.30463078979974E-17
 0.26129672398698E-17
 0.22331328783390E-17
 0.18599781397090E-17
 0.14702343856013E-17
 0.12388551344034E-17
 0.91277948800311E-18
 0.70497426661997E-18
 0.48796870758076E-18
 0.33995110991507E-18
 0.23331286272924E-18
 0.11010433661080E-18
   0.0000000000000000     
   0.0000000000000000     
   0.0000000000000000     
   0.0000000000000000     
   0.0000000000000000     
   0.0000000000000000     
   0.0000000000000000     
   0.0000000000000000     
   0.0000000000000000     
   0.0000000000000000     
   0.0000000000000000     
   0.0000000000000000     
   0.0000000000000000     
   0.0000000000000000     
   0.0000000000000000     
   0.0000000000000000     
   0.0000000000000000     
   0.0000000000000000     
   0.0000000000000000     
   0.0000000000000000     
   0.0000000000000000     
   0.0000000000000000     
   0.0000000000000000     
   0.0000000000000000     
   0.0000000000000000     
   0.0000000000000000     
 0.24575484198441E-17
 0.25995538654292E-17
 0.28487616616216E-17
 0.62788184160029E-17
 0.46547699074041E-17
 0.21149992955429E-17
 0.53518011764843E-17
 0.41963616370806E-17
 0.37475156158234E-17
 0.82085588485727E-17
 0.78611536714227E-17
 0.55357326051449E-17
 0.95514029798314E-17
 0.71272234313035E-17
 0.46364945150456E-17
 0.63860731689576E-17
 0.92193640843367E-17
 0.10821358549681E-16
 0.14686287172998E-16
 0.17521799370931E-16
 0.12471904931593E-16
 0.18281536197734E-16
 0.24265734946559E-16
 0.23971267363349E-16
 0.25827697557177E-16
 0.25891234592278E-16
 0.30376318245659E-16
 0.38129289535800E-16
 0.42972789532566E-16
 0.60147448424190E-16
 0.87599366586162E-16
 0.13330621386281E-15
 0.22893163392102E-15
 0.41378533386617E-15
 0.68029555393399E-15
 0.10204714330131E-14
 0.14259703992229E-14
 0.18301554899214E-14
 0.22463812511694E-14
 0.26338976800309E-14
 0.29993825361648E-14
 0.33258148536948E-14
 0.36001365947727E-14
 0.39034938454172E-14
 0.41323632516323E-14
 0.44001983462944E-14
 0.45396422481759E-14
 0.46918825733747E-14
 0.47828506217377E-14
 0.48853293006673E-14
 0.49467472580029E-14
 0.49459037568328E-14
 0.48657267223075E-14
 0.48699323492942E-14
 0.48210681663687E-14
 0.46655196273986E-14
 0.44590472784685E-14
 0.43737079509185E-14
 0.40960953812426E-14
 0.40622260180796E-14
 0.38752110535248E-14
 0.34964474410980E-14
 0.33599451364103E-14
 0.33313830791497E-14
 0.30165055118908E-14
 0.28179049252278E-14
 0.25776709873022E-14
 0.24639865646605E-14
 0.22329870713193E-14
 0.20747807699873E-14
 0.18634411185144E-14
 0.16870350262444E-14
 0.15254140461258E-14
 0.13495968835510E-14
 0.12740957608204E-14
 0.10827017287087E-14
 0.99395838765585E-15
 0.89872968866840E-15
 0.79945150964888E-15
 0.72605549935093E-15
 0.60670998824271E-15
 0.56536875806402E-15
 0.51294148158524E-15
 0.43990329750589E-15
 0.38365150501231E-15
 0.35689094018519E-15
 0.30879093563928E-15
 0.26351186798443E-15
 0.23234531367695E-15
 0.19912813453400E-15
 0.17748358326190E-15
 0.15109667511676E-15
 0.13011339307375E-15
 0.12409417769235E-15
 0.10417995083729E-15
 0.84865680087241E-16
 0.73182134417095E-16
 0.66547313134454E-16
 0.58860266349293E-16
 0.49454303934587E-16
 0.42687863811122E-16
 0.37677088510785E-16
 0.32128728800831E-16
 0.27493942554601E-16
 0.22397667500216E-16
 0.19483095395081E-16
 0.17136381043290E-16
 0.14128480810105E-16
 0.11923157677144E-16
 0.10646670676075E-16
 0.92571444733308E-17
 0.75803975019985E-17
 0.62946210010133E-17
 0.54903126840832E-17
 0.47112763731092E-17
 0.39387469130923E-17
 0.30641678740177E-17
 0.26096203612299E-17
 0.22677801763294E-17
 0.18364637956070E-17
 0.14515404847456E-17
 0.11879798606035E-17
 0.92042850203965E-18
 0.69799131793360E-18
 0.46938374455634E-18
 0.35194743960256E-18
 0.20281342368656E-18
 0.74790825617752E-19
   0.0000000000000000     
   0.0000000000000000     
   0.0000000000000000     
   0.0000000000000000     
   0.0000000000000000     
   0.0000000000000000     
   0.0000000000000000     
   0.0000000000000000     
   0.0000000000000000     
   0.0000000000000000     
   0.0000000000000000     
   0.0000000000000000     
   0.0000000000000000     
   0.0000000000000000     
   0.0000000000000000     
   0.0000000000000000     
   0.0000000000000000     
   0.0000000000000000     
   0.0000000000000000     
   0.0000000000000000     
   0.0000000000000000     
   0.0000000000000000     
 0.13481386432251E-17
 0.36005643403503E-17
 0.34554561478381E-17
 0.48797763226711E-17
 0.18677415437893E-17
 0.10642447327162E-17
 0.21282588443153E-17
 0.12429893073028E-17
 0.27148285295127E-17
 0.44285658448467E-17
 0.50051657458383E-17
 0.38097934738430E-17
 0.49850842851946E-17
 0.40431292737538E-17
 0.42231870618639E-17
 0.68486483329023E-17
 0.72586082075878E-17
 0.76364529442763E-17
 0.51257293170546E-17
 0.11148113611644E-16
 0.11950202569467E-16
 0.12741507538385E-16
 0.10005964236482E-16
 0.16234035009111E-16
 0.18593306430982E-16
 0.17469305629468E-16
 0.18991635121360E-16
 0.31990594325123E-16
 0.37611303670923E-16
 0.36934161037859E-16
 0.38067140372774E-16
 0.41179985104990E-16
 0.62777514982436E-16
 0.95441050862256E-16
 0.15573416759185E-15
 0.26158069214875E-15
 0.42626057321841E-15
 0.66625921482227E-15
 0.94501120080500E-15
 0.12367731424001E-14
 0.15744695420293E-14
 0.19378747755060E-14
 0.22882628313276E-14
 0.26507808428026E-14
 0.29854993822381E-14
 0.33245049951483E-14
 0.36548417028261E-14
 0.39113922325684E-14
 0.41347354975860E-14
 0.43002393500708E-14
 0.45133835508113E-14
 0.46638070556774E-14
 0.47622528924385E-14
 0.47982190894585E-14
 0.48537216031542E-14
 0.48395534924644E-14
 0.46901565964032E-14
 0.46830192738445E-14
 0.46182776392286E-14
 0.44445094673668E-14
 0.44630606200971E-14
 0.42061298469881E-14
 0.40083067633646E-14
 0.40149232334310E-14
 0.38087470192937E-14
 0.35123145789393E-14
 0.32935717647942E-14
 0.32629652926984E-14
 0.29336770294509E-14
 0.27801024539675E-14
 0.25657741760955E-14
 0.23215050624136E-14
 0.21124225199807E-14
 0.19198478139079E-14
 0.18392655870788E-14
 0.16163867317364E-14
 0.14849421944578E-14
 0.13367261663628E-14
 0.12397485108512E-14
 0.10916362000732E-14
 0.96840555843164E-15
 0.88014446284084E-15
 0.80966034637359E-15
 0.67708534425214E-15
 0.62611623468984E-15
 0.55821270703081E-15
 0.49243467486892E-15
 0.42874517956329E-15
 0.36248271481231E-15
 0.32943625241053E-15
 0.28938627076163E-15
 0.26287445001035E-15
 0.23107258317142E-15
 0.19621977119080E-15
 0.17139338989329E-15
 0.15332918457917E-15
 0.13474048265729E-15
 0.11273331393633E-15
 0.98819388285620E-16
 0.86737341063438E-16
 0.74832491114394E-16
 0.64280543810271E-16
 0.56386461175336E-16
 0.49858357011773E-16
 0.41093162974377E-16
 0.35678586304547E-16
 0.31009476619625E-16
 0.27497994635609E-16
 0.23490016883188E-16
 0.20024506885535E-16
 0.16972086940329E-16
 0.14248180163246E-16
 0.11939554862467E-16
 0.10790219173732E-16
 0.92837400776641E-17
 0.79070927552708E-17
 0.65680489042226E-17
 0.54510191611117E-17
 0.48267677180671E-17
 0.38899032567841E-17
 0.31179115786918E-17
 0.27145813725769E-17
 0.23475024489399E-17
 0.18437697178561E-17
 0.14190031199500E-17
 0.11742875962620E-17
 0.92288840380116E-18
 0.67608617334368E-18
 0.49055667747568E-18
 0.34552177814357E-18
 0.18957519765456E-18
 0.40615165064847E-19
   0.0000000000000000     
   0.0000000000000000     
   0.0000000000000000     
   0.0000000000000000     
   0.0000000000000000     
   0.0000000000000000     
   0.0000000000000000     
   0.0000000000000000     
   0.0000000000000000     
   0.0000000000000000     
   0.0000000000000000     
   0.0000000000000000     
   0.0000000000000000     
   0.0000000000000000     
   0.0000000000000000     
   0.0000000000000000     
   0.0000000000000000     
 0.74668556497929E-18
 0.21834100920608E-17
 0.46148783677914E-17
 0.34659904788573E-17
 0.44991506575986E-17
 0.19397765715999E-17
 0.11905473732063E-17
 0.13977925276177E-17
 0.12145314429841E-17
 0.30915393552738E-17
 0.35206017141248E-17
 0.26089930738419E-17
 0.19515774168067E-17
 0.37689560344420E-17
 0.46830999902567E-17
 0.59709314989446E-17
 0.50977992817167E-17
 0.51166957187104E-17
 0.36189284864994E-17
 0.40593500022709E-17
 0.10944918275713E-16
 0.11430583506383E-16
 0.66875065624553E-17
 0.56291580775506E-17
 0.12290140266451E-16
 0.11708816020299E-16
 0.15808957178749E-16
 0.18394026423074E-16
 0.26324666329994E-16
 0.27143338476656E-16
 0.27669927100100E-16
 0.30118616821904E-16
 0.23266889751648E-16
 0.34777855013499E-16
 0.36382278201022E-16
 0.40492224326745E-16
 0.51768460558432E-16
 0.87653756338756E-16
 0.15310820729510E-15
 0.26213900361770E-15
 0.39844278377705E-15
 0.56137860478404E-15
 0.78191945246292E-15
 0.10630361240034E-14
 0.13803590627789E-14
 0.17137547719680E-14
 0.20384741153995E-14
 0.23774601801974E-14
 0.27425098486797E-14
 0.30625393131845E-14
 0.33801312707430E-14
 0.36551933249354E-14
 0.39555560244039E-14
 0.41980544101694E-14
 0.43593973467862E-14
 0.44688951840200E-14
 0.46277903954287E-14
 0.46855055981575E-14
 0.46589182089262E-14
 0.48021776052005E-14
 0.45919347484971E-14
 0.46626914526423E-14
 0.46885214365044E-14
 0.44581124957500E-14
 0.43973123230380E-14
 0.44037949539883E-14
 0.41280574689647E-14
 0.39517538506992E-14
 0.39590826950343E-14
 0.36395252157907E-14
 0.35103516555824E-14
 0.32794169589174E-14
 0.30810117088096E-14
 0.28029487993900E-14
 0.26563667758869E-14
 0.25462015096314E-14
 0.22476006346749E-14
 0.21204968270649E-14
 0.19014286178913E-14
 0.17600193903585E-14
 0.15118180329593E-14
 0.14123150899937E-14
 0.13200644905366E-14
 0.12055018691015E-14
 0.10827589110398E-14
 0.95909064170343E-15
 0.87451146088949E-15
 0.75152530714358E-15
 0.65103121883473E-15
 0.58806704664815E-15
 0.53794847381159E-15
 0.48000104160953E-15
 0.41833147557751E-15
 0.35241252685973E-15
 0.32241163376471E-15
 0.28998546742753E-15
 0.25454635429758E-15
 0.21971983571166E-15
 0.19375753329180E-15
 0.17397861665021E-15
 0.14967309214861E-15
 0.12860060232702E-15
 0.11522807516013E-15
 0.10119828074541E-15
 0.83332384667208E-16
 0.73138794954859E-16
 0.64371152345772E-16
 0.55995527689658E-16
 0.48244035558587E-16
 0.40668615057492E-16
 0.36072482666928E-16
 0.31542599310374E-16
 0.26794223977608E-16
 0.23303993964613E-16
 0.20106321802887E-16
 0.17345839516325E-16
 0.14475774865873E-16
 0.12190855863999E-16
 0.11010880980595E-16
 0.92820388624411E-17
 0.76832974507945E-17
 0.65581483001432E-17
 0.56127133175376E-17
 0.47340303383112E-17
 0.38593338203841E-17
 0.32314208928643E-17
 0.28579677554739E-17
 0.23478256498452E-17
 0.18093644183940E-17
 0.14894935971293E-17
 0.12689561824899E-17
 0.96649444889770E-18
 0.69141396853323E-18
 0.51644017006303E-18
 0.34353535218778E-18
 0.19123536163460E-18
   0.0000000000000000     
   0.0000000000000000     
   0.0000000000000000     
   0.0000000000000000     
   0.0000000000000000     
   0.0000000000000000     
   0.0000000000000000     
   0.0000000000000000     
   0.0000000000000000     
   0.0000000000000000     
   0.0000000000000000     
   0.0000000000000000     
   0.0000000000000000     
   0.0000000000000000     
 0.18426321180891E-17
 0.25821354854642E-17
 0.32214207463885E-17
 0.48517807154898E-17
 0.25353286906188E-17
 0.96307044474726E-18
 0.12720922020290E-17
 0.15575490297481E-17
 0.91914323214611E-18
 0.19260425653046E-17
 0.20205147827792E-17
 0.14776898489025E-17
 0.21879101256819E-17
 0.30428898376256E-17
 0.55604734310474E-17
 0.30689390307693E-17
 0.34934881270969E-17
 0.29859193158186E-17
 0.17458115284460E-17
 0.36457066387009E-17
 0.90520510610569E-17
 0.42629411131448E-17
 0.37012366509534E-17
 0.64467164779067E-17
 0.71687950987140E-17
 0.10644536620847E-16
 0.12577396719659E-16
 0.13870211067291E-16
 0.19649071446828E-16
 0.20500607452552E-16
 0.16559371345291E-16
 0.14950429579694E-16
 0.14759574244782E-16
 0.24531099901045E-16
 0.21596637564712E-16
 0.20146844043307E-16
 0.20087046121672E-16
 0.27704958975596E-16
 0.38808429743310E-16
 0.58340818710358E-16
 0.90247187438457E-16
 0.13479999649426E-15
 0.21282454298276E-15
 0.33239796307337E-15
 0.48455192897973E-15
 0.68166976083144E-15
 0.92540706751270E-15
 0.11835772771148E-14
 0.14900976542492E-14
 0.18331361448480E-14
 0.22073976698266E-14
 0.25129665056885E-14
 0.28282642360467E-14
 0.31686045410957E-14
 0.34771635740169E-14
 0.37307674246851E-14
 0.39297065935342E-14
 0.42045404493488E-14
 0.43453811818815E-14
 0.43761603691472E-14
 0.45324424257203E-14
 0.44779120920447E-14
 0.47002454219626E-14
 0.46412329414069E-14
 0.45583121661578E-14
 0.46855586972355E-14
 0.45693622315465E-14
 0.44813570527788E-14
 0.43894960413859E-14
 0.42742353107427E-14
 0.41244066194684E-14
 0.39845400517034E-14
 0.38181199876898E-14
 0.34985764526699E-14
 0.34177150106504E-14
 0.32018560076973E-14
 0.29484982574833E-14
 0.28165493054531E-14
 0.25775781717654E-14
 0.24232883279443E-14
 0.21709264203737E-14
 0.20316343384471E-14
 0.19076578614417E-14
 0.17168484370765E-14
 0.15954986973257E-14
 0.14494582641183E-14
 0.12665054329178E-14
 0.11317668792055E-14
 0.10225564103204E-14
 0.95004019198170E-15
 0.84582834447260E-15
 0.75083053002344E-15
 0.65224405510529E-15
 0.58202480705762E-15
 0.51980385662503E-15
 0.45976456929391E-15
 0.40275433554970E-15
 0.36272335242118E-15
 0.33047194889819E-15
 0.28769555190596E-15
 0.24578537263209E-15
 0.21943338518809E-15
 0.19110973727305E-15
 0.16671825270034E-15
 0.14804037822742E-15
 0.12671601018089E-15
 0.11484844170056E-15
 0.98305925725158E-16
 0.81300817871253E-16
 0.73954842078987E-16
 0.65663470699707E-16
 0.57261510284454E-16
 0.47995006303015E-16
 0.40601084377940E-16
 0.36344221028723E-16
 0.31834700551818E-16
 0.26689497562430E-16
 0.23280138648924E-16
 0.20512477406474E-16
 0.17924326164742E-16
 0.14468409556748E-16
 0.12313284023498E-16
 0.10524012808919E-16
 0.93995937729590E-17
 0.79183458874593E-17
 0.69329321829518E-17
 0.58566443370805E-17
 0.47844231540471E-17
 0.39887351651980E-17
 0.35212601202120E-17
 0.29990182712478E-17
 0.24337027216665E-17
 0.18779058374802E-17
 0.16010282174492E-17
 0.13235644149908E-17
 0.10083646002606E-17
 0.70258605920784E-18
 0.54510450669896E-18
 0.36281042148462E-18
 0.16352236396344E-18
   0.0000000000000000     
   0.0000000000000000     
   0.0000000000000000     
   0.0000000000000000     
   0.0000000000000000     
   0.0000000000000000     
   0.0000000000000000     
   0.0000000000000000     
   0.0000000000000000     
   0.0000000000000000     
 0.33489166814814E-17
 0.29954960490861E-17
 0.27683525111776E-17
 0.69443490450800E-17
 0.28553868099461E-17
 0.89429375471161E-18
 0.14129330497977E-17
 0.12155994330774E-17
 0.10621694103784E-17
 0.22681894758672E-17
 0.14339171515209E-17
 0.22290433088264E-17
 0.39695734284410E-17
 0.29682325685183E-17
 0.31423141421295E-17
 0.31768245893833E-17
 0.18529224145117E-17
 0.29819494613469E-17
 0.24131239954490E-17
 0.47936380626848E-17
 0.46629969175943E-17
 0.30127846515906E-17
 0.62096779555218E-17
 0.47290086350862E-17
 0.43240101167243E-17
 0.97611383090915E-17
 0.93275069515218E-17
 0.13474656179332E-16
 0.14966352882263E-16
 0.11451460186366E-16
 0.12071845704507E-16
 0.98725141398608E-17
 0.14411313743736E-16
 0.17452780843919E-16
 0.12336255334713E-16
 0.14227981585944E-16
 0.15890851932618E-16
 0.20275825454402E-16
 0.19441824539273E-16
 0.27139750673750E-16
 0.29783391635143E-16
 0.40095712794019E-16
 0.52154533826468E-16
 0.76346231439791E-16
 0.12187756360058E-15
 0.18035569521525E-15
 0.26591090422126E-15
 0.39210067173513E-15
 0.58387540860927E-15
 0.80390198443631E-15
 0.10493531477705E-14
 0.13322992476628E-14
 0.16410690648044E-14
 0.19611798419014E-14
 0.22947066835342E-14
 0.26418065525760E-14
 0.29523506768489E-14
 0.32419908779637E-14
 0.35444741251917E-14
 0.37528793472916E-14
 0.39216087541694E-14
 0.41392815739076E-14
 0.42976587349935E-14
 0.45026712462366E-14
 0.43909888799785E-14
 0.45616712756292E-14
 0.46678095833011E-14
 0.46183800335466E-14
 0.45486037293076E-14
 0.46830902480981E-14
 0.45132855063788E-14
 0.44156386780135E-14
 0.43392139035938E-14
 0.40523695086613E-14
 0.40599240408643E-14
 0.39146300328692E-14
 0.36853610356977E-14
 0.34850989215066E-14
 0.33502350011032E-14
 0.31059712972124E-14
 0.29219958408057E-14
 0.27471442459845E-14
 0.25495873509075E-14
 0.24354986079032E-14
 0.22208882889149E-14
 0.20182060364085E-14
 0.17649622736172E-14
 0.17150564836241E-14
 0.15775285542570E-14
 0.13970743550454E-14
 0.12577621673317E-14
 0.11257831864463E-14
 0.10152511787111E-14
 0.91623196948723E-15
 0.80895027893676E-15
 0.73730334581122E-15
 0.66220684152379E-15
 0.58771939242756E-15
 0.51348292960645E-15
 0.45715645548915E-15
 0.39398817349538E-15
 0.34933571088120E-15
 0.31580380085961E-15
 0.27313568225293E-15
 0.24396783843223E-15
 0.22783203301160E-15
 0.18644799355358E-15
 0.16411295816340E-15
 0.14239268640668E-15
 0.12987189898790E-15
 0.11219342884775E-15
 0.96557635102330E-16
 0.83128211859743E-16
 0.77981197255625E-16
 0.67248644594220E-16
 0.56794094301169E-16
 0.47205496018877E-16
 0.42118992941621E-16
 0.37534302878600E-16
 0.31490044184326E-16
 0.26333657185948E-16
 0.24121576860500E-16
 0.21358213304544E-16
 0.18162702531370E-16
 0.14962295020196E-16
 0.13207668482017E-16
 0.11342191323191E-16
 0.96023595703600E-17
 0.82873780968558E-17
 0.74251686817097E-17
 0.63575658308854E-17
 0.53627273358842E-17
 0.44400692210279E-17
 0.38071376779740E-17
 0.32681185029628E-17
 0.27175637177116E-17
 0.21817963165295E-17
 0.18746763299764E-17
 0.15482832208208E-17
 0.12217605107975E-17
 0.92183398102058E-18
 0.70941025785228E-18
 0.46853336400239E-18
 0.24540321929334E-18
   0.0000000000000000     
   0.0000000000000000     
   0.0000000000000000     
   0.0000000000000000     
   0.0000000000000000     
   0.0000000000000000     
 0.61238044714057E-17
 0.59883180232407E-17
 0.36232751209564E-17
 0.59226531463337E-17
 0.47328980397287E-17
 0.27968339690041E-17
 0.32149167535882E-17
 0.12982740971831E-17
 0.28615417173410E-17
 0.36934701651771E-17
 0.17345212884638E-17
 0.24602544655062E-17
 0.32225563454987E-17
 0.32468506766518E-17
 0.31924743022500E-17
 0.38250739492493E-17
 0.25576886562105E-17
 0.19193973309105E-17
 0.23404135201071E-17
 0.30306142259088E-17
 0.42179566924530E-17
 0.20186260325958E-17
 0.36566418521940E-17
 0.22328486415418E-17
 0.43709161938220E-17
 0.70794327138558E-17
 0.96618621245542E-17
 0.12438486874417E-16
 0.98864829528142E-17
 0.92856594514059E-17
 0.92960201261857E-17
 0.65460833545744E-17
 0.99174195004815E-17
 0.88687550332077E-17
 0.57642861397335E-17
 0.58802069278598E-17
 0.10956976030602E-16
 0.13564874538255E-16
 0.15266564672329E-16
 0.20608042377135E-16
 0.20696266228275E-16
 0.19593501479789E-16
 0.24461473606011E-16
 0.30724938694184E-16
 0.36161195222666E-16
 0.47890543286441E-16
 0.59511251873421E-16
 0.94185402947604E-16
 0.14781275337677E-15
 0.22629156434139E-15
 0.33606971606514E-15
 0.48218632189571E-15
 0.67051051319577E-15
 0.89642637425510E-15
 0.11427267314780E-14
 0.14326690669838E-14
 0.17553090700958E-14
 0.20749373250852E-14
 0.24056297514539E-14
 0.27413029972620E-14
 0.30195631627184E-14
 0.33071035863412E-14
 0.34854601646377E-14
 0.37815816750950E-14
 0.39367730901031E-14
 0.41006968933023E-14
 0.44225177872541E-14
 0.43901430210825E-14
 0.43824807029905E-14
 0.46636613702588E-14
 0.46304233228579E-14
 0.45859363585237E-14
 0.46470520105665E-14
 0.44039372513985E-14
 0.45148077679209E-14
 0.43636887590172E-14
 0.42356416118416E-14
 0.40738428721269E-14
 0.40082073179567E-14
 0.37852931917326E-14
 0.36495845917821E-14
 0.34428148993448E-14
 0.33579426839199E-14
 0.31436133362818E-14
 0.29326684574963E-14
 0.25998066435264E-14
 0.25270323397519E-14
 0.23863139034437E-14
 0.21774475987336E-14
 0.20017750017885E-14
 0.17460677190269E-14
 0.16328093783745E-14
 0.15078398028462E-14
 0.13800111296877E-14
 0.12488637995102E-14
 0.11422470574633E-14
 0.98073974903435E-15
 0.88693521006723E-15
 0.80868300016285E-15
 0.72612203565199E-15
 0.64462454885135E-15
 0.57169796835626E-15
 0.51871882278064E-15
 0.46357606731100E-15
 0.39838221358936E-15
 0.34720811201753E-15
 0.31903590988763E-15
 0.27749203790487E-15
 0.23592382937913E-15
 0.20540575721568E-15
 0.18832190961810E-15
 0.17087709292670E-15
 0.14977400960702E-15
 0.13159847532239E-15
 0.11225470279833E-15
 0.97056239352140E-16
 0.82554828604665E-16
 0.73810725363246E-16
 0.64938905017475E-16
 0.56376263258793E-16
 0.47631745047161E-16
 0.41827191175983E-16
 0.37016610976671E-16
 0.31901174444899E-16
 0.27592449455282E-16
 0.24693561966796E-16
 0.21781889747111E-16
 0.18936488110786E-16
 0.16124318433551E-16
 0.13781192793337E-16
 0.11981811713583E-16
 0.10266945413931E-16
 0.86914418527464E-17
 0.77850394836666E-17
 0.69071833481564E-17
 0.58006143352878E-17
 0.49572493511334E-17
 0.43886973515882E-17
 0.39058043127135E-17
 0.34171008226273E-17
 0.29360057166376E-17
 0.26286008541904E-17
 0.24171724705412E-17
 0.22778619482513E-17
 0.20357408123191E-17
 0.14932426401426E-17
   0.0000000000000000     
   0.0000000000000000     
   0.0000000000000000     
 0.33422722626860E-17
 0.65042554472580E-17
 0.10283180927756E-16
 0.60072083739002E-17
 0.52550084292612E-17
 0.79822094442328E-17
 0.29727301531982E-17
 0.48991116717316E-17
 0.26831988383802E-17
 0.32213085560867E-17
 0.48941942416782E-17
 0.26197905393582E-17
 0.19146923135566E-17
 0.31006863775480E-17
 0.38519048678665E-17
 0.32629230794833E-17
 0.22451403289892E-17
 0.27095021660670E-17
 0.17328633819583E-17
 0.16505040255405E-17
 0.43077017682210E-17
 0.49890550181891E-17
 0.12181247780749E-17
 0.36765455195494E-17
 0.15933588732245E-17
 0.28598719331404E-17
 0.74114375128374E-17
 0.90560624539398E-17
 0.10130256467639E-16
 0.80154592617286E-17
 0.77163143020933E-17
 0.53877564284139E-17
 0.37191475040612E-17
 0.56206465743976E-17
 0.37385704730875E-17
 0.36865719307481E-17
 0.59186533053493E-17
 0.76039658113155E-17
 0.96851418749215E-17
 0.10235828822862E-16
 0.16652871888955E-16
 0.13328378777813E-16
 0.14480943209483E-16
 0.16052657736645E-16
 0.16388824078468E-16
 0.16977092461025E-16
 0.22080716206902E-16
 0.27957669968913E-16
 0.32215297409719E-16
 0.33845536055367E-16
 0.59859080800017E-16
 0.78118170186610E-16
 0.11966917672093E-15
 0.17558511317786E-15
 0.26459368610069E-15
 0.39611227571234E-15
 0.54639556692701E-15
 0.74989863933160E-15
 0.99397463556186E-15
 0.12778291465856E-14
 0.15553091394248E-14
 0.18883065661801E-14
 0.21812713883268E-14
 0.25126129858184E-14
 0.27501456154601E-14
 0.31035279091796E-14
 0.33180254170138E-14
 0.36994322277575E-14
 0.38508142183639E-14
 0.39559689028253E-14
 0.42691550591464E-14
 0.43918797715896E-14
 0.43972193519734E-14
 0.46210145750706E-14
 0.44785573954763E-14
 0.46114598882304E-14
 0.44908762438332E-14
 0.45300234976599E-14
 0.44573211282480E-14
 0.44875085161421E-14
 0.43465640499501E-14
 0.41378040627604E-14
 0.40483306642274E-14
 0.40872848998246E-14
 0.38425626958673E-14
 0.35527974535880E-14
 0.34385093192383E-14
 0.33425567065818E-14
 0.31111666105304E-14
 0.28963203777981E-14
 0.26400955992172E-14
 0.24209009369305E-14
 0.22696806306561E-14
 0.21262073260425E-14
 0.19540412809937E-14
 0.17615610729019E-14
 0.15601150897129E-14
 0.14510857132568E-14
 0.13679654197138E-14
 0.12418352932434E-14
 0.10937918911194E-14
 0.10112079713678E-14
 0.93437469566185E-15
 0.82660642586774E-15
 0.69972500764622E-15
 0.63225421148036E-15
 0.57678916798419E-15
 0.50303007149334E-15
 0.43638531434403E-15
 0.39976371607937E-15
 0.35194431572040E-15
 0.31893463483046E-15
 0.27471212630606E-15
 0.24101548742404E-15
 0.21705193439631E-15
 0.19199928623808E-15
 0.16736506995506E-15
 0.14684544711164E-15
 0.13017672502944E-15
 0.11506810692567E-15
 0.98389129344095E-16
 0.85672884870472E-16
 0.76606427214699E-16
 0.67660033125487E-16
 0.58357142777245E-16
 0.51123260545042E-16
 0.46546191268986E-16
 0.40418815561830E-16
 0.34255050006354E-16
 0.29713336440237E-16
 0.26528874877027E-16
 0.23219435807050E-16
 0.19535773071758E-16
 0.17478510836647E-16
 0.15592870458554E-16
 0.13731677463057E-16
 0.12207155900001E-16
 0.10820096090479E-16
 0.97597734042477E-17
 0.89154376224249E-17
 0.82293135009436E-17
 0.76275662623128E-17
 0.69462299808911E-17
 0.61810646732272E-17
 0.54332011610841E-17
 0.44912790438523E-17
 0.33073433820211E-17
 0.93691049804061E-18
   0.0000000000000000     
   0.0000000000000000     
 0.88414118446109E-17
 0.81262880205379E-17
 0.13671186792914E-16
 0.81542557271600E-17
 0.96572450066779E-17
 0.11137597343228E-16
 0.72535140035781E-17
 0.62823194168595E-17
 0.43614288834543E-17
 0.72512407751100E-17
 0.77762856022014E-17
 0.35835168874253E-17
 0.32823447011508E-17
 0.40847395919194E-17
 0.64830578075425E-17
 0.31217871176001E-17
 0.29398759269226E-17
 0.27008735333504E-17
 0.27021251863243E-17
 0.20555339621845E-17
 0.52050883744479E-17
 0.31999161964507E-17
 0.16010885755304E-17
 0.25925133728732E-17
 0.17064377577579E-17
 0.31111838742578E-17
 0.48661660227479E-17
 0.39673940056320E-17
 0.59494871138401E-17
 0.71590051850961E-17
 0.31336919694418E-17
 0.28478679986853E-17
 0.30104885870884E-17
 0.39207887358155E-17
 0.25494930297477E-17
 0.30696728095977E-17
 0.61287934211739E-17
 0.51607605467019E-17
 0.93895560364077E-17
 0.90742284059216E-17
 0.10412457997602E-16
 0.87858301796197E-17
 0.71505559585123E-17
 0.70853329176563E-17
 0.62881684697832E-17
 0.11108014051210E-16
 0.12220808216488E-16
 0.16722541570113E-16
 0.19249962628667E-16
 0.18799763099676E-16
 0.31811068634433E-16
 0.25628366700468E-16
 0.27083875889498E-16
 0.37893379962176E-16
 0.65560368751230E-16
 0.10466319001145E-15
 0.15220652787291E-15
 0.21606295587782E-15
 0.32814175349854E-15
 0.46600735368824E-15
 0.64092489037042E-15
 0.85149574601819E-15
 0.11089189555150E-14
 0.13754754562132E-14
 0.16518410379809E-14
 0.19651709670222E-14
 0.22867726085701E-14
 0.26051069578458E-14
 0.29296111675263E-14
 0.31547720102245E-14
 0.34794104459801E-14
 0.37221498955553E-14
 0.38370256206174E-14
 0.41920512419816E-14
 0.41649556464652E-14
 0.43427414184710E-14
 0.43896662556215E-14
 0.44972442644314E-14
 0.45820178709067E-14
 0.45781753741415E-14
 0.45746650543301E-14
 0.44235344422092E-14
 0.46689150191944E-14
 0.44559805847421E-14
 0.42287621989749E-14
 0.42269257516248E-14
 0.41788922463702E-14
 0.39599172757522E-14
 0.37989453096815E-14
 0.35673983219727E-14
 0.33564983354188E-14
 0.31811661812467E-14
 0.30122119531402E-14
 0.29262837270003E-14
 0.26128554136838E-14
 0.24128534339519E-14
 0.22762949552326E-14
 0.21478502130105E-14
 0.18944798311130E-14
 0.17449719281319E-14
 0.16594229189946E-14
 0.15107793112779E-14
 0.13295288061162E-14
 0.12095184369638E-14
 0.10980847156395E-14
 0.98664705615706E-15
 0.89924291045907E-15
 0.80096714901411E-15
 0.71477035974748E-15
 0.65245376515021E-15
 0.58216600919534E-15
 0.49956263835365E-15
 0.43983871303690E-15
 0.40953689412370E-15
 0.36638289308613E-15
 0.31518880946043E-15
 0.27644538082423E-15
 0.24927224633615E-15
 0.22447445269046E-15
 0.19566654855121E-15
 0.16926454402049E-15
 0.15432741750131E-15
 0.13580945728620E-15
 0.12082154749323E-15
 0.10437076273251E-15
 0.92921007112711E-16
 0.82567723581809E-16
 0.72993910183500E-16
 0.63995474023358E-16
 0.55482006562224E-16
 0.49390058859154E-16
 0.43855350909367E-16
 0.38415946142062E-16
 0.33754227079832E-16
 0.30327352964513E-16
 0.27489702700918E-16
 0.24722897887563E-16
 0.22243722927787E-16
 0.20055557936892E-16
 0.17981013918805E-16
 0.16292172721280E-16
 0.14683759657949E-16
 0.13215441362950E-16
 0.11757192753070E-16
 0.10264770663219E-16
 0.86831757966542E-17
 0.67864469356788E-17
 0.26516179789093E-17
   0.0000000000000000     
   0.0000000000000000     
 0.12128806621164E-16
 0.11190166506473E-16
 0.15892660955927E-16
 0.14182151794042E-16
 0.14911704305354E-16
 0.16216296993648E-16
 0.12253971345101E-16
 0.76263349669255E-17
 0.11053818100074E-16
 0.94260927595555E-17
 0.68340866929108E-17
 0.56454746450786E-17
 0.55222545304111E-17
 0.42016622408575E-17
 0.50051299728004E-17
 0.52798187445696E-17
 0.38959180126739E-17
 0.26800021677795E-17
 0.21429121154827E-17
 0.48776638829587E-17
 0.38913765302716E-17
 0.21798117918490E-17
 0.31681656454143E-17
 0.23067620421363E-17
 0.14505230076709E-17
 0.37002531337678E-17
 0.28158068222432E-17
 0.13841743218597E-17
 0.23181518725585E-17
 0.72076029176399E-17
 0.21411243779472E-17
 0.35918863745065E-17
 0.28103406040983E-17
 0.25022904329674E-17
 0.22027975378125E-17
 0.28570847317315E-17
 0.50132272095940E-17
 0.48090042634211E-17
 0.93873940885428E-17
 0.70491375396883E-17
 0.40170344459910E-17
 0.42428028126842E-17
 0.33402728395332E-17
 0.39029712055316E-17
 0.51012178497843E-17
 0.90786566370947E-17
 0.12262968277812E-16
 0.11795411868268E-16
 0.14189258380207E-16
 0.13237833315868E-16
 0.18957935555104E-16
 0.15691470990178E-16
 0.10557371653664E-16
 0.18340969784154E-16
 0.28373336702599E-16
 0.42676153987200E-16
 0.47737257491175E-16
 0.63956590651041E-16
 0.84813065678566E-16
 0.11785109311014E-15
 0.17076520089229E-15
 0.25531642918959E-15
 0.37443590637999E-15
 0.51601804071846E-15
 0.70412657107982E-15
 0.91966224156741E-15
 0.11945847937066E-14
 0.14444986710217E-14
 0.17813661087802E-14
 0.20535254399498E-14
 0.23591196063652E-14
 0.27695578215535E-14
 0.29791839200029E-14
 0.33694816632937E-14
 0.34984599537334E-14
 0.37455244525587E-14
 0.39002468418385E-14
 0.40597618102662E-14
 0.43162845871852E-14
 0.44224157924309E-14
 0.43544087529152E-14
 0.46102793120289E-14
 0.46733046139300E-14
 0.45050579885219E-14
 0.45372002455200E-14
 0.46038908945744E-14
 0.44819043506898E-14
 0.44770150040036E-14
 0.43105415353423E-14
 0.41300823529124E-14
 0.40274803399342E-14
 0.39370807564351E-14
 0.39002787028887E-14
 0.35487427262777E-14
 0.33254925635925E-14
 0.33045511996263E-14
 0.29521729944012E-14
 0.27330211915482E-14
 0.26515168124624E-14
 0.24568987483547E-14
 0.22489323740253E-14
 0.20905907388011E-14
 0.19386234174274E-14
 0.17575046988718E-14
 0.16112359726890E-14
 0.14692775928720E-14
 0.13413690919729E-14
 0.12317630918834E-14
 0.11148041323629E-14
 0.10077014035336E-14
 0.88823161295059E-15
 0.80043653459530E-15
 0.72231374061555E-15
 0.66224777875310E-15
 0.57901656782184E-15
 0.51861460465878E-15
 0.46421659953153E-15
 0.41916588674401E-15
 0.37136855853534E-15
 0.33043746348892E-15
 0.29598451284477E-15
 0.26769406875703E-15
 0.23454205817700E-15
 0.20612639571044E-15
 0.18208330906204E-15
 0.15969610965344E-15
 0.14508488494629E-15
 0.12743081566073E-15
 0.11308534587935E-15
 0.10169536731842E-15
 0.91580940907675E-16
 0.80678781233913E-16
 0.71031730920601E-16
 0.62859864081219E-16
 0.56175652976525E-16
 0.50808084467673E-16
 0.45619079901989E-16
 0.41184845117500E-16
 0.37605568286827E-16
 0.33434293155302E-16
 0.30007586740439E-16
 0.27318128982105E-16
 0.24954381252046E-16
 0.22130614755950E-16
 0.18955246676083E-16
 0.16142839866566E-16
 0.12923342687466E-16
 0.70372649080647E-17
   0.0000000000000000     
   0.0000000000000000     
 0.16879009305053E-16
 0.12252303642236E-16
 0.17035678770150E-16
 0.18622843917316E-16
 0.19896496228475E-16
 0.18323490936864E-16
 0.16534712966264E-16
 0.15057788766605E-16
 0.14262982909316E-16
 0.13014348297466E-16
 0.86200253292823E-17
 0.11357605300697E-16
 0.11536689621656E-16
 0.49569817776553E-17
 0.46212330632320E-17
 0.68283497091692E-17
 0.58178743777596E-17
 0.34714640484929E-17
 0.25171484145706E-17
 0.76145529849043E-17
 0.37351510799609E-17
 0.35984873653112E-17
 0.36773192159038E-17
 0.21315210204229E-17
 0.28243071119743E-17
 0.62435485915369E-17
 0.70299768949239E-17
 0.23753232229824E-17
 0.58038824385626E-17
 0.55009682119587E-17
 0.28047961006396E-17
 0.46047173942889E-17
 0.77810654787682E-18
 0.16701396401720E-17
 0.27985887933452E-17
 0.53301039478102E-17
 0.56613786329003E-17
 0.83989058291094E-17
 0.63240195564539E-17
 0.27277673461071E-17
 0.24932390596949E-17
 0.24078115247307E-17
 0.32975217527684E-17
 0.28928805067991E-17
 0.43855287837959E-17
 0.45967943680306E-17
 0.74740855701118E-17
 0.74110762176587E-17
 0.92091073496955E-17
 0.53042754924216E-17
 0.13632561199803E-16
 0.91542902410004E-17
 0.72770754343279E-17
 0.11066744556302E-16
 0.20082054257968E-16
 0.29233586928148E-16
 0.26337072070517E-16
 0.29564918020908E-16
 0.30120647586744E-16
 0.30574039867865E-16
 0.38626548982191E-16
 0.58891285819371E-16
 0.87677493545699E-16
 0.12884043000328E-15
 0.18394722024630E-15
 0.28310358080604E-15
 0.41702487779742E-15
 0.56550044708907E-15
 0.78870527412354E-15
 0.10152077389039E-14
 0.12426638241039E-14
 0.15631750968126E-14
 0.18478126496715E-14
 0.21886641984369E-14
 0.24349076445416E-14
 0.27635945966487E-14
 0.30473335433852E-14
 0.33047300854876E-14
 0.36094814561981E-14
 0.37819020866903E-14
 0.38527640611217E-14
 0.42938840795498E-14
 0.42777903734726E-14
 0.43077149084006E-14
 0.45243003446219E-14
 0.44976470374430E-14
 0.46825100386824E-14
 0.46241417319975E-14
 0.44992689286481E-14
 0.45257785790507E-14
 0.46211527633115E-14
 0.45422765243213E-14
 0.42793979155030E-14
 0.41973811070205E-14
 0.40334929680278E-14
 0.37456418348842E-14
 0.37232141930547E-14
 0.35809798531540E-14
 0.33504120982235E-14
 0.31853563270552E-14
 0.30383865621256E-14
 0.28958198441226E-14
 0.26759200218140E-14
 0.24987332304407E-14
 0.23706743997822E-14
 0.21739663401828E-14
 0.19685975023723E-14
 0.17788672618793E-14
 0.16419372079531E-14
 0.15188012705380E-14
 0.13998421749574E-14
 0.12737805181990E-14
 0.11499294652872E-14
 0.10403493115485E-14
 0.93152976566061E-15
 0.81534167413868E-15
 0.73672725731361E-15
 0.66774905975093E-15
 0.60215473260320E-15
 0.53837602872177E-15
 0.48140178661375E-15
 0.43568662857763E-15
 0.39200470999885E-15
 0.35161105810185E-15
 0.31769486011963E-15
 0.28246563088894E-15
 0.24879466604457E-15
 0.21857087753690E-15
 0.19392475519735E-15
 0.17180469657320E-15
 0.15453770566633E-15
 0.13734207471729E-15
 0.12190050356338E-15
 0.10975133204084E-15
 0.99849609217069E-16
 0.91254510478003E-16
 0.82743216145668E-16
 0.74905041180678E-16
 0.67880547734402E-16
 0.60327923634904E-16
 0.53935678053111E-16
 0.49413505614161E-16
 0.45252329861185E-16
 0.40052741880969E-16
 0.34289951545831E-16
 0.29030165999685E-16
 0.23705305038391E-16
 0.14874203386055E-16
   0.0000000000000000     
   0.0000000000000000     
 0.22072166720091E-16
 0.14781232356578E-16
 0.16239104189231E-16
 0.21538241977761E-16
 0.20631498548834E-16
 0.22980117893098E-16
 0.22983111633350E-16
 0.18728992479651E-16
 0.20919239789897E-16
 0.20239314093943E-16
 0.93742985649650E-17
 0.16140631568397E-16
 0.15892081521866E-16
 0.90914831694096E-17
 0.61801727257953E-17
 0.80993292225129E-17
 0.84662621280735E-17
 0.50080203803372E-17
 0.53894671806335E-17
 0.11007648543589E-16
 0.50927079553623E-17
 0.40732647564960E-17
 0.60765674364889E-17
 0.37228219439564E-17
 0.57241693921899E-17
 0.83794837322067E-17
 0.92484028171810E-17
 0.87485643468646E-17
 0.67046389401619E-17
 0.38293431283756E-17
 0.26057600017466E-17
 0.40793894442291E-17
 0.81298135038291E-18
 0.16853795955293E-17
 0.26624789993489E-17
 0.51364120063237E-17
 0.57715550155655E-17
 0.45867943547479E-17
 0.18084106687859E-17
 0.16035002286870E-17
 0.25180115019821E-17
 0.22037389976391E-17
 0.24296456934796E-17
 0.22623689611907E-17
 0.35770093036511E-17
 0.35977714106169E-17
 0.58739979411941E-17
 0.50919342978123E-17
 0.42537381563884E-17
 0.50430180620914E-17
 0.92184793863407E-17
 0.55672547077967E-17
 0.61541015064055E-17
 0.77295936851938E-17
 0.14090623229224E-16
 0.18589946403078E-16
 0.18937609360854E-16
 0.16072760683501E-16
 0.16239044960486E-16
 0.11401528730000E-16
 0.16154376221745E-16
 0.20243231145684E-16
 0.26138074655575E-16
 0.33470720339888E-16
 0.49308108383045E-16
 0.71187526755790E-16
 0.11122084679373E-15
 0.15078698601388E-15
 0.22126900676446E-15
 0.32935961450879E-15
 0.45576124062856E-15
 0.62269416463695E-15
 0.84851691322282E-15
 0.10855545876344E-14
 0.13269754390041E-14
 0.16166328777167E-14
 0.19209767963311E-14
 0.22243488452643E-14
 0.25628565584881E-14
 0.27597505464245E-14
 0.31548261082597E-14
 0.34066633583555E-14
 0.35603603754858E-14
 0.38840451851115E-14
 0.39529422375067E-14
 0.43096983819127E-14
 0.43830777650317E-14
 0.43871553595826E-14
 0.45187178286827E-14
 0.48468769461629E-14
 0.47186483269587E-14
 0.46294456993586E-14
 0.46029500199654E-14
 0.44250158611920E-14
 0.45528279611859E-14
 0.44300291904339E-14
 0.42898817868756E-14
 0.42320077359353E-14
 0.41529960696364E-14
 0.39958050909544E-14
 0.37950333027391E-14
 0.36983001665716E-14
 0.36045674629081E-14
 0.33592058085124E-14
 0.30627559454837E-14
 0.28822051205532E-14
 0.27256806169331E-14
 0.25588234395145E-14
 0.23648100780798E-14
 0.21830617178699E-14
 0.20198192245964E-14
 0.18458780907476E-14
 0.16757393213637E-14
 0.15180503115128E-14
 0.13854715167409E-14
 0.12572019600250E-14
 0.11477740890403E-14
 0.10588975605173E-14
 0.95657798312234E-15
 0.86932270250225E-15
 0.78421861755941E-15
 0.71057078672615E-15
 0.63474026373063E-15
 0.56486552469323E-15
 0.50481368071498E-15
 0.45206004003562E-15
 0.40374443012758E-15
 0.36417200499934E-15
 0.32954677075025E-15
 0.29650297964032E-15
 0.26524111172669E-15
 0.23757840463573E-15
 0.21540375329539E-15
 0.19538504537571E-15
 0.17736104087461E-15
 0.16067266926284E-15
 0.14578343708327E-15
 0.13332279851074E-15
 0.12107498034315E-15
 0.10784933938795E-15
 0.96038779885647E-16
 0.87549204171529E-16
 0.80247722635937E-16
 0.71168660707971E-16
 0.61365416909327E-16
 0.51500480541477E-16
 0.42413812029297E-16
 0.27661758855321E-16
   0.0000000000000000     
   0.0000000000000000     
 0.29404444427607E-16
 0.27756907953992E-16
 0.24436819603528E-16
 0.31887346650844E-16
 0.27710310018760E-16
 0.31393183035821E-16
 0.29185019047215E-16
 0.27334775250498E-16
 0.32809047129802E-16
 0.27795826891161E-16
 0.15285833739545E-16
 0.17405681155107E-16
 0.21571328205114E-16
 0.15106862302711E-16
 0.13811213638264E-16
 0.10172320042773E-16
 0.10969513825096E-16
 0.98824666106386E-17
 0.94967785333410E-17
 0.11941516914434E-16
 0.99795894108976E-17
 0.47419130016132E-17
 0.68160743562599E-17
 0.44030748540538E-17
 0.87300266192108E-17
 0.90340330321576E-17
 0.11819637213960E-16
 0.10324659049282E-16
 0.82798724049160E-17
 0.45181253902281E-17
 0.26952357045961E-17
 0.32095753442174E-17
 0.23865734582534E-17
 0.25901971451554E-17
 0.37367942072337E-17
 0.49766449193406E-17
 0.55327309698459E-17
 0.26591800140749E-17
 0.11203930434871E-17
 0.15343079099806E-17
 0.30405378835408E-17
 0.26524505229952E-17
 0.17077262406331E-17
 0.23789003205285E-17
 0.36885744976211E-17
 0.34795814971119E-17
 0.47677545477947E-17
 0.21370635026089E-17
 0.30857154350092E-17
 0.37343144030885E-17
 0.60454669916244E-17
 0.46049120122334E-17
 0.45894646194194E-17
 0.51185690573092E-17
 0.89435046680389E-17
 0.12365124018694E-16
 0.10816734291418E-16
 0.10195136337923E-16
 0.12638098079968E-16
 0.88867393980137E-17
 0.11197624309389E-16
 0.11199717721918E-16
 0.13103308243937E-16
 0.16557912966691E-16
 0.25006576496428E-16
 0.36192432948707E-16
 0.38633430513259E-16
 0.40442105043625E-16
 0.54014150374449E-16
 0.77853591217246E-16
 0.11738700798657E-15
 0.16525180528148E-15
 0.26095975369186E-15
 0.38233022825653E-15
 0.50195821338179E-15
 0.68641992301435E-15
 0.91140654685997E-15
 0.11559386435795E-14
 0.14084784913913E-14
 0.16664045218979E-14
 0.20192288538047E-14
 0.22786827242578E-14
 0.26360457457570E-14
 0.28685529626362E-14
 0.32303702348665E-14
 0.35035247090307E-14
 0.36953233280278E-14
 0.39479314337409E-14
 0.41815191689089E-14
 0.42710659660171E-14
 0.44692641285337E-14
 0.43682053040640E-14
 0.45454724817403E-14
 0.46705745688854E-14
 0.46787434235173E-14
 0.46553469674435E-14
 0.47070322361603E-14
 0.46767655970421E-14
 0.46473106966323E-14
 0.46778531496920E-14
 0.45540515893841E-14
 0.43348209846113E-14
 0.42127657035862E-14
 0.40514355155172E-14
 0.38864511078071E-14
 0.36899926695930E-14
 0.35052722058808E-14
 0.33400733246624E-14
 0.31535290836869E-14
 0.29391802230707E-14
 0.27373878749933E-14
 0.25581541664921E-14
 0.23931484197087E-14
 0.22142437715492E-14
 0.20444850029082E-14
 0.18966768681757E-14
 0.17492519405166E-14
 0.16050396015646E-14
 0.14649878986583E-14
 0.13267788127708E-14
 0.12019951402676E-14
 0.10902292464078E-14
 0.98502908102536E-15
 0.89641272956587E-15
 0.81344809771291E-15
 0.73665367376213E-15
 0.67049213223300E-15
 0.60909051612685E-15
 0.55013829677101E-15
 0.49950206120704E-15
 0.45467628974693E-15
 0.41360981237747E-15
 0.37948222319106E-15
 0.34550880152633E-15
 0.31183965567738E-15
 0.27978454424630E-15
 0.25215503167728E-15
 0.22937004049191E-15
 0.20879588155285E-15
 0.18872966918705E-15
 0.16903938538076E-15
 0.15389157157164E-15
 0.14006889330934E-15
 0.12404371546639E-15
 0.10683862756052E-15
 0.89649508046056E-16
 0.72529187759777E-16
 0.51177152595150E-16
   0.0000000000000000     
 0.11532929666856E-16
 0.35836814086725E-16
 0.42484748740577E-16
 0.38447753328011E-16
 0.39842719553076E-16
 0.44422271626081E-16
 0.42529648727962E-16
 0.37497840575180E-16
 0.31204133555054E-16
 0.40126600742403E-16
 0.34868649100824E-16
 0.22268441768162E-16
 0.21057157325236E-16
 0.26388685797877E-16
 0.21610510356829E-16
 0.26073287717520E-16
 0.22404027767679E-16
 0.15546339673431E-16
 0.16051020602367E-16
 0.16451662277643E-16
 0.11033787232767E-16
 0.12416627742806E-16
 0.72402299596570E-17
 0.98604173426144E-17
 0.94661440938221E-17
 0.11781316911605E-16
 0.10933034014533E-16
 0.14252492660474E-16
 0.11218972572418E-16
 0.84637940129864E-17
 0.86501304745341E-17
 0.33596159818864E-17
 0.36610215509964E-17
 0.32006722973490E-17
 0.21666219697131E-17
 0.39408661079649E-17
 0.66917133560432E-17
 0.77369279114252E-17
 0.39035807637508E-17
 0.12138864067230E-17
 0.18737330002239E-17
 0.34922113072822E-17
 0.15146739392614E-17
 0.72958742780891E-18
 0.19162901394787E-17
 0.32225961099637E-17
 0.47201734712650E-17
 0.31078219177112E-17
 0.23808465094896E-17
 0.23426025174200E-17
 0.40351560815606E-17
 0.35353206390331E-17
 0.47628970466558E-17
 0.37647531185359E-17
 0.39849407709777E-17
 0.55886544467656E-17
 0.94235032014807E-17
 0.62200417928403E-17
 0.63743398417783E-17
 0.84902760084809E-17
 0.77539610664880E-17
 0.47957621076046E-17
 0.84294784901551E-17
 0.10497378635636E-16
 0.10288795221937E-16
 0.20557785608524E-16
 0.24731887737437E-16
 0.23964406245073E-16
 0.29172719752889E-16
 0.26562061931445E-16
 0.31139273265954E-16
 0.33870939515381E-16
 0.44407238295570E-16
 0.64151893876876E-16
 0.96024944225412E-16
 0.13897513586453E-15
 0.18692104635463E-15
 0.28376424240944E-15
 0.40692475838171E-15
 0.54011613438393E-15
 0.74260254063730E-15
 0.93635220241891E-15
 0.12015966888720E-14
 0.14634135383887E-14
 0.18034387394918E-14
 0.20707016298020E-14
 0.23595862198022E-14
 0.27666125165348E-14
 0.29963607321076E-14
 0.32535088535970E-14
 0.34591435422183E-14
 0.37164778648597E-14
 0.39262221132491E-14
 0.41080785233934E-14
 0.43085385868778E-14
 0.44775273795651E-14
 0.46489406044019E-14
 0.47871278988014E-14
 0.48611442207895E-14
 0.48449809833085E-14
 0.48036191088571E-14
 0.47861075428187E-14
 0.47656425346838E-14
 0.46982311960303E-14
 0.46143260394992E-14
 0.45159904225486E-14
 0.43978803999265E-14
 0.42525605355860E-14
 0.40989488445639E-14
 0.39330930295504E-14
 0.37600432621485E-14
 0.35990454471799E-14
 0.34452487637485E-14
 0.32656465156001E-14
 0.30698203385035E-14
 0.28676011155685E-14
 0.26780449503058E-14
 0.24887768709279E-14
 0.23062521155617E-14
 0.21406504619606E-14
 0.19861745699142E-14
 0.18310078323635E-14
 0.16760387360429E-14
 0.15328589944948E-14
 0.14117430589293E-14
 0.12974057704005E-14
 0.11829362870129E-14
 0.10855762031992E-14
 0.99192706217014E-15
 0.90224996874842E-15
 0.82102872405709E-15
 0.74551267779156E-15
 0.68193628822999E-15
 0.62813235606137E-15
 0.57819096044148E-15
 0.52506504433432E-15
 0.47256330921326E-15
 0.42823952577431E-15
 0.39173057304237E-15
 0.36002069557099E-15
 0.32675516901497E-15
 0.28950880723996E-15
 0.26275742866840E-15
 0.23822245209116E-15
 0.21343620635125E-15
 0.18231282874099E-15
 0.15480910125292E-15
 0.12463228415861E-15
 0.87544656917924E-16
 0.23110275773911E-16
 0.16248565633524E-16
 0.49966879515878E-16
 0.53534257316793E-16
 0.54585648854222E-16
 0.60096938965720E-16
 0.59700833264434E-16
 0.53336041036019E-16
 0.45056858926576E-16
 0.39695109691018E-16
 0.48446320528097E-16
 0.45238046513740E-16
 0.45570759125838E-16
 0.33954037565122E-16
 0.37439252157232E-16
 0.27117196998873E-16
 0.26894447990023E-16
 0.32043192508174E-16
 0.26222047982608E-16
 0.23895546744374E-16
 0.17759729602038E-16
 0.15638747316953E-16
 0.19965775329583E-16
 0.12176500187702E-16
 0.16745491170341E-16
 0.12651595066980E-16
 0.14474442208132E-16
 0.15370542796097E-16
 0.15306705703918E-16
 0.15197972819146E-16
 0.10753205802243E-16
 0.95025204622021E-17
 0.58664031595491E-17
 0.58611327029871E-17
 0.39497053718514E-17
 0.26941799217757E-17
 0.43008183343488E-17
 0.50944229442108E-17
 0.63738162308661E-17
 0.74091324493077E-17
 0.22815944477400E-17
 0.25525660574362E-17
 0.26601286010959E-17
 0.18795687629681E-17
 0.16540105292120E-17
 0.27056883186176E-17
 0.39198285611872E-17
 0.45952479276721E-17
 0.26347666919459E-17
 0.26536908430062E-17
 0.32940818831173E-17
 0.35179690355463E-17
 0.45129168099842E-17
 0.26818881262248E-17
 0.41464239240614E-17
 0.33668842260392E-17
 0.44723141803262E-17
 0.76464088715680E-17
 0.46045789830235E-17
 0.48763342054265E-17
 0.65483777241825E-17
 0.56645051467169E-17
 0.42991881118910E-17
 0.70923137100338E-17
 0.77328194827138E-17
 0.81388381077261E-17
 0.14431253488748E-16
 0.18119382255583E-16
 0.16556895321449E-16
 0.18269119789544E-16
 0.20766617202956E-16
 0.17634839521277E-16
 0.20876981659115E-16
 0.22104764701387E-16
 0.22984183920717E-16
 0.27093934210549E-16
 0.46265375055935E-16
 0.44782865663360E-16
 0.74061511453645E-16
 0.99518671705657E-16
 0.14737581448112E-15
 0.20708229721118E-15
 0.30391952343155E-15
 0.42623523828168E-15
 0.61305906695384E-15
 0.79435454051203E-15
 0.10089865028679E-14
 0.13221917607585E-14
 0.15409230608447E-14
 0.18280402848783E-14
 0.21392326934788E-14
 0.24363173895121E-14
 0.27534073705711E-14
 0.30643297327748E-14
 0.33443895371832E-14
 0.36871809671220E-14
 0.39567219071228E-14
 0.41357624385584E-14
 0.42750028836606E-14
 0.44312963393618E-14
 0.46071513818270E-14
 0.47011757986218E-14
 0.48105283944839E-14
 0.48789838270224E-14
 0.49127938011551E-14
 0.49043611507182E-14
 0.48881851602303E-14
 0.48497441222218E-14
 0.48119255770609E-14
 0.47240964729267E-14
 0.46495002247964E-14
 0.45474756561835E-14
 0.44271829532692E-14
 0.42923324998985E-14
 0.41611345954852E-14
 0.39895358896882E-14
 0.37934142163520E-14
 0.35929794778017E-14
 0.33866639752504E-14
 0.31883427759542E-14
 0.30050279821604E-14
 0.28309166522819E-14
 0.26498715586446E-14
 0.24772004839345E-14
 0.22946005608812E-14
 0.21338666834398E-14
 0.19744741926012E-14
 0.18286576034046E-14
 0.16889116549168E-14
 0.15588648358974E-14
 0.14380126416794E-14
 0.13194608595928E-14
 0.12076103170204E-14
 0.11136163440604E-14
 0.10274450114141E-14
 0.94848803028650E-15
 0.86566836957569E-15
 0.78770624273188E-15
 0.71813281596746E-15
 0.65644830354352E-15
 0.60408252671939E-15
 0.54489235094522E-15
 0.48005035573047E-15
 0.43632742325021E-15
 0.39317186335473E-15
 0.35059284664992E-15
 0.30063258940041E-15
 0.25196218881581E-15
 0.20583351137952E-15
 0.14673074019844E-15
 0.41340034605893E-16
 0.27919960170186E-16
 0.65431567147779E-16
 0.65351156656626E-16
 0.67790954831068E-16
 0.81719325447154E-16
 0.81806092631111E-16
 0.78698169238991E-16
 0.77869726833232E-16
 0.59852211347488E-16
 0.64971530084510E-16
 0.55970386574191E-16
 0.59699792611824E-16
 0.48822804509620E-16
 0.51036955369059E-16
 0.41705233376925E-16
 0.35100125346382E-16
 0.48442517246619E-16
 0.35449876726676E-16
 0.38023624874651E-16
 0.23633228246379E-16
 0.21815245125292E-16
 0.28553573230718E-16
 0.23869944755248E-16
 0.25307315084961E-16
 0.17063203365604E-16
 0.18799413773644E-16
 0.18672930710051E-16
 0.24312675220995E-16
 0.21724209611330E-16
 0.14418370991545E-16
 0.11884544203542E-16
 0.99708310584486E-17
 0.12077039585568E-16
 0.54372351211880E-17
 0.39722651480573E-17
 0.66184107841875E-17
 0.56769212711216E-17
 0.76414656222092E-17
 0.96193125022499E-17
 0.39534676929038E-17
 0.23747143891771E-17
 0.26538721639480E-17
 0.24234546090488E-17
 0.23717366607308E-17
 0.34997466403760E-17
 0.39729937515368E-17
 0.37783673612252E-17
 0.28469764503375E-17
 0.27399103913095E-17
 0.38805469793523E-17
 0.41654255284028E-17
 0.59230024477674E-17
 0.24500647579919E-17
 0.44453494437719E-17
 0.25249445674947E-17
 0.64000895666553E-17
 0.58993430244992E-17
 0.40535576655601E-17
 0.40376623997111E-17
 0.57597649765977E-17
 0.47839418445877E-17
 0.38136197992905E-17
 0.38735975629599E-17
 0.37962163947936E-17
 0.58890234411476E-17
 0.82008785082552E-17
 0.87445439733388E-17
 0.11698500647219E-16
 0.12593989553127E-16
 0.13797674173160E-16
 0.12931083456590E-16
 0.12564392085970E-16
 0.12364655716755E-16
 0.11171878515359E-16
 0.13485388584635E-16
 0.17566378544821E-16
 0.20525426025120E-16
 0.32082276927265E-16
 0.36147221702301E-16
 0.41728881528068E-16
 0.59173271228232E-16
 0.76346197553375E-16
 0.10317902590267E-15
 0.16355249138569E-15
 0.23167869310576E-15
 0.33321807082141E-15
 0.45252599643745E-15
 0.61679643581254E-15
 0.82958276936868E-15
 0.10620556447954E-14
 0.13156831544192E-14
 0.16420541984383E-14
 0.19714187566326E-14
 0.22714277387347E-14
 0.25315863209981E-14
 0.28102419392600E-14
 0.31221901523012E-14
 0.34337736754492E-14
 0.37014657758697E-14
 0.39564317878411E-14
 0.41659323688568E-14
 0.43784075819520E-14
 0.45533944026231E-14
 0.46851648548402E-14
 0.47963577676729E-14
 0.49260519153181E-14
 0.50291676154766E-14
 0.51105631381596E-14
 0.51312646134144E-14
 0.51693097668870E-14
 0.51569312997543E-14
 0.50707331737724E-14
 0.49691884067659E-14
 0.48572247793972E-14
 0.47315642134291E-14
 0.45872803232404E-14
 0.44430795417987E-14
 0.42876078693969E-14
 0.41225613048582E-14
 0.39661001594762E-14
 0.38017576349729E-14
 0.36219761295649E-14
 0.34517520939590E-14
 0.32655519144446E-14
 0.30820968305037E-14
 0.28830013652717E-14
 0.26948428344025E-14
 0.25235878183564E-14
 0.23552468646220E-14
 0.21799972852609E-14
 0.20158194206713E-14
 0.18589034432257E-14
 0.17284174326271E-14
 0.16121777103090E-14
 0.14885186476798E-14
 0.13768462418545E-14
 0.12539193878493E-14
 0.11439044470419E-14
 0.10463811583059E-14
 0.96339626366344E-15
 0.86691411212909E-15
 0.76068099669129E-15
 0.68756020745683E-15
 0.62094015015001E-15
 0.55124507670200E-15
 0.48029361163602E-15
 0.40170142737581E-15
 0.33114755933324E-15
 0.24138717566654E-15
 0.72371158229329E-16
 0.71223657333245E-16
 0.12502639506532E-15
 0.14168947954846E-15
 0.14526775366951E-15
 0.13988462672633E-15
 0.13994314565233E-15
 0.12093047290340E-15
 0.11748353483500E-15
 0.10512384815442E-15
 0.10127475071044E-15
 0.90985056835765E-16
 0.89775642624436E-16
 0.71641463572238E-16
 0.73494729721003E-16
 0.67186448191981E-16
 0.60868132525109E-16
 0.62814285268019E-16
 0.54249512817582E-16
 0.50558858850287E-16
 0.42299058339956E-16
 0.30524302275913E-16
 0.36848758061630E-16
 0.39159672328113E-16
 0.26240765224618E-16
 0.26004878307079E-16
 0.23908323940628E-16
 0.27451689891696E-16
 0.34626420862417E-16
 0.27249344891270E-16
 0.22068781090305E-16
 0.13163705587987E-16
 0.15339537019627E-16
 0.17820248721670E-16
 0.83226200108833E-17
 0.55678153315374E-17
 0.79450724219785E-17
 0.78519855255262E-17
 0.10306275428729E-16
 0.87228438997137E-17
 0.54912067790824E-17
 0.42028893607900E-17
 0.30539393953659E-17
 0.28344616026478E-17
 0.26208496969678E-17
 0.40007815664658E-17
 0.36015643894778E-17
 0.46962480163720E-17
 0.23178713017866E-17
 0.22738828740558E-17
 0.33285422134268E-17
 0.32907999384431E-17
 0.40343308285745E-17
 0.31420112311239E-17
 0.39630718932113E-17
 0.27396463607604E-17
 0.71766693592448E-17
 0.43531573191602E-17
 0.22983894156365E-17
 0.19366174775029E-17
 0.30909703374116E-17
 0.25593020846895E-17
 0.18268213493329E-17
 0.19266034484697E-17
 0.39534709370516E-17
 0.67743771779635E-17
 0.53046242301019E-17
 0.63381636273046E-17
 0.10970414135442E-16
 0.84368226468552E-17
 0.11162091817215E-16
 0.11554505941337E-16
 0.86416574602625E-17
 0.94936010947173E-17
 0.60415176245406E-17
 0.83273732745016E-17
 0.11787079201569E-16
 0.13712331839822E-16
 0.18999304042150E-16
 0.26475566058546E-16
 0.24959396966795E-16
 0.28461227978726E-16
 0.24082301940035E-16
 0.31185638706511E-16
 0.41742674372893E-16
 0.52325195842507E-16
 0.79203521607266E-16
 0.11435136127714E-15
 0.16349410445680E-15
 0.23599384036025E-15
 0.35007833057376E-15
 0.48978948209771E-15
 0.67666606674279E-15
 0.86941391309784E-15
 0.11082491618271E-14
 0.13522288933920E-14
 0.16382718839597E-14
 0.19586460597337E-14
 0.22738766299492E-14
 0.25909122379285E-14
 0.29099505588136E-14
 0.32269920465262E-14
 0.35396070484051E-14
 0.38201357518723E-14
 0.40907842173541E-14
 0.43220083337894E-14
 0.45451466520517E-14
 0.47445235427629E-14
 0.48964119608706E-14
 0.49854845755937E-14
 0.50904162030472E-14
 0.51666960698788E-14
 0.52294192807629E-14
 0.52640160615156E-14
 0.53001130737161E-14
 0.53141452763162E-14
 0.53212227474362E-14
 0.52700893663412E-14
 0.51967471929883E-14
 0.51099878734938E-14
 0.49908662339770E-14
 0.48347581550014E-14
 0.46972705332521E-14
 0.45412987030864E-14
 0.43483458107407E-14
 0.41425926751080E-14
 0.39355809722552E-14
 0.37464131507970E-14
 0.35542296516721E-14
 0.33702179366468E-14
 0.31683831612602E-14
 0.29467782317177E-14
 0.27431639242550E-14
 0.25705915457023E-14
 0.24045115403801E-14
 0.22554139796233E-14
 0.21002398408088E-14
 0.19207886558409E-14
 0.17476819170926E-14
 0.16042288806705E-14
 0.14880816535316E-14
 0.13480146533972E-14
 0.11905725623611E-14
 0.10781542897183E-14
 0.98384251974953E-15
 0.88200480517754E-15
 0.76671534335412E-15
 0.64290140900111E-15
 0.52450639992182E-15
 0.39421847223595E-15
 0.16386375373809E-15
 0.19800066437573E-15
 0.37373112458687E-15
 0.39771539419139E-15
 0.40376109690982E-15
 0.38703913350033E-15
 0.37665375247965E-15
 0.33972961829315E-15
 0.30998315801052E-15
 0.27505882574465E-15
 0.26617988700984E-15
 0.22908370279517E-15
 0.20756110149918E-15
 0.17753877245868E-15
 0.16111096802039E-15
 0.13793684307518E-15
 0.12485111287073E-15
 0.10798442270233E-15
 0.90782083475667E-16
 0.79486732371985E-16
 0.71967130706433E-16
 0.56712687668209E-16
 0.60045337338556E-16
 0.55771471091691E-16
 0.40956783727744E-16
 0.43171558739758E-16
 0.35442695970232E-16
 0.38672745188482E-16
 0.39558416788857E-16
 0.34929615452127E-16
 0.32305539511786E-16
 0.22038702850501E-16
 0.22414915061557E-16
 0.22642546798883E-16
 0.16491639315497E-16
 0.12504208233727E-16
 0.11920585703247E-16
 0.12470179931421E-16
 0.12768424556577E-16
 0.12174464475696E-16
 0.12284932256878E-16
 0.82496107353960E-17
 0.42449701589661E-17
 0.37641189283722E-17
 0.51465382471551E-17
 0.43312332580137E-17
 0.54598614242978E-17
 0.53647913083631E-17
 0.23978173260078E-17
 0.33101827485697E-17
 0.37824493175806E-17
 0.38607517810327E-17
 0.36853967346139E-17
 0.37763666204910E-17
 0.36962265114505E-17
 0.38902764479275E-17
 0.69423854044502E-17
 0.37642932977169E-17
 0.18450550315222E-17
 0.14381943554610E-17
 0.25208056420616E-17
 0.18799620398945E-17
 0.13257253459392E-17
 0.20720981292701E-17
 0.33546468114820E-17
 0.34684856796273E-17
 0.27246047468640E-17
 0.47904987517422E-17
 0.68845182529017E-17
 0.63686410418458E-17
 0.77568163550613E-17
 0.87910104716144E-17
 0.83274854601313E-17
 0.56077981951169E-17
 0.48709103792952E-17
 0.74818312647634E-17
 0.10852596844843E-16
 0.96726588021448E-17
 0.13454366015916E-16
 0.16446140356130E-16
 0.15556053881853E-16
 0.16301091573649E-16
 0.13896320868581E-16
 0.17404260609145E-16
 0.18883503262270E-16
 0.25910012210777E-16
 0.32059321847994E-16
 0.34244566324909E-16
 0.43989124706854E-16
 0.61228424190941E-16
 0.87000517188041E-16
 0.13162698766094E-15
 0.18926681107151E-15
 0.27582845204130E-15
 0.38689749853202E-15
 0.51685943366182E-15
 0.68180524888311E-15
 0.88459816046989E-15
 0.11256864401241E-14
 0.13800736685171E-14
 0.16994676610546E-14
 0.20336000749854E-14
 0.23304998538167E-14
 0.26257362605532E-14
 0.29523658777422E-14
 0.32419324267552E-14
 0.35591540938049E-14
 0.38767474711181E-14
 0.41545462817596E-14
 0.44357792623622E-14
 0.47081961053193E-14
 0.49342556533193E-14
 0.51387929769416E-14
 0.53232924172188E-14
 0.54919429214307E-14
 0.56353712241867E-14
 0.57551979277658E-14
 0.58150417585075E-14
 0.58368302216284E-14
 0.58512212779517E-14
 0.58157580361180E-14
 0.57565888020610E-14
 0.56976501032021E-14
 0.55868135776456E-14
 0.54038621766995E-14
 0.51926418956452E-14
 0.50295840100972E-14
 0.48743264058833E-14
 0.46955986326787E-14
 0.45053388980592E-14
 0.43132931618803E-14
 0.40821864865181E-14
 0.38376410062113E-14
 0.36311067403056E-14
 0.34488859560635E-14
 0.32673253213746E-14
 0.30733249355660E-14
 0.28442214079185E-14
 0.26130788675490E-14
 0.24304888057893E-14
 0.22581950502222E-14
 0.20529520224361E-14
 0.17963748932148E-14
 0.16081765477266E-14
 0.14656704148153E-14
 0.13198411850608E-14
 0.11446218611787E-14
 0.96505722567048E-15
 0.78990430345666E-15
 0.59560919241438E-15
 0.26346690284454E-15
 0.49100986530492E-15
 0.84364053881496E-15
 0.92782004042314E-15
 0.94983657647664E-15
 0.97748445052237E-15
 0.97694922854599E-15
 0.91561141870665E-15
 0.86712969180549E-15
 0.79715918444617E-15
 0.77013900027499E-15
 0.69993431163300E-15
 0.64624286475709E-15
 0.57677215418165E-15
 0.52931280844728E-15
 0.49013799150061E-15
 0.40898286206464E-15
 0.34452716802355E-15
 0.29122418315550E-15
 0.26159210327315E-15
 0.22157603938092E-15
 0.17389698604298E-15
 0.14837556691591E-15
 0.13323456800382E-15
 0.10172563021734E-15
 0.90058706575827E-16
 0.79160192185534E-16
 0.65882881550989E-16
 0.58126872901971E-16
 0.56442022915202E-16
 0.44803988498863E-16
 0.36317933647995E-16
 0.39250670274630E-16
 0.30455605927660E-16
 0.23115002735096E-16
 0.18404267641158E-16
 0.20137674669495E-16
 0.17304290976941E-16
 0.16120760552846E-16
 0.21165223787493E-16
 0.14484998971357E-16
 0.12796554434298E-16
 0.83977779192957E-17
 0.49798661503144E-17
 0.66485976908494E-17
 0.89597467330678E-17
 0.85373465393664E-17
 0.69399031328170E-17
 0.48769917786383E-17
 0.43913979012342E-17
 0.62242433856743E-17
 0.50408873863502E-17
 0.44243620112750E-17
 0.38079969141971E-17
 0.32108084297880E-17
 0.48550326379989E-17
 0.66251796049991E-17
 0.35995066415514E-17
 0.22218573115807E-17
 0.20481486107760E-17
 0.24733559343354E-17
 0.20664865997564E-17
 0.24081269326885E-17
 0.12024563558994E-17
 0.13572483575332E-17
 0.11994237616436E-17
 0.12938416731503E-17
 0.20722411589092E-17
 0.33285390529508E-17
 0.51462806331651E-17
 0.60620852101022E-17
 0.71521054296234E-17
 0.43170785049677E-17
 0.40046068313111E-17
 0.43044108756262E-17
 0.55850524119085E-17
 0.85375170149463E-17
 0.78321206991058E-17
 0.10235654491287E-16
 0.11582180422423E-16
 0.10221388683910E-16
 0.90169286851209E-17
 0.59904652218553E-17
 0.11030119813348E-16
 0.11703599581607E-16
 0.13811959647773E-16
 0.21338672702642E-16
 0.18054660348349E-16
 0.27257305210466E-16
 0.29116009842773E-16
 0.39335033585128E-16
 0.47878969331263E-16
 0.55206524238271E-16
 0.81478643735348E-16
 0.10219849511057E-15
 0.13715967682694E-15
 0.19050007440608E-15
 0.27352109220197E-15
 0.37499250634384E-15
 0.50747835055447E-15
 0.67669801505293E-15
 0.89996204200558E-15
 0.11435499467970E-14
 0.14111191112355E-14
 0.17341539443346E-14
 0.20497120780015E-14
 0.23970223856063E-14
 0.27686943114965E-14
 0.31188015741753E-14
 0.34781474471557E-14
 0.38362898418780E-14
 0.41657891823544E-14
 0.44885679862156E-14
 0.47903105813426E-14
 0.50775974601365E-14
 0.53386273325176E-14
 0.55893914486443E-14
 0.58011778993593E-14
 0.59915228052022E-14
 0.61183276682225E-14
 0.61936117753773E-14
 0.62956367602854E-14
 0.63762043544930E-14
 0.63765474593839E-14
 0.62765657447065E-14
 0.61058024901914E-14
 0.60091440528021E-14
 0.59132315426963E-14
 0.57900299474168E-14
 0.56769934588311E-14
 0.55366960298621E-14
 0.53136015734133E-14
 0.50511490875127E-14
 0.48408418729813E-14
 0.46594265801126E-14
 0.44695403975023E-14
 0.42414443585685E-14
 0.39164568449602E-14
 0.36171833746353E-14
 0.33619362151669E-14
 0.31281059462134E-14
 0.28712375346818E-14
 0.25239226543231E-14
 0.22596264473482E-14
 0.20628379664571E-14
 0.18712141455156E-14
 0.16379644455411E-14
 0.13718136244903E-14
 0.11413952303012E-14
 0.87228618277743E-15
 0.43298594788757E-15
 0.84069089549565E-15
 0.13741204962737E-14
 0.16057204388110E-14
 0.17582650812931E-14
 0.19130564236815E-14
 0.19711921423980E-14
 0.19340798212465E-14
 0.19006864592382E-14
 0.18517594320723E-14
 0.18288419510906E-14
 0.17523692072643E-14
 0.16491937455731E-14
 0.15671484881095E-14
 0.15079950082796E-14
 0.14455251850521E-14
 0.13182211297301E-14
 0.11840140450016E-14
 0.10578361360468E-14
 0.95955457114550E-15
 0.84149235287941E-15
 0.70745076745388E-15
 0.58998668029765E-15
 0.49788003496660E-15
 0.40654857346018E-15
 0.33761885492748E-15
 0.29469062983223E-15
 0.25629516856333E-15
 0.20575668443698E-15
 0.17854610822019E-15
 0.14160518688371E-15
 0.10406572464740E-15
 0.88362809006304E-16
 0.65749858523816E-16
 0.46265045408519E-16
 0.32581924716294E-16
 0.29495599206680E-16
 0.27998375634640E-16
 0.25544774106100E-16
 0.27277197304255E-16
 0.18509452362156E-16
 0.17787980932884E-16
 0.17727966655750E-16
 0.10722847131281E-16
 0.11223107963013E-16
 0.12224608748173E-16
 0.12162331577911E-16
 0.11772474161140E-16
 0.77431798838482E-17
 0.64549922774341E-17
 0.96616878653387E-17
 0.47581563501018E-17
 0.46394316061765E-17
 0.40120118437348E-17
 0.54772851795446E-17
 0.67484028094848E-17
 0.67684229590658E-17
 0.45994854958184E-17
 0.42874916997202E-17
 0.45653819460753E-17
 0.28266089622378E-17
 0.17433627018472E-17
 0.11907767112952E-17
 0.25853924844260E-17
 0.11756581983161E-17
 0.13378119212401E-17
 0.13444529515604E-17
 0.13327598870588E-17
 0.23517992706470E-17
 0.40595052806295E-17
 0.55622651579805E-17
 0.74526036739598E-17
 0.35088932420986E-17
 0.31880264113331E-17
 0.31502489578457E-17
 0.39346391354301E-17
 0.57555620366596E-17
 0.64042992215471E-17
 0.64121917896721E-17
 0.68091930871621E-17
 0.58103229446964E-17
 0.48275671857756E-17
 0.39178683547734E-17
 0.86937152211736E-17
 0.81088107574426E-17
 0.75802528018084E-17
 0.12284038146264E-16
 0.13290906323945E-16
 0.20417270735266E-16
 0.18249253756782E-16
 0.28782803876480E-16
 0.30031015026115E-16
 0.33299668813689E-16
 0.38593923077667E-16
 0.38395787926332E-16
 0.49733727605479E-16
 0.47771981016768E-16
 0.66756547835658E-16
 0.93982612016764E-16
 0.14606697634020E-15
 0.19992884131814E-15
 0.27677485894938E-15
 0.38986572228766E-15
 0.52507387051997E-15
 0.70740643550532E-15
 0.92396199861995E-15
 0.11605887186515E-14
 0.14499911432299E-14
 0.17743069170773E-14
 0.21152611841393E-14
 0.24697762174769E-14
 0.28610952511305E-14
 0.32443418184972E-14
 0.36518484959380E-14
 0.40630281382996E-14
 0.44816002190735E-14
 0.48934795265876E-14
 0.52651161751290E-14
 0.56062399455841E-14
 0.59070671116475E-14
 0.61705044762055E-14
 0.63788240948098E-14
 0.65720035795944E-14
 0.66882560719072E-14
 0.66399466198651E-14
 0.65495500523293E-14
 0.65259109218755E-14
 0.65132365098623E-14
 0.65208163534834E-14
 0.65202733586358E-14
 0.64706432830194E-14
 0.62693390637972E-14
 0.60060688090680E-14
 0.58522760948964E-14
 0.57419343850803E-14
 0.55878362613509E-14
 0.53752057903347E-14
 0.50257668944060E-14
 0.46758374320527E-14
 0.43841988278101E-14
 0.41178123223848E-14
 0.38038331336810E-14
 0.33477721330477E-14
 0.30196981573541E-14
 0.27930875549355E-14
 0.25536534406716E-14
 0.22370579772791E-14
 0.18871286179935E-14
 0.15552318727369E-14
 0.11896342211843E-14
 0.62745369436599E-15
 0.10155114810151E-14
 0.17618308060806E-14
 0.21540940941638E-14
 0.24650308429988E-14
 0.27854528901547E-14
 0.29739122116662E-14
 0.30112277858135E-14
 0.30752654070209E-14
 0.31609151710620E-14
 0.32296796098348E-14
 0.32036049310669E-14
 0.31259183513796E-14
 0.30804725504746E-14
 0.31065380127244E-14
 0.31279939885635E-14
 0.30120146747306E-14
 0.28681697397201E-14
 0.26642623322584E-14
 0.24819313240303E-14
 0.23315831106731E-14
 0.21139730596116E-14
 0.18674922409317E-14
 0.16229676045553E-14
 0.13884293098049E-14
 0.12164835111740E-14
 0.11092451603689E-14
 0.10167996207777E-14
 0.87583243576709E-15
 0.76236365058305E-15
 0.63623849549378E-15
 0.50474167344907E-15
 0.40366554158093E-15
 0.31161786123452E-15
 0.21914553645744E-15
 0.15027772812724E-15
 0.11223429048591E-15
 0.80429830099944E-16
 0.64170980455699E-16
 0.45168868792441E-16
 0.38668330882921E-16
 0.30657688863237E-16
 0.28761169674657E-16
 0.23399991062330E-16
 0.17548677894986E-16
 0.16625533627772E-16
 0.17408288963406E-16
 0.16108312366106E-16
 0.12202938140290E-16
 0.14052064281445E-16
 0.12019114093439E-16
 0.54277929635283E-17
 0.67617955546335E-17
 0.68221094317608E-17
 0.90945375269198E-17
 0.10123453058759E-16
 0.69396585226365E-17
 0.46909802624303E-17
 0.61870228700785E-17
 0.57465506193367E-17
 0.49974049374007E-17
 0.22827431369797E-17
 0.21384054287177E-17
 0.44323858753545E-17
 0.32356993867292E-17
 0.13094319215709E-17
 0.18814291830444E-17
 0.14071459345326E-17
 0.29072703772231E-17
 0.32177704124146E-17
 0.62977799550248E-17
 0.58596268306853E-17
 0.38522364705573E-17
 0.34522629085750E-17
 0.26376761408900E-17
 0.31215274189092E-17
 0.48722242132481E-17
 0.55093116548492E-17
 0.40483865630099E-17
 0.37667740339039E-17
 0.38163637604638E-17
 0.32649906455958E-17
 0.43890989316908E-17
 0.66874198982601E-17
 0.39941380039105E-17
 0.43442496786241E-17
 0.62410955430588E-17
 0.98745246656869E-17
 0.14905179289518E-16
 0.12935495756567E-16
 0.18997837314735E-16
 0.23149523047909E-16
 0.24937715709495E-16
 0.24463044262723E-16
 0.25553175329633E-16
 0.28391501666041E-16
 0.24749068626111E-16
 0.28508513166185E-16
 0.38780715413107E-16
 0.46496782320519E-16
 0.61141479916077E-16
 0.67015209133365E-16
 0.96036145395486E-16
 0.13347040184600E-15
 0.18800043860957E-15
 0.26998602882769E-15
 0.38566472748301E-15
 0.53602231271727E-15
 0.72001501705549E-15
 0.94430900604731E-15
 0.12063801634492E-14
 0.15148133116099E-14
 0.18581654594915E-14
 0.22351071736720E-14
 0.26687949637606E-14
 0.31176408622124E-14
 0.36079306114877E-14
 0.40487054953998E-14
 0.44587212869425E-14
 0.48342283690039E-14
 0.52205109545891E-14
 0.55501054406562E-14
 0.58542723774729E-14
 0.60917343301779E-14
 0.61284954800720E-14
 0.61249192860207E-14
 0.61854786290225E-14
 0.62949147392059E-14
 0.64522084973708E-14
 0.66041051573054E-14
 0.66884733760498E-14
 0.65813830784863E-14
 0.63892050595317E-14
 0.63176652553955E-14
 0.62830328446723E-14
 0.62106313924645E-14
 0.60317320144637E-14
 0.57138081093082E-14
 0.53775769482033E-14
 0.50978117971691E-14
 0.48546792237056E-14
 0.45528428012070E-14
 0.40682016283855E-14
 0.36904614065260E-14
 0.34598009678360E-14
 0.31729680503855E-14
 0.28100289434186E-14
 0.23864338215862E-14
 0.19855648607357E-14
 0.15299180207825E-14
 0.83726862889764E-15
 0.10992842357843E-14
 0.19360799105972E-14
 0.24254213978327E-14
 0.28418138247317E-14
 0.33014139777024E-14
 0.36206216239361E-14
 0.37656920897281E-14
 0.39524655301669E-14
 0.41950106420538E-14
 0.43957046061029E-14
 0.44693639764152E-14
 0.44905401827813E-14
 0.45316380573936E-14
 0.47097155097959E-14
 0.49045034709570E-14
 0.48617350544356E-14
 0.47594256634516E-14
 0.46279538340467E-14
 0.45073720221034E-14
 0.43671595075124E-14
 0.41140548312581E-14
 0.37976271894610E-14
 0.34643063942365E-14
 0.31213898211669E-14
 0.28752870435175E-14
 0.27394334636519E-14
 0.26215992231480E-14
 0.24330770118048E-14
 0.22247148660672E-14
 0.19766158606099E-14
 0.17119729169622E-14
 0.14459868169719E-14
 0.11806207002913E-14
 0.93299990167708E-15
 0.71106766540185E-15
 0.53466717830366E-15
 0.39712618417745E-15
 0.27977104444652E-15
 0.18377606111438E-15
 0.13120367423921E-15
 0.90008747160725E-16
 0.66728689603902E-16
 0.51955382886323E-16
 0.40718652869177E-16
 0.31699785132890E-16
 0.29034090234714E-16
 0.18746633551942E-16
 0.24344469872172E-16
 0.22140648516321E-16
 0.12644373543413E-16
 0.80130123625275E-17
 0.10147299289096E-16
 0.14264316796757E-16
 0.16483586058868E-16
 0.14617023573587E-16
 0.86728470838353E-17
 0.82025677431559E-17
 0.77654585168668E-17
 0.62051575368579E-17
 0.46212040048085E-17
 0.39810391375885E-17
 0.36874038985580E-17
 0.43904581265619E-17
 0.63407373911358E-17
 0.41930682472144E-17
 0.43144832234287E-17
 0.44724538907707E-17
 0.46704066045092E-17
 0.49056569381514E-17
 0.79920164348528E-17
 0.48074585630996E-17
 0.35266835021963E-17
 0.31646577441665E-17
 0.20168371319700E-17
 0.35701541176977E-17
 0.73902158996056E-17
 0.54937391502728E-17
 0.31467501579406E-17
 0.30096162134951E-17
 0.24022576901549E-17
 0.21345470812339E-17
 0.12226470297848E-17
 0.19730075165067E-17
 0.18021810320792E-17
 0.33689733898296E-17
 0.44468764914496E-17
 0.70434537563398E-17
 0.93149483927214E-17
 0.10685053448760E-16
 0.11543103191131E-16
 0.15204633091459E-16
 0.14933259050478E-16
 0.12338577647874E-16
 0.18325958871593E-16
 0.20001265737574E-16
 0.19595661667336E-16
 0.21458998760358E-16
 0.22733633800635E-16
 0.26505533579918E-16
 0.27894035404712E-16
 0.22847855919352E-16
 0.31603889324063E-16
 0.31618609729294E-16
 0.37066927639965E-16
 0.55596646659422E-16
 0.88599144260693E-16
 0.12476537162249E-15
 0.18383838829454E-15
 0.25839466174454E-15
 0.37458290495780E-15
 0.53239137440480E-15
 0.71722379945265E-15
 0.95033614782249E-15
 0.12417629494411E-14
 0.15905174348717E-14
 0.19649422380998E-14
 0.23315772909838E-14
 0.27304001271189E-14
 0.31316207736647E-14
 0.35110184686459E-14
 0.38660925086645E-14
 0.42263557369420E-14
 0.45571896973478E-14
 0.46876561875969E-14
 0.47442546323978E-14
 0.48977582817773E-14
 0.51148149253646E-14
 0.53647876022131E-14
 0.55961979138929E-14
 0.58041950978525E-14
 0.58271409444863E-14
 0.57491231287431E-14
 0.58064946216746E-14
 0.59092052449439E-14
 0.59806880749981E-14
 0.59764133906677E-14
 0.57770006487721E-14
 0.55344380248813E-14
 0.53349370328781E-14
 0.51550093700006E-14
 0.49206756771658E-14
 0.44550422722646E-14
 0.40690003953348E-14
 0.38488752169034E-14
 0.35956952886963E-14
 0.32454647679871E-14
 0.27890576423135E-14
 0.23520352872013E-14
 0.18624952420466E-14
 0.10536945117369E-14
 0.10202546023476E-14
 0.18326604094184E-14
 0.23381820015116E-14
 0.27879357620044E-14
 0.32927683213011E-14
 0.36801051969304E-14
 0.39153345493909E-14
 0.41744444824016E-14
 0.45095357752182E-14
 0.48356536825663E-14
 0.50253372695767E-14
 0.51595373569114E-14
 0.53135528897968E-14
 0.56213594588787E-14
 0.59856635521096E-14
 0.60928284598783E-14
 0.61013238776944E-14
 0.60607069379396E-14
 0.60720584120867E-14
 0.60449213710693E-14
 0.58611159130111E-14
 0.55732571290086E-14
 0.52583139454589E-14
 0.49363418104813E-14
 0.47029208395339E-14
 0.46248931603629E-14
 0.45620291626976E-14
 0.43994823743108E-14
 0.41879987122565E-14
 0.38957213120690E-14
 0.35723966357267E-14
 0.31978897108295E-14
 0.27778192103243E-14
 0.23658802089648E-14
 0.19696164074610E-14
 0.15933456206423E-14
 0.12606441772470E-14
 0.97877434570467E-15
 0.72821836785915E-15
 0.54114868555504E-15
 0.40365942986220E-15
 0.28491984667686E-15
 0.20257052951275E-15
 0.13281084909304E-15
 0.89208867710127E-16
 0.65433468909615E-16
 0.43703765990623E-16
 0.44122310217073E-16
 0.31025354311399E-16
 0.18009862398651E-16
 0.16421298070138E-16
 0.18084089278048E-16
 0.24960666208922E-16
 0.24699613106374E-16
 0.20196414544157E-16
 0.13802075105104E-16
 0.13297943324447E-16
 0.95530340450606E-17
 0.70168906555454E-17
 0.43570607064493E-17
 0.83805987066352E-17
 0.61674489415449E-17
 0.56211505462731E-17
 0.69328815856746E-17
 0.42095319035414E-17
 0.92047620727528E-17
 0.68657854938498E-17
 0.57401493812494E-17
 0.62005787371031E-17
 0.75783849885339E-17
 0.34960609064108E-17
 0.29155691700701E-17
 0.27494272152059E-17
 0.24302921133502E-17
 0.22833151152794E-17
 0.89064576478103E-17
 0.35675296158282E-17
 0.25872287078329E-17
 0.22719075821068E-17
 0.14423911033877E-17
 0.17069522500775E-17
 0.94380783328455E-18
 0.11396380664412E-17
 0.14470506979283E-17
 0.22800388692979E-17
 0.47151810343666E-17
 0.57522220422694E-17
 0.40224970714070E-17
 0.60279616646052E-17
 0.73806331376728E-17
 0.10215619421082E-16
 0.98076325076362E-17
 0.88633705148892E-17
 0.11970425830932E-16
 0.12397411527962E-16
 0.12072051869333E-16
 0.15795294001674E-16
 0.14861284759766E-16
 0.14807978945475E-16
 0.13163642469081E-16
 0.17087163916780E-16
 0.16805765982033E-16
 0.16942330889277E-16
 0.16171477952381E-16
 0.18503546926205E-16
 0.28754059020638E-16
 0.31425587611169E-16
 0.48107453229084E-16
 0.58967920286888E-16
 0.89633557013814E-16
 0.13368511578343E-15
 0.18672348928599E-15
 0.26737926196991E-15
 0.38827296181244E-15
 0.54203656033045E-15
 0.72165123758609E-15
 0.91652377059662E-15
 0.11412879466774E-14
 0.14093652394282E-14
 0.16768094392276E-14
 0.19515270388853E-14
 0.22576878813332E-14
 0.25538689849450E-14
 0.27301423404608E-14
 0.28437922198026E-14
 0.30287492869378E-14
 0.33047010246093E-14
 0.35795203785995E-14
 0.38576719968151E-14
 0.41158209799720E-14
 0.42290140747509E-14
 0.42938122640378E-14
 0.44580672801776E-14
 0.46477269840086E-14
 0.48265424758825E-14
 0.49351706454924E-14
 0.48946702197035E-14
 0.47924633412475E-14
 0.46841963266229E-14
 0.46381955273070E-14
 0.45271174851004E-14
 0.41964898581978E-14
 0.38989229390536E-14
 0.37515086542272E-14
 0.35770165247167E-14
 0.32754012104196E-14
 0.28654605990394E-14
 0.24618761547294E-14
 0.19752495493697E-14
 0.11382449563259E-14
 0.82145676991068E-15
 0.15188726710911E-14
 0.19866402336788E-14
 0.23896374306639E-14
 0.28630356164636E-14
 0.32479969076584E-14
 0.35136233272421E-14
 0.37961090699050E-14
 0.41552102406593E-14
 0.45237551867327E-14
 0.47912273966851E-14
 0.50193775479490E-14
 0.52521267275418E-14
 0.56360031479873E-14
 0.60704039009597E-14
 0.63054615567386E-14
 0.64538232552085E-14
 0.65305284139403E-14
 0.66709279909296E-14
 0.68105864025647E-14
 0.67749329685724E-14
 0.65912821554448E-14
 0.63697697398005E-14
 0.61650459496864E-14
 0.60197209540812E-14
 0.59892770598202E-14
 0.59908561081259E-14
 0.59255425930364E-14
 0.57790316268266E-14
 0.55413049932637E-14
 0.52558347298934E-14
 0.49025348577677E-14
 0.45076704648405E-14
 0.40409322831229E-14
 0.35975414656907E-14
 0.31294186140217E-14
 0.26746868287647E-14
 0.22584173809668E-14
 0.18778842132752E-14
 0.15199360683137E-14
 0.12331242993331E-14
 0.97339341985661E-15
 0.74447584087335E-15
 0.55543835300779E-15
 0.39214222523185E-15
 0.28741982635734E-15
 0.20565337238551E-15
 0.14259877311698E-15
 0.94716486935413E-16
 0.61374608646567E-16
 0.40971606259778E-16
 0.37678576647256E-16
 0.40480944577498E-16
 0.35157207054450E-16
 0.28118099029494E-16
 0.22655315756589E-16
 0.15689839403291E-16
 0.95349708309994E-17
 0.11491766705339E-16
 0.87910835527309E-17
 0.11116496459296E-16
 0.80849278311478E-17
 0.11201277887453E-16
 0.13897582980555E-16
 0.92782941147231E-17
 0.12593684306246E-16
 0.81800290263291E-17
 0.86102026601889E-17
 0.97764718699569E-17
 0.62003440856361E-17
 0.49143317536960E-17
 0.36464210233413E-17
 0.29999064096899E-17
 0.32547750884197E-17
 0.50341569182465E-17
 0.62197871299017E-17
 0.32158982589965E-17
 0.32750959970412E-17
 0.20442947279576E-17
 0.14718723269284E-17
 0.98687334441280E-18
 0.14045995814818E-17
 0.16641466653427E-17
 0.11866603942335E-17
 0.23527254720356E-17
 0.47199140493481E-17
 0.41196089333829E-17
 0.49721336439536E-17
 0.43307235648920E-17
 0.69269563825137E-17
 0.79385254917183E-17
 0.72045585378021E-17
 0.66310427974037E-17
 0.64379813199879E-17
 0.77350919991988E-17
 0.89623328538148E-17
 0.86882992584308E-17
 0.10134134901306E-16
 0.89681537034053E-17
 0.80134515021830E-17
 0.11372845000143E-16
 0.11095618374173E-16
 0.10507171718124E-16
 0.12292175235839E-16
 0.10363476834917E-16
 0.15066097486536E-16
 0.20475303215185E-16
 0.29880690255277E-16
 0.28290214872278E-16
 0.36594655306273E-16
 0.40369622022925E-16
 0.50033713438118E-16
 0.60979522219144E-16
 0.82182997313568E-16
 0.12606672728135E-15
 0.16362956310218E-15
 0.22008947619656E-15
 0.28258003483675E-15
 0.38127017822374E-15
 0.47840884133590E-15
 0.59940429980610E-15
 0.74013779575840E-15
 0.91035541570354E-15
 0.10372015697484E-14
 0.11408828413690E-14
 0.12845232564651E-14
 0.14933732366400E-14
 0.16880363083297E-14
 0.19040036351404E-14
 0.21257047545399E-14
 0.22602155027891E-14
 0.23611303034133E-14
 0.25409340976086E-14
 0.27370791653322E-14
 0.29542887169136E-14
 0.31373544960916E-14
 0.31947077821816E-14
 0.32056701041317E-14
 0.32340718872756E-14
 0.33085525833774E-14
 0.33187742859630E-14
 0.31399788039834E-14
 0.30048694883561E-14
 0.29954883893210E-14
 0.29448322340217E-14
 0.27652108086116E-14
 0.24788748405597E-14
 0.22019461810408E-14
 0.18086913857535E-14
 0.10569406837397E-14
 0.62556300799780E-15
 0.11972524546052E-14
 0.15653155292096E-14
 0.18949520327739E-14
 0.22915603027274E-14
 0.26395981625996E-14
 0.28840945875891E-14
 0.31509190837788E-14
 0.34727963750960E-14
 0.38181687813442E-14
 0.40760049289924E-14
 0.43179105850563E-14
 0.45820982176869E-14
 0.49843095427704E-14
 0.54500015183380E-14
 0.57329147629369E-14
 0.59472544406820E-14
 0.61020493783269E-14
 0.62746329889707E-14
 0.65114920484728E-14
 0.66162210899890E-14
 0.65948288272177E-14
 0.65291864237603E-14
 0.64809872244071E-14
 0.64586434553996E-14
 0.65096663959071E-14
 0.65816209592269E-14
 0.65875829721607E-14
 0.65038845259932E-14
 0.63964265995680E-14
 0.62053588967390E-14
 0.59363351545004E-14
 0.56305339987943E-14
 0.52776753873410E-14
 0.48954173357278E-14
 0.44853405647474E-14
 0.40814892225942E-14
 0.36629585491403E-14
 0.32553091689037E-14
 0.28454740639640E-14
 0.24958854586648E-14
 0.21473224254765E-14
 0.18037822599728E-14
 0.14774323666127E-14
 0.11933141308010E-14
 0.96180125462263E-15
 0.75054108812652E-15
 0.55478583882884E-15
 0.40454857004249E-15
 0.28368999785247E-15
 0.19138787242151E-15
 0.13916617452875E-15
 0.10489305898989E-15
 0.74476125854961E-16
 0.59284628109006E-16
 0.43205453625014E-16
 0.27340876639589E-16
 0.16891077311737E-16
 0.18496212410513E-16
 0.14818240131954E-16
 0.12644766218377E-16
 0.12825235706592E-16
 0.19007338329653E-16
 0.20665037532196E-16
 0.15058760257208E-16
 0.12668900796092E-16
 0.13398857755073E-16
 0.11830181808701E-16
 0.11022008265860E-16
 0.82940583629594E-17
 0.53204470053402E-17
 0.47566939286274E-17
 0.48948496096594E-17
 0.54611649897834E-17
 0.57991901253598E-17
 0.54520890390278E-17
 0.42112693745115E-17
 0.30666955605765E-17
 0.20724446386372E-17
 0.18942365652520E-17
 0.14743784944406E-17
 0.12963743323565E-17
 0.14686736015169E-17
 0.78199146700532E-18
 0.26191035407110E-17
 0.50600485267666E-17
 0.40757840369203E-17
 0.56744947321838E-17
 0.44225283355250E-17
 0.73460437239235E-17
 0.41776421632101E-17
 0.40696103223033E-17
 0.50104775804385E-17
 0.43228970384610E-17
 0.64665752876164E-17
 0.51342708512095E-17
 0.51979893021331E-17
 0.70477632440432E-17
 0.82723637978800E-17
 0.46824278749555E-17
 0.69370891313933E-17
 0.82024722329220E-17
 0.50414903952902E-17
 0.69992062349063E-17
 0.73679720701208E-17
 0.11850149639050E-16
 0.16250508005445E-16
 0.18179746976237E-16
 0.18800641547418E-16
 0.26102478528795E-16
 0.24637652313455E-16
 0.31498948560859E-16
 0.20695760032009E-16
 0.25921817374330E-16
 0.37381040514454E-16
 0.42667454659607E-16
 0.53947957514589E-16
 0.60113732811426E-16
 0.75114619992924E-16
 0.10498817114728E-15
 0.12194746583334E-15
 0.16108759261464E-15
 0.20595827991443E-15
 0.24451273342287E-15
 0.28605217772516E-15
 0.35108175918037E-15
 0.41780817290579E-15
 0.50094884019652E-15
 0.59529188738468E-15
 0.72346753966677E-15
 0.82794331073005E-15
 0.89037231236114E-15
 0.10004321290768E-14
 0.11232980700610E-14
 0.12854091627686E-14
 0.14140995168566E-14
 0.15064479110424E-14
 0.16089314095885E-14
 0.16958192943833E-14
 0.17999218491515E-14
 0.18621610730480E-14
 0.18192065346571E-14
 0.18311988819057E-14
 0.19071329834652E-14
 0.19416368714249E-14
 0.18843856404628E-14
 0.17605250952224E-14
 0.16265515461583E-14
 0.13940461119487E-14
 0.84916813992700E-15
 0.43387659454848E-15
 0.88665526554110E-15
 0.11638256404000E-14
 0.14018094341398E-14
 0.16969039246532E-14
 0.19679289738217E-14
 0.21587060909293E-14
 0.23677371568512E-14
 0.26152055781951E-14
 0.29055017180805E-14
 0.31390388299265E-14
 0.33623686854556E-14
 0.35985917258793E-14
 0.39150879560402E-14
 0.43105635883631E-14
 0.45720276204952E-14
 0.47792667764219E-14
 0.49742131453764E-14
 0.52174767684814E-14
 0.54643908186927E-14
 0.56415313336157E-14
 0.57484169779771E-14
 0.58337946296537E-14
 0.59128785342197E-14
 0.59962020242400E-14
 0.61114057323143E-14
 0.62547252459170E-14
 0.62945249931788E-14
 0.63076274184944E-14
 0.62914185129660E-14
 0.62070194460536E-14
 0.60999033219889E-14
 0.59706643591189E-14
 0.57653088160081E-14
 0.54884754907789E-14
 0.52387556887789E-14
 0.49635335257970E-14
 0.46602799830886E-14
 0.43688375789623E-14
 0.40811276551458E-14
 0.37467780110997E-14
 0.34175730615887E-14
 0.30787594535371E-14
 0.27257446153956E-14
 0.23956205830711E-14
 0.20700214065839E-14
 0.17844385529374E-14
 0.14765298828486E-14
 0.11904893680120E-14
 0.94540512892316E-15
 0.72369452169697E-15
 0.53851649931817E-15
 0.39090645391972E-15
 0.27087370985966E-15
 0.20135499513556E-15
 0.13922468258524E-15
 0.92361236482902E-16
 0.58479725592689E-16
 0.42717524697088E-16
 0.33204998301776E-16
 0.26333868648916E-16
 0.23746935985657E-16
 0.27863766801399E-16
 0.28285591769419E-16
 0.23221893725562E-16
 0.21450810508068E-16
 0.19664390703431E-16
 0.13563503016714E-16
 0.12594183773102E-16
 0.75138535215820E-17
 0.74523225473059E-17
 0.52348796412925E-17
 0.75037139202564E-17
 0.93150379904560E-17
 0.73693597577663E-17
 0.72789968635438E-17
 0.54620716333252E-17
 0.38056304249726E-17
 0.37771383024165E-17
 0.19316809567067E-17
 0.11088681510160E-17
 0.11543649920755E-17
 0.14791993646685E-17
 0.15500376482154E-17
 0.36709170454421E-17
 0.47441414034026E-17
 0.44031000848892E-17
 0.55399911176668E-17
 0.63937648361732E-17
 0.47082404235717E-17
 0.28275752997764E-17
 0.34148127720736E-17
 0.52490796723706E-17
 0.42459906724642E-17
 0.43541481372580E-17
 0.28636528619875E-17
 0.35992698192975E-17
 0.49981496859568E-17
 0.27632030774591E-17
 0.28691541510488E-17
 0.50069982418406E-17
 0.75690455668096E-17
 0.29931998821496E-17
 0.43169856554148E-17
 0.54852224286125E-17
 0.81483149711133E-17
 0.99816202661693E-17
 0.10934406470540E-16
 0.13314665828019E-16
 0.17860096790167E-16
 0.15857166771525E-16
 0.11521385620541E-16
 0.11506381841926E-16
 0.14090513452846E-16
 0.17107360288352E-16
 0.21960846631576E-16
 0.30523141877303E-16
 0.25827811790160E-16
 0.25983507694347E-16
 0.40372109156508E-16
 0.42273414173579E-16
 0.54726771448723E-16
 0.51792401069817E-16
 0.55469953864153E-16
 0.70684123078333E-16
 0.89746967044950E-16
 0.94519484613422E-16
 0.11706385315229E-15
 0.15775114617598E-15
 0.18819833166988E-15
 0.21363629703962E-15
 0.23988225344018E-15
 0.28068139964085E-15
 0.34165743980166E-15
 0.41654759506676E-15
 0.45934149045131E-15
 0.50455974257705E-15
 0.58666836339890E-15
 0.63537026374904E-15
 0.71503712530217E-15
 0.78488966475241E-15
 0.79110472100459E-15
 0.84723799958265E-15
 0.92171219296884E-15
 0.96379165107102E-15
 0.96559598156964E-15
 0.95157571520380E-15
 0.95214960341396E-15
 0.85296585847543E-15
 0.51281422076399E-15
 0.25924215797743E-15
 0.58665219908143E-15
 0.78305785371555E-15
 0.96522864583143E-15
 0.11620543371645E-14
 0.13425835470467E-14
 0.14765114958759E-14
 0.16337130355053E-14
 0.18250749387986E-14
 0.20375408849395E-14
 0.22233397445511E-14
 0.23998300856851E-14
 0.25773767707462E-14
 0.28333885746916E-14
 0.31192273443565E-14
 0.33487165702643E-14
 0.35509913593632E-14
 0.37480468911320E-14
 0.39600885615680E-14
 0.41828542264686E-14
 0.43749815819636E-14
 0.45346535459139E-14
 0.46763398326218E-14
 0.48089150306709E-14
 0.49556590907417E-14
 0.51300987903492E-14
 0.53383295139750E-14
 0.54830770702060E-14
 0.56093852502574E-14
 0.56954785649503E-14
 0.57315597550668E-14
 0.57690625373018E-14
 0.57647148327098E-14
 0.57260618132623E-14
 0.56443215997620E-14
 0.55382009264881E-14
 0.53992920408113E-14
 0.52368895983672E-14
 0.51049010412484E-14
 0.49184188849848E-14
 0.46909201484840E-14
 0.44621873856917E-14
 0.42122892532525E-14
 0.39317311591190E-14
 0.36413589164552E-14
 0.32998354293875E-14
 0.29988638282994E-14
 0.26687240209770E-14
 0.23439597460440E-14
 0.20305134268828E-14
 0.17023241402383E-14
 0.14033368621422E-14
 0.11420284996265E-14
 0.90331323464136E-15
 0.70298666684979E-15
 0.52889017079718E-15
 0.38680751641791E-15
 0.26482876661682E-15
 0.19105261035685E-15
 0.12361984962686E-15
 0.79185562143824E-16
 0.57939975916878E-16
 0.47361183077947E-16
 0.43054840834142E-16
 0.34120701794798E-16
 0.28659160930430E-16
 0.24043423930324E-16
 0.20692325027629E-16
 0.18435817879908E-16
 0.13262721754898E-16
 0.95344904136602E-17
 0.76909169623191E-17
 0.10101390911091E-16
 0.11334227643652E-16
 0.85200743253242E-17
 0.11849705085645E-16
 0.87877928673539E-17
 0.63375274532922E-17
 0.46387733031213E-17
 0.30388765869229E-17
 0.44275605998608E-17
 0.22289138173288E-17
 0.17664692308760E-17
 0.25937834068465E-17
 0.48500143520882E-17
 0.43321715939730E-17
 0.49225357279701E-17
 0.45418147035422E-17
 0.62454842859141E-17
 0.42750197376145E-17
 0.22585350672741E-17
 0.28274448796971E-17
 0.39314019718420E-17
 0.36729716402241E-17
 0.27345262173418E-17
 0.20377126310218E-17
 0.34152328428076E-17
 0.36847954662793E-17
 0.19937351433785E-17
 0.16805526830325E-17
 0.36716361357104E-17
 0.70268090657605E-17
 0.29657641121733E-17
 0.29371721143543E-17
 0.56068830764197E-17
 0.51505620055955E-17
 0.64424117102465E-17
 0.90542612192798E-17
 0.85132013047781E-17
 0.11608640450743E-16
 0.73784231275673E-17
 0.46416722081536E-17
 0.79692682429585E-17
 0.12250657510175E-16
 0.14000419915047E-16
 0.15507315129941E-16
 0.23256997129437E-16
 0.18180811831189E-16
 0.18869113860230E-16
 0.25935443441344E-16
 0.33417526782890E-16
 0.36071286839904E-16
 0.28896611747875E-16
 0.29687403463909E-16
 0.35988036121346E-16
 0.37612571132135E-16
 0.33665091081266E-16
 0.45199309798706E-16
 0.58409362845798E-16
 0.67680871904251E-16
 0.64306520526319E-16
 0.84095994569885E-16
 0.99868800584630E-16
 0.10803388059636E-15
 0.12393452867906E-15
 0.15480909524782E-15
 0.16640804475742E-15
 0.19508922378884E-15
 0.20042987545492E-15
 0.22945519068405E-15
 0.26125443721289E-15
 0.27606663341726E-15
 0.31070014734733E-15
 0.34151793999426E-15
 0.35981065551615E-15
 0.37274878257800E-15
 0.39938826893731E-15
 0.39846095407051E-15
 0.36526894205497E-15
 0.19980902474055E-15
 0.15674788493840E-15
 0.37813766390989E-15
 0.51116620862461E-15
 0.63455242390690E-15
 0.77683601269217E-15
 0.90393914995915E-15
 0.99826548904023E-15
 0.11042577685885E-14
 0.12328371736117E-14
 0.13764138991404E-14
 0.15051044285075E-14
 0.16234395707992E-14
 0.17576540761024E-14
 0.19205216629948E-14
 0.21200039652681E-14
 0.22915744421542E-14
 0.24318696911753E-14
 0.25956726743418E-14
 0.27829586101316E-14
 0.29711992570713E-14
 0.31754616297461E-14
 0.33595257857102E-14
 0.35215893071410E-14
 0.36836737687625E-14
 0.38700540067071E-14
 0.40843639825830E-14
 0.42779753593332E-14
 0.44581678380977E-14
 0.46392134467764E-14
 0.48024551362456E-14
 0.49522647843507E-14
 0.51019682885051E-14
 0.52066578238865E-14
 0.52739517694603E-14
 0.53145045317483E-14
 0.53391858094733E-14
 0.53306034738687E-14
 0.52881421149517E-14
 0.52624773538149E-14
 0.51889764475635E-14
 0.50985458897573E-14
 0.49656793086295E-14
 0.48456612122458E-14
 0.46935671668489E-14
 0.45105830884217E-14
 0.42591140893047E-14
 0.40175774240211E-14
 0.37976396927361E-14
 0.35337254324305E-14
 0.32455355087037E-14
 0.29410510997012E-14
 0.26237319170500E-14
 0.23066733508268E-14
 0.19740440781949E-14
 0.16769834673337E-14
 0.13885268812188E-14
 0.11175103571346E-14
 0.88658814534877E-15
 0.68275705592019E-15
 0.49734804843932E-15
 0.34907083269446E-15
 0.23252921850113E-15
 0.18150665301910E-15
 0.12262513683562E-15
 0.73035009277507E-16
 0.54789894215421E-16
 0.44565027048507E-16
 0.34158451793276E-16
 0.28722037641753E-16
 0.22323185152904E-16
 0.17928660978112E-16
 0.13511360719434E-16
 0.13494373735412E-16
 0.12371214740046E-16
 0.13511431786978E-16
 0.18610188222650E-16
 0.12541259330934E-16
 0.10900076143533E-16
 0.56786143379707E-17
 0.45556654090106E-17
 0.75642466792511E-17
 0.42425946192583E-17
 0.36940910787093E-17
 0.37787756455768E-17
 0.59155673623627E-17
 0.51395091869923E-17
 0.38630288206761E-17
 0.44526875574435E-17
 0.74134513575486E-17
 0.46607505609467E-17
 0.31952479413421E-17
 0.46550701224876E-17
 0.47062400462733E-17
 0.29855471308327E-17
 0.28829513135834E-17
 0.24083113746549E-17
 0.30265234624817E-17
 0.25523937356604E-17
 0.17545932352452E-17
 0.17637128924542E-17
 0.29415913973123E-17
 0.45071805890444E-17
 0.22253909831293E-17
 0.37107299013529E-17
 0.37975645749627E-17
 0.34465164077964E-17
 0.51436682784497E-17
 0.68709651466671E-17
 0.67175401383086E-17
 0.81054074604930E-17
 0.59343133451853E-17
 0.41822303308464E-17
 0.58661020461827E-17
 0.78660895894343E-17
 0.12309397847253E-16
 0.11864126887292E-16
 0.13953060181182E-16
 0.10733753971716E-16
 0.13330369869152E-16
 0.18827929262869E-16
 0.26277998604807E-16
 0.27374114041155E-16
 0.27519802529374E-16
 0.27180233664958E-16
 0.25252260967789E-16
 0.23308516384823E-16
 0.20727545281604E-16
 0.28039121607781E-16
 0.31855120070259E-16
 0.38476810706862E-16
 0.38980653974402E-16
 0.45354278288202E-16
 0.55083897707983E-16
 0.65644863478736E-16
 0.59130480117418E-16
 0.66016058461186E-16
 0.61038648225943E-16
 0.92069277634399E-16
 0.81706569122878E-16
 0.94289227833073E-16
 0.10540868892290E-15
 0.11555755036679E-15
 0.12442476824033E-15
 0.12821170116437E-15
 0.13137134591607E-15
 0.13789251600671E-15
 0.14248188208620E-15
 0.13279533201995E-15
 0.11572889445364E-15
 0.71092491085985E-16
 0.71529470347929E-16
 0.24103406761267E-15
 0.33353722933547E-15
 0.40749757470523E-15
 0.49791355776898E-15
 0.58074664108402E-15
 0.64372264410038E-15
 0.71144655740168E-15
 0.78909030923425E-15
 0.88628938334536E-15
 0.97423123478874E-15
 0.10573050340324E-14
 0.11428357217283E-14
 0.12476341713657E-14
 0.13861211551070E-14
 0.15052546493108E-14
 0.16264728436505E-14
 0.17521488096197E-14
 0.18837888384115E-14
 0.20315963428172E-14
 0.21782292045373E-14
 0.23270654496447E-14
 0.24793985790103E-14
 0.26448246351410E-14
 0.28329620010052E-14
 0.30194669681969E-14
 0.31919339599587E-14
 0.33696021333185E-14
 0.35633705198386E-14
 0.37389903114646E-14
 0.39172442732272E-14
 0.40960762335565E-14
 0.42704367520579E-14
 0.44399040018618E-14
 0.45993648009482E-14
 0.47487151100892E-14
 0.48553378844827E-14
 0.49462944880981E-14
 0.50341608651568E-14
 0.50723525659101E-14
 0.50837590362091E-14
 0.50740835488097E-14
 0.50736545646765E-14
 0.50325017820037E-14
 0.49480823168375E-14
 0.48653726942407E-14
 0.47491517909066E-14
 0.45983007166221E-14
 0.44438362910508E-14
 0.42083181227539E-14
 0.39540251835418E-14
 0.37008507059161E-14
 0.34370941802633E-14
 0.31414979406008E-14
 0.28417478883764E-14
 0.25539901691130E-14
 0.22598936294593E-14
 0.19239336165888E-14
 0.16197672035687E-14
 0.13409491887843E-14
 0.10790810857328E-14
 0.82632190693890E-15
 0.63991568919240E-15
 0.45790052403669E-15
 0.33037835899731E-15
 0.23137485686163E-15
 0.16214642981285E-15
 0.10599654284942E-15
 0.71408161019304E-16
 0.55370235145875E-16
 0.38546975831200E-16
 0.38486409808700E-16
 0.22884211953153E-16
 0.24910892500495E-16
 0.25832881902141E-16
 0.23263171435749E-16
 0.18725370318406E-16
 0.14381334236300E-16
 0.97308468920745E-17
 0.79681471985505E-17
 0.10332914813122E-16
 0.63516584213247E-17
 0.63125459965265E-17
 0.59584468384931E-17
 0.75716704828935E-17
 0.83945121232427E-17
 0.71266776645329E-17
 0.68128657764811E-17
 0.73693979795106E-17
 0.74656995319030E-17
 0.47636650377663E-17
 0.49782771464150E-17
 0.47169935285551E-17
 0.40037065545246E-17
 0.26105331430165E-17
 0.21211737448324E-17
 0.39008197439029E-17
 0.20690389624053E-17
 0.20053723402684E-17
 0.19554666067739E-17
 0.27614284372704E-17
 0.40274258650857E-17
 0.32653000421198E-17
 0.32009737020801E-17
 0.15385412252770E-17
 0.18945836627638E-17
 0.39735802235760E-17
 0.60095443070386E-17
 0.37412035550600E-17
 0.35324223962964E-17
 0.35763074442966E-17
 0.31834263891533E-17
 0.37297802514552E-17
 0.43737968160383E-17
 0.69118552446902E-17
 0.74055158444974E-17
 0.65463999435732E-17
 0.67206685484948E-17
 0.87995879261801E-17
 0.10587639489717E-16
 0.19691076626054E-16
 0.21262387722332E-16
 0.21346684870884E-16
 0.23050342287416E-16
 0.20378163783385E-16
 0.16536248127124E-16
 0.18858203931383E-16
 0.15941220664205E-16
 0.19237831749630E-16
 0.32420287734213E-16
 0.32213055251687E-16
 0.27357870615916E-16
 0.35859821936377E-16
 0.41305595919766E-16
 0.48370173358495E-16
 0.46161594019394E-16
 0.38019881445552E-16
 0.53113703798498E-16
 0.50667948402822E-16
 0.62438673125120E-16
 0.66505625283309E-16
 0.64882049353159E-16
 0.68483056522300E-16
 0.71794296412244E-16
 0.76858871419957E-16
 0.72002744138750E-16
 0.67007874042217E-16
 0.63017746765408E-16
 0.49077450628982E-16
 0.21861771586077E-16
 0.39825234201056E-16
 0.14374894521319E-15
 0.20433414814840E-15
 0.25270446740547E-15
 0.30271323943812E-15
 0.35454701916232E-15
 0.39404559448084E-15
 0.43747098258754E-15
 0.48540798828589E-15
 0.54246454569847E-15
 0.59694387165784E-15
 0.65226821043875E-15
 0.70829934770568E-15
 0.77516125629848E-15
 0.86080927938881E-15
 0.94354549151028E-15
 0.10168994423610E-14
 0.11073797633117E-14
 0.11961788746260E-14
 0.13030451452958E-14
 0.14134399991336E-14
 0.15308125173270E-14
 0.16561973678023E-14
 0.17921300597656E-14
 0.19279214129612E-14
 0.20680641500007E-14
 0.22243642324188E-14
 0.23928336859050E-14
 0.25821491706293E-14
 0.27812923318523E-14
 0.30023118406161E-14
 0.32087268775315E-14
 0.33904079424758E-14
 0.35747978676244E-14
 0.37728607613101E-14
 0.39636797239883E-14
 0.41368840498536E-14
 0.42986031820024E-14
 0.44563017687315E-14
 0.45911106260652E-14
 0.47387371171363E-14
 0.48192107380213E-14
 0.49114331369425E-14
 0.49666904814813E-14
 0.49721203069470E-14
 0.49705723851594E-14
 0.49695318514825E-14
 0.49085029892507E-14
 0.48525746687657E-14
 0.47215355565979E-14
 0.46026212729048E-14
 0.44705521633788E-14
 0.43292310329168E-14
 0.41362478756035E-14
 0.38821496466634E-14
 0.35898734451109E-14
 0.33360470215959E-14
 0.30514246818405E-14
 0.27605282118597E-14
 0.24288223357604E-14
 0.21290912415284E-14
 0.18692649187130E-14
 0.15561186701948E-14
 0.12712120520728E-14
 0.10391942920893E-14
 0.79716644914483E-15
 0.58385217808658E-15
 0.41325050875299E-15
 0.31356648427273E-15
 0.22788947786565E-15
 0.15522516156528E-15
 0.10500398896009E-15
 0.61605003960542E-16
 0.58790727667570E-16
 0.41170171612145E-16
 0.34667876851628E-16
 0.28826028069905E-16
 0.24098107523177E-16
 0.14862411107567E-16
 0.16185083186531E-16
 0.13184339469508E-16
 0.10626448805362E-16
 0.13932866373240E-16
 0.10213011675258E-16
 0.13326611871045E-16
 0.14078436736430E-16
 0.11944358310471E-16
 0.96191234468110E-17
 0.10172436529371E-16
 0.10497861551580E-16
 0.71422523507136E-17
 0.53238796929505E-17
 0.54366475204695E-17
 0.57888808282411E-17
 0.29079815890895E-17
 0.37355907205256E-17
 0.40239102556633E-17
 0.22076564730449E-17
 0.17137483741007E-17
 0.22237228028226E-17
 0.38502592883295E-17
 0.40370276207563E-17
 0.48995551315772E-17
 0.21550652203424E-17
 0.91098843747314E-18
 0.17232625444721E-17
 0.43036554820748E-17
 0.39104568337634E-17
 0.29755738465874E-17
 0.19224668451951E-17
 0.16333094188765E-17
 0.32680891098237E-17
 0.28290354751083E-17
 0.37025647985418E-17
 0.53271782930472E-17
 0.37424697765189E-17
 0.42344394979002E-17
 0.44034261293058E-17
 0.85408167165493E-17
 0.79694419921528E-17
 0.11027629521189E-16
 0.14917463354581E-16
 0.19617596565013E-16
 0.17929162982008E-16
 0.14834784567600E-16
 0.14696911946622E-16
 0.11742130440702E-16
 0.13686793167666E-16
 0.12590897515803E-16
 0.21439300183312E-16
 0.14888809530307E-16
 0.21651491621021E-16
 0.22913406714061E-16
 0.30189974324701E-16
 0.29924964728517E-16
 0.31174163461415E-16
 0.35308970270964E-16
 0.33698175139748E-16
 0.37591712223065E-16
 0.46393182993312E-16
 0.46587537496920E-16
 0.44927629781874E-16
 0.40803525127404E-16
 0.41558655258962E-16
 0.59389319656317E-16
 0.51970022262991E-16
 0.48874578347275E-16
 0.42275199739600E-16
 0.41911435188786E-16
 0.14194367630995E-16
 0.22349251301793E-16
 0.85570628088716E-16
 0.12286085397835E-15
 0.15269339131353E-15
 0.18327657035129E-15
 0.21787631329531E-15
 0.24119108425556E-15
 0.26563448242204E-15
 0.29264135224547E-15
 0.32826625248389E-15
 0.35922483460052E-15
 0.39043459361343E-15
 0.42313701400490E-15
 0.46282749008345E-15
 0.51661394174036E-15
 0.57076093425476E-15
 0.62171988935081E-15
 0.67413014485204E-15
 0.73924991208159E-15
 0.81512958573009E-15
 0.89149660894285E-15
 0.97650024480028E-15
 0.10724516750575E-14
 0.11772886393979E-14
 0.12906003708142E-14
 0.14128382010987E-14
 0.15405054654315E-14
 0.16745908727406E-14
 0.18180714956152E-14
 0.19799685280312E-14
 0.21577038555613E-14
 0.23368268876656E-14
 0.25326283040626E-14
 0.27266846140775E-14
 0.29138168651787E-14
 0.31011983349947E-14
 0.33086357028588E-14
 0.35265797005742E-14
 0.37245740354846E-14
 0.38814283279703E-14
 0.40314670892595E-14
 0.41713543452028E-14
 0.43363317074708E-14
 0.44831564905906E-14
 0.45825528448290E-14
 0.46608814405127E-14
 0.47129621795293E-14
 0.47908748509008E-14
 0.48577309763389E-14
 0.48960648120833E-14
 0.48795372927294E-14
 0.47887863257531E-14
 0.47049943880453E-14
 0.45645070302304E-14
 0.44328287546963E-14
 0.43185915572427E-14
 0.41711629157616E-14
 0.38975831107834E-14
 0.37071905137179E-14
 0.35143554962449E-14
 0.32723401605052E-14
 0.29399904860195E-14
 0.26978661638762E-14
 0.24414297451673E-14
 0.20915743550182E-14
 0.17615641343756E-14
 0.14718656338598E-14
 0.12298923824102E-14
 0.96553217506052E-15
 0.75289302348721E-15
 0.54754737768337E-15
 0.38634340276911E-15
 0.28143073288377E-15
 0.19800432288449E-15
 0.12970030965172E-15
 0.90423282980942E-16
 0.68683979632162E-16
 0.46553809012891E-16
 0.30705681482328E-16
 0.27533278559582E-16
 0.22132936920505E-16
 0.24262952315353E-16
 0.21489786141206E-16
 0.16172807826376E-16
 0.21455148368180E-16
 0.16114267794333E-16
 0.17194903224546E-16
 0.17445898878560E-16
 0.19173295946433E-16
 0.10039968642605E-16
 0.95633374225673E-17
 0.94495997043765E-17
 0.82121528485122E-17
 0.77283083067743E-17
 0.49756905106155E-17
 0.55147684180904E-17
 0.42111173573900E-17
 0.18836061587779E-17
 0.17638156535960E-17
 0.29754113107775E-17
 0.47972437029109E-17
 0.25450103368071E-17
 0.35348821145797E-17
 0.19365661670086E-17
 0.94986559027742E-18
 0.26266428096706E-17
 0.42023919771627E-17
 0.35838363124312E-17
 0.25492781018507E-17
 0.12013607527494E-17
 0.11752294221018E-17
 0.22633522044165E-17
 0.21420500321825E-17
 0.20579897436463E-17
 0.36743224965287E-17
 0.24767690454326E-17
 0.25808086583491E-17
 0.26040882180687E-17
 0.57242917266755E-17
 0.71142059829053E-17
 0.75873279185467E-17
 0.11347404338748E-16
 0.11193203427124E-16
 0.10347930722899E-16
 0.12517297278865E-16
 0.11226112905042E-16
 0.71040729631907E-17
 0.11282090302159E-16
 0.98700473130574E-17
 0.16874253933566E-16
 0.12262577059773E-16
 0.16938622957712E-16
 0.16177020875614E-16
 0.24018047993416E-16
 0.28355671188400E-16
 0.19540867824288E-16
 0.22101080550464E-16
 0.26547264568654E-16
 0.29998231561785E-16
 0.32418367018248E-16
 0.33914347269384E-16
 0.29810255289711E-16
 0.32688674268621E-16
 0.31854225810294E-16
 0.37648788324498E-16
 0.43516729113573E-16
 0.36411643925376E-16
 0.39937023985625E-16
 0.38582768324248E-16
 0.12873858634839E-16
   0.0000000000000000     
 0.50473327867347E-16
 0.72525106145455E-16
 0.89111893417976E-16
 0.10689758507838E-15
 0.12663231962269E-15
 0.14204185593121E-15
 0.15497100110506E-15
 0.17103575729267E-15
 0.19206056499433E-15
 0.21182997045129E-15
 0.23181242163248E-15
 0.25332959286927E-15
 0.27910062901962E-15
 0.31168162423597E-15
 0.34475193578068E-15
 0.37812098664902E-15
 0.41394002770763E-15
 0.45680052879460E-15
 0.50786129719477E-15
 0.55751780179623E-15
 0.60883239182228E-15
 0.67230210935860E-15
 0.74876727223823E-15
 0.83231821375791E-15
 0.92162678473776E-15
 0.10156160517633E-14
 0.11221953824373E-14
 0.12257420961433E-14
 0.13422861466371E-14
 0.14818113756688E-14
 0.16295527407480E-14
 0.17737450429438E-14
 0.19278315447322E-14
 0.20992381662869E-14
 0.22813675110239E-14
 0.24514725822006E-14
 0.26266354469238E-14
 0.28074702641232E-14
 0.29806242458599E-14
 0.31754471307243E-14
 0.33618870710173E-14
 0.35436306930217E-14
 0.37408406191150E-14
 0.39172106185755E-14
 0.41126338315236E-14
 0.43118573595968E-14
 0.44188264517449E-14
 0.45407475079378E-14
 0.45862464758717E-14
 0.46713558953950E-14
 0.46468384879093E-14
 0.46496372327856E-14
 0.47456445687639E-14
 0.47558102961257E-14
 0.45986278819245E-14
 0.45111912688343E-14
 0.45074132268742E-14
 0.45012417023070E-14
 0.42815605103804E-14
 0.39636855731133E-14
 0.38907121555837E-14
 0.37843476698696E-14
 0.35297158929744E-14
 0.31782712497755E-14
 0.28744963200291E-14
 0.27244978300106E-14
 0.23644331914381E-14
 0.20507543465060E-14
 0.16981728328469E-14
 0.14171420737824E-14
 0.11481402879327E-14
 0.91039122188134E-15
 0.70217102057687E-15
 0.50153213686120E-15
 0.36570364781173E-15
 0.24254779377286E-15
 0.17397794516036E-15
 0.11468511980106E-15
 0.79722091675842E-16
 0.52088772331431E-16
 0.45927914462510E-16
 0.31426531364380E-16
 0.28110598425717E-16
 0.28782881670117E-16
 0.23360644939612E-16
 0.31528273145437E-16
 0.24728206001943E-16
 0.24686625037094E-16
 0.18003324110728E-16
 0.15805057945940E-16
 0.17525426014309E-16
 0.10963007490887E-16
 0.11272052483614E-16
 0.91025347004640E-17
 0.82121773186931E-17
 0.81502741604751E-17
 0.41180206799331E-17
 0.41032283448857E-17
 0.63729496255933E-17
 0.59836420967139E-17
 0.20305207563635E-17
 0.38227120681156E-17
 0.23101782595817E-17
 0.17605989428619E-17
 0.30241952167913E-17
 0.37403866045787E-17
 0.38952447463929E-17
 0.21857961651724E-17
 0.95263745518897E-18
 0.93514469668881E-18
 0.18555431921830E-17
 0.27260437671419E-17
 0.26740912485135E-17
 0.34169774548367E-17
 0.20621840081861E-17
 0.30228385250683E-17
 0.32275343157251E-17
 0.34323605837675E-17
 0.45420851382576E-17
 0.65927295352985E-17
 0.96131951869411E-17
 0.67561285982752E-17
 0.56954948911738E-17
 0.84487737769746E-17
 0.87066440264997E-17
 0.68727501897583E-17
 0.76264409678469E-17
 0.87327322624057E-17
 0.15225939279054E-16
 0.13042645469737E-16
 0.10387984131481E-16
 0.10365325307937E-16
 0.15255101736794E-16
 0.22250693618035E-16
 0.18677412770458E-16
 0.17564007122568E-16
 0.15328523316558E-16
 0.27361999551137E-16
 0.26675624988663E-16
 0.24597790658577E-16
 0.20970095516450E-16
 0.22908035123460E-16
 0.21924944331122E-16
 0.26098653734040E-16
 0.31454641466220E-16
 0.24523256344365E-16
 0.27574974614194E-16
 0.28475711077584E-16
   0.0000000000000000     
   0.0000000000000000     
 0.27099545516527E-16
 0.41652384757760E-16
 0.50776178844226E-16
 0.61297920836521E-16
 0.72799178207489E-16
 0.82468765520126E-16
 0.90265940532685E-16
 0.99522869904301E-16
 0.11107506577413E-15
 0.12244114230030E-15
 0.13397636068455E-15
 0.14654451027293E-15
 0.16263043839768E-15
 0.18199496722799E-15
 0.20162119485255E-15
 0.22123198938941E-15
 0.24361861164805E-15
 0.26851730874220E-15
 0.29970592643466E-15
 0.33304500214894E-15
 0.36871356505832E-15
 0.41216339003274E-15
 0.46179696297847E-15
 0.51010188761997E-15
 0.56677865273063E-15
 0.63363925136009E-15
 0.70517709628100E-15
 0.77914370545841E-15
 0.87107600743472E-15
 0.97461064441169E-15
 0.10937153517517E-14
 0.11975126544597E-14
 0.13190257142191E-14
 0.14350100890042E-14
 0.15621108321988E-14
 0.17044512074482E-14
 0.18540567736184E-14
 0.19981051235004E-14
 0.21523965188057E-14
 0.23484730034633E-14
 0.25680961320373E-14
 0.27304052620550E-14
 0.29051414018519E-14
 0.31624942361192E-14
 0.33705513659495E-14
 0.35431981970453E-14
 0.37157042787436E-14
 0.38375917484656E-14
 0.39531020318837E-14
 0.41550274474296E-14
 0.43330036398920E-14
 0.43909986352382E-14
 0.44160784696510E-14
 0.45004809321537E-14
 0.46423429274267E-14
 0.47293187865266E-14
 0.46926990595633E-14
 0.45764962407209E-14
 0.45444638157475E-14
 0.45537211016733E-14
 0.44776717052324E-14
 0.43771271512781E-14
 0.41664456295412E-14
 0.39548226008461E-14
 0.39333342462379E-14
 0.36732357871587E-14
 0.33853643473481E-14
 0.31787009457007E-14
 0.28052231872860E-14
 0.25704081121322E-14
 0.22329674334651E-14
 0.19101677333891E-14
 0.16447131795837E-14
 0.13076995105588E-14
 0.10873498995577E-14
 0.81430137080030E-15
 0.61909617507598E-15
 0.47442964943963E-15
 0.33098090622660E-15
 0.22162718707129E-15
 0.14525344750344E-15
 0.10131929418908E-15
 0.64933421677858E-16
 0.52671502365476E-16
 0.44602818220797E-16
 0.44495298210507E-16
 0.34111412937380E-16
 0.34260523363066E-16
 0.26636882560080E-16
 0.26226341095771E-16
 0.22201130403163E-16
 0.18711641993534E-16
 0.16317884200706E-16
 0.15593111995497E-16
 0.10345632543963E-16
 0.81973508280752E-17
 0.57795846672417E-17
 0.64313307674843E-17
 0.74492156556062E-17
 0.35268136709157E-17
 0.32078712597636E-17
 0.40232601022877E-17
 0.48981829891650E-17
 0.33173847501570E-17
 0.51316111431072E-17
 0.56063918805111E-17
 0.29775924215619E-17
 0.20072094147233E-17
 0.95796369566929E-18
 0.16259444168401E-17
 0.21234666011785E-17
 0.34814302941437E-17
 0.57115241918042E-17
 0.20230400240638E-17
 0.24819062426730E-17
 0.37658083670831E-17
 0.25567606519210E-17
 0.29553463947048E-17
 0.34461115404126E-17
 0.46153025053856E-17
 0.41978419958003E-17
 0.44711952998473E-17
 0.52278171432823E-17
 0.73177952352143E-17
 0.53486346796438E-17
 0.71199206358771E-17
 0.62414801446299E-17
 0.57963917599592E-17
 0.12422086299681E-16
 0.12914527892045E-16
 0.69352982956511E-17
 0.73833576539646E-17
 0.90789266854311E-17
 0.13770573539821E-16
 0.12745211612860E-16
 0.16502425748517E-16
 0.13677863788406E-16
 0.22914634940064E-16
 0.18009723508682E-16
 0.17150719156536E-16
 0.15926136752889E-16
 0.12404574267980E-16
 0.17056897111588E-16
 0.18630700723467E-16
 0.23258979220135E-16
 0.15938425020075E-16
 0.20289803879931E-16
 0.22913218499714E-16
   0.0000000000000000     
   0.0000000000000000     
 0.14194875643011E-16
 0.23118517891403E-16
 0.29055876834230E-16
 0.34378252870522E-16
 0.40869991414194E-16
 0.46086202868197E-16
 0.50229725244861E-16
 0.55656423934445E-16
 0.61839464174321E-16
 0.68316604757592E-16
 0.74527564709384E-16
 0.82332657063490E-16
 0.92051315567159E-16
 0.10218097996647E-15
 0.11283874338573E-15
 0.12554767846135E-15
 0.14016497195743E-15
 0.15670567119727E-15
 0.17483487225819E-15
 0.19520719555910E-15
 0.21835517248453E-15
 0.24476212132091E-15
 0.27225375253079E-15
 0.30738149439068E-15
 0.34555966967787E-15
 0.38657954564481E-15
 0.43218875361358E-15
 0.48552737395953E-15
 0.54502343669964E-15
 0.61185550075104E-15
 0.68558383765446E-15
 0.75964010474197E-15
 0.84225468804633E-15
 0.94809150675550E-15
 0.10333168674562E-14
 0.11442438062042E-14
 0.12721201988060E-14
 0.14133444487002E-14
 0.15301198797398E-14
 0.16502526726854E-14
 0.18022936375185E-14
 0.20068799680674E-14
 0.22116630097145E-14
 0.23765551414680E-14
 0.25234407514441E-14
 0.26923685485139E-14
 0.28687414372333E-14
 0.31197974661082E-14
 0.33357247256062E-14
 0.34451175214771E-14
 0.35565397908415E-14
 0.36954179611302E-14
 0.39489157179788E-14
 0.41897419727113E-14
 0.43018352523063E-14
 0.42896648226851E-14
 0.43204497564037E-14
 0.45276270705419E-14
 0.46729255246699E-14
 0.46247395534237E-14
 0.46106721769624E-14
 0.46038941123374E-14
 0.45531939040618E-14
 0.45750035813757E-14
 0.44354096493993E-14
 0.43414226914859E-14
 0.42861653519476E-14
 0.39126669691167E-14
 0.37584233582663E-14
 0.36001157555219E-14
 0.33430253520462E-14
 0.30197436703736E-14
 0.27736420931041E-14
 0.24028005848972E-14
 0.21800496656459E-14
 0.18034569848605E-14
 0.15279666904975E-14
 0.12630591937137E-14
 0.10043302788278E-14
 0.78076268573581E-15
 0.55920191983874E-15
 0.40861935420895E-15
 0.27248213321679E-15
 0.19162239753184E-15
 0.13354204735804E-15
 0.96462205233444E-16
 0.70256700606326E-16
 0.61124417281289E-16
 0.43263507652297E-16
 0.40424725443968E-16
 0.27495172947850E-16
 0.23232963168635E-16
 0.23790253784676E-16
 0.19387017118268E-16
 0.16486026807877E-16
 0.11671585245676E-16
 0.11488917045484E-16
 0.10872362218449E-16
 0.78166834142291E-17
 0.41966067211067E-17
 0.47460284864649E-17
 0.59389467008166E-17
 0.58355662655441E-17
 0.49367656404460E-17
 0.72442888792862E-17
 0.64640423687308E-17
 0.37396029283012E-17
 0.29485753543439E-17
 0.20135873058248E-17
 0.29513707095103E-17
 0.21945922005573E-17
 0.19175879886164E-17
 0.33461441176654E-17
 0.25750016384651E-17
 0.28900652820491E-17
 0.36913689866479E-17
 0.16799170198168E-17
 0.28027638466579E-17
 0.46588947445733E-17
 0.34789118879061E-17
 0.40106479281103E-17
 0.35544393418709E-17
 0.35744144998822E-17
 0.32951902371422E-17
 0.45106659881740E-17
 0.45430596388988E-17
 0.60708759403490E-17
 0.53430214806358E-17
 0.96210894532659E-17
 0.10504922098875E-16
 0.44799134717721E-17
 0.46279013066323E-17
 0.64229417197307E-17
 0.95541254805094E-17
 0.64775378536558E-17
 0.14837386875424E-16
 0.11082417700286E-16
 0.16326582404612E-16
 0.12607381854886E-16
 0.12467690942074E-16
 0.96739719231038E-17
 0.81935059880149E-17
 0.13373450109985E-16
 0.12043671116201E-16
 0.11316466936832E-16
 0.11382231798842E-16
 0.14192065613713E-16
 0.18172126318157E-16
   0.0000000000000000     
   0.0000000000000000     
 0.65921332599622E-17
 0.12505206900751E-16
 0.15805941131182E-16
 0.18651459801663E-16
 0.22290775468225E-16
 0.25356634015568E-16
 0.27498808974156E-16
 0.30369861315192E-16
 0.33895063842273E-16
 0.37586531111505E-16
 0.41378366470504E-16
 0.45700049680731E-16
 0.50779015557677E-16
 0.56706343281595E-16
 0.62984903400418E-16
 0.70261828912200E-16
 0.78951882384645E-16
 0.89342145673539E-16
 0.10108146378293E-15
 0.11392442102519E-15
 0.12862661376235E-15
 0.14494418835552E-15
 0.16030169738503E-15
 0.18067429085007E-15
 0.20410954763966E-15
 0.22971784037219E-15
 0.26006864632528E-15
 0.29275796351442E-15
 0.33377832576350E-15
 0.38167244003227E-15
 0.42427234669077E-15
 0.45307164713762E-15
 0.52018800643482E-15
 0.59078086422143E-15
 0.66819383578544E-15
 0.72840882370624E-15
 0.80876949057185E-15
 0.89585878982023E-15
 0.10077021226757E-14
 0.11355995444594E-14
 0.12689956009914E-14
 0.13904458964651E-14
 0.15090467693086E-14
 0.16342252976664E-14
 0.17794922486378E-14
 0.19707442193233E-14
 0.21647323003910E-14
 0.22998208811094E-14
 0.24697117268029E-14
 0.26283171827547E-14
 0.28237310839212E-14
 0.30704614083583E-14
 0.33478105588335E-14
 0.34231661882967E-14
 0.34883771274763E-14
 0.36783824569618E-14
 0.39592477443825E-14
 0.42146760880462E-14
 0.42904632835335E-14
 0.42987378612314E-14
 0.44170242606885E-14
 0.45033083618815E-14
 0.46861115373695E-14
 0.45713094412229E-14
 0.46099898802209E-14
 0.46685271429797E-14
 0.45894873329424E-14
 0.43883650302093E-14
 0.43599992206234E-14
 0.42472392744434E-14
 0.41289567326479E-14
 0.39238168717683E-14
 0.37678011460724E-14
 0.34670575762728E-14
 0.33323208903199E-14
 0.28605850253662E-14
 0.26791284786592E-14
 0.23739845323984E-14
 0.20803619215635E-14
 0.17300213077385E-14
 0.14992183641329E-14
 0.11500283052820E-14
 0.92093228936177E-15
 0.68795992859648E-15
 0.50831481948016E-15
 0.36548009797835E-15
 0.26189148723114E-15
 0.18581064010890E-15
 0.12219889881787E-15
 0.82759202984685E-16
 0.52684303524753E-16
 0.40917926985696E-16
 0.38328401632610E-16
 0.30645713933241E-16
 0.31587982372312E-16
 0.17554454073714E-16
 0.18457317012680E-16
 0.13603505463341E-16
 0.11081173620282E-16
 0.93424579784480E-17
 0.66544687679418E-17
 0.86928900182437E-17
 0.93634789953739E-17
 0.84147607578361E-17
 0.94692625100421E-17
 0.75206385197351E-17
 0.80407981279920E-17
 0.56185587285910E-17
 0.32739736478954E-17
 0.38401740249105E-17
 0.28502655406455E-17
 0.31245491004134E-17
 0.36563334915654E-17
 0.23437862388112E-17
 0.26439384254626E-17
 0.31386875235340E-17
 0.25907138945272E-17
 0.38215886927069E-17
 0.37619126528445E-17
 0.37571680235343E-17
 0.57214442931086E-17
 0.47425540918676E-17
 0.24286037500889E-17
 0.30999293914561E-17
 0.24213071324616E-17
 0.32333822958084E-17
 0.44263099174164E-17
 0.38783916538341E-17
 0.33986534638477E-17
 0.87347125834978E-17
 0.38169513399447E-17
 0.32673164004477E-17
 0.43559199690237E-17
 0.93817859168601E-17
 0.38438102271150E-17
 0.55502322492659E-17
 0.80025996208563E-17
 0.10166369914971E-16
 0.10036059110602E-16
 0.94985761998683E-17
 0.77799502962168E-17
 0.66061489011541E-17
 0.83114508494985E-17
 0.60879126952531E-17
 0.72358360089805E-17
 0.10429183066154E-16
 0.97716515125200E-17
 0.15218001800444E-16
   0.0000000000000000     
   0.0000000000000000     
 0.25063304773835E-17
 0.65658195385098E-17
 0.85046640917938E-17
 0.10107211374912E-16
 0.11934258301700E-16
 0.13760149318172E-16
 0.15109032491778E-16
 0.16565623474546E-16
 0.18363973396994E-16
 0.20316667862196E-16
 0.22343788083250E-16
 0.24691526521712E-16
 0.27631500625191E-16
 0.31158107828653E-16
 0.34664563500384E-16
 0.38731170907784E-16
 0.43820669008560E-16
 0.49765661837310E-16
 0.55573918846738E-16
 0.63476780966368E-16
 0.71621799509484E-16
 0.80784889661907E-16
 0.89856005930354E-16
 0.10198826624674E-15
 0.11970103527150E-15
 0.13975135926991E-15
 0.15599574062188E-15
 0.17193741102491E-15
 0.19833277609585E-15
 0.22381264305955E-15
 0.26160910008074E-15
 0.29392290016839E-15
 0.33223594259296E-15
 0.36346331531346E-15
 0.40296649023794E-15
 0.44800979837921E-15
 0.51299551170610E-15
 0.58338402260899E-15
 0.65281491475722E-15
 0.72970835031626E-15
 0.82579350430065E-15
 0.89424989367698E-15
 0.99694023228428E-15
 0.11122139969328E-14
 0.12292381077890E-14
 0.13610452426740E-14
 0.15057156517438E-14
 0.16244898773715E-14
 0.17896316288838E-14
 0.19637350410168E-14
 0.21731126553715E-14
 0.23357620254698E-14
 0.24724448446044E-14
 0.25754544012358E-14
 0.28057988151868E-14
 0.30674463383823E-14
 0.33502251026907E-14
 0.34704918463443E-14
 0.35755991125416E-14
 0.37464980948173E-14
 0.39603740950520E-14
 0.42153412808463E-14
 0.42119087269385E-14
 0.43356730863710E-14
 0.44478944591051E-14
 0.46330185391228E-14
 0.44407585822567E-14
 0.44289673500789E-14
 0.46227647898716E-14
 0.45637913300301E-14
 0.44602612235322E-14
 0.44322404494922E-14
 0.44021622427002E-14
 0.41452257647367E-14
 0.41955850453966E-14
 0.38083779472148E-14
 0.36947286174090E-14
 0.34669398719404E-14
 0.32013537237562E-14
 0.28107137206107E-14
 0.26627700388345E-14
 0.22813738655182E-14
 0.19520131381407E-14
 0.16446443938857E-14
 0.13669333603219E-14
 0.11209428064930E-14
 0.84114989681814E-15
 0.63485606508698E-15
 0.45444877496471E-15
 0.31653293659833E-15
 0.21403006606493E-15
 0.14049851799438E-15
 0.97800633244946E-16
 0.75710488039032E-16
 0.58617267447102E-16
 0.32739420756581E-16
 0.29953442340103E-16
 0.19461329895263E-16
 0.16525680257800E-16
 0.12966407315352E-16
 0.10795962167953E-16
 0.12991526149571E-16
 0.15671929436159E-16
 0.13679394522843E-16
 0.12754225146434E-16
 0.10872580885535E-16
 0.11005985723557E-16
 0.50496049768177E-17
 0.42510323743609E-17
 0.43305115447286E-17
 0.37432242944056E-17
 0.62440388071884E-17
 0.41693814740848E-17
 0.25387384111276E-17
 0.25870389221000E-17
 0.29077005494825E-17
 0.34252660500693E-17
 0.32534694659615E-17
 0.42247582451893E-17
 0.38918068570561E-17
 0.33994963392827E-17
 0.48552018274510E-17
 0.20069830950945E-17
 0.41535645276161E-17
 0.21508442028520E-17
 0.26619916550721E-17
 0.29004861729571E-17
 0.24982042521248E-17
 0.23647983970876E-17
 0.41745500649728E-17
 0.57978970955024E-17
 0.27137656980068E-17
 0.30407890909509E-17
 0.55719686433828E-17
 0.54417900635142E-17
 0.46272151291053E-17
 0.61848114689724E-17
 0.86364510977670E-17
 0.81103824957502E-17
 0.61976941004199E-17
 0.78431951215268E-17
 0.40368971106494E-17
 0.84049562622522E-17
 0.59074828750146E-17
 0.61249784702900E-17
 0.91521257467948E-17
 0.69037860164625E-17
 0.69190066153193E-17
   0.0000000000000000     
   0.0000000000000000     
 0.93450872191435E-18
 0.33138098537022E-17
 0.45210965604878E-17
 0.54153598978550E-17
 0.62891765199509E-17
 0.71811544942370E-17
 0.77335131761160E-17
 0.82895531990366E-17
 0.90156306642044E-17
 0.10008113069824E-16
 0.11152411814278E-16
 0.12487447142730E-16
 0.14222143322999E-16
 0.16230969471283E-16
 0.18219306525605E-16
 0.20519208855800E-16
 0.23845893241998E-16
 0.26793718129823E-16
 0.30107693231100E-16
 0.34022414325642E-16
 0.38709568794364E-16
 0.43750127497781E-16
 0.50369353130286E-16
 0.59065857003225E-16
 0.69458118831732E-16
 0.79028993052146E-16
 0.87009798169985E-16
 0.99471024477842E-16
 0.11872797804101E-15
 0.13709023470580E-15
 0.15209176164711E-15
 0.16912358023045E-15
 0.19221733850620E-15
 0.21832573395480E-15
 0.24955794810145E-15
 0.28311336912127E-15
 0.32541336082958E-15
 0.37024554382852E-15
 0.41024727536932E-15
 0.45810520393160E-15
 0.52217920805859E-15
 0.60553715073607E-15
 0.65921440383141E-15
 0.71097682013285E-15
 0.80872447016466E-15
 0.90362841515653E-15
 0.10145132698766E-14
 0.11206758033937E-14
 0.12406723106363E-14
 0.13622774027690E-14
 0.14742552552054E-14
 0.15692247215908E-14
 0.17415190357247E-14
 0.19371112545792E-14
 0.21622178252397E-14
 0.24085236905321E-14
 0.25276056963515E-14
 0.26884175751737E-14
 0.28595152170045E-14
 0.30963150240806E-14
 0.33859185615366E-14
 0.34540637724153E-14
 0.36665251708265E-14
 0.38098491697492E-14
 0.40602586050635E-14
 0.40770806806120E-14
 0.41230299315995E-14
 0.43565286079030E-14
 0.44339492685312E-14
 0.45134577939235E-14
 0.44777858809827E-14
 0.46037116891651E-14
 0.46610084471106E-14
 0.44591037940638E-14
 0.46648541176729E-14
 0.43833746382571E-14
 0.42678879250584E-14
 0.42535554524878E-14
 0.40482021673496E-14
 0.38239243579263E-14
 0.36018375415329E-14
 0.34209083339221E-14
 0.30728832149281E-14
 0.27590724183157E-14
 0.24910793068412E-14
 0.22268715573767E-14
 0.19035308842106E-14
 0.15349062827624E-14
 0.12394087888496E-14
 0.97320324630266E-15
 0.73775559396325E-15
 0.53827921627428E-15
 0.37378563779387E-15
 0.26878539540583E-15
 0.17881269674928E-15
 0.11469514395429E-15
 0.80502055976902E-16
 0.47244578456755E-16
 0.29600972158996E-16
 0.22743673431686E-16
 0.22531939610059E-16
 0.20328800895232E-16
 0.23127058648895E-16
 0.21334621988003E-16
 0.18403448475489E-16
 0.20196395604604E-16
 0.14402695676239E-16
 0.64072170166605E-17
 0.53173524390325E-17
 0.77693915048956E-17
 0.89220362357826E-17
 0.88039133873934E-17
 0.66795383739283E-17
 0.49493774696201E-17
 0.35316935581970E-17
 0.58218089902121E-17
 0.63004273190313E-17
 0.65488867590712E-17
 0.65981502507475E-17
 0.54579892308817E-17
 0.40153346438716E-17
 0.39370604015740E-17
 0.28010742655378E-17
 0.28486838042996E-17
 0.20766350925579E-17
 0.26844368735620E-17
 0.31290823317138E-17
 0.12218121115354E-17
 0.19066323796447E-17
 0.41518204217711E-17
 0.56782136217429E-17
 0.24575753020503E-17
 0.28340454618134E-17
 0.30588975022207E-17
 0.56141087020507E-17
 0.22865486399706E-17
 0.35465349965964E-17
 0.72688568311699E-17
 0.61564061457730E-17
 0.59899585195595E-17
 0.81631157977477E-17
 0.27988567464277E-17
 0.58840670860700E-17
 0.59803997393705E-17
 0.55634717514934E-17
 0.63979347760202E-17
 0.67712097875668E-17
 0.19848145353473E-17
   0.0000000000000000     
   0.0000000000000000     
   0.0000000000000000     
 0.14604507593640E-17
 0.20126669130454E-17
 0.22697067630675E-17
 0.23972428416129E-17
 0.26195795640220E-17
 0.30245459687795E-17
 0.34860262081710E-17
 0.40090043047733E-17
 0.46234281275974E-17
 0.50983629932279E-17
 0.59390320980609E-17
 0.70070494504166E-17
 0.78863636695155E-17
 0.88741612718813E-17
 0.10635053503359E-16
 0.12278247415311E-16
 0.13824588682202E-16
 0.15575856273294E-16
 0.18597039099129E-16
 0.21780116497256E-16
 0.25200756321720E-16
 0.28757563534568E-16
 0.33143538593411E-16
 0.38342504199755E-16
 0.44061665982148E-16
 0.48873929709041E-16
 0.57282943128934E-16
 0.67749668361599E-16
 0.75246525676072E-16
 0.85819827753798E-16
 0.10096149646147E-15
 0.11609009318186E-15
 0.13306683032106E-15
 0.14464128322347E-15
 0.16674318544088E-15
 0.19359555573187E-15
 0.21516810068397E-15
 0.25245766883452E-15
 0.28947102659196E-15
 0.32603310242496E-15
 0.35248833142957E-15
 0.38957770780231E-15
 0.44656135187837E-15
 0.52293372405005E-15
 0.58620507390402E-15
 0.64684740672062E-15
 0.72815506564781E-15
 0.82343334761827E-15
 0.89504713413822E-15
 0.97280986370279E-15
 0.11082871326108E-14
 0.12387702014911E-14
 0.13836374257020E-14
 0.15498772369130E-14
 0.16940924626578E-14
 0.18182681528310E-14
 0.19899085982347E-14
 0.21531880862388E-14
 0.24203733936693E-14
 0.25356186882363E-14
 0.27534402747301E-14
 0.29498478340141E-14
 0.31291156890584E-14
 0.33086193967713E-14
 0.34136818916352E-14
 0.35326575838086E-14
 0.39135318714917E-14
 0.39582803331400E-14
 0.41056625314944E-14
 0.41906473804230E-14
 0.43901677790099E-14
 0.44930788457390E-14
 0.44384845889664E-14
 0.47003274675386E-14
 0.45923447250288E-14
 0.45387122507579E-14
 0.46165096746181E-14
 0.43952584732941E-14
 0.44313048674047E-14
 0.43160816307942E-14
 0.43492326179278E-14
 0.39209867504843E-14
 0.36427048469385E-14
 0.35224254811225E-14
 0.32995862080989E-14
 0.30616845696606E-14
 0.27398477197150E-14
 0.23698413981846E-14
 0.20584155832770E-14
 0.17273227803097E-14
 0.14070328251930E-14
 0.11103688782175E-14
 0.84329630975510E-15
 0.64657161117250E-15
 0.46796136364233E-15
 0.31511902356185E-15
 0.21258376818282E-15
 0.13185098906556E-15
 0.83378863272374E-16
 0.62096599030464E-16
 0.37772933549484E-16
 0.36889171601722E-16
 0.31049833980604E-16
 0.31399552238551E-16
 0.25228097404118E-16
 0.25463717043744E-16
 0.13524885054936E-16
 0.10885471515931E-16
 0.12497764982397E-16
 0.14176869648729E-16
 0.12254246195507E-16
 0.10594157871852E-16
 0.59169098039267E-17
 0.71299105602102E-17
 0.85056792339859E-17
 0.73182685792804E-17
 0.79861308078360E-17
 0.98097377329980E-17
 0.99596961424195E-17
 0.52950896359446E-17
 0.58515776128848E-17
 0.61208701185944E-17
 0.47593163372765E-17
 0.43532152752893E-17
 0.43952884654604E-17
 0.35970188962550E-17
 0.26182854016753E-17
 0.25235782858967E-17
 0.55277927368908E-17
 0.45974172283557E-17
 0.15843789056629E-17
 0.24659243888855E-17
 0.26061377106196E-17
 0.57935646464292E-17
 0.42399486968285E-17
 0.48241011133007E-17
 0.58534079757763E-17
 0.42384645365249E-17
 0.40884164476484E-17
 0.96231841004975E-17
 0.31231526103181E-17
 0.57365130302397E-17
 0.59845064524666E-17
 0.49005855962288E-17
 0.49188169265698E-17
 0.69531294343170E-17
   0.0000000000000000     
   0.0000000000000000     
   0.0000000000000000     
   0.0000000000000000     
   0.0000000000000000     
   0.0000000000000000     
 0.24661555494959E-18
 0.44098709864918E-18
 0.68742674939944E-18
 0.89763506946810E-18
 0.11801593072362E-17
 0.15245298283816E-17
 0.18370424431953E-17
 0.21066492640303E-17
 0.26445023230837E-17
 0.32577504191991E-17
 0.38279051035039E-17
 0.43167472512015E-17
 0.52118852823139E-17
 0.61516832328724E-17
 0.72250773781110E-17
 0.82033134822131E-17
 0.99113449574403E-17
 0.11464033740006E-16
 0.13074496954867E-16
 0.14544428582056E-16
 0.17702903182682E-16
 0.20740528107410E-16
 0.23655170457970E-16
 0.27187573446376E-16
 0.32645404354171E-16
 0.37895910062035E-16
 0.43777388360678E-16
 0.48057671638032E-16
 0.56793298406914E-16
 0.66976601716018E-16
 0.75078987985627E-16
 0.83325621832864E-16
 0.98355014305905E-16
 0.11367683690090E-15
 0.12880974147088E-15
 0.14507385302304E-15
 0.16735445035626E-15
 0.18998350575166E-15
 0.21264216539781E-15
 0.25012204681797E-15
 0.28067663123519E-15
 0.30938703348009E-15
 0.34386076368673E-15
 0.39234077371770E-15
 0.46133833243317E-15
 0.51745617082562E-15
 0.57754702766107E-15
 0.65453705158771E-15
 0.71844404458922E-15
 0.79748822849304E-15
 0.91613813874206E-15
 0.10114984625284E-14
 0.11288285185496E-14
 0.12628149504493E-14
 0.13688095672841E-14
 0.15465919446095E-14
 0.16772217392488E-14
 0.18671269935015E-14
 0.20650701342191E-14
 0.22361888213026E-14
 0.24236421801962E-14
 0.25094583157849E-14
 0.26924322126240E-14
 0.30002656770101E-14
 0.31849313978327E-14
 0.33039611809360E-14
 0.34947655684060E-14
 0.36886153066836E-14
 0.38451434110577E-14
 0.40332804611750E-14
 0.40826195341177E-14
 0.44025828985336E-14
 0.44278740944092E-14
 0.44230680269940E-14
 0.45755464889285E-14
 0.44992657545517E-14
 0.46995001636977E-14
 0.45771935840002E-14
 0.45796457829244E-14
 0.45749363940107E-14
 0.44735774694219E-14
 0.42799953203981E-14
 0.40674896497932E-14
 0.39454005928195E-14
 0.38445495601327E-14
 0.35202002485488E-14
 0.32208961275926E-14
 0.29433046039608E-14
 0.26105022428106E-14
 0.22797096639031E-14
 0.19689259821699E-14
 0.15881594397579E-14
 0.12776836160676E-14
 0.10099815822152E-14
 0.76109270368388E-15
 0.54972759791381E-15
 0.38372363285857E-15
 0.25675770331268E-15
 0.16564573804511E-15
 0.10727682213411E-15
 0.67468744187109E-16
 0.56055580558641E-16
 0.42457479018973E-16
 0.38067326658245E-16
 0.22289002529149E-16
 0.17489149702519E-16
 0.14845710361278E-16
 0.15012792091972E-16
 0.17322477143824E-16
 0.19829313785516E-16
 0.11434150758717E-16
 0.10875296779245E-16
 0.10023327667312E-16
 0.10802729164877E-16
 0.12752954161005E-16
 0.15372044044562E-16
 0.10566886937175E-16
 0.62859711720805E-17
 0.85645544881953E-17
 0.72611434788867E-17
 0.64688964072378E-17
 0.71087071860052E-17
 0.48671805037217E-17
 0.52598100289679E-17
 0.36047503934018E-17
 0.64166890535087E-17
 0.63038450730047E-17
 0.33559911371737E-17
 0.21141731642499E-17
 0.22576442329983E-17
 0.33674021446770E-17
 0.51239926680009E-17
 0.24625765129390E-17
 0.18191493713732E-17
 0.43008240771961E-17
 0.36408595308075E-17
 0.36646873495596E-17
 0.74221751855135E-17
 0.44561582262660E-17
 0.39384727575029E-17
 0.33949654329322E-17
 0.29850891310183E-17
 0.36080713527389E-17
 0.49493959571187E-17
   0.0000000000000000     
   0.0000000000000000     
   0.0000000000000000     
   0.0000000000000000     
   0.0000000000000000     
   0.0000000000000000     
   0.0000000000000000     
   0.0000000000000000     
   0.0000000000000000     
   0.0000000000000000     
 0.15353262882780E-18
 0.34595654038283E-18
 0.53570495864263E-18
 0.71853154146790E-18
 0.10165649607976E-17
 0.13248193737450E-17
 0.16235353646542E-17
 0.19068477586126E-17
 0.23987499402556E-17
 0.29943243374449E-17
 0.35222064218738E-17
 0.40466904506849E-17
 0.49370764995647E-17
 0.58173230057518E-17
 0.68193934098568E-17
 0.77453499871985E-17
 0.93645606129563E-17
 0.11099282721532E-16
 0.12793140763429E-16
 0.14846156937499E-16
 0.17574725781674E-16
 0.20050345375307E-16
 0.23007059622400E-16
 0.27166858034147E-16
 0.32298059045026E-16
 0.36823168910356E-16
 0.41544586324143E-16
 0.47791561785586E-16
 0.57708880363247E-16
 0.66046714827025E-16
 0.72733316971534E-16
 0.83702971962412E-16
 0.98308328165580E-16
 0.11272856664289E-15
 0.12790417249184E-15
 0.13927433120636E-15
 0.16197369359793E-15
 0.18464241776836E-15
 0.21750140887406E-15
 0.24556613752555E-15
 0.28352969854702E-15
 0.32506428265125E-15
 0.37109932590840E-15
 0.39839172237269E-15
 0.44383706403370E-15
 0.51323446555702E-15
 0.58774440014149E-15
 0.64531080507589E-15
 0.74205574586551E-15
 0.82725865679314E-15
 0.93263884165003E-15
 0.10149166050414E-14
 0.11461226526831E-14
 0.13132496326054E-14
 0.14414340416882E-14
 0.15473415331530E-14
 0.17078931405492E-14
 0.18562874905020E-14
 0.19822794556832E-14
 0.23156700999192E-14
 0.23844573855905E-14
 0.26240376760982E-14
 0.27715111478175E-14
 0.30255719348192E-14
 0.31261273690953E-14
 0.33903391383563E-14
 0.35391063501556E-14
 0.38721634462328E-14
 0.39667746873795E-14
 0.40269900698007E-14
 0.42523058464504E-14
 0.43770242467416E-14
 0.45401218373780E-14
 0.45386227404458E-14
 0.45350097493472E-14
 0.48114654121945E-14
 0.46495344524708E-14
 0.45570623514874E-14
 0.45836164454442E-14
 0.44532839174315E-14
 0.44390773075257E-14
 0.44539823937622E-14
 0.41437145087173E-14
 0.39346873337664E-14
 0.37253169091742E-14
 0.34544655947867E-14
 0.31717458908985E-14
 0.28702667765555E-14
 0.24582246649225E-14
 0.21241612805822E-14
 0.18154217145719E-14
 0.14679880096407E-14
 0.11520233569016E-14
 0.89311549461416E-15
 0.65618002932886E-15
 0.45081227548539E-15
 0.30281686599638E-15
 0.21256737581207E-15
 0.13732982004122E-15
 0.86775419178493E-16
 0.57693917305389E-16
 0.39431424024993E-16
 0.33966411014920E-16
 0.27090572059364E-16
 0.27651094791290E-16
 0.24634884267672E-16
 0.15795606613486E-16
 0.15975644358018E-16
 0.19145909552026E-16
 0.25456015977304E-16
 0.20212871121892E-16
 0.19588512393496E-16
 0.17655575724344E-16
 0.14349291307380E-16
 0.13005928882496E-16
 0.81801384141952E-17
 0.71173791599925E-17
 0.60381078374498E-17
 0.60297913277302E-17
 0.89679594758703E-17
 0.11870130447325E-16
 0.71153918749853E-17
 0.28713146650312E-17
 0.31967214450541E-17
 0.31874956500276E-17
 0.32928018002676E-17
 0.54184497453627E-17
 0.60491897161435E-17
 0.35542521780435E-17
 0.37616064957475E-17
 0.49219804262589E-17
 0.27722749034644E-17
 0.57847572230691E-17
 0.45905375566113E-17
 0.34434421324368E-17
 0.21523241408974E-17
 0.41313676353663E-17
 0.17370152899797E-17
 0.41660068003690E-17
 0.27148265225434E-17
   0.0000000000000000     
   0.0000000000000000     
   0.0000000000000000     
   0.0000000000000000     
   0.0000000000000000     
   0.0000000000000000     
   0.0000000000000000     
   0.0000000000000000     
   0.0000000000000000     
   0.0000000000000000     
   0.0000000000000000     
   0.0000000000000000     
   0.0000000000000000     
   0.0000000000000000     
 0.16897880550792E-18
 0.33789168014670E-18
 0.49656512863119E-18
 0.69164497991648E-18
 0.98372385091600E-18
 0.11860008968753E-17
 0.14907081375125E-17
 0.18750257903423E-17
 0.23512387317279E-17
 0.29683724625678E-17
 0.33987034677022E-17
 0.38898478365370E-17
 0.47368643011944E-17
 0.56590887259601E-17
 0.64430999141930E-17
 0.78526797985382E-17
 0.92670625046073E-17
 0.11302477861577E-16
 0.12326804579037E-16
 0.14437401978393E-16
 0.17291476147660E-16
 0.20106700776229E-16
 0.22845082419420E-16
 0.26952556483969E-16
 0.30985139538726E-16
 0.35967948899924E-16
 0.41315503225718E-16
 0.46350227329174E-16
 0.54062389237496E-16
 0.63941327410802E-16
 0.72412662750828E-16
 0.82094133953380E-16
 0.99397026959233E-16
 0.11549047196884E-15
 0.13003807567250E-15
 0.14379086421463E-15
 0.17224650986990E-15
 0.19922981031508E-15
 0.21467331915777E-15
 0.24336308835820E-15
 0.28381594557071E-15
 0.32339766050618E-15
 0.36150939036650E-15
 0.41460009446669E-15
 0.47463191956972E-15
 0.52812413338693E-15
 0.56793115180058E-15
 0.67346186047136E-15
 0.77123894698262E-15
 0.87975658508567E-15
 0.94719142314180E-15
 0.10795325682727E-14
 0.11814463340264E-14
 0.13046448584229E-14
 0.14541036952648E-14
 0.16091484257497E-14
 0.17314216409691E-14
 0.19399853912449E-14
 0.20740746067482E-14
 0.22766671801597E-14
 0.24150379038788E-14
 0.26520583257068E-14
 0.28679645276205E-14
 0.31231957679052E-14
 0.32944749064483E-14
 0.33856561684091E-14
 0.36502058414768E-14
 0.39042362137112E-14
 0.39939842095949E-14
 0.41093790169213E-14
 0.42151225870250E-14
 0.44087598755528E-14
 0.46041112040721E-14
 0.46065955229908E-14
 0.44523460146750E-14
 0.46643411906161E-14
 0.47081585496599E-14
 0.47145327154411E-14
 0.47550122863510E-14
 0.45544898010222E-14
 0.44871769755574E-14
 0.43202825159641E-14
 0.41255880569103E-14
 0.39164777304614E-14
 0.37079266137038E-14
 0.33723519523363E-14
 0.29922684038925E-14
 0.27184964299921E-14
 0.24085205484281E-14
 0.20277937508701E-14
 0.16748416846390E-14
 0.13536773180190E-14
 0.10391954818029E-14
 0.77065032717399E-15
 0.55083692127686E-15
 0.37996558491308E-15
 0.25494525653931E-15
 0.16240125066093E-15
 0.10366511862225E-15
 0.62567155452450E-16
 0.45278122800552E-16
 0.29911960453898E-16
 0.23096432524345E-16
 0.27376008611472E-16
 0.32732873189918E-16
 0.25223701585620E-16
 0.27897629616168E-16
 0.23860446289569E-16
 0.21230621926185E-16
 0.15559389016297E-16
 0.14980238946841E-16
 0.77163463632690E-17
 0.94219089473086E-17
 0.84673837898760E-17
 0.95856680700634E-17
 0.15056755367919E-16
 0.11219933393291E-16
 0.55068995453219E-17
 0.40384056584254E-17
 0.45888145356249E-17
 0.57155298996408E-17
 0.80358050035830E-17
 0.46001286817492E-17
 0.22563392249496E-17
 0.33588706812268E-17
 0.53912800612267E-17
 0.42670162473135E-17
 0.40400340125270E-17
 0.56515258865656E-17
 0.37008237580634E-17
 0.29676663021208E-17
 0.20224229542959E-17
 0.59171253545233E-17
 0.84423318115903E-18
 0.35161260703946E-17
 0.28528194268688E-17
   0.0000000000000000     
   0.0000000000000000     
   0.0000000000000000     
   0.0000000000000000     
   0.0000000000000000     
   0.0000000000000000     
   0.0000000000000000     
   0.0000000000000000     
   0.0000000000000000     
   0.0000000000000000     
   0.0000000000000000     
   0.0000000000000000     
   0.0000000000000000     
   0.0000000000000000     
   0.0000000000000000     
   0.0000000000000000     
   0.0000000000000000     
 0.40673576039802E-19
 0.19196443208001E-18
 0.34200923392394E-18
 0.49371555661677E-18
 0.69085564017998E-18
 0.97882179683011E-18
 0.12606690225934E-17
 0.14241161083793E-17
 0.18024693202358E-17
 0.23383687861828E-17
 0.27523686426891E-17
 0.31806283064450E-17
 0.40132562122385E-17
 0.48247820439456E-17
 0.55226855880713E-17
 0.64343399108897E-17
 0.77612226546240E-17
 0.89943612072550E-17
 0.10261915228798E-16
 0.11790352404411E-16
 0.14386439060618E-16
 0.17746451959561E-16
 0.20254480591582E-16
 0.22342112004868E-16
 0.26582100048455E-16
 0.31841044532877E-16
 0.36696546693039E-16
 0.41258367780520E-16
 0.48827423000982E-16
 0.59485399894475E-16
 0.64776986231026E-16
 0.71944065080448E-16
 0.88315201219373E-16
 0.10116267604044E-15
 0.11273912070238E-15
 0.12798919090979E-15
 0.15132154493943E-15
 0.17648045432852E-15
 0.19580754973980E-15
 0.21989192302334E-15
 0.26009002657720E-15
 0.29611612007505E-15
 0.32118123574131E-15
 0.38323895715415E-15
 0.43656086719978E-15
 0.49956548204003E-15
 0.54379083784738E-15
 0.60313725275902E-15
 0.70046399549974E-15
 0.80756192816772E-15
 0.85427958160556E-15
 0.99149488437911E-15
 0.10797278138817E-14
 0.11798239651744E-14
 0.13415629053421E-14
 0.14732564804373E-14
 0.16449765614683E-14
 0.17216794493920E-14
 0.19507569365955E-14
 0.21749532384334E-14
 0.23588442710879E-14
 0.25555417929045E-14
 0.27001990779280E-14
 0.28794288880221E-14
 0.32238797165903E-14
 0.33413364575856E-14
 0.35176351356896E-14
 0.36470565925285E-14
 0.38770770465336E-14
 0.42630040705962E-14
 0.41606216770590E-14
 0.43147980277955E-14
 0.44398795227855E-14
 0.45405440594497E-14
 0.46849472251746E-14
 0.47158152554242E-14
 0.48938449313280E-14
 0.47860748559201E-14
 0.47713538261332E-14
 0.47276903380004E-14
 0.46286415205047E-14
 0.44850143780321E-14
 0.43697754542848E-14
 0.41226056095141E-14
 0.38503296974825E-14
 0.36246477546991E-14
 0.33645630611250E-14
 0.30112603485394E-14
 0.26296221318193E-14
 0.22974014451608E-14
 0.19257273835570E-14
 0.15564753101646E-14
 0.12087827479149E-14
 0.92967772435891E-15
 0.67368072181718E-15
 0.44033018765812E-15
 0.26391548997475E-15
 0.14221538828248E-15
 0.82882175776762E-16
 0.55993726779096E-16
 0.44397303345842E-16
 0.38800553604289E-16
 0.38456146823026E-16
 0.29016660797192E-16
 0.26762110680385E-16
 0.23474538960078E-16
 0.21022119694402E-16
 0.15928257602738E-16
 0.12572147389008E-16
 0.13220095859180E-16
 0.10241539840904E-16
 0.15294116698577E-16
 0.14431678132415E-16
 0.10070717436335E-16
 0.57701990667723E-17
 0.76049387814598E-17
 0.75084952728741E-17
 0.96607063867916E-17
 0.40542427856829E-17
 0.46535571744339E-17
 0.66219611945397E-17
 0.64260679797877E-17
 0.88021020938854E-17
 0.43413935198534E-17
 0.46123151467156E-17
 0.88511520234399E-17
 0.48853468835132E-17
 0.36597142039520E-17
 0.33580459714743E-17
 0.33276191503321E-17
 0.74203069876109E-18
 0.55884795760481E-17
   0.0000000000000000     
   0.0000000000000000     
   0.0000000000000000     
   0.0000000000000000     
   0.0000000000000000     
   0.0000000000000000     
   0.0000000000000000     
   0.0000000000000000     
   0.0000000000000000     
   0.0000000000000000     
   0.0000000000000000     
   0.0000000000000000     
   0.0000000000000000     
   0.0000000000000000     
   0.0000000000000000     
   0.0000000000000000     
   0.0000000000000000     
   0.0000000000000000     
   0.0000000000000000     
   0.0000000000000000     
   0.0000000000000000     
   0.0000000000000000     
 0.71640487950403E-19
 0.21305666848399E-18
 0.34503217737923E-18
 0.46612293957848E-18
 0.69788964987285E-18
 0.95298858423588E-18
 0.11439418801501E-17
 0.13804226525283E-17
 0.18563426338673E-17
 0.22863082566578E-17
 0.26531944182402E-17
 0.29873987354441E-17
 0.37403640540361E-17
 0.46272006839859E-17
 0.54837850223566E-17
 0.64526966763552E-17
 0.81335546226152E-17
 0.94158742511863E-17
 0.10762146334264E-16
 0.11954350406511E-16
 0.14413385139791E-16
 0.17606361080307E-16
 0.20287862388006E-16
 0.23555022511005E-16
 0.29044984584380E-16
 0.31085804239619E-16
 0.37476672010190E-16
 0.43571573860637E-16
 0.49660496953955E-16
 0.56562765001181E-16
 0.65129796059472E-16
 0.74480442948328E-16
 0.91005213222320E-16
 0.10073652552765E-15
 0.11335251548297E-15
 0.13423784500469E-15
 0.15604121805760E-15
 0.17791092328237E-15
 0.20297594736765E-15
 0.23355878021273E-15
 0.26924522751206E-15
 0.30187646671298E-15
 0.33847895696164E-15
 0.38335307246689E-15
 0.44492426007911E-15
 0.50094795751310E-15
 0.56759343996779E-15
 0.65902662296798E-15
 0.70079922752879E-15
 0.79433815625778E-15
 0.89044196367449E-15
 0.99569866804611E-15
 0.11528658660779E-14
 0.12004227638320E-14
 0.13743862716303E-14
 0.15548921941088E-14
 0.17071571578145E-14
 0.18761795732889E-14
 0.20433089957830E-14
 0.21452904392516E-14
 0.24425532173993E-14
 0.26174156561468E-14
 0.28067305123285E-14
 0.29448587703864E-14
 0.31690955154092E-14
 0.34315845490418E-14
 0.35911787826380E-14
 0.37776917178893E-14
 0.38553697259510E-14
 0.41601068953000E-14
 0.42783289344369E-14
 0.44977847795295E-14
 0.46444132227443E-14
 0.48086634724884E-14
 0.47896712984778E-14
 0.48525669788294E-14
 0.48988122788635E-14
 0.48877550794331E-14
 0.48277616869737E-14
 0.48382633475908E-14
 0.47415975324660E-14
 0.45308818181361E-14
 0.43542370369050E-14
 0.42218712027794E-14
 0.39845049019152E-14
 0.36497676660016E-14
 0.33145970898157E-14
 0.29837369552996E-14
 0.26260065954593E-14
 0.22283618800414E-14
 0.18360488057539E-14
 0.14069840384606E-14
 0.99665208818043E-15
 0.64926835963809E-15
 0.39267225117336E-15
 0.21666688045201E-15
 0.11716758366313E-15
 0.74709620469260E-16
 0.53762935660243E-16
 0.34145715634519E-16
 0.30922532923074E-16
 0.29760976596310E-16
 0.23189425162197E-16
 0.18809029052552E-16
 0.15916984666312E-16
 0.15050945359537E-16
 0.17279641692327E-16
 0.17618932579689E-16
 0.11532457933714E-16
 0.13436299143064E-16
 0.10371346114158E-16
 0.11832690062896E-16
 0.12174722170955E-16
 0.92344374799510E-17
 0.90412987276222E-17
 0.10057422962697E-16
 0.83162326088139E-17
 0.82877150403516E-17
 0.91856916362229E-17
 0.52847045793221E-17
 0.97526698528143E-17
 0.51528975963719E-17
 0.41079100789365E-17
 0.43857071099252E-17
 0.36112427647704E-17
 0.21878381468684E-17
 0.40021341324371E-17
 0.41864021169068E-17
   0.0000000000000000     
   0.0000000000000000     
   0.0000000000000000     
   0.0000000000000000     
   0.0000000000000000     
   0.0000000000000000     
   0.0000000000000000     
   0.0000000000000000     
   0.0000000000000000     
   0.0000000000000000     
   0.0000000000000000     
   0.0000000000000000     
   0.0000000000000000     
   0.0000000000000000     
   0.0000000000000000     
   0.0000000000000000     
   0.0000000000000000     
   0.0000000000000000     
   0.0000000000000000     
   0.0000000000000000     
   0.0000000000000000     
   0.0000000000000000     
   0.0000000000000000     
   0.0000000000000000     
   0.0000000000000000     
   0.0000000000000000     
 0.10694685614341E-18
 0.22636043919325E-18
 0.36823752132763E-18
 0.48123066212038E-18
 0.70296394962687E-18
 0.93497840645271E-18
 0.11870363406139E-17
 0.13877080812102E-17
 0.17493117564771E-17
 0.22082360742922E-17
 0.27153793257732E-17
 0.32611183813766E-17
 0.40673067293998E-17
 0.48549806376564E-17
 0.54758424899862E-17
 0.64040451243274E-17
 0.78850411288478E-17
 0.91274388658558E-17
 0.10934504539323E-16
 0.12780606386824E-16
 0.14619787450113E-16
 0.18488799435424E-16
 0.21069494148624E-16
 0.23492233907437E-16
 0.26928739266430E-16
 0.31877211603702E-16
 0.37198101390165E-16
 0.45349520056219E-16
 0.51038452647763E-16
 0.57769577604318E-16
 0.68360732245290E-16
 0.75866455258960E-16
 0.90500116168024E-16
 0.10461250884667E-15
 0.11957221287121E-15
 0.13786656342493E-15
 0.16258478764248E-15
 0.17772508934461E-15
 0.20332747681435E-15
 0.23693296807685E-15
 0.27496712806784E-15
 0.29387855220181E-15
 0.35272625553732E-15
 0.40542551015523E-15
 0.44989529035414E-15
 0.50625826539147E-15
 0.57287001903377E-15
 0.65309575241596E-15
 0.74364875845189E-15
 0.81283771262742E-15
 0.93095711457653E-15
 0.10796826113353E-14
 0.11783201649405E-14
 0.13066448879630E-14
 0.14586694863869E-14
 0.15055965589905E-14
 0.17867750836819E-14
 0.19488422216691E-14
 0.21134826002154E-14
 0.21974611862332E-14
 0.24157228495317E-14
 0.26512734625838E-14
 0.29454329875274E-14
 0.30127293971172E-14
 0.33795150385246E-14
 0.33527105917974E-14
 0.37028560993755E-14
 0.39098382826461E-14
 0.41623040037990E-14
 0.43913524919342E-14
 0.45036573056162E-14
 0.46325817977941E-14
 0.47369049273793E-14
 0.48488702800641E-14
 0.49126209181187E-14
 0.49635590830512E-14
 0.50890973878252E-14
 0.50931926946429E-14
 0.49469452634354E-14
 0.48928303673360E-14
 0.48592823851081E-14
 0.47772138342325E-14
 0.45501177611084E-14
 0.42999475694512E-14
 0.40795132201863E-14
 0.38069436349649E-14
 0.34533128100923E-14
 0.29561642679155E-14
 0.24446276615607E-14
 0.19064889908205E-14
 0.13697633149333E-14
 0.88778957007159E-15
 0.53117970873922E-15
 0.30391376813535E-15
 0.16829582059902E-15
 0.89809872944926E-16
 0.59243029739034E-16
 0.48203783169734E-16
 0.30938134037621E-16
 0.28353005936288E-16
 0.26041211203358E-16
 0.22605610350710E-16
 0.31106670516945E-16
 0.21944154281906E-16
 0.17910898728628E-16
 0.20868192813306E-16
 0.15942333028316E-16
 0.20726643304842E-16
 0.22981701075541E-16
 0.16411334092787E-16
 0.16017952451788E-16
 0.12586072325687E-16
 0.14579089038831E-16
 0.98994956329324E-17
 0.87215819500001E-17
 0.82149035463806E-17
 0.70336866027602E-17
 0.29649829989725E-17
 0.56338811961411E-17
 0.54881838388244E-17
 0.58030964152750E-17
 0.33840084086031E-17
 0.43489203354006E-17
 0.22008160787529E-17
   0.0000000000000000     
   0.0000000000000000     
   0.0000000000000000     
   0.0000000000000000     
   0.0000000000000000     
   0.0000000000000000     
   0.0000000000000000     
   0.0000000000000000     
   0.0000000000000000     
   0.0000000000000000     
   0.0000000000000000     
   0.0000000000000000     
   0.0000000000000000     
   0.0000000000000000     
   0.0000000000000000     
   0.0000000000000000     
   0.0000000000000000     
   0.0000000000000000     
   0.0000000000000000     
   0.0000000000000000     
   0.0000000000000000     
   0.0000000000000000     
   0.0000000000000000     
   0.0000000000000000     
   0.0000000000000000     
   0.0000000000000000     
   0.0000000000000000     
   0.0000000000000000     
   0.0000000000000000     
 0.45637640047736E-20
 0.11882412434525E-18
 0.25857259955245E-18
 0.33839245970193E-18
 0.48265323313510E-18
 0.74935515800427E-18
 0.10201608444050E-17
 0.12265282344737E-17
 0.14464927872872E-17
 0.18086111290379E-17
 0.22285538596758E-17
 0.27085188167836E-17
 0.33412981926760E-17
 0.41350503402228E-17
 0.48876120423898E-17
 0.55155904950644E-17
 0.65568105392433E-17
 0.80803519329059E-17
 0.93638074919067E-17
 0.10879296478860E-16
 0.12635017587728E-16
 0.14995919070567E-16
 0.18005923655817E-16
 0.20672491251271E-16
 0.24497434592401E-16
 0.28833478709046E-16
 0.34485405991798E-16
 0.36309436535942E-16
 0.44957739811492E-16
 0.52746301215216E-16
 0.60334409962948E-16
 0.70080054149730E-16
 0.81216278200293E-16
 0.94698919655943E-16
 0.10370278169525E-15
 0.12558519767953E-15
 0.14784052911413E-15
 0.15762942163905E-15
 0.19481228209291E-15
 0.21969311815598E-15
 0.24983745594572E-15
 0.28285969468818E-15
 0.31307144136571E-15
 0.35547730240781E-15
 0.40177061924318E-15
 0.45352089917442E-15
 0.53989687049623E-15
 0.60333801393325E-15
 0.68966665227065E-15
 0.76037198056083E-15
 0.87157570763960E-15
 0.97957580566649E-15
 0.10451668421999E-14
 0.11954087420020E-14
 0.13659775283418E-14
 0.14686110416887E-14
 0.15645265509200E-14
 0.17823851426563E-14
 0.19828654772136E-14
 0.21604229560322E-14
 0.22728597752448E-14
 0.25566723147181E-14
 0.26847473794740E-14
 0.29737340921318E-14
 0.31435511699250E-14
 0.34033521830371E-14
 0.36491389784253E-14
 0.39638568103077E-14
 0.41147141481272E-14
 0.42924785205580E-14
 0.44562602160570E-14
 0.46186222193997E-14
 0.47723404761506E-14
 0.49109962140543E-14
 0.50623140160568E-14
 0.51888526894120E-14
 0.51762634109669E-14
 0.51754254496442E-14
 0.52476480516091E-14
 0.52838476454456E-14
 0.52508240928498E-14
 0.51252965110276E-14
 0.50231901008115E-14
 0.48642645303295E-14
 0.46063458236648E-14
 0.41855036434193E-14
 0.36447940281792E-14
 0.30200158367813E-14
 0.23746037838992E-14
 0.17250777684242E-14
 0.11541467044224E-14
 0.70054960995969E-15
 0.37096456577087E-15
 0.20314187559026E-15
 0.12011784811839E-15
 0.66477815121304E-16
 0.49566051939429E-16
 0.46886104415201E-16
 0.41123387268831E-16
 0.36595171581651E-16
 0.33963999525790E-16
 0.26172858842978E-16
 0.26705605955452E-16
 0.27324777400251E-16
 0.30059047154659E-16
 0.20406741145320E-16
 0.15959301071900E-16
 0.16459696667019E-16
 0.17715697248945E-16
 0.19822219458224E-16
 0.13283172520204E-16
 0.12050260231586E-16
 0.80810166250633E-17
 0.73152899092032E-17
 0.46709668630068E-17
 0.85100345579208E-17
 0.58423594133649E-17
 0.49669016891011E-17
 0.52876820673565E-17
 0.69177605738033E-17
 0.27328760778600E-17
   0.0000000000000000     
   0.0000000000000000     
   0.0000000000000000     
   0.0000000000000000     
   0.0000000000000000     
   0.0000000000000000     
   0.0000000000000000     
   0.0000000000000000     
   0.0000000000000000     
   0.0000000000000000     
   0.0000000000000000     
   0.0000000000000000     
   0.0000000000000000     
   0.0000000000000000     
   0.0000000000000000     
   0.0000000000000000     
   0.0000000000000000     
   0.0000000000000000     
   0.0000000000000000     
   0.0000000000000000     
   0.0000000000000000     
   0.0000000000000000     
   0.0000000000000000     
   0.0000000000000000     
   0.0000000000000000     
   0.0000000000000000     
   0.0000000000000000     
   0.0000000000000000     
   0.0000000000000000     
   0.0000000000000000     
   0.0000000000000000     
   0.0000000000000000     
   0.0000000000000000     
 0.39685261768225E-19
 0.16667314212938E-18
 0.27762543570721E-18
 0.38180479527960E-18
 0.56168371280995E-18
 0.80243118162059E-18
 0.10071102914985E-17
 0.12061823958881E-17
 0.15178791721673E-17
 0.19209472492680E-17
 0.22495219257167E-17
 0.25430765340128E-17
 0.34326773264328E-17
 0.41330984624955E-17
 0.48834181233957E-17
 0.55641425937747E-17
 0.65897801322398E-17
 0.82928389407617E-17
 0.97598814711963E-17
 0.10891289841654E-16
 0.13467250939205E-16
 0.16271009915335E-16
 0.18309201280188E-16
 0.20725154488502E-16
 0.26134640953200E-16
 0.29067658469398E-16
 0.34562214653512E-16
 0.38416321083513E-16
 0.46114790687842E-16
 0.54126463798732E-16
 0.62657901336096E-16
 0.72171583978706E-16
 0.87914007752469E-16
 0.94830325110439E-16
 0.11273589148958E-15
 0.12405660997871E-15
 0.14795128080447E-15
 0.17025436421066E-15
 0.18739830069073E-15
 0.22119580859120E-15
 0.24610320244081E-15
 0.28783319849055E-15
 0.33670532616937E-15
 0.37930546376934E-15
 0.43233830646746E-15
 0.48416973806213E-15
 0.57088736615370E-15
 0.63314155491975E-15
 0.68715231719961E-15
 0.77277733663391E-15
 0.91226547187191E-15
 0.10033503139971E-14
 0.11125213788788E-14
 0.12479704258533E-14
 0.13966595857179E-14
 0.15409529682826E-14
 0.16593965202425E-14
 0.18212661618800E-14
 0.20881140568078E-14
 0.21696578501442E-14
 0.24537839384765E-14
 0.26085837469645E-14
 0.28920337909876E-14
 0.31397942916930E-14
 0.34941141634466E-14
 0.35835183252622E-14
 0.38352600446996E-14
 0.40346128832475E-14
 0.42443045660855E-14
 0.44550741912497E-14
 0.46417431893655E-14
 0.48897380405888E-14
 0.51175832747015E-14
 0.51833429188745E-14
 0.52400256847358E-14
 0.53942036444780E-14
 0.55591223418492E-14
 0.56876658910574E-14
 0.56938911975583E-14
 0.56755801344386E-14
 0.56717899937278E-14
 0.55438236795878E-14
 0.52724776856828E-14
 0.48070269249431E-14
 0.41996178661013E-14
 0.35756243350975E-14
 0.28168183056421E-14
 0.19725686667203E-14
 0.12692266276210E-14
 0.77992581501467E-15
 0.45726670139944E-15
 0.25617132031979E-15
 0.15328327355589E-15
 0.10183600394066E-15
 0.72861640515052E-16
 0.48704732435423E-16
 0.46792296306227E-16
 0.39500391717896E-16
 0.41125409474252E-16
 0.37258713705627E-16
 0.30879139087020E-16
 0.28108105098145E-16
 0.23053901897965E-16
 0.21001938493342E-16
 0.26915600973361E-16
 0.23934720660367E-16
 0.20208041854320E-16
 0.12212764825871E-16
 0.11233708772013E-16
 0.68314003347654E-17
 0.83008877621650E-17
 0.70902241367066E-17
 0.57624674096379E-17
 0.55131611519198E-17
 0.84121209645215E-17
 0.55014370482807E-17
   0.0000000000000000     
   0.0000000000000000     
   0.0000000000000000     
   0.0000000000000000     
   0.0000000000000000     
   0.0000000000000000     
   0.0000000000000000     
   0.0000000000000000     
   0.0000000000000000     
   0.0000000000000000     
   0.0000000000000000     
   0.0000000000000000     
   0.0000000000000000     
   0.0000000000000000     
   0.0000000000000000     
   0.0000000000000000     
   0.0000000000000000     
   0.0000000000000000     
   0.0000000000000000     
   0.0000000000000000     
   0.0000000000000000     
   0.0000000000000000     
   0.0000000000000000     
   0.0000000000000000     
   0.0000000000000000     
   0.0000000000000000     
   0.0000000000000000     
   0.0000000000000000     
   0.0000000000000000     
   0.0000000000000000     
   0.0000000000000000     
   0.0000000000000000     
   0.0000000000000000     
   0.0000000000000000     
   0.0000000000000000     
   0.0000000000000000     
   0.0000000000000000     
   0.0000000000000000     
 0.75505385803160E-19
 0.19650917279420E-18
 0.30063014032043E-18
 0.40988089072889E-18
 0.58754826814076E-18
 0.79447033211354E-18
 0.95331432725701E-18
 0.12525711011743E-17
 0.16223677320584E-17
 0.19787074852970E-17
 0.23370487393796E-17
 0.25884194017250E-17
 0.33858866750868E-17
 0.42914604342650E-17
 0.48413148109388E-17
 0.57905265250830E-17
 0.73147608233200E-17
 0.86516753240648E-17
 0.97536465887406E-17
 0.11552900777813E-16
 0.13023896388797E-16
 0.16478540638702E-16
 0.18819273001944E-16
 0.20895329419413E-16
 0.25832753615361E-16
 0.30930058288686E-16
 0.35074602995014E-16
 0.40172519427550E-16
 0.48994216805903E-16
 0.56402987844305E-16
 0.63533939307643E-16
 0.72642981022612E-16
 0.83165047488227E-16
 0.97699530614646E-16
 0.11689714618303E-15
 0.13212590936610E-15
 0.15001746450197E-15
 0.17951632928470E-15
 0.20051441922225E-15
 0.22841664650354E-15
 0.26585314956220E-15
 0.30322133049490E-15
 0.36051258924316E-15
 0.38752268681210E-15
 0.44790591449833E-15
 0.49204628605653E-15
 0.58238063159443E-15
 0.65244419180435E-15
 0.74028342792070E-15
 0.82355783043728E-15
 0.93074744599183E-15
 0.10328744696711E-14
 0.11947029625434E-14
 0.12509380334579E-14
 0.14244584443637E-14
 0.16030779261331E-14
 0.17527831940379E-14
 0.19630142419350E-14
 0.21290313323873E-14
 0.23803821275584E-14
 0.25800745352703E-14
 0.29090421812052E-14
 0.30041762835910E-14
 0.33101955887027E-14
 0.35130318324153E-14
 0.37513333824331E-14
 0.39868540882506E-14
 0.42446919637779E-14
 0.45052806611237E-14
 0.47798904082734E-14
 0.49514778875057E-14
 0.51032968320526E-14
 0.53315571695054E-14
 0.56049984234662E-14
 0.58100464783092E-14
 0.59507738446801E-14
 0.60554527737400E-14
 0.61519429745474E-14
 0.61958744501227E-14
 0.60907519569818E-14
 0.58031439336284E-14
 0.53141128189841E-14
 0.46021284209053E-14
 0.37210947583882E-14
 0.28556686072484E-14
 0.20868225927152E-14
 0.14730761469308E-14
 0.93674297540475E-15
 0.56632845752527E-15
 0.34579729485150E-15
 0.19793331652780E-15
 0.11175526512653E-15
 0.91145557785728E-16
 0.75054559462063E-16
 0.64349649627768E-16
 0.51934694348005E-16
 0.47365970045577E-16
 0.38426989556185E-16
 0.33063484690038E-16
 0.29871677602292E-16
 0.28810847860726E-16
 0.30150571470565E-16
 0.24081819016041E-16
 0.17607465424580E-16
 0.13355234078839E-16
 0.13719898425360E-16
 0.13519881157912E-16
 0.71682651128683E-17
 0.81957010103685E-17
 0.10951339480755E-16
 0.73877250874861E-17
 0.60137211641578E-17
   0.0000000000000000     
   0.0000000000000000     
   0.0000000000000000     
   0.0000000000000000     
   0.0000000000000000     
   0.0000000000000000     
   0.0000000000000000     
   0.0000000000000000     
   0.0000000000000000     
   0.0000000000000000     
   0.0000000000000000     
   0.0000000000000000     
   0.0000000000000000     
   0.0000000000000000     
   0.0000000000000000     
   0.0000000000000000     
   0.0000000000000000     
   0.0000000000000000     
   0.0000000000000000     
   0.0000000000000000     
   0.0000000000000000     
   0.0000000000000000     
   0.0000000000000000     
   0.0000000000000000     
   0.0000000000000000     
   0.0000000000000000     
   0.0000000000000000     
   0.0000000000000000     
   0.0000000000000000     
   0.0000000000000000     
   0.0000000000000000     
   0.0000000000000000     
   0.0000000000000000     
   0.0000000000000000     
   0.0000000000000000     
   0.0000000000000000     
   0.0000000000000000     
   0.0000000000000000     
   0.0000000000000000     
   0.0000000000000000     
   0.0000000000000000     
   0.0000000000000000     
 0.94595262173304E-19
 0.21250833486946E-18
 0.32682537198812E-18
 0.45682418742448E-18
 0.63721753635423E-18
 0.86169322834826E-18
 0.10426132579614E-17
 0.12233619332662E-17
 0.16327041109877E-17
 0.19863727813840E-17
 0.24398467050224E-17
 0.29400344105744E-17
 0.37873358978715E-17
 0.43211531390143E-17
 0.52049226843702E-17
 0.58746919080156E-17
 0.72889010372301E-17
 0.87263983152495E-17
 0.10312535727949E-16
 0.11068323355376E-16
 0.14027339650324E-16
 0.16807516754160E-16
 0.19348995477559E-16
 0.22629205675187E-16
 0.27373291383865E-16
 0.32058337992562E-16
 0.35774315209889E-16
 0.42521025621958E-16
 0.47707744241430E-16
 0.57491240489649E-16
 0.66215154212677E-16
 0.76832313777348E-16
 0.91506340790892E-16
 0.10597498144880E-15
 0.11621985846896E-15
 0.13643259276922E-15
 0.15703475343571E-15
 0.18027283527816E-15
 0.21620185724666E-15
 0.24210694312081E-15
 0.27853979877478E-15
 0.31247042949917E-15
 0.35489161224825E-15
 0.40248300976482E-15
 0.47357043457722E-15
 0.52194160999964E-15
 0.59834433579977E-15
 0.66202653397864E-15
 0.78144857502637E-15
 0.86829420966419E-15
 0.95419780057967E-15
 0.11054176371105E-14
 0.12068196779291E-14
 0.14120519342187E-14
 0.15097811701187E-14
 0.16517809065604E-14
 0.18546287279286E-14
 0.20730919066726E-14
 0.23196742497648E-14
 0.24773279437839E-14
 0.27578402348606E-14
 0.29835263327564E-14
 0.32111425047588E-14
 0.34363928247341E-14
 0.37335177900849E-14
 0.40086851326260E-14
 0.43348744710859E-14
 0.45632105753900E-14
 0.47733344318167E-14
 0.50645111595454E-14
 0.53768107334778E-14
 0.56569259470555E-14
 0.59400611304004E-14
 0.61266508203810E-14
 0.63097957936749E-14
 0.65335205497927E-14
 0.66013640464351E-14
 0.64496675139437E-14
 0.59450668266861E-14
 0.52822052760583E-14
 0.46047277102946E-14
 0.39177815829256E-14
 0.31595014556417E-14
 0.23828820686549E-14
 0.17112393331085E-14
 0.11277467367581E-14
 0.68029704994137E-15
 0.38522041729859E-15
 0.22475318564803E-15
 0.14389807916331E-15
 0.10679858460108E-15
 0.75505806645377E-16
 0.57635589103855E-16
 0.44740257758696E-16
 0.48383812461163E-16
 0.39399090471789E-16
 0.44848216246711E-16
 0.36657349889685E-16
 0.29196038160460E-16
 0.24263600379764E-16
 0.20880714896123E-16
 0.17446456580526E-16
 0.18219226568400E-16
 0.14331768102856E-16
 0.11827288855932E-16
 0.10601565878256E-16
 0.11196170729486E-16
 0.66006087807076E-17
   0.0000000000000000     
   0.0000000000000000     
   0.0000000000000000     
   0.0000000000000000     
   0.0000000000000000     
   0.0000000000000000     
   0.0000000000000000     
   0.0000000000000000     
   0.0000000000000000     
   0.0000000000000000     
   0.0000000000000000     
   0.0000000000000000     
   0.0000000000000000     
   0.0000000000000000     
   0.0000000000000000     
   0.0000000000000000     
   0.0000000000000000     
   0.0000000000000000     
   0.0000000000000000     
   0.0000000000000000     
   0.0000000000000000     
   0.0000000000000000     
   0.0000000000000000     
   0.0000000000000000     
   0.0000000000000000     
   0.0000000000000000     
   0.0000000000000000     
   0.0000000000000000     
   0.0000000000000000     
   0.0000000000000000     
   0.0000000000000000     
   0.0000000000000000     
   0.0000000000000000     
   0.0000000000000000     
   0.0000000000000000     
   0.0000000000000000     
   0.0000000000000000     
   0.0000000000000000     
   0.0000000000000000     
   0.0000000000000000     
   0.0000000000000000     
   0.0000000000000000     
   0.0000000000000000     
   0.0000000000000000     
   0.0000000000000000     
 0.12270300355734E-19
 0.12242316810732E-18
 0.21534008572459E-18
 0.31022887759696E-18
 0.45305650773687E-18
 0.69405394483639E-18
 0.88667419071439E-18
 0.10413914502028E-17
 0.14202263416681E-17
 0.17285661774985E-17
 0.21718330933124E-17
 0.24268304457914E-17
 0.30333070015298E-17
 0.37087297374921E-17
 0.44862838824572E-17
 0.51621401766247E-17
 0.60343102280074E-17
 0.75003651475125E-17
 0.91013120809717E-17
 0.10590737355610E-16
 0.12571580096334E-16
 0.15087195249035E-16
 0.17748570708381E-16
 0.20939942217679E-16
 0.24350320310983E-16
 0.27424662579721E-16
 0.32247673453403E-16
 0.37279072335563E-16
 0.43682267297660E-16
 0.52939354215431E-16
 0.60286799602109E-16
 0.67793248283792E-16
 0.79573258006815E-16
 0.90957711897832E-16
 0.10329255507368E-15
 0.12341726970179E-15
 0.14168028243608E-15
 0.16614642995414E-15
 0.19719619383661E-15
 0.21459901583654E-15
 0.24525491355570E-15
 0.29995085400273E-15
 0.32077969785041E-15
 0.36970197531883E-15
 0.42620213911705E-15
 0.49194377096679E-15
 0.57552891963954E-15
 0.61743737709981E-15
 0.70831404012498E-15
 0.82224782096009E-15
 0.91919062949433E-15
 0.10603029102420E-14
 0.11355974431014E-14
 0.12867435305533E-14
 0.14314759371894E-14
 0.16013460029412E-14
 0.18008987122605E-14
 0.19741350574035E-14
 0.22365813619968E-14
 0.24489771738459E-14
 0.26495538830917E-14
 0.28832601931536E-14
 0.32008023540379E-14
 0.34681593855958E-14
 0.37859271487015E-14
 0.40309308041325E-14
 0.42876657475812E-14
 0.46028546365874E-14
 0.49721315011134E-14
 0.53106898698584E-14
 0.56470266875937E-14
 0.59592023382184E-14
 0.62675820969791E-14
 0.65396161694347E-14
 0.66503638379127E-14
 0.65427595760338E-14
 0.63192362299080E-14
 0.59563109938897E-14
 0.54830105309576E-14
 0.49355619778864E-14
 0.42720131779544E-14
 0.34722970824228E-14
 0.26069980504725E-14
 0.17941663467585E-14
 0.11625562394800E-14
 0.73718556995827E-15
 0.46201243876562E-15
 0.28820635778926E-15
 0.18773866281391E-15
 0.11927717898026E-15
 0.95940753189620E-16
 0.75501189696100E-16
 0.57005406808239E-16
 0.60491198439966E-16
 0.50854765836112E-16
 0.39838040232654E-16
 0.34065571258980E-16
 0.27940125219509E-16
 0.27125620155537E-16
 0.25909074965511E-16
 0.21947213735060E-16
 0.13549847953740E-16
 0.16607625959912E-16
 0.17190990016441E-16
   0.0000000000000000     
   0.0000000000000000     
   0.0000000000000000     
   0.0000000000000000     
   0.0000000000000000     
   0.0000000000000000     
   0.0000000000000000     
   0.0000000000000000     
   0.0000000000000000     
   0.0000000000000000     
   0.0000000000000000     
   0.0000000000000000     
   0.0000000000000000     
   0.0000000000000000     
   0.0000000000000000     
   0.0000000000000000     
   0.0000000000000000     
   0.0000000000000000     
   0.0000000000000000     
   0.0000000000000000     
   0.0000000000000000     
   0.0000000000000000     
   0.0000000000000000     
   0.0000000000000000     
   0.0000000000000000     
   0.0000000000000000     
   0.0000000000000000     
   0.0000000000000000     
   0.0000000000000000     
   0.0000000000000000     
   0.0000000000000000     
   0.0000000000000000     
   0.0000000000000000     
   0.0000000000000000     
   0.0000000000000000     
   0.0000000000000000     
   0.0000000000000000     
   0.0000000000000000     
   0.0000000000000000     
   0.0000000000000000     
   0.0000000000000000     
   0.0000000000000000     
   0.0000000000000000     
   0.0000000000000000     
   0.0000000000000000     
   0.0000000000000000     
   0.0000000000000000     
   0.0000000000000000     
   0.0000000000000000     
   0.0000000000000000     
 0.42380166100089E-19
 0.15223226381901E-18
 0.24846889665829E-18
 0.37521105864953E-18
 0.50543800853480E-18
 0.72319560509209E-18
 0.90055416297594E-18
 0.11145854670393E-17
 0.13973695751756E-17
 0.18130051615862E-17
 0.22177836497536E-17
 0.24666059135531E-17
 0.31187801111472E-17
 0.38869474483825E-17
 0.46896578155581E-17
 0.54036404290718E-17
 0.65560621508513E-17
 0.80819431828357E-17
 0.95957240605306E-17
 0.10351418161610E-16
 0.13014260265840E-16
 0.15302947728019E-16
 0.17399491635690E-16
 0.21184636583294E-16
 0.24704157206044E-16
 0.29083106670906E-16
 0.33776471947663E-16
 0.37692762216259E-16
 0.45987953856352E-16
 0.52925880210135E-16
 0.60842229804355E-16
 0.72037084012377E-16
 0.82767792635683E-16
 0.96654705443983E-16
 0.11510124644772E-15
 0.12862755890739E-15
 0.14923978221651E-15
 0.17944670853099E-15
 0.20469783741317E-15
 0.22564804296124E-15
 0.26646684899343E-15
 0.30733704012537E-15
 0.34919216212381E-15
 0.39994548128175E-15
 0.45318444183708E-15
 0.51942909503803E-15
 0.58126257454989E-15
 0.67748924945706E-15
 0.77113689435827E-15
 0.85062561734159E-15
 0.96021079805103E-15
 0.10773729232975E-14
 0.12251830252945E-14
 0.13817724302978E-14
 0.15467086275231E-14
 0.17601185922248E-14
 0.19337983911773E-14
 0.21163549124543E-14
 0.23465018599524E-14
 0.26325947937448E-14
 0.28801075955410E-14
 0.31628601930707E-14
 0.34546764848765E-14
 0.37299891456364E-14
 0.40366480796699E-14
 0.44274455848406E-14
 0.47927820741992E-14
 0.51883041190949E-14
 0.55807598509053E-14
 0.59121986244391E-14
 0.61451646476176E-14
 0.63706959121731E-14
 0.65256800891337E-14
 0.65571735878696E-14
 0.64712620065688E-14
 0.62020284562836E-14
 0.58049454725098E-14
 0.52535706585758E-14
 0.43705742294682E-14
 0.34620755733327E-14
 0.26579943534096E-14
 0.19235028700110E-14
 0.13218401702165E-14
 0.87786596292744E-15
 0.51414033057209E-15
 0.32094417415284E-15
 0.21450969198639E-15
 0.12491173827901E-15
 0.96693185789989E-16
 0.79844686435149E-16
 0.68416562783051E-16
 0.53912526437909E-16
 0.39704922710940E-16
 0.39497414282931E-16
 0.39700671599248E-16
 0.38388430031904E-16
 0.25502456416860E-16
 0.21623246795600E-16
 0.24723529993503E-16
 0.11561228798519E-16
   0.0000000000000000     
   0.0000000000000000     
   0.0000000000000000     
   0.0000000000000000     
   0.0000000000000000     
   0.0000000000000000     
   0.0000000000000000     
   0.0000000000000000     
   0.0000000000000000     
   0.0000000000000000     
   0.0000000000000000     
   0.0000000000000000     
   0.0000000000000000     
   0.0000000000000000     
   0.0000000000000000     
   0.0000000000000000     
   0.0000000000000000     
   0.0000000000000000     
   0.0000000000000000     
   0.0000000000000000     
   0.0000000000000000     
   0.0000000000000000     
   0.0000000000000000     
   0.0000000000000000     
   0.0000000000000000     
   0.0000000000000000     
   0.0000000000000000     
   0.0000000000000000     
   0.0000000000000000     
   0.0000000000000000     
   0.0000000000000000     
   0.0000000000000000     
   0.0000000000000000     
   0.0000000000000000     
   0.0000000000000000     
   0.0000000000000000     
   0.0000000000000000     
   0.0000000000000000     
   0.0000000000000000     
   0.0000000000000000     
   0.0000000000000000     
   0.0000000000000000     
   0.0000000000000000     
   0.0000000000000000     
   0.0000000000000000     
   0.0000000000000000     
   0.0000000000000000     
   0.0000000000000000     
   0.0000000000000000     
   0.0000000000000000     
   0.0000000000000000     
   0.0000000000000000     
   0.0000000000000000     
   0.0000000000000000     
 0.65757178324404E-19
 0.16940852007860E-18
 0.25844032830988E-18
 0.37732834128571E-18
 0.55225373889645E-18
 0.78395530696348E-18
 0.95537977592594E-18
 0.11563953583000E-17
 0.14902433678637E-17
 0.19230177981987E-17
 0.22442076782758E-17
 0.26775591699965E-17
 0.32892865573339E-17
 0.41921909455652E-17
 0.48190828173820E-17
 0.53985413004133E-17
 0.71213733377040E-17
 0.82756736923156E-17
 0.96900151572084E-17
 0.10796766625208E-16
 0.13098345601892E-16
 0.15930232173454E-16
 0.17977133128929E-16
 0.21399929078429E-16
 0.25875037077945E-16
 0.29674779865645E-16
 0.35377596419389E-16
 0.41404643267164E-16
 0.47545595142910E-16
 0.55322127583224E-16
 0.65998330859551E-16
 0.72924816027813E-16
 0.90058398645780E-16
 0.10396750734933E-15
 0.12581718740420E-15
 0.13166834067709E-15
 0.16253350797323E-15
 0.19090577957752E-15
 0.21008829913756E-15
 0.24707062138266E-15
 0.28354576380978E-15
 0.32418153211789E-15
 0.35955478362304E-15
 0.41095854866458E-15
 0.49649646957518E-15
 0.53443738507901E-15
 0.62638053911027E-15
 0.69671291625632E-15
 0.80430751270733E-15
 0.93029500218390E-15
 0.10362765439746E-14
 0.11518079285697E-14
 0.13512443923985E-14
 0.15069291802356E-14
 0.16397190801965E-14
 0.18196802774288E-14
 0.20739119517760E-14
 0.23097497188788E-14
 0.25680466276502E-14
 0.28457168145953E-14
 0.31359699162684E-14
 0.34422282951762E-14
 0.38118432119487E-14
 0.42044866819506E-14
 0.45956861431308E-14
 0.49819752255751E-14
 0.52935577470123E-14
 0.56410125589973E-14
 0.60233861394754E-14
 0.63137422712024E-14
 0.65519689234766E-14
 0.67051146881858E-14
 0.66340231536888E-14
 0.62722673101213E-14
 0.56860713669368E-14
 0.51030021371532E-14
 0.44311855418092E-14
 0.36408380418226E-14
 0.28690363008622E-14
 0.21037577103151E-14
 0.13926467083443E-14
 0.92496735934897E-15
 0.57254216996601E-15
 0.34951961543496E-15
 0.22065083914750E-15
 0.14682290237383E-15
 0.10997423027573E-15
 0.82605683564706E-16
 0.68843324341889E-16
 0.69108813360180E-16
 0.54226262087611E-16
 0.44559252078326E-16
 0.36848005336262E-16
 0.35005230480232E-16
 0.27834120653754E-16
   0.0000000000000000     
   0.0000000000000000     
   0.0000000000000000     
   0.0000000000000000     
   0.0000000000000000     
   0.0000000000000000     
   0.0000000000000000     
   0.0000000000000000     
   0.0000000000000000     
   0.0000000000000000     
   0.0000000000000000     
   0.0000000000000000     
   0.0000000000000000     
   0.0000000000000000     
   0.0000000000000000     
   0.0000000000000000     
   0.0000000000000000     
   0.0000000000000000     
   0.0000000000000000     
   0.0000000000000000     
   0.0000000000000000     
   0.0000000000000000     
   0.0000000000000000     
   0.0000000000000000     
   0.0000000000000000     
   0.0000000000000000     
   0.0000000000000000     
   0.0000000000000000     
   0.0000000000000000     
   0.0000000000000000     
   0.0000000000000000     
   0.0000000000000000     
   0.0000000000000000     
   0.0000000000000000     
   0.0000000000000000     
   0.0000000000000000     
   0.0000000000000000     
   0.0000000000000000     
   0.0000000000000000     
   0.0000000000000000     
   0.0000000000000000     
   0.0000000000000000     
   0.0000000000000000     
   0.0000000000000000     
   0.0000000000000000     
   0.0000000000000000     
   0.0000000000000000     
   0.0000000000000000     
   0.0000000000000000     
   0.0000000000000000     
   0.0000000000000000     
   0.0000000000000000     
   0.0000000000000000     
   0.0000000000000000     
   0.0000000000000000     
   0.0000000000000000     
   0.0000000000000000     
   0.0000000000000000     
   0.0000000000000000     
 0.93734727856147E-19
 0.20052979736959E-18
 0.30343714172980E-18
 0.40905603112694E-18
 0.61901931559692E-18
 0.76910771080265E-18
 0.98009639280837E-18
 0.12161527220353E-17
 0.15768781341879E-17
 0.20207873178108E-17
 0.22699695823105E-17
 0.27330916736135E-17
 0.36509980653571E-17
 0.43181038486968E-17
 0.49151641636520E-17
 0.54253851829013E-17
 0.71712384303923E-17
 0.87771990519111E-17
 0.96216345787274E-17
 0.11589154532143E-16
 0.13883289214549E-16
 0.16347629021207E-16
 0.19194768579143E-16
 0.23068347924472E-16
 0.26961570604261E-16
 0.31302262081442E-16
 0.37257883838979E-16
 0.40867259771171E-16
 0.52866142889638E-16
 0.61264645293371E-16
 0.74075516800181E-16
 0.80224057900006E-16
 0.92002644322751E-16
 0.11324368364130E-15
 0.12180347038080E-15
 0.14455310815657E-15
 0.17333170323784E-15
 0.19807980353986E-15
 0.22122592218437E-15
 0.25327580323414E-15
 0.29605791217682E-15
 0.35142226652809E-15
 0.38449683729736E-15
 0.44792762402131E-15
 0.50709868968380E-15
 0.59374367284654E-15
 0.67685724427358E-15
 0.74896176079187E-15
 0.86860570920195E-15
 0.10153572910306E-14
 0.11399896791642E-14
 0.12662386058496E-14
 0.14099209237284E-14
 0.16241410898833E-14
 0.18184739164865E-14
 0.20260435951002E-14
 0.22847213536528E-14
 0.25657231019844E-14
 0.28572067866299E-14
 0.31893569115728E-14
 0.35576149061444E-14
 0.39186348737145E-14
 0.43014284190752E-14
 0.46878725396331E-14
 0.50783506463057E-14
 0.54758424532198E-14
 0.59142615485793E-14
 0.62939257107159E-14
 0.65296834270132E-14
 0.64769690569842E-14
 0.62907901064358E-14
 0.60598418159191E-14
 0.57383038965895E-14
 0.52786551450098E-14
 0.45728227370148E-14
 0.37189547427226E-14
 0.28304690865397E-14
 0.20746940231283E-14
 0.14264281924469E-14
 0.97738952062922E-15
 0.61517920859755E-15
 0.37410351227044E-15
 0.23950986551908E-15
 0.15916898902140E-15
 0.10938610890871E-15
 0.80327450846984E-16
 0.67114185052485E-16
 0.51129331911753E-16
 0.41479546641703E-16
 0.41470014674132E-16
 0.25677095014592E-16
   0.0000000000000000     
   0.0000000000000000     
   0.0000000000000000     
   0.0000000000000000     
   0.0000000000000000     
   0.0000000000000000     
   0.0000000000000000     
   0.0000000000000000     
   0.0000000000000000     
   0.0000000000000000     
   0.0000000000000000     
   0.0000000000000000     
   0.0000000000000000     
   0.0000000000000000     
   0.0000000000000000     
   0.0000000000000000     
   0.0000000000000000     
   0.0000000000000000     
   0.0000000000000000     
   0.0000000000000000     
   0.0000000000000000     
   0.0000000000000000     
   0.0000000000000000     
   0.0000000000000000     
   0.0000000000000000     
   0.0000000000000000     
   0.0000000000000000     
   0.0000000000000000     
   0.0000000000000000     
   0.0000000000000000     
   0.0000000000000000     
   0.0000000000000000     
   0.0000000000000000     
   0.0000000000000000     
   0.0000000000000000     
   0.0000000000000000     
   0.0000000000000000     
   0.0000000000000000     
   0.0000000000000000     
   0.0000000000000000     
   0.0000000000000000     
   0.0000000000000000     
   0.0000000000000000     
   0.0000000000000000     
   0.0000000000000000     
   0.0000000000000000     
   0.0000000000000000     
   0.0000000000000000     
   0.0000000000000000     
   0.0000000000000000     
   0.0000000000000000     
   0.0000000000000000     
   0.0000000000000000     
   0.0000000000000000     
   0.0000000000000000     
   0.0000000000000000     
   0.0000000000000000     
   0.0000000000000000     
   0.0000000000000000     
   0.0000000000000000     
   0.0000000000000000     
   0.0000000000000000     
 0.18737623205397E-19
 0.12572493807852E-18
 0.20966405056599E-18
 0.32447227831174E-18
 0.41833325694883E-18
 0.68220219795049E-18
 0.81944517396130E-18
 0.10685369711866E-17
 0.13175650598588E-17
 0.17108843451844E-17
 0.21071666047531E-17
 0.24194620191708E-17
 0.28686452896576E-17
 0.34889148294918E-17
 0.43667082757364E-17
 0.51032843658007E-17
 0.61763152516941E-17
 0.72572879175453E-17
 0.88133653171606E-17
 0.10159463367577E-16
 0.12898661802240E-16
 0.14731238443250E-16
 0.17433871005827E-16
 0.20589202095671E-16
 0.23702029706284E-16
 0.29736965802988E-16
 0.34333029460752E-16
 0.38774219709217E-16
 0.46381757458008E-16
 0.50406457497900E-16
 0.63686530444569E-16
 0.72911508468665E-16
 0.84125829032608E-16
 0.10201107201844E-15
 0.11609039088900E-15
 0.13701493916364E-15
 0.15380698290447E-15
 0.18239494185738E-15
 0.21539822522693E-15
 0.23488494307939E-15
 0.27665463019425E-15
 0.31254928932900E-15
 0.36432897231218E-15
 0.41400188585520E-15
 0.47232593672439E-15
 0.54630773166810E-15
 0.64412949291947E-15
 0.72724411345619E-15
 0.82652707555126E-15
 0.93705688333445E-15
 0.10641831560098E-14
 0.12425966582637E-14
 0.14090084595227E-14
 0.15699413301141E-14
 0.17918699093130E-14
 0.20299571637318E-14
 0.22982844140714E-14
 0.25762991688384E-14
 0.29210606521301E-14
 0.32591021734591E-14
 0.36247863023927E-14
 0.40162161400637E-14
 0.44229942012542E-14
 0.48578768057633E-14
 0.53275399181724E-14
 0.56762059203752E-14
 0.59027783599308E-14
 0.61232543651971E-14
 0.62578759141726E-14
 0.62525347421204E-14
 0.60882591152253E-14
 0.57514567828331E-14
 0.51037807640085E-14
 0.43190522273044E-14
 0.34961440072037E-14
 0.27611670086762E-14
 0.20870080186519E-14
 0.14408074961919E-14
 0.94682723466535E-15
 0.60288456653384E-15
 0.40071629558407E-15
 0.24900168136203E-15
 0.15796882430983E-15
 0.10543265636146E-15
 0.73595094337858E-16
 0.53305006552051E-16
 0.38989261917498E-16
 0.11998506205461E-16
   0.0000000000000000     
   0.0000000000000000     
   0.0000000000000000     
   0.0000000000000000     
   0.0000000000000000     
   0.0000000000000000     
   0.0000000000000000     
   0.0000000000000000     
   0.0000000000000000     
   0.0000000000000000     
   0.0000000000000000     
   0.0000000000000000     
   0.0000000000000000     
   0.0000000000000000     
   0.0000000000000000     
   0.0000000000000000     
   0.0000000000000000     
   0.0000000000000000     
   0.0000000000000000     
   0.0000000000000000     
   0.0000000000000000     
   0.0000000000000000     
   0.0000000000000000     
   0.0000000000000000     
   0.0000000000000000     
   0.0000000000000000     
   0.0000000000000000     
   0.0000000000000000     
   0.0000000000000000     
   0.0000000000000000     
   0.0000000000000000     
   0.0000000000000000     
   0.0000000000000000     
   0.0000000000000000     
   0.0000000000000000     
   0.0000000000000000     
   0.0000000000000000     
   0.0000000000000000     
   0.0000000000000000     
   0.0000000000000000     
   0.0000000000000000     
   0.0000000000000000     
   0.0000000000000000     
   0.0000000000000000     
   0.0000000000000000     
   0.0000000000000000     
   0.0000000000000000     
   0.0000000000000000     
   0.0000000000000000     
   0.0000000000000000     
   0.0000000000000000     
   0.0000000000000000     
   0.0000000000000000     
   0.0000000000000000     
   0.0000000000000000     
   0.0000000000000000     
   0.0000000000000000     
   0.0000000000000000     
   0.0000000000000000     
   0.0000000000000000     
   0.0000000000000000     
   0.0000000000000000     
   0.0000000000000000     
   0.0000000000000000     
   0.0000000000000000     
   0.0000000000000000     
 0.41357351410931E-19
 0.15501678344209E-18
 0.24073478683273E-18
 0.32031965441446E-18
 0.49588133771207E-18
 0.67887833076003E-18
 0.86768652379277E-18
 0.10591416151050E-17
 0.13990717397846E-17
 0.16258818081451E-17
 0.20494316085733E-17
 0.24778038137008E-17
 0.32109484211952E-17
 0.38203047340169E-17
 0.43391361967372E-17
 0.50279984791863E-17
 0.68398004561678E-17
 0.78300999950062E-17
 0.93528814998872E-17
 0.10853735631319E-16
 0.12801680278136E-16
 0.16629397765363E-16
 0.18949710273506E-16
 0.21012167032107E-16
 0.25436654842261E-16
 0.29098746334607E-16
 0.36602753212573E-16
 0.41993599344705E-16
 0.49218235224345E-16
 0.59083227053857E-16
 0.67098681688961E-16
 0.75861686924984E-16
 0.92515867032582E-16
 0.10923991683258E-15
 0.12237647899021E-15
 0.14564873624956E-15
 0.16230300241327E-15
 0.19511031442150E-15
 0.21490985042365E-15
 0.24752742507436E-15
 0.30006406963381E-15
 0.33519869466354E-15
 0.40131982352533E-15
 0.44606371993834E-15
 0.52217149598047E-15
 0.60834449488008E-15
 0.68932124305445E-15
 0.79136402428019E-15
 0.91990979153884E-15
 0.10580404028326E-14
 0.11880066667731E-14
 0.13529878970911E-14
 0.15484957266736E-14
 0.17877913079170E-14
 0.20347865509300E-14
 0.23229926322148E-14
 0.26350009812875E-14
 0.29733887704432E-14
 0.33516058489663E-14
 0.37343870074719E-14
 0.41284795959316E-14
 0.45278086144428E-14
 0.49298240130428E-14
 0.53142250429681E-14
 0.56930571621870E-14
 0.59622913129015E-14
 0.60498709848071E-14
 0.59430755250538E-14
 0.56302015386418E-14
 0.52633169441054E-14
 0.46888441328102E-14
 0.40932683457496E-14
 0.33662283667804E-14
 0.25751000711529E-14
 0.18558863053870E-14
 0.13496757939180E-14
 0.97032436628177E-15
 0.60688942172426E-15
 0.39698274134418E-15
 0.24280806891909E-15
 0.13906610365870E-15
 0.88597596800895E-16
 0.41810590640401E-16
   0.0000000000000000     
   0.0000000000000000     
   0.0000000000000000     
   0.0000000000000000     
   0.0000000000000000     
   0.0000000000000000     
   0.0000000000000000     
   0.0000000000000000     
   0.0000000000000000     
   0.0000000000000000     
   0.0000000000000000     
   0.0000000000000000     
   0.0000000000000000     
   0.0000000000000000     
   0.0000000000000000     
   0.0000000000000000     
   0.0000000000000000     
   0.0000000000000000     
   0.0000000000000000     
   0.0000000000000000     
   0.0000000000000000     
   0.0000000000000000     
   0.0000000000000000     
   0.0000000000000000     
   0.0000000000000000     
   0.0000000000000000     
   0.0000000000000000     
   0.0000000000000000     
   0.0000000000000000     
   0.0000000000000000     
   0.0000000000000000     
   0.0000000000000000     
   0.0000000000000000     
   0.0000000000000000     
   0.0000000000000000     
   0.0000000000000000     
   0.0000000000000000     
   0.0000000000000000     
   0.0000000000000000     
   0.0000000000000000     
   0.0000000000000000     
   0.0000000000000000     
   0.0000000000000000     
   0.0000000000000000     
   0.0000000000000000     
   0.0000000000000000     
   0.0000000000000000     
   0.0000000000000000     
   0.0000000000000000     
   0.0000000000000000     
   0.0000000000000000     
   0.0000000000000000     
   0.0000000000000000     
   0.0000000000000000     
   0.0000000000000000     
   0.0000000000000000     
   0.0000000000000000     
   0.0000000000000000     
   0.0000000000000000     
   0.0000000000000000     
   0.0000000000000000     
   0.0000000000000000     
   0.0000000000000000     
   0.0000000000000000     
   0.0000000000000000     
   0.0000000000000000     
   0.0000000000000000     
   0.0000000000000000     
   0.0000000000000000     
   0.0000000000000000     
   0.0000000000000000     
 0.70453149387780E-19
 0.16409668472870E-18
 0.27061581979482E-18
 0.36319195012711E-18
 0.55000347101982E-18
 0.71251778714287E-18
 0.92231649757973E-18
 0.11319261671348E-17
 0.15599714105244E-17
 0.18831528392800E-17
 0.21814914304396E-17
 0.26254710681707E-17
 0.35253315125677E-17
 0.41459491749903E-17
 0.48695905254746E-17
 0.57525441322255E-17
 0.69341867063157E-17
 0.88013946420795E-17
 0.99664441699609E-17
 0.11732320225107E-16
 0.14126609662254E-16
 0.17076925706532E-16
 0.19192743420186E-16
 0.23330011467218E-16
 0.28708467078267E-16
 0.33272201085237E-16
 0.38527286069873E-16
 0.43339582808705E-16
 0.54467252171894E-16
 0.60629062358597E-16
 0.71512627976485E-16
 0.82193541793814E-16
 0.96011206896758E-16
 0.11492484190878E-15
 0.13525663019421E-15
 0.15001842300536E-15
 0.18495391438850E-15
 0.21152131819309E-15
 0.23910578412206E-15
 0.27928553559843E-15
 0.31964149796320E-15
 0.38105776194640E-15
 0.43849195283902E-15
 0.50006923429108E-15
 0.57969880166542E-15
 0.67490842574450E-15
 0.78134292046017E-15
 0.88388445567584E-15
 0.10100874518457E-14
 0.11732803825527E-14
 0.13634528682320E-14
 0.15664964916313E-14
 0.18090779809982E-14
 0.20864937503656E-14
 0.23752944200254E-14
 0.26890976684421E-14
 0.30213316693267E-14
 0.33742094718062E-14
 0.37845216690048E-14
 0.42455378150721E-14
 0.46594813982202E-14
 0.50605870419073E-14
 0.53505498836888E-14
 0.54241916876787E-14
 0.54094232804875E-14
 0.53366076770482E-14
 0.51753680602896E-14
 0.49040927497316E-14
 0.42798056560223E-14
 0.35386227310650E-14
 0.28862590386291E-14
 0.23724155470576E-14
 0.18151858107992E-14
 0.13047420302731E-14
 0.88526989217950E-15
 0.54337411864066E-15
 0.35821021824283E-15
 0.20566632744937E-15
 0.45382765521957E-16
   0.0000000000000000     
   0.0000000000000000     
   0.0000000000000000     
   0.0000000000000000     
   0.0000000000000000     
   0.0000000000000000     
   0.0000000000000000     
   0.0000000000000000     
   0.0000000000000000     
   0.0000000000000000     
   0.0000000000000000     
   0.0000000000000000     
   0.0000000000000000     
   0.0000000000000000     
   0.0000000000000000     
   0.0000000000000000     
   0.0000000000000000     
   0.0000000000000000     
   0.0000000000000000     
   0.0000000000000000     
   0.0000000000000000     
   0.0000000000000000     
   0.0000000000000000     
   0.0000000000000000     
   0.0000000000000000     
   0.0000000000000000     
   0.0000000000000000     
   0.0000000000000000     
   0.0000000000000000     
   0.0000000000000000     
   0.0000000000000000     
   0.0000000000000000     
   0.0000000000000000     
   0.0000000000000000     
   0.0000000000000000     
   0.0000000000000000     
   0.0000000000000000     
   0.0000000000000000     
   0.0000000000000000     
   0.0000000000000000     
   0.0000000000000000     
   0.0000000000000000     
   0.0000000000000000     
   0.0000000000000000     
   0.0000000000000000     
   0.0000000000000000     
   0.0000000000000000     
   0.0000000000000000     
   0.0000000000000000     
   0.0000000000000000     
   0.0000000000000000     
   0.0000000000000000     
   0.0000000000000000     
   0.0000000000000000     
   0.0000000000000000     
   0.0000000000000000     
   0.0000000000000000     
   0.0000000000000000     
   0.0000000000000000     
   0.0000000000000000     
   0.0000000000000000     
   0.0000000000000000     
   0.0000000000000000     
   0.0000000000000000     
   0.0000000000000000     
   0.0000000000000000     
   0.0000000000000000     
   0.0000000000000000     
   0.0000000000000000     
   0.0000000000000000     
   0.0000000000000000     
   0.0000000000000000     
   0.0000000000000000     
   0.0000000000000000     
   0.0000000000000000     
 0.96477655925200E-19
 0.20062282004005E-18
 0.30210779886672E-18
 0.41975895951245E-18
 0.62676429009501E-18
 0.80083136218959E-18
 0.98392809523813E-18
 0.12275417224292E-17
 0.16274769913431E-17
 0.19903045920214E-17
 0.24007599621261E-17
 0.27903995528384E-17
 0.36232484356776E-17
 0.43166624934854E-17
 0.49889486252688E-17
 0.61654042918986E-17
 0.77647069226725E-17
 0.91984626408855E-17
 0.10249874438210E-16
 0.12349425222069E-16
 0.15639666501440E-16
 0.17678430392571E-16
 0.21452329068130E-16
 0.24806896273859E-16
 0.30219613449178E-16
 0.34540224866780E-16
 0.39365637925864E-16
 0.47713011194630E-16
 0.57178029957699E-16
 0.65470033765020E-16
 0.77726732098827E-16
 0.89656389438057E-16
 0.10666619799651E-15
 0.13066486852872E-15
 0.14391035443729E-15
 0.16457384038924E-15
 0.19726030731752E-15
 0.22806611478426E-15
 0.26349904974535E-15
 0.30732214758658E-15
 0.36610842136294E-15
 0.42120549341960E-15
 0.49031831611726E-15
 0.57547467691426E-15
 0.64775786451372E-15
 0.74982944358692E-15
 0.86926108240935E-15
 0.10166864599606E-14
 0.11902809601164E-14
 0.13824916599145E-14
 0.16079055064538E-14
 0.18436576250542E-14
 0.21031170073737E-14
 0.24060686521577E-14
 0.27332303523458E-14
 0.31069559062193E-14
 0.35318845701275E-14
 0.39401486185368E-14
 0.42309083910511E-14
 0.44859697466421E-14
 0.47115174473157E-14
 0.48161008681829E-14
 0.49291962366985E-14
 0.48058868653210E-14
 0.44545291421374E-14
 0.40512659685384E-14
 0.36576490304169E-14
 0.32131851673338E-14
 0.26607189321314E-14
 0.21002368334785E-14
 0.15234814108608E-14
 0.10946335783325E-14
 0.72299534021982E-15
 0.34059505496456E-15
   0.0000000000000000     
   0.0000000000000000     
   0.0000000000000000     
   0.0000000000000000     
   0.0000000000000000     
   0.0000000000000000     
   0.0000000000000000     
   0.0000000000000000     
   0.0000000000000000     
   0.0000000000000000     
   0.0000000000000000     
   0.0000000000000000     
   0.0000000000000000     
   0.0000000000000000     
   0.0000000000000000     
   0.0000000000000000     
   0.0000000000000000     
   0.0000000000000000     
   0.0000000000000000     
   0.0000000000000000     
   0.0000000000000000     
   0.0000000000000000     
   0.0000000000000000     
   0.0000000000000000     
   0.0000000000000000     
   0.0000000000000000     
   0.0000000000000000     
   0.0000000000000000     
   0.0000000000000000     
   0.0000000000000000     
   0.0000000000000000     
   0.0000000000000000     
   0.0000000000000000     
   0.0000000000000000     
   0.0000000000000000     
   0.0000000000000000     
   0.0000000000000000     
   0.0000000000000000     
   0.0000000000000000     
   0.0000000000000000     
   0.0000000000000000     
   0.0000000000000000     
   0.0000000000000000     
   0.0000000000000000     
   0.0000000000000000     
   0.0000000000000000     
   0.0000000000000000     
   0.0000000000000000     
   0.0000000000000000     
   0.0000000000000000     
   0.0000000000000000     
   0.0000000000000000     
   0.0000000000000000     
   0.0000000000000000     
   0.0000000000000000     
   0.0000000000000000     
   0.0000000000000000     
   0.0000000000000000     
   0.0000000000000000     
   0.0000000000000000     
   0.0000000000000000     
   0.0000000000000000     
   0.0000000000000000     
   0.0000000000000000     
   0.0000000000000000     
   0.0000000000000000     
   0.0000000000000000     
   0.0000000000000000     
   0.0000000000000000     
   0.0000000000000000     
   0.0000000000000000     
   0.0000000000000000     
   0.0000000000000000     
   0.0000000000000000     
   0.0000000000000000     
   0.0000000000000000     
   0.0000000000000000     
   0.0000000000000000     
   0.0000000000000000     
 0.26183511314685E-19
 0.12803262180995E-18
 0.22692948520968E-18
 0.31335199825393E-18
 0.46416445489935E-18
 0.64479592537425E-18
 0.85750214246277E-18
 0.10880877501131E-17
 0.12838104654357E-17
 0.17184418116233E-17
 0.21781185300822E-17
 0.25016397679634E-17
 0.30949567883596E-17
 0.39738626517859E-17
 0.46008582762152E-17
 0.51786350773903E-17
 0.66484913483278E-17
 0.79199980062842E-17
 0.98668305536963E-17
 0.11256589633568E-16
 0.13660716009002E-16
 0.16596309759851E-16
 0.18477848698998E-16
 0.21994203245107E-16
 0.26407014137295E-16
 0.33020599185072E-16
 0.37032225067946E-16
 0.43461163071964E-16
 0.53237428922064E-16
 0.61457851193286E-16
 0.73898055681336E-16
 0.86396869375777E-16
 0.98042539970445E-16
 0.11609186755154E-15
 0.13522743868536E-15
 0.15731338074155E-15
 0.18539324507679E-15
 0.21953440560131E-15
 0.26253976719031E-15
 0.30066847655367E-15
 0.35004084110189E-15
 0.41562534399793E-15
 0.47171417984293E-15
 0.54352868786815E-15
 0.64002173695744E-15
 0.75550146373858E-15
 0.88660317733189E-15
 0.10343547029674E-14
 0.12124529572354E-14
 0.14077646567512E-14
 0.16356787168717E-14
 0.18955770260747E-14
 0.21820941152828E-14
 0.25017223128012E-14
 0.28351342431239E-14
 0.31472014234555E-14
 0.34214560270660E-14
 0.37155728761218E-14
 0.40099890369038E-14
 0.42051986513681E-14
 0.41480006892009E-14
 0.40285369309452E-14
 0.39363424083800E-14
 0.38541697011910E-14
 0.35927947288193E-14
 0.31341460543249E-14
 0.25900638660450E-14
 0.20884360723215E-14
 0.16109635662719E-14
 0.10075636503408E-14
 0.24865073158821E-15
   0.0000000000000000     
   0.0000000000000000     
   0.0000000000000000     
   0.0000000000000000     
   0.0000000000000000     
   0.0000000000000000     
   0.0000000000000000     
   0.0000000000000000     
   0.0000000000000000     
   0.0000000000000000     
   0.0000000000000000     
   0.0000000000000000     
   0.0000000000000000     
   0.0000000000000000     
   0.0000000000000000     
   0.0000000000000000     
   0.0000000000000000     
   0.0000000000000000     
   0.0000000000000000     
   0.0000000000000000     
   0.0000000000000000     
   0.0000000000000000     
   0.0000000000000000     
   0.0000000000000000     
   0.0000000000000000     
   0.0000000000000000     
   0.0000000000000000     
   0.0000000000000000     
   0.0000000000000000     
   0.0000000000000000     
   0.0000000000000000     
   0.0000000000000000     
   0.0000000000000000     
   0.0000000000000000     
   0.0000000000000000     
   0.0000000000000000     
   0.0000000000000000     
   0.0000000000000000     
   0.0000000000000000     
   0.0000000000000000     
   0.0000000000000000     
   0.0000000000000000     
   0.0000000000000000     
   0.0000000000000000     
   0.0000000000000000     
   0.0000000000000000     
   0.0000000000000000     
   0.0000000000000000     
   0.0000000000000000     
   0.0000000000000000     
   0.0000000000000000     
   0.0000000000000000     
   0.0000000000000000     
   0.0000000000000000     
   0.0000000000000000     
   0.0000000000000000     
   0.0000000000000000     
   0.0000000000000000     
   0.0000000000000000     
   0.0000000000000000     
   0.0000000000000000     
   0.0000000000000000     
   0.0000000000000000     
   0.0000000000000000     
   0.0000000000000000     
   0.0000000000000000     
   0.0000000000000000     
   0.0000000000000000     
   0.0000000000000000     
   0.0000000000000000     
   0.0000000000000000     
   0.0000000000000000     
   0.0000000000000000     
   0.0000000000000000     
   0.0000000000000000     
   0.0000000000000000     
   0.0000000000000000     
   0.0000000000000000     
   0.0000000000000000     
   0.0000000000000000     
   0.0000000000000000     
   0.0000000000000000     
   0.0000000000000000     
 0.52227932625709E-19
 0.15002825380342E-18
 0.23225855516902E-18
 0.35588023861413E-18
 0.52016283443472E-18
 0.69140449674310E-18
 0.96864053806378E-18
 0.11314309063845E-17
 0.14639580288666E-17
 0.18939119134011E-17
 0.22641344088408E-17
 0.26040500464913E-17
 0.33483895238439E-17
 0.40629659422821E-17
 0.52807197950987E-17
 0.56782349594343E-17
 0.72564465103840E-17
 0.86779268950690E-17
 0.99294332009387E-17
 0.11487577236796E-16
 0.14178663603274E-16
 0.18290848826375E-16
 0.20972820739780E-16
 0.23545097207718E-16
 0.29432156059908E-16
 0.35488982508911E-16
 0.39578702461152E-16
 0.47760682653611E-16
 0.57714770780201E-16
 0.66796502298876E-16
 0.76914582346333E-16
 0.88904098066756E-16
 0.10919987212139E-15
 0.12787428259571E-15
 0.15258417019921E-15
 0.17626465414416E-15
 0.20988739414615E-15
 0.24966785235936E-15
 0.29774188366567E-15
 0.33887108382096E-15
 0.39141351646213E-15
 0.46762440039355E-15
 0.54868324732088E-15
 0.64940033900242E-15
 0.76251077637142E-15
 0.90523255737351E-15
 0.10690244985883E-14
 0.12567613551963E-14
 0.14680596505670E-14
 0.16998945558570E-14
 0.19306957844173E-14
 0.21819713206540E-14
 0.24771517981876E-14
 0.27741358687604E-14
 0.30262433378135E-14
 0.32316543818849E-14
 0.32868098560537E-14
 0.33608065935151E-14
 0.34783112268319E-14
 0.34833657678741E-14
 0.33759463302788E-14
 0.31212750050179E-14
 0.27187223360166E-14
 0.22988444305219E-14
 0.17527029681941E-14
 0.95921353309057E-15
   0.0000000000000000     
   0.0000000000000000     
   0.0000000000000000     
   0.0000000000000000     
   0.0000000000000000     
   0.0000000000000000     
   0.0000000000000000     
   0.0000000000000000     
   0.0000000000000000     
   0.0000000000000000     
   0.0000000000000000     
   0.0000000000000000     
   0.0000000000000000     
   0.0000000000000000     
   0.0000000000000000     
   0.0000000000000000     
   0.0000000000000000     
   0.0000000000000000     
   0.0000000000000000     
   0.0000000000000000     
   0.0000000000000000     
   0.0000000000000000     
   0.0000000000000000     
   0.0000000000000000     
   0.0000000000000000     
   0.0000000000000000     
   0.0000000000000000     
   0.0000000000000000     
   0.0000000000000000     
   0.0000000000000000     
   0.0000000000000000     
   0.0000000000000000     
   0.0000000000000000     
   0.0000000000000000     
   0.0000000000000000     
   0.0000000000000000     
   0.0000000000000000     
   0.0000000000000000     
   0.0000000000000000     
   0.0000000000000000     
   0.0000000000000000     
   0.0000000000000000     
   0.0000000000000000     
   0.0000000000000000     
   0.0000000000000000     
   0.0000000000000000     
   0.0000000000000000     
   0.0000000000000000     
   0.0000000000000000     
   0.0000000000000000     
   0.0000000000000000     
   0.0000000000000000     
   0.0000000000000000     
   0.0000000000000000     
   0.0000000000000000     
   0.0000000000000000     
   0.0000000000000000     
   0.0000000000000000     
   0.0000000000000000     
   0.0000000000000000     
   0.0000000000000000     
   0.0000000000000000     
   0.0000000000000000     
   0.0000000000000000     
   0.0000000000000000     
   0.0000000000000000     
   0.0000000000000000     
   0.0000000000000000     
   0.0000000000000000     
   0.0000000000000000     
   0.0000000000000000     
   0.0000000000000000     
   0.0000000000000000     
   0.0000000000000000     
   0.0000000000000000     
   0.0000000000000000     
   0.0000000000000000     
   0.0000000000000000     
   0.0000000000000000     
   0.0000000000000000     
   0.0000000000000000     
   0.0000000000000000     
   0.0000000000000000     
   0.0000000000000000     
   0.0000000000000000     
   0.0000000000000000     
   0.0000000000000000     
   0.0000000000000000     
 0.80996903506737E-19
 0.16034913866585E-18
 0.29346046869523E-18
 0.37766465788449E-18
 0.57139130412575E-18
 0.82616929937390E-18
 0.10116245456357E-17
 0.12057910981580E-17
 0.15866575916460E-17
 0.20044245043398E-17
 0.23658806959892E-17
 0.30119679853977E-17
 0.37628214411426E-17
 0.44788714785649E-17
 0.54004866796880E-17
 0.60685354795092E-17
 0.78084140994419E-17
 0.93654297063023E-17
 0.11217975866253E-16
 0.13029043647352E-16
 0.15775512840602E-16
 0.19395374415664E-16
 0.22652090307838E-16
 0.26262469134738E-16
 0.32563613283074E-16
 0.38200437927998E-16
 0.44318957220029E-16
 0.51616720385859E-16
 0.62673355833858E-16
 0.73633448029124E-16
 0.85663546790255E-16
 0.10285482863920E-15
 0.12692116857214E-15
 0.14632819778452E-15
 0.17145282505590E-15
 0.20760704988555E-15
 0.23940774052957E-15
 0.27960958983312E-15
 0.33488232069435E-15
 0.39738183356155E-15
 0.47526394437634E-15
 0.56489564325836E-15
 0.67147253855346E-15
 0.80170793357179E-15
 0.94988388297983E-15
 0.11081105121091E-14
 0.12732620361777E-14
 0.14563411529471E-14
 0.16746255124545E-14
 0.19385351195157E-14
 0.21779258281760E-14
 0.23038208101148E-14
 0.24367317776637E-14
 0.26142853223966E-14
 0.27927528913963E-14
 0.28538317490394E-14
 0.28226825724553E-14
 0.26381958821042E-14
 0.24485854827999E-14
 0.21412026146326E-14
 0.15387245377065E-14
 0.37998116579547E-15
   0.0000000000000000     
   0.0000000000000000     
   0.0000000000000000     
   0.0000000000000000     
   0.0000000000000000     
   0.0000000000000000     
   0.0000000000000000     
   0.0000000000000000     
   0.0000000000000000     
   0.0000000000000000     
   0.0000000000000000     
   0.0000000000000000     
   0.0000000000000000     
   0.0000000000000000     
   0.0000000000000000     
   0.0000000000000000     
   0.0000000000000000     
   0.0000000000000000     
   0.0000000000000000     
   0.0000000000000000     
   0.0000000000000000     
   0.0000000000000000     
   0.0000000000000000     
   0.0000000000000000     
   0.0000000000000000     
   0.0000000000000000     
   0.0000000000000000     
   0.0000000000000000     
   0.0000000000000000     
   0.0000000000000000     
   0.0000000000000000     
   0.0000000000000000     
   0.0000000000000000     
   0.0000000000000000     
   0.0000000000000000     
   0.0000000000000000     
   0.0000000000000000     
   0.0000000000000000     
   0.0000000000000000     
   0.0000000000000000     
   0.0000000000000000     
   0.0000000000000000     
   0.0000000000000000     
   0.0000000000000000     
   0.0000000000000000     
   0.0000000000000000     
   0.0000000000000000     
   0.0000000000000000     
   0.0000000000000000     
   0.0000000000000000     
   0.0000000000000000     
   0.0000000000000000     
   0.0000000000000000     
   0.0000000000000000     
   0.0000000000000000     
   0.0000000000000000     
   0.0000000000000000     
   0.0000000000000000     
   0.0000000000000000     
   0.0000000000000000     
   0.0000000000000000     
   0.0000000000000000     
   0.0000000000000000     
   0.0000000000000000     
   0.0000000000000000     
   0.0000000000000000     
   0.0000000000000000     
   0.0000000000000000     
   0.0000000000000000     
   0.0000000000000000     
   0.0000000000000000     
   0.0000000000000000     
   0.0000000000000000     
   0.0000000000000000     
   0.0000000000000000     
   0.0000000000000000     
   0.0000000000000000     
   0.0000000000000000     
   0.0000000000000000     
   0.0000000000000000     
   0.0000000000000000     
   0.0000000000000000     
   0.0000000000000000     
   0.0000000000000000     
   0.0000000000000000     
   0.0000000000000000     
   0.0000000000000000     
   0.0000000000000000     
   0.0000000000000000     
   0.0000000000000000     
   0.0000000000000000     
 0.56727320673555E-20
 0.10573566763943E-18
 0.21546185195202E-18
 0.33301542699753E-18
 0.42938900506483E-18
 0.66497148976252E-18
 0.87339523432388E-18
 0.10541966024357E-17
 0.13530433717076E-17
 0.18876102557174E-17
 0.22268679066596E-17
 0.26260069273699E-17
 0.31581434724920E-17
 0.40637602487033E-17
 0.48050313811112E-17
 0.56971912281152E-17
 0.69045695436846E-17
 0.85067186527331E-17
 0.10200699707375E-16
 0.12243422135106E-16
 0.14705366995472E-16
 0.17591394481869E-16
 0.21220288760588E-16
 0.24902844094557E-16
 0.29806062920836E-16
 0.35289753449469E-16
 0.41971366754956E-16
 0.47087651471565E-16
 0.58168287865742E-16
 0.71425829850186E-16
 0.86227173051838E-16
 0.98930421296852E-16
 0.12038202542092E-15
 0.14361545163597E-15
 0.16946688919938E-15
 0.19672169458715E-15
 0.23627938943306E-15
 0.28354135164422E-15
 0.34662417008766E-15
 0.41683881315659E-15
 0.49644808490329E-15
 0.58916402333794E-15
 0.69793033431243E-15
 0.82165747891472E-15
 0.96001970721501E-15
 0.11084267978562E-14
 0.12751550514237E-14
 0.14381230949868E-14
 0.15734504010877E-14
 0.17458247151074E-14
 0.18993107182784E-14
 0.20693583117202E-14
 0.21667704431984E-14
 0.21637652180419E-14
 0.20676845872030E-14
 0.19405985853587E-14
 0.16242884802478E-14
 0.93913852543347E-15
   0.0000000000000000     
   0.0000000000000000     
   0.0000000000000000     
   0.0000000000000000     
   0.0000000000000000     
   0.0000000000000000     
   0.0000000000000000     
   0.0000000000000000     
   0.0000000000000000     
   0.0000000000000000     
   0.0000000000000000     
   0.0000000000000000     
   0.0000000000000000     
   0.0000000000000000     
   0.0000000000000000     
   0.0000000000000000     
   0.0000000000000000     
   0.0000000000000000     
   0.0000000000000000     
   0.0000000000000000     
   0.0000000000000000     
   0.0000000000000000     
   0.0000000000000000     
   0.0000000000000000     
   0.0000000000000000     
   0.0000000000000000     
   0.0000000000000000     
   0.0000000000000000     
   0.0000000000000000     
   0.0000000000000000     
   0.0000000000000000     
   0.0000000000000000     
   0.0000000000000000     
   0.0000000000000000     
   0.0000000000000000     
   0.0000000000000000     
   0.0000000000000000     
   0.0000000000000000     
   0.0000000000000000     
   0.0000000000000000     
   0.0000000000000000     
   0.0000000000000000     
   0.0000000000000000     
   0.0000000000000000     
   0.0000000000000000     
   0.0000000000000000     
   0.0000000000000000     
   0.0000000000000000     
   0.0000000000000000     
   0.0000000000000000     
   0.0000000000000000     
   0.0000000000000000     
   0.0000000000000000     
   0.0000000000000000     
   0.0000000000000000     
   0.0000000000000000     
   0.0000000000000000     
   0.0000000000000000     
   0.0000000000000000     
   0.0000000000000000     
   0.0000000000000000     
   0.0000000000000000     
   0.0000000000000000     
   0.0000000000000000     
   0.0000000000000000     
   0.0000000000000000     
   0.0000000000000000     
   0.0000000000000000     
   0.0000000000000000     
   0.0000000000000000     
   0.0000000000000000     
   0.0000000000000000     
   0.0000000000000000     
   0.0000000000000000     
   0.0000000000000000     
   0.0000000000000000     
   0.0000000000000000     
   0.0000000000000000     
   0.0000000000000000     
   0.0000000000000000     
   0.0000000000000000     
   0.0000000000000000     
   0.0000000000000000     
   0.0000000000000000     
   0.0000000000000000     
   0.0000000000000000     
   0.0000000000000000     
   0.0000000000000000     
   0.0000000000000000     
   0.0000000000000000     
   0.0000000000000000     
   0.0000000000000000     
   0.0000000000000000     
   0.0000000000000000     
   0.0000000000000000     
   0.0000000000000000     
 0.32715437782751E-19
 0.14473944290178E-18
 0.24771352150994E-18
 0.35092884118906E-18
 0.51697330984635E-18
 0.78744285221222E-18
 0.99576369281354E-18
 0.11278383091898E-17
 0.15182016809526E-17
 0.18891889564433E-17
 0.24240131644163E-17
 0.29449774219776E-17
 0.35241044522536E-17
 0.43231617808781E-17
 0.53665434776020E-17
 0.62444573467630E-17
 0.78774857813699E-17
 0.97758327340010E-17
 0.11200198646423E-16
 0.13306125273964E-16
 0.16703796080014E-16
 0.19316060816806E-16
 0.23357226157385E-16
 0.27822382754821E-16
 0.32452405989743E-16
 0.39849447848794E-16
 0.47741170499257E-16
 0.56540426185833E-16
 0.69356248156904E-16
 0.82337366266248E-16
 0.99404708891153E-16
 0.12013580757417E-15
 0.14044022238862E-15
 0.16609751146683E-15
 0.20119288064231E-15
 0.24670330892548E-15
 0.29990197770801E-15
 0.35723063115297E-15
 0.42394219072815E-15
 0.50889079038620E-15
 0.60807601594816E-15
 0.72475720315659E-15
 0.82172936030730E-15
 0.92140551857970E-15
 0.10492233875484E-14
 0.11960525328658E-14
 0.13444227576917E-14
 0.14455556729317E-14
 0.15181645507295E-14
 0.15327829344906E-14
 0.15232271690842E-14
 0.13717184723968E-14
 0.10506967574079E-14
   0.0000000000000000     
   0.0000000000000000     
   0.0000000000000000     
   0.0000000000000000     
   0.0000000000000000     
   0.0000000000000000     
   0.0000000000000000     
   0.0000000000000000     
   0.0000000000000000     
   0.0000000000000000     
   0.0000000000000000     
   0.0000000000000000     
   0.0000000000000000     
   0.0000000000000000     
   0.0000000000000000     
   0.0000000000000000     
   0.0000000000000000     
   0.0000000000000000     
   0.0000000000000000     
   0.0000000000000000     
   0.0000000000000000     
   0.0000000000000000     
   0.0000000000000000     
   0.0000000000000000     
   0.0000000000000000     
   0.0000000000000000     
   0.0000000000000000     
   0.0000000000000000     
   0.0000000000000000     
   0.0000000000000000     
   0.0000000000000000     
   0.0000000000000000     
   0.0000000000000000     
   0.0000000000000000     
   0.0000000000000000     
   0.0000000000000000     
   0.0000000000000000     
   0.0000000000000000     
   0.0000000000000000     
   0.0000000000000000     
   0.0000000000000000     
   0.0000000000000000     
   0.0000000000000000     
   0.0000000000000000     
   0.0000000000000000     
   0.0000000000000000     
   0.0000000000000000     
   0.0000000000000000     
   0.0000000000000000     
   0.0000000000000000     
   0.0000000000000000     
   0.0000000000000000     
   0.0000000000000000     
   0.0000000000000000     
   0.0000000000000000     
   0.0000000000000000     
   0.0000000000000000     
   0.0000000000000000     
   0.0000000000000000     
   0.0000000000000000     
   0.0000000000000000     
   0.0000000000000000     
   0.0000000000000000     
   0.0000000000000000     
   0.0000000000000000     
   0.0000000000000000     
   0.0000000000000000     
   0.0000000000000000     
   0.0000000000000000     
   0.0000000000000000     
   0.0000000000000000     
   0.0000000000000000     
   0.0000000000000000     
   0.0000000000000000     
   0.0000000000000000     
   0.0000000000000000     
   0.0000000000000000     
   0.0000000000000000     
   0.0000000000000000     
   0.0000000000000000     
   0.0000000000000000     
   0.0000000000000000     
   0.0000000000000000     
   0.0000000000000000     
   0.0000000000000000     
   0.0000000000000000     
   0.0000000000000000     
   0.0000000000000000     
   0.0000000000000000     
   0.0000000000000000     
   0.0000000000000000     
   0.0000000000000000     
   0.0000000000000000     
   0.0000000000000000     
   0.0000000000000000     
   0.0000000000000000     
   0.0000000000000000     
   0.0000000000000000     
   0.0000000000000000     
   0.0000000000000000     
   0.0000000000000000     
 0.63994947570952E-19
 0.17913224764698E-18
 0.28842461005586E-18
 0.38524722826355E-18
 0.57787855511035E-18
 0.79015496705681E-18
 0.10630575530076E-17
 0.12791019415154E-17
 0.16603380772735E-17
 0.20805613121527E-17
 0.25676541620960E-17
 0.30933240493462E-17
 0.40262290577314E-17
 0.49897329301069E-17
 0.58024079075072E-17
 0.69682732322738E-17
 0.86818594068707E-17
 0.10546902439996E-16
 0.12089607493490E-16
 0.14678586712887E-16
 0.18628548169541E-16
 0.22010751476444E-16
 0.26064833806065E-16
 0.31410245103369E-16
 0.38587070853272E-16
 0.47394732374935E-16
 0.55547398096406E-16
 0.68683818420617E-16
 0.83470428841189E-16
 0.97744041574045E-16
 0.11643857129085E-15
 0.14200466003670E-15
 0.17500310311958E-15
 0.21328391041583E-15
 0.25488638249283E-15
 0.30631698877264E-15
 0.37313077948565E-15
 0.44805857221768E-15
 0.51411072665591E-15
 0.58797264392352E-15
 0.67904074100183E-15
 0.78542896034364E-15
 0.89782653702265E-15
 0.96526921766640E-15
 0.10190577029507E-14
 0.10304136654125E-14
 0.10259426365281E-14
 0.87197417504470E-15
 0.39882223348865E-15
   0.0000000000000000     
   0.0000000000000000     
   0.0000000000000000     
   0.0000000000000000     
   0.0000000000000000     
   0.0000000000000000     
   0.0000000000000000     
   0.0000000000000000     
   0.0000000000000000     
   0.0000000000000000     
   0.0000000000000000     
   0.0000000000000000     
   0.0000000000000000     
   0.0000000000000000     
   0.0000000000000000     
   0.0000000000000000     
   0.0000000000000000     
   0.0000000000000000     
   0.0000000000000000     
   0.0000000000000000     
   0.0000000000000000     
   0.0000000000000000     
   0.0000000000000000     
   0.0000000000000000     
   0.0000000000000000     
   0.0000000000000000     
   0.0000000000000000     
   0.0000000000000000     
   0.0000000000000000     
   0.0000000000000000     
   0.0000000000000000     
   0.0000000000000000     
   0.0000000000000000     
   0.0000000000000000     
   0.0000000000000000     
   0.0000000000000000     
   0.0000000000000000     
   0.0000000000000000     
   0.0000000000000000     
   0.0000000000000000     
   0.0000000000000000     
   0.0000000000000000     
   0.0000000000000000     
   0.0000000000000000     
   0.0000000000000000     
   0.0000000000000000     
   0.0000000000000000     
   0.0000000000000000     
   0.0000000000000000     
   0.0000000000000000     
   0.0000000000000000     
   0.0000000000000000     
   0.0000000000000000     
   0.0000000000000000     
   0.0000000000000000     
   0.0000000000000000     
   0.0000000000000000     
   0.0000000000000000     
   0.0000000000000000     
   0.0000000000000000     
   0.0000000000000000     
   0.0000000000000000     
   0.0000000000000000     
   0.0000000000000000     
   0.0000000000000000     
   0.0000000000000000     
   0.0000000000000000     
   0.0000000000000000     
   0.0000000000000000     
   0.0000000000000000     
   0.0000000000000000     
   0.0000000000000000     
   0.0000000000000000     
   0.0000000000000000     
   0.0000000000000000     
   0.0000000000000000     
   0.0000000000000000     
   0.0000000000000000     
   0.0000000000000000     
   0.0000000000000000     
   0.0000000000000000     
   0.0000000000000000     
   0.0000000000000000     
   0.0000000000000000     
   0.0000000000000000     
   0.0000000000000000     
   0.0000000000000000     
   0.0000000000000000     
   0.0000000000000000     
   0.0000000000000000     
   0.0000000000000000     
   0.0000000000000000     
   0.0000000000000000     
   0.0000000000000000     
   0.0000000000000000     
   0.0000000000000000     
   0.0000000000000000     
   0.0000000000000000     
   0.0000000000000000     
   0.0000000000000000     
   0.0000000000000000     
   0.0000000000000000     
   0.0000000000000000     
   0.0000000000000000     
   0.0000000000000000     
 0.95429605384437E-19
 0.20140709960841E-18
 0.31580446736133E-18
 0.42703977149014E-18
 0.66109841520596E-18
 0.88975180652276E-18
 0.11147598499877E-17
 0.14011193833956E-17
 0.19549739227317E-17
 0.23635791893104E-17
 0.28303943613192E-17
 0.35544443237912E-17
 0.44369721640103E-17
 0.54224337058695E-17
 0.64222173549454E-17
 0.75648058075118E-17
 0.10132011390721E-16
 0.12022181844308E-16
 0.14069724179889E-16
 0.16889541930201E-16
 0.21610237002066E-16
 0.25471422435955E-16
 0.30263942505422E-16
 0.37865971818175E-16
 0.46398292606099E-16
 0.56818460013873E-16
 0.68118442532148E-16
 0.82438475237389E-16
 0.10186660081252E-15
 0.12415681161537E-15
 0.15232383360531E-15
 0.18456215971077E-15
 0.22246820650839E-15
 0.26635287338551E-15
 0.31533099552212E-15
 0.37079806418550E-15
 0.43717762911501E-15
 0.49454846241110E-15
 0.55583994322185E-15
 0.61358103686635E-15
 0.65759216000739E-15
 0.67523053231276E-15
 0.62990229842220E-15
 0.45072084921560E-15
   0.0000000000000000     
   0.0000000000000000     
   0.0000000000000000     
   0.0000000000000000     
   0.0000000000000000     
   0.0000000000000000     
   0.0000000000000000     
   0.0000000000000000     
   0.0000000000000000     
   0.0000000000000000     
   0.0000000000000000     
   0.0000000000000000     
   0.0000000000000000     
   0.0000000000000000     
   0.0000000000000000     
   0.0000000000000000     
   0.0000000000000000     
   0.0000000000000000     
   0.0000000000000000     
   0.0000000000000000     
   0.0000000000000000     
   0.0000000000000000     
   0.0000000000000000     
   0.0000000000000000     
   0.0000000000000000     
   0.0000000000000000     
   0.0000000000000000     
   0.0000000000000000     
   0.0000000000000000     
   0.0000000000000000     
   0.0000000000000000     
   0.0000000000000000     
   0.0000000000000000     
   0.0000000000000000     
   0.0000000000000000     
   0.0000000000000000     
   0.0000000000000000     
   0.0000000000000000     
   0.0000000000000000     
   0.0000000000000000     
   0.0000000000000000     
   0.0000000000000000     
   0.0000000000000000     
   0.0000000000000000     
   0.0000000000000000     
   0.0000000000000000     
   0.0000000000000000     
   0.0000000000000000     
   0.0000000000000000     
   0.0000000000000000     
   0.0000000000000000     
   0.0000000000000000     
   0.0000000000000000     
   0.0000000000000000     
   0.0000000000000000     
   0.0000000000000000     
   0.0000000000000000     
   0.0000000000000000     
   0.0000000000000000     
   0.0000000000000000     
   0.0000000000000000     
   0.0000000000000000     
   0.0000000000000000     
   0.0000000000000000     
   0.0000000000000000     
   0.0000000000000000     
   0.0000000000000000     
   0.0000000000000000     
   0.0000000000000000     
   0.0000000000000000     
   0.0000000000000000     
   0.0000000000000000     
   0.0000000000000000     
   0.0000000000000000     
   0.0000000000000000     
   0.0000000000000000     
   0.0000000000000000     
   0.0000000000000000     
   0.0000000000000000     
   0.0000000000000000     
   0.0000000000000000     
   0.0000000000000000     
   0.0000000000000000     
   0.0000000000000000     
   0.0000000000000000     
   0.0000000000000000     
   0.0000000000000000     
   0.0000000000000000     
   0.0000000000000000     
   0.0000000000000000     
   0.0000000000000000     
   0.0000000000000000     
   0.0000000000000000     
   0.0000000000000000     
   0.0000000000000000     
   0.0000000000000000     
   0.0000000000000000     
   0.0000000000000000     
   0.0000000000000000     
   0.0000000000000000     
   0.0000000000000000     
   0.0000000000000000     
   0.0000000000000000     
   0.0000000000000000     
   0.0000000000000000     
   0.0000000000000000     
   0.0000000000000000     
   0.0000000000000000     
   0.0000000000000000     
 0.14428717664652E-19
 0.12594265410427E-18
 0.24308370231743E-18
 0.37070291881601E-18
 0.54116077397426E-18
 0.79103263391926E-18
 0.10847598348490E-17
 0.12522158115911E-17
 0.16281196152657E-17
 0.21792635275042E-17
 0.25886788503519E-17
 0.32686535455606E-17
 0.40015400085096E-17
 0.49439257313029E-17
 0.63533352913416E-17
 0.72551135833100E-17
 0.88790683326674E-17
 0.11493410984342E-16
 0.14162034111368E-16
 0.15816798532745E-16
 0.20029568038288E-16
 0.24974894240308E-16
 0.30483005706648E-16
 0.38606961971259E-16
 0.47609743520469E-16
 0.58822138715032E-16
 0.72449533840759E-16
 0.88586474211817E-16
 0.10881652495387E-15
 0.13081738880988E-15
 0.15592344654891E-15
 0.18907316954297E-15
 0.22714652592472E-15
 0.27095885688965E-15
 0.31339757545742E-15
 0.34380910113912E-15
 0.37612951087388E-15
 0.39957741029456E-15
 0.41564707442411E-15
 0.33919262918329E-15
   0.0000000000000000     
   0.0000000000000000     
   0.0000000000000000     
   0.0000000000000000     
   0.0000000000000000     
   0.0000000000000000     
   0.0000000000000000     
   0.0000000000000000     
   0.0000000000000000     
   0.0000000000000000     
   0.0000000000000000     
   0.0000000000000000     
   0.0000000000000000     
   0.0000000000000000     
   0.0000000000000000     
   0.0000000000000000     
   0.0000000000000000     
   0.0000000000000000     
   0.0000000000000000     
   0.0000000000000000     
   0.0000000000000000     
   0.0000000000000000     
   0.0000000000000000     
   0.0000000000000000     
   0.0000000000000000     
   0.0000000000000000     
   0.0000000000000000     
   0.0000000000000000     
   0.0000000000000000     
   0.0000000000000000     
   0.0000000000000000     
   0.0000000000000000     
   0.0000000000000000     
   0.0000000000000000     
   0.0000000000000000     
   0.0000000000000000     
   0.0000000000000000     
   0.0000000000000000     
   0.0000000000000000     
   0.0000000000000000     
   0.0000000000000000     
   0.0000000000000000     
   0.0000000000000000     
   0.0000000000000000     
   0.0000000000000000     
   0.0000000000000000     
   0.0000000000000000     
   0.0000000000000000     
   0.0000000000000000     
   0.0000000000000000     
   0.0000000000000000     
   0.0000000000000000     
   0.0000000000000000     
   0.0000000000000000     
   0.0000000000000000     
   0.0000000000000000     
   0.0000000000000000     
   0.0000000000000000     
   0.0000000000000000     
   0.0000000000000000     
   0.0000000000000000     
   0.0000000000000000     
   0.0000000000000000     
   0.0000000000000000     
   0.0000000000000000     
   0.0000000000000000     
   0.0000000000000000     
   0.0000000000000000     
   0.0000000000000000     
   0.0000000000000000     
   0.0000000000000000     
   0.0000000000000000     
   0.0000000000000000     
   0.0000000000000000     
   0.0000000000000000     
   0.0000000000000000     
   0.0000000000000000     
   0.0000000000000000     
   0.0000000000000000     
   0.0000000000000000     
   0.0000000000000000     
   0.0000000000000000     
   0.0000000000000000     
   0.0000000000000000     
   0.0000000000000000     
   0.0000000000000000     
   0.0000000000000000     
   0.0000000000000000     
   0.0000000000000000     
   0.0000000000000000     
   0.0000000000000000     
   0.0000000000000000     
   0.0000000000000000     
   0.0000000000000000     
   0.0000000000000000     
   0.0000000000000000     
   0.0000000000000000     
   0.0000000000000000     
   0.0000000000000000     
   0.0000000000000000     
   0.0000000000000000     
   0.0000000000000000     
   0.0000000000000000     
   0.0000000000000000     
   0.0000000000000000     
   0.0000000000000000     
   0.0000000000000000     
   0.0000000000000000     
   0.0000000000000000     
   0.0000000000000000     
   0.0000000000000000     
   0.0000000000000000     
   0.0000000000000000     
   0.0000000000000000     
 0.50818496551952E-19
 0.17114004243339E-18
 0.30323907475515E-18
 0.40223546049298E-18
 0.61873037957809E-18
 0.89060872026199E-18
 0.11628513824753E-17
 0.13977679196508E-17
 0.19525113053084E-17
 0.24171390346505E-17
 0.29664839103848E-17
 0.36630297049233E-17
 0.44939682261256E-17
 0.58874101019563E-17
 0.73370173379528E-17
 0.86984547359232E-17
 0.10589959291233E-16
 0.13201768177339E-16
 0.16206397071038E-16
 0.20476997136356E-16
 0.26291054609867E-16
 0.33143015512477E-16
 0.40760039860515E-16
 0.51183189684090E-16
 0.61944416381078E-16
 0.75302897152625E-16
 0.91103003540059E-16
 0.11104292448302E-15
 0.13687662475843E-15
 0.16133440987784E-15
 0.18780962205357E-15
 0.20843979251793E-15
 0.22692752816147E-15
 0.23959550905379E-15
 0.21965913001368E-15
 0.11585339613499E-15
   0.0000000000000000     
   0.0000000000000000     
   0.0000000000000000     
   0.0000000000000000     
   0.0000000000000000     
   0.0000000000000000     
   0.0000000000000000     
   0.0000000000000000     
   0.0000000000000000     
   0.0000000000000000     
   0.0000000000000000     
   0.0000000000000000     
   0.0000000000000000     
   0.0000000000000000     
   0.0000000000000000     
   0.0000000000000000     
   0.0000000000000000     
   0.0000000000000000     
   0.0000000000000000     
   0.0000000000000000     
   0.0000000000000000     
   0.0000000000000000     
   0.0000000000000000     
   0.0000000000000000     
   0.0000000000000000     
   0.0000000000000000     
   0.0000000000000000     
   0.0000000000000000     
   0.0000000000000000     
   0.0000000000000000     
   0.0000000000000000     
   0.0000000000000000     
   0.0000000000000000     
   0.0000000000000000     
   0.0000000000000000     
   0.0000000000000000     
   0.0000000000000000     
   0.0000000000000000     
   0.0000000000000000     
   0.0000000000000000     
   0.0000000000000000     
   0.0000000000000000     
   0.0000000000000000     
   0.0000000000000000     
   0.0000000000000000     
   0.0000000000000000     
   0.0000000000000000     
   0.0000000000000000     
   0.0000000000000000     
   0.0000000000000000     
   0.0000000000000000     
   0.0000000000000000     
   0.0000000000000000     
   0.0000000000000000     
   0.0000000000000000     
   0.0000000000000000     
   0.0000000000000000     
   0.0000000000000000     
   0.0000000000000000     
   0.0000000000000000     
   0.0000000000000000     
   0.0000000000000000     
   0.0000000000000000     
   0.0000000000000000     
   0.0000000000000000     
   0.0000000000000000     
   0.0000000000000000     
   0.0000000000000000     
   0.0000000000000000     
   0.0000000000000000     
   0.0000000000000000     
   0.0000000000000000     
   0.0000000000000000     
   0.0000000000000000     
   0.0000000000000000     
   0.0000000000000000     
   0.0000000000000000     
   0.0000000000000000     
   0.0000000000000000     
   0.0000000000000000     
   0.0000000000000000     
   0.0000000000000000     
   0.0000000000000000     
   0.0000000000000000     
   0.0000000000000000     
   0.0000000000000000     
   0.0000000000000000     
   0.0000000000000000     
   0.0000000000000000     
   0.0000000000000000     
   0.0000000000000000     
   0.0000000000000000     
   0.0000000000000000     
   0.0000000000000000     
   0.0000000000000000     
   0.0000000000000000     
   0.0000000000000000     
   0.0000000000000000     
   0.0000000000000000     
   0.0000000000000000     
   0.0000000000000000     
   0.0000000000000000     
   0.0000000000000000     
   0.0000000000000000     
   0.0000000000000000     
   0.0000000000000000     
   0.0000000000000000     
   0.0000000000000000     
   0.0000000000000000     
   0.0000000000000000     
   0.0000000000000000     
   0.0000000000000000     
   0.0000000000000000     
   0.0000000000000000     
   0.0000000000000000     
   0.0000000000000000     
   0.0000000000000000     
   0.0000000000000000     
 0.87236723131510E-19
 0.21973901577412E-18
 0.33031281826634E-18
 0.49929993922705E-18
 0.74253779724912E-18
 0.10133375187362E-17
 0.12831327529657E-17
 0.16092103169629E-17
 0.21788254041200E-17
 0.27600057188664E-17
 0.35457766727047E-17
 0.42619590346796E-17
 0.56280870552030E-17
 0.69094822021794E-17
 0.83739131592584E-17
 0.10378524223309E-16
 0.13584089296387E-16
 0.17837336992121E-16
 0.22819188863926E-16
 0.28569864416426E-16
 0.35002912051713E-16
 0.42658027223115E-16
 0.53105589574344E-16
 0.65392390867988E-16
 0.79956351893491E-16
 0.94754005020214E-16
 0.10736403573821E-15
 0.12359120761162E-15
 0.13305985240960E-15
 0.13558781141093E-15
 0.94030044220110E-16
   0.0000000000000000     
   0.0000000000000000     
   0.0000000000000000     
   0.0000000000000000     
   0.0000000000000000     
   0.0000000000000000     
   0.0000000000000000     
   0.0000000000000000     
   0.0000000000000000     
   0.0000000000000000     
   0.0000000000000000     
   0.0000000000000000     
   0.0000000000000000     
   0.0000000000000000     
   0.0000000000000000     
   0.0000000000000000     
   0.0000000000000000     
   0.0000000000000000     
   0.0000000000000000     
   0.0000000000000000     
   0.0000000000000000     
   0.0000000000000000     
   0.0000000000000000     
   0.0000000000000000     
   0.0000000000000000     
   0.0000000000000000     
   0.0000000000000000     
   0.0000000000000000     
   0.0000000000000000     
   0.0000000000000000     
   0.0000000000000000     
   0.0000000000000000     
   0.0000000000000000     
   0.0000000000000000     
   0.0000000000000000     
   0.0000000000000000     
   0.0000000000000000     
   0.0000000000000000     
   0.0000000000000000     
   0.0000000000000000     
   0.0000000000000000     
   0.0000000000000000     
   0.0000000000000000     
   0.0000000000000000     
   0.0000000000000000     
   0.0000000000000000     
   0.0000000000000000     
   0.0000000000000000     
   0.0000000000000000     
   0.0000000000000000     
   0.0000000000000000     
   0.0000000000000000     
   0.0000000000000000     
   0.0000000000000000     
   0.0000000000000000     
   0.0000000000000000     
   0.0000000000000000     
   0.0000000000000000     
   0.0000000000000000     
   0.0000000000000000     
   0.0000000000000000     
   0.0000000000000000     
   0.0000000000000000     
   0.0000000000000000     
   0.0000000000000000     
   0.0000000000000000     
   0.0000000000000000     
   0.0000000000000000     
   0.0000000000000000     
   0.0000000000000000     
   0.0000000000000000     
   0.0000000000000000     
   0.0000000000000000     
   0.0000000000000000     
   0.0000000000000000     
   0.0000000000000000     
   0.0000000000000000     
   0.0000000000000000     
   0.0000000000000000     
   0.0000000000000000     
   0.0000000000000000     
   0.0000000000000000     
   0.0000000000000000     
   0.0000000000000000     
   0.0000000000000000     
   0.0000000000000000     
   0.0000000000000000     
   0.0000000000000000     
   0.0000000000000000     
   0.0000000000000000     
   0.0000000000000000     
   0.0000000000000000     
   0.0000000000000000     
   0.0000000000000000     
   0.0000000000000000     
   0.0000000000000000     
   0.0000000000000000     
   0.0000000000000000     
   0.0000000000000000     
   0.0000000000000000     
   0.0000000000000000     
   0.0000000000000000     
   0.0000000000000000     
   0.0000000000000000     
   0.0000000000000000     
   0.0000000000000000     
   0.0000000000000000     
   0.0000000000000000     
   0.0000000000000000     
   0.0000000000000000     
   0.0000000000000000     
   0.0000000000000000     
   0.0000000000000000     
   0.0000000000000000     
   0.0000000000000000     
   0.0000000000000000     
   0.0000000000000000     
   0.0000000000000000     
   0.0000000000000000     
   0.0000000000000000     
   0.0000000000000000     
   0.0000000000000000     
   0.0000000000000000     
 0.11967965937786E-18
 0.26836926013271E-18
 0.40526331656328E-18
 0.56499528221864E-18
 0.88544098891108E-18
 0.11592927290119E-17
 0.15448585411422E-17
 0.19751875798389E-17
 0.26627040453953E-17
 0.35295598311643E-17
 0.41487866158149E-17
 0.52575602712746E-17
 0.68781848151241E-17
 0.88769742278064E-17
 0.11854383968295E-16
 0.15479933172608E-16
 0.19621043604601E-16
 0.24285851443679E-16
 0.30403682467909E-16
 0.37854413729914E-16
 0.45714357362859E-16
 0.53961047799117E-16
 0.61760609971795E-16
 0.69454382514660E-16
 0.74120489784519E-16
 0.63310627595483E-16
   0.0000000000000000     
   0.0000000000000000     
   0.0000000000000000     
   0.0000000000000000     
   0.0000000000000000     
   0.0000000000000000     
   0.0000000000000000     
   0.0000000000000000     
   0.0000000000000000     
   0.0000000000000000     
   0.0000000000000000     
   0.0000000000000000     
   0.0000000000000000     
   0.0000000000000000     
   0.0000000000000000     
   0.0000000000000000     
   0.0000000000000000     
   0.0000000000000000     
   0.0000000000000000     
   0.0000000000000000     
   0.0000000000000000     
   0.0000000000000000     
   0.0000000000000000     
   0.0000000000000000     
   0.0000000000000000     
   0.0000000000000000     
   0.0000000000000000     
   0.0000000000000000     
   0.0000000000000000     
   0.0000000000000000     
   0.0000000000000000     
   0.0000000000000000     
   0.0000000000000000     
   0.0000000000000000     
   0.0000000000000000     
   0.0000000000000000     
   0.0000000000000000     
   0.0000000000000000     
   0.0000000000000000     
   0.0000000000000000     
   0.0000000000000000     
   0.0000000000000000     
   0.0000000000000000     
   0.0000000000000000     
   0.0000000000000000     
   0.0000000000000000     
   0.0000000000000000     
   0.0000000000000000     
   0.0000000000000000     
   0.0000000000000000     
   0.0000000000000000     
   0.0000000000000000     
   0.0000000000000000     
   0.0000000000000000     
   0.0000000000000000     
   0.0000000000000000     
   0.0000000000000000     
   0.0000000000000000     
   0.0000000000000000     
   0.0000000000000000     
   0.0000000000000000     
   0.0000000000000000     
   0.0000000000000000     
   0.0000000000000000     
   0.0000000000000000     
   0.0000000000000000     
   0.0000000000000000     
   0.0000000000000000     
   0.0000000000000000     
   0.0000000000000000     
   0.0000000000000000     
   0.0000000000000000     
   0.0000000000000000     
   0.0000000000000000     
   0.0000000000000000     
   0.0000000000000000     
   0.0000000000000000     
   0.0000000000000000     
   0.0000000000000000     
   0.0000000000000000     
   0.0000000000000000     
   0.0000000000000000     
   0.0000000000000000     
   0.0000000000000000     
   0.0000000000000000     
   0.0000000000000000     
   0.0000000000000000     
   0.0000000000000000     
   0.0000000000000000     
   0.0000000000000000     
   0.0000000000000000     
   0.0000000000000000     
   0.0000000000000000     
   0.0000000000000000     
   0.0000000000000000     
   0.0000000000000000     
   0.0000000000000000     
   0.0000000000000000     
   0.0000000000000000     
   0.0000000000000000     
   0.0000000000000000     
   0.0000000000000000     
   0.0000000000000000     
   0.0000000000000000     
   0.0000000000000000     
   0.0000000000000000     
   0.0000000000000000     
   0.0000000000000000     
   0.0000000000000000     
   0.0000000000000000     
   0.0000000000000000     
   0.0000000000000000     
   0.0000000000000000     
   0.0000000000000000     
   0.0000000000000000     
   0.0000000000000000     
   0.0000000000000000     
   0.0000000000000000     
   0.0000000000000000     
   0.0000000000000000     
   0.0000000000000000     
   0.0000000000000000     
   0.0000000000000000     
   0.0000000000000000     
   0.0000000000000000     
   0.0000000000000000     
   0.0000000000000000     
 0.29660525974575E-19
 0.17101873134397E-18
 0.34017407555610E-18
 0.49002191354302E-18
 0.72513537169103E-18
 0.10852544808119E-17
 0.14240076500921E-17
 0.18495050675339E-17
 0.24883495353123E-17
 0.33203380328072E-17
 0.42863981679860E-17
 0.56062281472245E-17
 0.77415151772135E-17
 0.10673432167421E-16
 0.13582298691708E-16
 0.16947750898231E-16
 0.21465950508647E-16
 0.25480988654465E-16
 0.29851748870397E-16
 0.34828006366789E-16
 0.37785255151866E-16
 0.36797611356958E-16
 0.14409182234428E-16
   0.0000000000000000     
   0.0000000000000000     
   0.0000000000000000     
   0.0000000000000000     
   0.0000000000000000     
   0.0000000000000000     
   0.0000000000000000     
   0.0000000000000000     
   0.0000000000000000     
   0.0000000000000000     
   0.0000000000000000     
   0.0000000000000000     
   0.0000000000000000     
   0.0000000000000000     
   0.0000000000000000     
   0.0000000000000000     
   0.0000000000000000     
   0.0000000000000000     
   0.0000000000000000     
   0.0000000000000000     
   0.0000000000000000     
   0.0000000000000000     
   0.0000000000000000     
   0.0000000000000000     
   0.0000000000000000     
   0.0000000000000000     
   0.0000000000000000     
   0.0000000000000000     
   0.0000000000000000     
   0.0000000000000000     
   0.0000000000000000     
   0.0000000000000000     
   0.0000000000000000     
   0.0000000000000000     
   0.0000000000000000     
   0.0000000000000000     
   0.0000000000000000     
   0.0000000000000000     
   0.0000000000000000     
   0.0000000000000000     
   0.0000000000000000     
   0.0000000000000000     
   0.0000000000000000     
   0.0000000000000000     
   0.0000000000000000     
   0.0000000000000000     
   0.0000000000000000     
   0.0000000000000000     
   0.0000000000000000     
   0.0000000000000000     
   0.0000000000000000     
   0.0000000000000000     
   0.0000000000000000     
   0.0000000000000000     
   0.0000000000000000     
   0.0000000000000000     
   0.0000000000000000     
   0.0000000000000000     
   0.0000000000000000     
   0.0000000000000000     
   0.0000000000000000     
   0.0000000000000000     
   0.0000000000000000     
   0.0000000000000000     
   0.0000000000000000     
   0.0000000000000000     
   0.0000000000000000     
   0.0000000000000000     
   0.0000000000000000     
   0.0000000000000000     
   0.0000000000000000     
   0.0000000000000000     
   0.0000000000000000     
   0.0000000000000000     
   0.0000000000000000     
   0.0000000000000000     
   0.0000000000000000     
   0.0000000000000000     
   0.0000000000000000     
   0.0000000000000000     
   0.0000000000000000     
   0.0000000000000000     
   0.0000000000000000     
   0.0000000000000000     
   0.0000000000000000     
   0.0000000000000000     
   0.0000000000000000     
   0.0000000000000000     
   0.0000000000000000     
   0.0000000000000000     
   0.0000000000000000     
   0.0000000000000000     
   0.0000000000000000     
   0.0000000000000000     
   0.0000000000000000     
   0.0000000000000000     
   0.0000000000000000     
   0.0000000000000000     
   0.0000000000000000     
   0.0000000000000000     
   0.0000000000000000     
   0.0000000000000000     
   0.0000000000000000     
   0.0000000000000000     
   0.0000000000000000     
   0.0000000000000000     
   0.0000000000000000     
   0.0000000000000000     
   0.0000000000000000     
   0.0000000000000000     
   0.0000000000000000     
   0.0000000000000000     
   0.0000000000000000     
   0.0000000000000000     
   0.0000000000000000     
   0.0000000000000000     
   0.0000000000000000     
   0.0000000000000000     
   0.0000000000000000     
   0.0000000000000000     
   0.0000000000000000     
   0.0000000000000000     
   0.0000000000000000     
   0.0000000000000000     
   0.0000000000000000     
   0.0000000000000000     
   0.0000000000000000     
   0.0000000000000000     
   0.0000000000000000     
   0.0000000000000000     
   0.0000000000000000     
 0.74237660744345E-19
 0.24031759246750E-18
 0.43446765411615E-18
 0.62290656524239E-18
 0.93037972152080E-18
 0.13680482250455E-17
 0.18796131983708E-17
 0.24720351754103E-17
 0.35299980378782E-17
 0.50330564426764E-17
 0.73052227952497E-17
 0.92582261374930E-17
 0.11448002009422E-16
 0.14274601090683E-16
 0.16312133768355E-16
 0.18765608549906E-16
 0.19214780905470E-16
 0.10956903575840E-16
   0.0000000000000000     
   0.0000000000000000     
   0.0000000000000000     
   0.0000000000000000     
   0.0000000000000000     
   0.0000000000000000     
   0.0000000000000000     
   0.0000000000000000     
   0.0000000000000000     
   0.0000000000000000     
   0.0000000000000000     
   0.0000000000000000     
   0.0000000000000000     
   0.0000000000000000     
   0.0000000000000000     
   0.0000000000000000     
   0.0000000000000000     
   0.0000000000000000     
   0.0000000000000000     
   0.0000000000000000     
   0.0000000000000000     
   0.0000000000000000     
   0.0000000000000000     
   0.0000000000000000     
   0.0000000000000000     
   0.0000000000000000     
   0.0000000000000000     
   0.0000000000000000     
   0.0000000000000000     
   0.0000000000000000     
   0.0000000000000000     
   0.0000000000000000     
   0.0000000000000000     
   0.0000000000000000     
   0.0000000000000000     
   0.0000000000000000     
   0.0000000000000000     
   0.0000000000000000     
   0.0000000000000000     
   0.0000000000000000     
   0.0000000000000000     
   0.0000000000000000     
   0.0000000000000000     
   0.0000000000000000     
   0.0000000000000000     
   0.0000000000000000     
   0.0000000000000000     
   0.0000000000000000     
   0.0000000000000000     
   0.0000000000000000     
   0.0000000000000000     
   0.0000000000000000     
   0.0000000000000000     
   0.0000000000000000     
   0.0000000000000000     
   0.0000000000000000     
   0.0000000000000000     
   0.0000000000000000     
   0.0000000000000000     
   0.0000000000000000     
   0.0000000000000000     
   0.0000000000000000     
   0.0000000000000000     
   0.0000000000000000     
   0.0000000000000000     
   0.0000000000000000     
   0.0000000000000000     
   0.0000000000000000     
   0.0000000000000000     
   0.0000000000000000     
   0.0000000000000000     
   0.0000000000000000     
   0.0000000000000000     
   0.0000000000000000     
   0.0000000000000000     
   0.0000000000000000     
   0.0000000000000000     
   0.0000000000000000     
   0.0000000000000000     
   0.0000000000000000     
   0.0000000000000000     
   0.0000000000000000     
   0.0000000000000000     
   0.0000000000000000     
   0.0000000000000000     
   0.0000000000000000     
   0.0000000000000000     
   0.0000000000000000     
   0.0000000000000000     
   0.0000000000000000     
   0.0000000000000000     
   0.0000000000000000     
   0.0000000000000000     
   0.0000000000000000     
   0.0000000000000000     
   0.0000000000000000     
   0.0000000000000000     
   0.0000000000000000     
   0.0000000000000000     
   0.0000000000000000     
   0.0000000000000000     
   0.0000000000000000     
   0.0000000000000000     
   0.0000000000000000     
   0.0000000000000000     
   0.0000000000000000     
   0.0000000000000000     
   0.0000000000000000     
   0.0000000000000000     
   0.0000000000000000     
   0.0000000000000000     
   0.0000000000000000     
   0.0000000000000000     
   0.0000000000000000     
   0.0000000000000000     
   0.0000000000000000     
   0.0000000000000000     
   0.0000000000000000     
   0.0000000000000000     
   0.0000000000000000     
   0.0000000000000000     
   0.0000000000000000     
   0.0000000000000000     
   0.0000000000000000     
   0.0000000000000000     
   0.0000000000000000     
   0.0000000000000000     
   0.0000000000000000     
   0.0000000000000000     
   0.0000000000000000     
   0.0000000000000000     
   0.0000000000000000     
   0.0000000000000000     
   0.0000000000000000     
   0.0000000000000000     
   0.0000000000000000     
 0.12608043439782E-18
 0.34082100997818E-18
 0.56264403258199E-18
 0.83385377608820E-18
 0.13738887788985E-17
 0.20111163822555E-17
 0.30349270418369E-17
 0.48549436717474E-17
 0.61618663273904E-17
 0.74232038790892E-17
 0.88019251875084E-17
 0.92269617990517E-17
 0.73437836157681E-17
   0.0000000000000000     
   0.0000000000000000     
   0.0000000000000000     
   0.0000000000000000     
   0.0000000000000000     
   0.0000000000000000     
   0.0000000000000000     
   0.0000000000000000     
   0.0000000000000000     
   0.0000000000000000     
   0.0000000000000000     
   0.0000000000000000     
   0.0000000000000000     
   0.0000000000000000     
   0.0000000000000000     
   0.0000000000000000     
   0.0000000000000000     
   0.0000000000000000     
   0.0000000000000000     
   0.0000000000000000     
   0.0000000000000000     
   0.0000000000000000     
   0.0000000000000000     
   0.0000000000000000     
   0.0000000000000000     
   0.0000000000000000     
   0.0000000000000000     
   0.0000000000000000     
   0.0000000000000000     
   0.0000000000000000     
   0.0000000000000000     
   0.0000000000000000     
   0.0000000000000000     
   0.0000000000000000     
   0.0000000000000000     
   0.0000000000000000     
   0.0000000000000000     
   0.0000000000000000     
   0.0000000000000000     
   0.0000000000000000     
   0.0000000000000000     
   0.0000000000000000     
   0.0000000000000000     
   0.0000000000000000     
   0.0000000000000000     
   0.0000000000000000     
   0.0000000000000000     
   0.0000000000000000     
   0.0000000000000000     
   0.0000000000000000     
   0.0000000000000000     
   0.0000000000000000     
   0.0000000000000000     
   0.0000000000000000     
   0.0000000000000000     
   0.0000000000000000     
   0.0000000000000000     
   0.0000000000000000     
   0.0000000000000000     
   0.0000000000000000     
   0.0000000000000000     
   0.0000000000000000     
   0.0000000000000000     
   0.0000000000000000     
   0.0000000000000000     
   0.0000000000000000     
   0.0000000000000000     
   0.0000000000000000     
   0.0000000000000000     
   0.0000000000000000     
   0.0000000000000000     
   0.0000000000000000     
   0.0000000000000000     
   0.0000000000000000     
   0.0000000000000000     
   0.0000000000000000     
   0.0000000000000000     
   0.0000000000000000     
   0.0000000000000000     
   0.0000000000000000     
   0.0000000000000000     
   0.0000000000000000     
   0.0000000000000000     
   0.0000000000000000     
   0.0000000000000000     
   0.0000000000000000     
   0.0000000000000000     
   0.0000000000000000     
   0.0000000000000000     
   0.0000000000000000     
   0.0000000000000000     
   0.0000000000000000     
   0.0000000000000000     
   0.0000000000000000     
   0.0000000000000000     
   0.0000000000000000     
   0.0000000000000000     
   0.0000000000000000     
   0.0000000000000000     
   0.0000000000000000     
   0.0000000000000000     
   0.0000000000000000     
   0.0000000000000000     
   0.0000000000000000     
   0.0000000000000000     
   0.0000000000000000     
   0.0000000000000000     
   0.0000000000000000     
   0.0000000000000000     
   0.0000000000000000     
   0.0000000000000000     
   0.0000000000000000     
   0.0000000000000000     
   0.0000000000000000     
   0.0000000000000000     
   0.0000000000000000     
   0.0000000000000000     
   0.0000000000000000     
   0.0000000000000000     
   0.0000000000000000     
   0.0000000000000000     
   0.0000000000000000     
   0.0000000000000000     
   0.0000000000000000     
   0.0000000000000000     
   0.0000000000000000     
   0.0000000000000000     
   0.0000000000000000     
   0.0000000000000000     
   0.0000000000000000     
   0.0000000000000000     
   0.0000000000000000     
   0.0000000000000000     
   0.0000000000000000     
   0.0000000000000000     
   0.0000000000000000     
   0.0000000000000000     
   0.0000000000000000     
   0.0000000000000000     
   0.0000000000000000     
 0.10860372510216E-20
 0.23508485573993E-18
 0.56704539982024E-18
 0.94558857645086E-18
 0.16465832876207E-17
 0.31026909360992E-17
 0.38097402798207E-17
 0.41783026007432E-17
 0.37364504838220E-17
   0.0000000000000000     
   0.0000000000000000     
   0.0000000000000000     
   0.0000000000000000     
   0.0000000000000000     
   0.0000000000000000     
   0.0000000000000000     
   0.0000000000000000     
   0.0000000000000000     
   0.0000000000000000     
   0.0000000000000000     
   0.0000000000000000     
   0.0000000000000000     
   0.0000000000000000     
   0.0000000000000000     
   0.0000000000000000     
   0.0000000000000000     
   0.0000000000000000     
   0.0000000000000000     
   0.0000000000000000     
   0.0000000000000000     
   0.0000000000000000     
   0.0000000000000000     
   0.0000000000000000     
   0.0000000000000000     
   0.0000000000000000     
   0.0000000000000000     
   0.0000000000000000     
   0.0000000000000000     
   0.0000000000000000     
   0.0000000000000000     
   0.0000000000000000     
   0.0000000000000000     
   0.0000000000000000     
   0.0000000000000000     
   0.0000000000000000     
   0.0000000000000000     
   0.0000000000000000     
   0.0000000000000000     
   0.0000000000000000     
   0.0000000000000000     
   0.0000000000000000     
   0.0000000000000000     
   0.0000000000000000     
   0.0000000000000000     
   0.0000000000000000     
   0.0000000000000000     
   0.0000000000000000     
   0.0000000000000000     
   0.0000000000000000     
   0.0000000000000000     
   0.0000000000000000     
   0.0000000000000000     
   0.0000000000000000     
   0.0000000000000000     
   0.0000000000000000     
   0.0000000000000000     
   0.0000000000000000     
   0.0000000000000000     
   0.0000000000000000     
   0.0000000000000000     
   0.0000000000000000     
   0.0000000000000000     
   0.0000000000000000     
   0.0000000000000000     
   0.0000000000000000     
   0.0000000000000000     
   0.0000000000000000     
   0.0000000000000000     
   0.0000000000000000     
   0.0000000000000000     
   0.0000000000000000     
   0.0000000000000000     
   0.0000000000000000     
   0.0000000000000000     
   0.0000000000000000     
   0.0000000000000000     
   0.0000000000000000     
   0.0000000000000000     
   0.0000000000000000     
   0.0000000000000000     
   0.0000000000000000     
   0.0000000000000000     
   0.0000000000000000     
   0.0000000000000000     
   0.0000000000000000     
   0.0000000000000000     
   0.0000000000000000     
   0.0000000000000000     
   0.0000000000000000     
   0.0000000000000000     
   0.0000000000000000     
   0.0000000000000000     
   0.0000000000000000     
   0.0000000000000000     
   0.0000000000000000     
   0.0000000000000000     
   0.0000000000000000     
   0.0000000000000000     
   0.0000000000000000     
   0.0000000000000000     
   0.0000000000000000     
   0.0000000000000000     
   0.0000000000000000     
   0.0000000000000000     
   0.0000000000000000     
   0.0000000000000000     
   0.0000000000000000     
   0.0000000000000000     
   0.0000000000000000     
   0.0000000000000000     
   0.0000000000000000     
   0.0000000000000000     
   0.0000000000000000     
   0.0000000000000000     
   0.0000000000000000     
   0.0000000000000000     
   0.0000000000000000     
   0.0000000000000000     
   0.0000000000000000     
   0.0000000000000000     
   0.0000000000000000     
   0.0000000000000000     
   0.0000000000000000     
   0.0000000000000000     
   0.0000000000000000     
   0.0000000000000000     
   0.0000000000000000     
   0.0000000000000000     
   0.0000000000000000     
   0.0000000000000000     
   0.0000000000000000     
   0.0000000000000000     
   0.0000000000000000     
   0.0000000000000000     
   0.0000000000000000     
   0.0000000000000000     
   0.0000000000000000     
   0.0000000000000000     
   0.0000000000000000     
   0.0000000000000000     
   0.0000000000000000     
   0.0000000000000000     
   0.0000000000000000     
   0.0000000000000000     
 0.20834956833008E-18
 0.57421283491587E-18
 0.15700504436546E-17
 0.16921336126282E-17
   0.0000000000000000     
   0.0000000000000000     
   0.0000000000000000     
   0.0000000000000000     
   0.0000000000000000     
   0.0000000000000000     
   0.0000000000000000     
   0.0000000000000000     
   0.0000000000000000     
   0.0000000000000000     
   0.0000000000000000     
   0.0000000000000000     
   0.0000000000000000     
   0.0000000000000000     
   0.0000000000000000     
   0.0000000000000000     
   0.0000000000000000     
   0.0000000000000000     
   0.0000000000000000     
   0.0000000000000000     
   0.0000000000000000     
   0.0000000000000000     
   0.0000000000000000     
   0.0000000000000000     
   0.0000000000000000     
   0.0000000000000000     
   0.0000000000000000     
   0.0000000000000000     
   0.0000000000000000     
   0.0000000000000000     
   0.0000000000000000     
   0.0000000000000000     
   0.0000000000000000     
   0.0000000000000000     
   0.0000000000000000     
   0.0000000000000000     
   0.0000000000000000     
   0.0000000000000000     
   0.0000000000000000     
   0.0000000000000000     
   0.0000000000000000     
   0.0000000000000000     
   0.0000000000000000     
   0.0000000000000000     
   0.0000000000000000     
   0.0000000000000000     
   0.0000000000000000     
   0.0000000000000000     
   0.0000000000000000     
   0.0000000000000000     
   0.0000000000000000     
   0.0000000000000000     
   0.0000000000000000     
   0.0000000000000000     
   0.0000000000000000     
   0.0000000000000000     
   0.0000000000000000     
   0.0000000000000000     
   0.0000000000000000     
   0.0000000000000000     
   0.0000000000000000     
   0.0000000000000000     
   0.0000000000000000     
   0.0000000000000000     
   0.0000000000000000     
   0.0000000000000000     
   0.0000000000000000     
   0.0000000000000000     
   0.0000000000000000     
   0.0000000000000000     
   0.0000000000000000     
   0.0000000000000000     
   0.0000000000000000     
   0.0000000000000000     
   0.0000000000000000     
   0.0000000000000000     
   0.0000000000000000     
   0.0000000000000000     
   0.0000000000000000     
   0.0000000000000000     
   0.0000000000000000     
   0.0000000000000000     
   0.0000000000000000     
   0.0000000000000000     
   0.0000000000000000     
   0.0000000000000000     
   0.0000000000000000     
   0.0000000000000000     
   0.0000000000000000     
   0.0000000000000000     
   0.0000000000000000     
   0.0000000000000000     
   0.0000000000000000     
   0.0000000000000000     
   0.0000000000000000     
   0.0000000000000000     
   0.0000000000000000     
   0.0000000000000000     
   0.0000000000000000     
   0.0000000000000000     
   0.0000000000000000     
   0.0000000000000000     
   0.0000000000000000     
   0.0000000000000000     
   0.0000000000000000     
   0.0000000000000000     
   0.0000000000000000     
   0.0000000000000000     
   0.0000000000000000     
   0.0000000000000000     
   0.0000000000000000     
   0.0000000000000000     
   0.0000000000000000     
   0.0000000000000000     
   0.0000000000000000     
   0.0000000000000000     
   0.0000000000000000     
   0.0000000000000000     
   0.0000000000000000     
   0.0000000000000000     
   0.0000000000000000     
   0.0000000000000000     
   0.0000000000000000     
   0.0000000000000000     
   0.0000000000000000     
   0.0000000000000000     
   0.0000000000000000     
   0.0000000000000000     
   0.0000000000000000     
   0.0000000000000000     
   0.0000000000000000     
   0.0000000000000000     
   0.0000000000000000     
   0.0000000000000000     
   0.0000000000000000     
   0.0000000000000000     
   0.0000000000000000     
   0.0000000000000000     
   0.0000000000000000     
   0.0000000000000000     
   0.0000000000000000     
   0.0000000000000000     
   0.0000000000000000     
   0.0000000000000000     
   0.0000000000000000     
   0.0000000000000000     
   0.0000000000000000     
   0.0000000000000000     
   0.0000000000000000     
   0.0000000000000000     
   0.0000000000000000     
   0.0000000000000000     
   0.0000000000000000     
   0.0000000000000000     
   0.0000000000000000     
   0.0000000000000000     
   0.0000000000000000     
   0.0000000000000000     
   0.0000000000000000     
   0.0000000000000000     
   0.0000000000000000     
   0.0000000000000000     
   0.0000000000000000     
   0.0000000000000000     
   0.0000000000000000     
   0.0000000000000000     
   0.0000000000000000     
   0.0000000000000000     
   0.0000000000000000     
   0.0000000000000000     
   0.0000000000000000     
   0.0000000000000000     
   0.0000000000000000     
   0.0000000000000000     
   0.0000000000000000     
   0.0000000000000000     
   0.0000000000000000     
   0.0000000000000000     
   0.0000000000000000     
   0.0000000000000000     
   0.0000000000000000     
   0.0000000000000000     
   0.0000000000000000     
   0.0000000000000000     
   0.0000000000000000     
   0.0000000000000000     
   0.0000000000000000     
   0.0000000000000000     
   0.0000000000000000     
   0.0000000000000000     
   0.0000000000000000     
   0.0000000000000000     
   0.0000000000000000     
   0.0000000000000000     
   0.0000000000000000     
   0.0000000000000000     
   0.0000000000000000     
   0.0000000000000000     
   0.0000000000000000     
   0.0000000000000000     
   0.0000000000000000     
   0.0000000000000000     
   0.0000000000000000     
   0.0000000000000000     
   0.0000000000000000     
   0.0000000000000000     
   0.0000000000000000     
   0.0000000000000000     
   0.0000000000000000     
   0.0000000000000000     
   0.0000000000000000     
   0.0000000000000000     
   0.0000000000000000     
   0.0000000000000000     
   0.0000000000000000     
   0.0000000000000000     
   0.0000000000000000     
   0.0000000000000000     
   0.0000000000000000     
   0.0000000000000000     
   0.0000000000000000     
   0.0000000000000000     
   0.0000000000000000     
   0.0000000000000000     
   0.0000000000000000     
   0.0000000000000000     
   0.0000000000000000     
   0.0000000000000000     
   0.0000000000000000     
   0.0000000000000000     
   0.0000000000000000     
   0.0000000000000000     
   0.0000000000000000     
   0.0000000000000000     
   0.0000000000000000     
   0.0000000000000000     
   0.0000000000000000     
   0.0000000000000000     
   0.0000000000000000     
   0.0000000000000000     
   0.0000000000000000     
   0.0000000000000000     
   0.0000000000000000     
   0.0000000000000000     
   0.0000000000000000     
   0.0000000000000000     
   0.0000000000000000     
   0.0000000000000000     
   0.0000000000000000     
   0.0000000000000000     
   0.0000000000000000     
   0.0000000000000000     
   0.0000000000000000     
   0.0000000000000000     
   0.0000000000000000     
   0.0000000000000000     
   0.0000000000000000     
   0.0000000000000000     
   0.0000000000000000     
   0.0000000000000000     
   0.0000000000000000     
   0.0000000000000000     
   0.0000000000000000     
   0.0000000000000000     
   0.0000000000000000     
   0.0000000000000000     
   0.0000000000000000     
   0.0000000000000000     
   0.0000000000000000     
   0.0000000000000000     
   0.0000000000000000     
   0.0000000000000000     
   0.0000000000000000     
   0.0000000000000000     
   0.0000000000000000     
   0.0000000000000000     
   0.0000000000000000     
   0.0000000000000000     
   0.0000000000000000     
   0.0000000000000000     
   0.0000000000000000     
   0.0000000000000000     
   0.0000000000000000     
   0.0000000000000000     
   0.0000000000000000     
   0.0000000000000000     
   0.0000000000000000     
   0.0000000000000000     
   0.0000000000000000     
   0.0000000000000000     
   0.0000000000000000     
   0.0000000000000000     
   0.0000000000000000     
   0.0000000000000000     
   0.0000000000000000     
   0.0000000000000000     
   0.0000000000000000     
   0.0000000000000000     
   0.0000000000000000     
   0.0000000000000000     
   0.0000000000000000     
   0.0000000000000000     
   0.0000000000000000     
   0.0000000000000000     
   0.0000000000000000     
   0.0000000000000000     
   0.0000000000000000     
   0.0000000000000000     
   0.0000000000000000     
   0.0000000000000000     
   0.0000000000000000     
   0.0000000000000000     
   0.0000000000000000     
   0.0000000000000000     
   0.0000000000000000     
   0.0000000000000000     
   0.0000000000000000     
   0.0000000000000000     
   0.0000000000000000     
   0.0000000000000000     
   0.0000000000000000     
   0.0000000000000000     
   0.0000000000000000     
   0.0000000000000000     
   0.0000000000000000     
   0.0000000000000000     
   0.0000000000000000     
   0.0000000000000000     
   0.0000000000000000     
   0.0000000000000000     
   0.0000000000000000     
   0.0000000000000000     
   0.0000000000000000     
   0.0000000000000000     
   0.0000000000000000     
   0.0000000000000000     
   0.0000000000000000     
   0.0000000000000000     
   0.0000000000000000     
   0.0000000000000000     
   0.0000000000000000     
   0.0000000000000000     
   0.0000000000000000     
   0.0000000000000000     
   0.0000000000000000     
   0.0000000000000000     
   0.0000000000000000     
   0.0000000000000000     
   0.0000000000000000     
   0.0000000000000000     
   0.0000000000000000     
   0.0000000000000000     
   0.0000000000000000     
   0.0000000000000000     
   0.0000000000000000     
   0.0000000000000000     
   0.0000000000000000     
   0.0000000000000000     
   0.0000000000000000     
   0.0000000000000000     
   0.0000000000000000     
   0.0000000000000000     
   0.0000000000000000     
   0.0000000000000000     
   0.0000000000000000     
   0.0000000000000000     
   0.0000000000000000     
   0.0000000000000000     
   0.0000000000000000     
   0.0000000000000000     
   0.0000000000000000     
   0.0000000000000000     
   0.0000000000000000     
   0.0000000000000000     
   0.0000000000000000     
   0.0000000000000000     
   0.0000000000000000     
   0.0000000000000000     
   0.0000000000000000     
   0.0000000000000000     
   0.0000000000000000     
   0.0000000000000000     
   0.0000000000000000     
   0.0000000000000000     
   0.0000000000000000     
   0.0000000000000000     
   0.0000000000000000     
   0.0000000000000000     
   0.0000000000000000     
   0.0000000000000000     
   0.0000000000000000     
   0.0000000000000000     
   0.0000000000000000     
   0.0000000000000000     
   0.0000000000000000     
   0.0000000000000000     
   0.0000000000000000     
   0.0000000000000000     
   0.0000000000000000     
   0.0000000000000000     
   0.0000000000000000     
   0.0000000000000000     
   0.0000000000000000     
   0.0000000000000000     
   0.0000000000000000     
   0.0000000000000000     
   0.0000000000000000     
   0.0000000000000000     
   0.0000000000000000     
   0.0000000000000000     
   0.0000000000000000     
   0.0000000000000000     
   0.0000000000000000     
   0.0000000000000000     
   0.0000000000000000     
   0.0000000000000000     
   0.0000000000000000     
   0.0000000000000000     
   0.0000000000000000     
   0.0000000000000000     
   0.0000000000000000     
   0.0000000000000000     
   0.0000000000000000     
   0.0000000000000000     
   0.0000000000000000     
   0.0000000000000000     
   0.0000000000000000     
   0.0000000000000000     
   0.0000000000000000     
   0.0000000000000000     
   0.0000000000000000     
   0.0000000000000000     
   0.0000000000000000     
   0.0000000000000000     
   0.0000000000000000     
   0.0000000000000000     
   0.0000000000000000     
   0.0000000000000000     
   0.0000000000000000     
   0.0000000000000000     
   0.0000000000000000     
   0.0000000000000000     
   0.0000000000000000     
   0.0000000000000000     
   0.0000000000000000     
   0.0000000000000000     
   0.0000000000000000     
   0.0000000000000000     
   0.0000000000000000     
   0.0000000000000000     
   0.0000000000000000     
   0.0000000000000000     
   0.0000000000000000     
   0.0000000000000000     
   0.0000000000000000     
   0.0000000000000000     
   0.0000000000000000     
   0.0000000000000000     
   0.0000000000000000     
   0.0000000000000000     
   0.0000000000000000     
   0.0000000000000000     
   0.0000000000000000     
   0.0000000000000000     
   0.0000000000000000     
   0.0000000000000000     
   0.0000000000000000     
   0.0000000000000000     
   0.0000000000000000     
   0.0000000000000000     
   0.0000000000000000     
   0.0000000000000000     
   0.0000000000000000     
   0.0000000000000000     
   0.0000000000000000     
   0.0000000000000000     
   0.0000000000000000     
   0.0000000000000000     
   0.0000000000000000     
   0.0000000000000000     
   0.0000000000000000     
   0.0000000000000000     
   0.0000000000000000     
   0.0000000000000000     
   0.0000000000000000     
   0.0000000000000000     
   0.0000000000000000     
   0.0000000000000000     
   0.0000000000000000     
   0.0000000000000000     
   0.0000000000000000     
   0.0000000000000000     
   0.0000000000000000     
   0.0000000000000000     
   0.0000000000000000     
   0.0000000000000000     
   0.0000000000000000     
   0.0000000000000000     
   0.0000000000000000     
   0.0000000000000000     
   0.0000000000000000     
   0.0000000000000000     
   0.0000000000000000     
   0.0000000000000000     
   0.0000000000000000     
   0.0000000000000000     
   0.0000000000000000     
   0.0000000000000000     
   0.0000000000000000     
   0.0000000000000000     
   0.0000000000000000     
   0.0000000000000000     
   0.0000000000000000     
   0.0000000000000000     
   0.0000000000000000     
   0.0000000000000000     
   0.0000000000000000     
   0.0000000000000000     
   0.0000000000000000     
   0.0000000000000000     
   0.0000000000000000     
   0.0000000000000000     
   0.0000000000000000     
   0.0000000000000000     
   0.0000000000000000     
   0.0000000000000000     
   0.0000000000000000     
   0.0000000000000000     
   0.0000000000000000     
   0.0000000000000000     
   0.0000000000000000     
   0.0000000000000000     
   0.0000000000000000     
   0.0000000000000000     
   0.0000000000000000     
   0.0000000000000000     
   0.0000000000000000     
   0.0000000000000000     
   0.0000000000000000     
   0.0000000000000000     
   0.0000000000000000     
   0.0000000000000000     
   0.0000000000000000     
   0.0000000000000000     
   0.0000000000000000     
   0.0000000000000000     
   0.0000000000000000     
   0.0000000000000000     
   0.0000000000000000     
   0.0000000000000000     
   0.0000000000000000     
   0.0000000000000000     
   0.0000000000000000     
   0.0000000000000000     
   0.0000000000000000     
   0.0000000000000000     
   0.0000000000000000     
   0.0000000000000000     
   0.0000000000000000     
   0.0000000000000000     
   0.0000000000000000     
   0.0000000000000000     
   0.0000000000000000     
   0.0000000000000000     
   0.0000000000000000     
   0.0000000000000000     
   0.0000000000000000     
   0.0000000000000000     
   0.0000000000000000     
   0.0000000000000000     
   0.0000000000000000     
   0.0000000000000000     
   0.0000000000000000     
   0.0000000000000000     
   0.0000000000000000     
   0.0000000000000000     
   0.0000000000000000     
   0.0000000000000000     
   0.0000000000000000     
   0.0000000000000000     
   0.0000000000000000     
   0.0000000000000000     
   0.0000000000000000     
   0.0000000000000000     
   0.0000000000000000     
   0.0000000000000000     
   0.0000000000000000     
   0.0000000000000000     
   0.0000000000000000     
   0.0000000000000000     
   0.0000000000000000     
   0.0000000000000000     
   0.0000000000000000     
   0.0000000000000000     
   0.0000000000000000     
   0.0000000000000000     
   0.0000000000000000     
   0.0000000000000000     
   0.0000000000000000     
   0.0000000000000000     
   0.0000000000000000     
   0.0000000000000000     
   0.0000000000000000     
   0.0000000000000000     
   0.0000000000000000     
   0.0000000000000000     
   0.0000000000000000     
   0.0000000000000000     
   0.0000000000000000     
   0.0000000000000000     
   0.0000000000000000     
   0.0000000000000000     
   0.0000000000000000     
   0.0000000000000000     
   0.0000000000000000     
   0.0000000000000000     
   0.0000000000000000     
   0.0000000000000000     
   0.0000000000000000     
   0.0000000000000000     
   0.0000000000000000     
   0.0000000000000000     
   0.0000000000000000     
   0.0000000000000000     
   0.0000000000000000     
   0.0000000000000000     
   0.0000000000000000     
   0.0000000000000000     
   0.0000000000000000     
   0.0000000000000000     
   0.0000000000000000     
   0.0000000000000000     
   0.0000000000000000     
   0.0000000000000000     
   0.0000000000000000     
   0.0000000000000000     
   0.0000000000000000     
   0.0000000000000000     
   0.0000000000000000     
   0.0000000000000000     
   0.0000000000000000     
   0.0000000000000000     
   0.0000000000000000     
   0.0000000000000000     
   0.0000000000000000     
   0.0000000000000000     
   0.0000000000000000     
   0.0000000000000000     
   0.0000000000000000     
   0.0000000000000000     
   0.0000000000000000     
   0.0000000000000000     
   0.0000000000000000     
   0.0000000000000000     
   0.0000000000000000     
   0.0000000000000000     
   0.0000000000000000     
   0.0000000000000000     
   0.0000000000000000     
   0.0000000000000000     
   0.0000000000000000     
   0.0000000000000000     
   0.0000000000000000     
   0.0000000000000000     
   0.0000000000000000     
   0.0000000000000000     
   0.0000000000000000     
   0.0000000000000000     
   0.0000000000000000     
   0.0000000000000000     
   0.0000000000000000     
   0.0000000000000000     
   0.0000000000000000     
   0.0000000000000000     
   0.0000000000000000     
   0.0000000000000000     
   0.0000000000000000     
   0.0000000000000000     
   0.0000000000000000     
   0.0000000000000000     
   0.0000000000000000     
   0.0000000000000000     
   0.0000000000000000     
   0.0000000000000000     
   0.0000000000000000     
   0.0000000000000000     
   0.0000000000000000     
   0.0000000000000000     
   0.0000000000000000     
   0.0000000000000000     
   0.0000000000000000     
   0.0000000000000000     
   0.0000000000000000     
   0.0000000000000000     
   0.0000000000000000     
   0.0000000000000000     
   0.0000000000000000     
   0.0000000000000000     
   0.0000000000000000     
   0.0000000000000000     
   0.0000000000000000     
   0.0000000000000000     
   0.0000000000000000     
   0.0000000000000000     
   0.0000000000000000     
   0.0000000000000000     
   0.0000000000000000     
   0.0000000000000000     
   0.0000000000000000     
   0.0000000000000000     
   0.0000000000000000     
   0.0000000000000000     
   0.0000000000000000     
   0.0000000000000000     
   0.0000000000000000     
   0.0000000000000000     
   0.0000000000000000     
   0.0000000000000000     
   0.0000000000000000     
   0.0000000000000000     
   0.0000000000000000     
   0.0000000000000000     
   0.0000000000000000     
   0.0000000000000000     
   0.0000000000000000     
   0.0000000000000000     
   0.0000000000000000     
   0.0000000000000000     
   0.0000000000000000     
   0.0000000000000000     
   0.0000000000000000     
   0.0000000000000000     
   0.0000000000000000     
   0.0000000000000000     
   0.0000000000000000     
   0.0000000000000000     
   0.0000000000000000     
   0.0000000000000000     
   0.0000000000000000     
   0.0000000000000000     
   0.0000000000000000     
   0.0000000000000000     
   0.0000000000000000     
   0.0000000000000000     
   0.0000000000000000     
   0.0000000000000000     
   0.0000000000000000     
   0.0000000000000000     
   0.0000000000000000     
   0.0000000000000000     
   0.0000000000000000     
   0.0000000000000000     
   0.0000000000000000     
   0.0000000000000000     
   0.0000000000000000     
   0.0000000000000000     
   0.0000000000000000     
   0.0000000000000000     
   0.0000000000000000     
   0.0000000000000000     
   0.0000000000000000     
   0.0000000000000000     
   0.0000000000000000     
   0.0000000000000000     
   0.0000000000000000     
   0.0000000000000000     
   0.0000000000000000     
   0.0000000000000000     
   0.0000000000000000     
   0.0000000000000000     
   0.0000000000000000     
   0.0000000000000000     
   0.0000000000000000     
   0.0000000000000000     
   0.0000000000000000     
   0.0000000000000000     
   0.0000000000000000     
   0.0000000000000000     
   0.0000000000000000     
   0.0000000000000000     
   0.0000000000000000     
   0.0000000000000000     
   0.0000000000000000     
   0.0000000000000000     
   0.0000000000000000     
   0.0000000000000000     
   0.0000000000000000     
   0.0000000000000000     
   0.0000000000000000     
   0.0000000000000000     
   0.0000000000000000     
   0.0000000000000000     
   0.0000000000000000     
   0.0000000000000000     
   0.0000000000000000     
   0.0000000000000000     
   0.0000000000000000     
   0.0000000000000000     
   0.0000000000000000     
   0.0000000000000000     
   0.0000000000000000     
   0.0000000000000000     
   0.0000000000000000     
   0.0000000000000000     
   0.0000000000000000     
   0.0000000000000000     
   0.0000000000000000     
   0.0000000000000000     
   0.0000000000000000     
   0.0000000000000000     
   0.0000000000000000     
   0.0000000000000000     
   0.0000000000000000     
   0.0000000000000000     
   0.0000000000000000     
   0.0000000000000000     
   0.0000000000000000     
   0.0000000000000000     
   0.0000000000000000     
   0.0000000000000000     
   0.0000000000000000     
   0.0000000000000000     
   0.0000000000000000     
   0.0000000000000000     
   0.0000000000000000     
   0.0000000000000000     
   0.0000000000000000     
   0.0000000000000000     
   0.0000000000000000     
   0.0000000000000000     
   0.0000000000000000     
   0.0000000000000000     
   0.0000000000000000     
   0.0000000000000000     
   0.0000000000000000     
   0.0000000000000000     
   0.0000000000000000     
   0.0000000000000000     
   0.0000000000000000     
   0.0000000000000000     
   0.0000000000000000     
   0.0000000000000000     
   0.0000000000000000     
   0.0000000000000000     
   0.0000000000000000     
   0.0000000000000000     
   0.0000000000000000     
   0.0000000000000000     
   0.0000000000000000     
   0.0000000000000000     
   0.0000000000000000     
   0.0000000000000000     
   0.0000000000000000     
   0.0000000000000000     
   0.0000000000000000     
   0.0000000000000000     
   0.0000000000000000     
   0.0000000000000000     
   0.0000000000000000     
   0.0000000000000000     
   0.0000000000000000     
   0.0000000000000000     
   0.0000000000000000     
   0.0000000000000000     
   0.0000000000000000     
   0.0000000000000000     
   0.0000000000000000     
   0.0000000000000000     
   0.0000000000000000     
   0.0000000000000000     
   0.0000000000000000     
   0.0000000000000000     
   0.0000000000000000     
   0.0000000000000000     
   0.0000000000000000     
   0.0000000000000000     
   0.0000000000000000     
   0.0000000000000000     
   0.0000000000000000     
   0.0000000000000000     
   0.0000000000000000     
   0.0000000000000000     
   0.0000000000000000     
   0.0000000000000000     
   0.0000000000000000     
   0.0000000000000000     
   0.0000000000000000     
   0.0000000000000000     
   0.0000000000000000     
   0.0000000000000000     
   0.0000000000000000     
   0.0000000000000000     
   0.0000000000000000     
   0.0000000000000000     
   0.0000000000000000     
   0.0000000000000000     
   0.0000000000000000     
   0.0000000000000000     
   0.0000000000000000     
   0.0000000000000000     
   0.0000000000000000     
   0.0000000000000000     
   0.0000000000000000     
   0.0000000000000000     
   0.0000000000000000     
   0.0000000000000000     
   0.0000000000000000     
   0.0000000000000000     
   0.0000000000000000     
   0.0000000000000000     
   0.0000000000000000     
   0.0000000000000000     
   0.0000000000000000     
   0.0000000000000000     
   0.0000000000000000     
   0.0000000000000000     
   0.0000000000000000     
   0.0000000000000000     
   0.0000000000000000     
   0.0000000000000000     
   0.0000000000000000     
   0.0000000000000000     
   0.0000000000000000     
   0.0000000000000000     
   0.0000000000000000     
   0.0000000000000000     
   0.0000000000000000     
   0.0000000000000000     
   0.0000000000000000     
   0.0000000000000000     
   0.0000000000000000     
   0.0000000000000000     
   0.0000000000000000     
   0.0000000000000000     
   0.0000000000000000     
   0.0000000000000000     
   0.0000000000000000     
   0.0000000000000000     
   0.0000000000000000     
   0.0000000000000000     
   0.0000000000000000     
   0.0000000000000000     
   0.0000000000000000     
   0.0000000000000000     
   0.0000000000000000     
   0.0000000000000000     
   0.0000000000000000     
   0.0000000000000000     
   0.0000000000000000     
   0.0000000000000000     
   0.0000000000000000     
   0.0000000000000000     
   0.0000000000000000     
   0.0000000000000000     
   0.0000000000000000     
   0.0000000000000000     
   0.0000000000000000     
   0.0000000000000000     
   0.0000000000000000     
   0.0000000000000000     
   0.0000000000000000     
   0.0000000000000000     
   0.0000000000000000     
   0.0000000000000000     
   0.0000000000000000     
   0.0000000000000000     
   0.0000000000000000     
   0.0000000000000000     
   0.0000000000000000     
   0.0000000000000000     
   0.0000000000000000     
   0.0000000000000000     
   0.0000000000000000     
   0.0000000000000000     
   0.0000000000000000     
   0.0000000000000000     
   0.0000000000000000     
   0.0000000000000000     
   0.0000000000000000     
   0.0000000000000000     
   0.0000000000000000     
   0.0000000000000000     
   0.0000000000000000     
   0.0000000000000000     
   0.0000000000000000     
   0.0000000000000000     
   0.0000000000000000     
   0.0000000000000000     
   0.0000000000000000     
   0.0000000000000000     
   0.0000000000000000     
   0.0000000000000000     
   0.0000000000000000     
   0.0000000000000000     
   0.0000000000000000     
   0.0000000000000000     
   0.0000000000000000     
   0.0000000000000000     
   0.0000000000000000     
   0.0000000000000000     
   0.0000000000000000     
   0.0000000000000000     
   0.0000000000000000     
   0.0000000000000000     
   0.0000000000000000     
   0.0000000000000000     
   0.0000000000000000     
   0.0000000000000000     
   0.0000000000000000     
   0.0000000000000000     
   0.0000000000000000     
   0.0000000000000000     
   0.0000000000000000     
   0.0000000000000000     
   0.0000000000000000     
   0.0000000000000000     
   0.0000000000000000     
   0.0000000000000000     
   0.0000000000000000     
   0.0000000000000000     
   0.0000000000000000     
   0.0000000000000000     
   0.0000000000000000     
   0.0000000000000000     
   0.0000000000000000     
   0.0000000000000000     
   0.0000000000000000     
   0.0000000000000000     
   0.0000000000000000     
   0.0000000000000000     
   0.0000000000000000     
   0.0000000000000000     
   0.0000000000000000     
   0.0000000000000000     
   0.0000000000000000     
   0.0000000000000000     
   0.0000000000000000     
   0.0000000000000000     
   0.0000000000000000     
   0.0000000000000000     
   0.0000000000000000     
   0.0000000000000000     
   0.0000000000000000     
   0.0000000000000000     
   0.0000000000000000     
   0.0000000000000000     
   0.0000000000000000     
   0.0000000000000000     
   0.0000000000000000     
   0.0000000000000000     
   0.0000000000000000     
   0.0000000000000000     
   0.0000000000000000     
   0.0000000000000000     
   0.0000000000000000     
   0.0000000000000000     
   0.0000000000000000     
   0.0000000000000000     
   0.0000000000000000     
   0.0000000000000000     
   0.0000000000000000     
   0.0000000000000000     
   0.0000000000000000     
   0.0000000000000000     
   0.0000000000000000     
   0.0000000000000000     
   0.0000000000000000     
   0.0000000000000000     
   0.0000000000000000     
   0.0000000000000000     
   0.0000000000000000     
   0.0000000000000000     
   0.0000000000000000     
   0.0000000000000000     
   0.0000000000000000     
   0.0000000000000000     
   0.0000000000000000     
   0.0000000000000000     
   0.0000000000000000     
   0.0000000000000000     
   0.0000000000000000     
   0.0000000000000000     
   0.0000000000000000     
   0.0000000000000000     
   0.0000000000000000     
   0.0000000000000000     
   0.0000000000000000     
   0.0000000000000000     
   0.0000000000000000     
   0.0000000000000000     
   0.0000000000000000     
   0.0000000000000000     
   0.0000000000000000     
   0.0000000000000000     
   0.0000000000000000     
   0.0000000000000000     
   0.0000000000000000     
   0.0000000000000000     
   0.0000000000000000     
   0.0000000000000000     
   0.0000000000000000     
   0.0000000000000000     
   0.0000000000000000     
   0.0000000000000000     
   0.0000000000000000     
   0.0000000000000000     
   0.0000000000000000     
   0.0000000000000000     
   0.0000000000000000     
   0.0000000000000000     
   0.0000000000000000     
   0.0000000000000000     
   0.0000000000000000     
   0.0000000000000000     
   0.0000000000000000     
   0.0000000000000000     
   0.0000000000000000     
   0.0000000000000000     
   0.0000000000000000     
   0.0000000000000000     
   0.0000000000000000     
   0.0000000000000000     
   0.0000000000000000     
   0.0000000000000000     
   0.0000000000000000     
   0.0000000000000000     
   0.0000000000000000     
   0.0000000000000000     
   0.0000000000000000     
   0.0000000000000000     
   0.0000000000000000     
   0.0000000000000000     
   0.0000000000000000     
   0.0000000000000000     
   0.0000000000000000     
   0.0000000000000000     
   0.0000000000000000     
   0.0000000000000000     
   0.0000000000000000     
   0.0000000000000000     
   0.0000000000000000     
   0.0000000000000000     
   0.0000000000000000     
   0.0000000000000000     
   0.0000000000000000     
   0.0000000000000000     
   0.0000000000000000     
   0.0000000000000000     
   0.0000000000000000     
   0.0000000000000000     
   0.0000000000000000     
   0.0000000000000000     
   0.0000000000000000     
   0.0000000000000000     
   0.0000000000000000     
   0.0000000000000000     
   0.0000000000000000     
   0.0000000000000000     
   0.0000000000000000     
   0.0000000000000000     
   0.0000000000000000     
   0.0000000000000000     
   0.0000000000000000     
   0.0000000000000000     
   0.0000000000000000     
   0.0000000000000000     
   0.0000000000000000     
   0.0000000000000000     
   0.0000000000000000     
   0.0000000000000000     
   0.0000000000000000     
   0.0000000000000000     
   0.0000000000000000     
   0.0000000000000000     
   0.0000000000000000     
   0.0000000000000000     
   0.0000000000000000     
   0.0000000000000000     
   0.0000000000000000     
   0.0000000000000000     
   0.0000000000000000     
   0.0000000000000000     
   0.0000000000000000     
   0.0000000000000000     
   0.0000000000000000     
   0.0000000000000000     
   0.0000000000000000     
   0.0000000000000000     
   0.0000000000000000     
   0.0000000000000000     
   0.0000000000000000     
   0.0000000000000000     
   0.0000000000000000     
   0.0000000000000000     
   0.0000000000000000     
   0.0000000000000000     
   0.0000000000000000     
   0.0000000000000000     
   0.0000000000000000     
   0.0000000000000000     
   0.0000000000000000     
   0.0000000000000000     
   0.0000000000000000     
   0.0000000000000000     
   0.0000000000000000     
   0.0000000000000000     
   0.0000000000000000     
   0.0000000000000000     
   0.0000000000000000     
   0.0000000000000000     
   0.0000000000000000     
   0.0000000000000000     
   0.0000000000000000     
   0.0000000000000000     
   0.0000000000000000     
   0.0000000000000000     
   0.0000000000000000     
   0.0000000000000000     
   0.0000000000000000     
   0.0000000000000000     
   0.0000000000000000     
   0.0000000000000000     
   0.0000000000000000     
   0.0000000000000000     
   0.0000000000000000     
   0.0000000000000000     
   0.0000000000000000     
   0.0000000000000000     
   0.0000000000000000     
   0.0000000000000000     
   0.0000000000000000     
   0.0000000000000000     
   0.0000000000000000     
   0.0000000000000000     
   0.0000000000000000     
   0.0000000000000000     
   0.0000000000000000     
   0.0000000000000000     
   0.0000000000000000     
   0.0000000000000000     
   0.0000000000000000     
   0.0000000000000000     
   0.0000000000000000     
   0.0000000000000000     
   0.0000000000000000     
   0.0000000000000000     
   0.0000000000000000     
   0.0000000000000000     
   0.0000000000000000     
   0.0000000000000000     
   0.0000000000000000     
   0.0000000000000000     
   0.0000000000000000     
   0.0000000000000000     
   0.0000000000000000     
   0.0000000000000000     
   0.0000000000000000     
   0.0000000000000000     
   0.0000000000000000     
   0.0000000000000000     
   0.0000000000000000     
   0.0000000000000000     
   0.0000000000000000     
   0.0000000000000000     
   0.0000000000000000     
   0.0000000000000000     
   0.0000000000000000     
   0.0000000000000000     
   0.0000000000000000     
   0.0000000000000000     
   0.0000000000000000     
   0.0000000000000000     
   0.0000000000000000     
   0.0000000000000000     
   0.0000000000000000     
   0.0000000000000000     
   0.0000000000000000     
   0.0000000000000000     
   0.0000000000000000     
   0.0000000000000000     
   0.0000000000000000     
   0.0000000000000000     
   0.0000000000000000     
   0.0000000000000000     
   0.0000000000000000     
   0.0000000000000000     
   0.0000000000000000     
   0.0000000000000000     
   0.0000000000000000     
   0.0000000000000000     
   0.0000000000000000     
   0.0000000000000000     
   0.0000000000000000     
   0.0000000000000000     
   0.0000000000000000     
   0.0000000000000000     
   0.0000000000000000     
   0.0000000000000000     
   0.0000000000000000     
   0.0000000000000000     
   0.0000000000000000     
   0.0000000000000000     
   0.0000000000000000     
   0.0000000000000000     
   0.0000000000000000     
   0.0000000000000000     
   0.0000000000000000     
   0.0000000000000000     
   0.0000000000000000     
   0.0000000000000000     
   0.0000000000000000     
   0.0000000000000000     
   0.0000000000000000     
   0.0000000000000000     
   0.0000000000000000     
   0.0000000000000000     
   0.0000000000000000     
   0.0000000000000000     
   0.0000000000000000     
   0.0000000000000000     
   0.0000000000000000     
   0.0000000000000000     
   0.0000000000000000     
   0.0000000000000000     
   0.0000000000000000     
   0.0000000000000000     
   0.0000000000000000     
   0.0000000000000000     
   0.0000000000000000     
   0.0000000000000000     
   0.0000000000000000     
   0.0000000000000000     
   0.0000000000000000     
   0.0000000000000000     
   0.0000000000000000     
   0.0000000000000000     
   0.0000000000000000     
   0.0000000000000000     
   0.0000000000000000     
   0.0000000000000000     
   0.0000000000000000     
   0.0000000000000000     
   0.0000000000000000     
   0.0000000000000000     
   0.0000000000000000     
   0.0000000000000000     
   0.0000000000000000     
   0.0000000000000000     
   0.0000000000000000     
   0.0000000000000000     
   0.0000000000000000     
   0.0000000000000000     
   0.0000000000000000     
   0.0000000000000000     
   0.0000000000000000     
   0.0000000000000000     
   0.0000000000000000     
   0.0000000000000000     
   0.0000000000000000     
   0.0000000000000000     
   0.0000000000000000     
   0.0000000000000000     
   0.0000000000000000     
   0.0000000000000000     
   0.0000000000000000     
   0.0000000000000000     
   0.0000000000000000     
   0.0000000000000000     
   0.0000000000000000     
   0.0000000000000000     
   0.0000000000000000     
   0.0000000000000000     
   0.0000000000000000     
   0.0000000000000000     
   0.0000000000000000     
   0.0000000000000000     
   0.0000000000000000     
   0.0000000000000000     
   0.0000000000000000     
   0.0000000000000000     
   0.0000000000000000     
   0.0000000000000000     
   0.0000000000000000     
   0.0000000000000000     
   0.0000000000000000     
   0.0000000000000000     
   0.0000000000000000     
   0.0000000000000000     
   0.0000000000000000     
   0.0000000000000000     
   0.0000000000000000     
   0.0000000000000000     
   0.0000000000000000     
   0.0000000000000000     
   0.0000000000000000     
   0.0000000000000000     
   0.0000000000000000     
   0.0000000000000000     
   0.0000000000000000     
   0.0000000000000000     
   0.0000000000000000     
   0.0000000000000000     
   0.0000000000000000     
   0.0000000000000000     
   0.0000000000000000     
   0.0000000000000000     
   0.0000000000000000     
   0.0000000000000000     
   0.0000000000000000     
   0.0000000000000000     
   0.0000000000000000     
   0.0000000000000000     
   0.0000000000000000     
   0.0000000000000000     
   0.0000000000000000     
   0.0000000000000000     
   0.0000000000000000     
   0.0000000000000000     
   0.0000000000000000     
   0.0000000000000000     
   0.0000000000000000     
   0.0000000000000000     
   0.0000000000000000     
   0.0000000000000000     
   0.0000000000000000     
   0.0000000000000000     
   0.0000000000000000     
   0.0000000000000000     
   0.0000000000000000     
   0.0000000000000000     
   0.0000000000000000     
   0.0000000000000000     
   0.0000000000000000     
   0.0000000000000000     
   0.0000000000000000     
   0.0000000000000000     
   0.0000000000000000     
   0.0000000000000000     
   0.0000000000000000     
   0.0000000000000000     
   0.0000000000000000     
   0.0000000000000000     
   0.0000000000000000     
   0.0000000000000000     
   0.0000000000000000     
   0.0000000000000000     
   0.0000000000000000     
   0.0000000000000000     
   0.0000000000000000     
   0.0000000000000000     
   0.0000000000000000     
   0.0000000000000000     
   0.0000000000000000     
   0.0000000000000000     
   0.0000000000000000     
   0.0000000000000000     
   0.0000000000000000     
   0.0000000000000000     
   0.0000000000000000     
   0.0000000000000000     
   0.0000000000000000     
   0.0000000000000000     
   0.0000000000000000     
   0.0000000000000000     
   0.0000000000000000     
   0.0000000000000000     
   0.0000000000000000     
   0.0000000000000000     
   0.0000000000000000     
   0.0000000000000000     
   0.0000000000000000     
   0.0000000000000000     
   0.0000000000000000     
   0.0000000000000000     
   0.0000000000000000     
   0.0000000000000000     
   0.0000000000000000     
   0.0000000000000000     
   0.0000000000000000     
   0.0000000000000000     
   0.0000000000000000     
   0.0000000000000000     
   0.0000000000000000     
   0.0000000000000000     
   0.0000000000000000     
   0.0000000000000000     
   0.0000000000000000     
   0.0000000000000000     
   0.0000000000000000     
   0.0000000000000000     
   0.0000000000000000     
   0.0000000000000000     
   0.0000000000000000     
   0.0000000000000000     
   0.0000000000000000     
   0.0000000000000000     
   0.0000000000000000     
   0.0000000000000000     
   0.0000000000000000     
   0.0000000000000000     
   0.0000000000000000     
   0.0000000000000000     
   0.0000000000000000     
   0.0000000000000000     
   0.0000000000000000     
   0.0000000000000000     
   0.0000000000000000     
   0.0000000000000000     
   0.0000000000000000     
   0.0000000000000000     
   0.0000000000000000     
   0.0000000000000000     
   0.0000000000000000     
   0.0000000000000000     
   0.0000000000000000     
   0.0000000000000000     
   0.0000000000000000     
   0.0000000000000000     
   0.0000000000000000     
   0.0000000000000000     
   0.0000000000000000     
   0.0000000000000000     
   0.0000000000000000     
   0.0000000000000000     
   0.0000000000000000     
   0.0000000000000000     
   0.0000000000000000     
   0.0000000000000000     
   0.0000000000000000     
   0.0000000000000000     
   0.0000000000000000     
   0.0000000000000000     
   0.0000000000000000     
   0.0000000000000000     
   0.0000000000000000     
   0.0000000000000000     
   0.0000000000000000     
   0.0000000000000000     
   0.0000000000000000     
   0.0000000000000000     
   0.0000000000000000     
   0.0000000000000000     
   0.0000000000000000     
   0.0000000000000000     
   0.0000000000000000     
   0.0000000000000000     
   0.0000000000000000     
   0.0000000000000000     
   0.0000000000000000     
   0.0000000000000000     
   0.0000000000000000     
   0.0000000000000000     
   0.0000000000000000     
   0.0000000000000000     
   0.0000000000000000     
   0.0000000000000000     
   0.0000000000000000     
   0.0000000000000000     
   0.0000000000000000     
   0.0000000000000000     
   0.0000000000000000     
   0.0000000000000000     
   0.0000000000000000     
   0.0000000000000000     
   0.0000000000000000     
   0.0000000000000000     
   0.0000000000000000     
   0.0000000000000000     
   0.0000000000000000     
   0.0000000000000000     
   0.0000000000000000     
   0.0000000000000000     
   0.0000000000000000     
   0.0000000000000000     
   0.0000000000000000     
   0.0000000000000000     
   0.0000000000000000     
   0.0000000000000000     
   0.0000000000000000     
   0.0000000000000000     
   0.0000000000000000     
   0.0000000000000000     
   0.0000000000000000     
   0.0000000000000000     
   0.0000000000000000     
   0.0000000000000000     
   0.0000000000000000     
   0.0000000000000000     
   0.0000000000000000     
   0.0000000000000000     
   0.0000000000000000     
   0.0000000000000000     
   0.0000000000000000     
   0.0000000000000000     
   0.0000000000000000     
   0.0000000000000000     
   0.0000000000000000     
   0.0000000000000000     
   0.0000000000000000     
   0.0000000000000000     
   0.0000000000000000     
   0.0000000000000000     
   0.0000000000000000     
   0.0000000000000000     
   0.0000000000000000     
   0.0000000000000000     
   0.0000000000000000     
   0.0000000000000000     
   0.0000000000000000     
   0.0000000000000000     
   0.0000000000000000     
   0.0000000000000000     
   0.0000000000000000     
   0.0000000000000000     
   0.0000000000000000     
   0.0000000000000000     
   0.0000000000000000     
   0.0000000000000000     
   0.0000000000000000     
   0.0000000000000000     
   0.0000000000000000     
   0.0000000000000000     
   0.0000000000000000     
   0.0000000000000000     
   0.0000000000000000     
   0.0000000000000000     
   0.0000000000000000     
   0.0000000000000000     
   0.0000000000000000     
   0.0000000000000000     
   0.0000000000000000     
   0.0000000000000000     
   0.0000000000000000     
   0.0000000000000000     
   0.0000000000000000     
   0.0000000000000000     
   0.0000000000000000     
   0.0000000000000000     
   0.0000000000000000     
   0.0000000000000000     
   0.0000000000000000     
   0.0000000000000000     
   0.0000000000000000     
   0.0000000000000000     
   0.0000000000000000     
   0.0000000000000000     
   0.0000000000000000     
   0.0000000000000000     
   0.0000000000000000     
   0.0000000000000000     
   0.0000000000000000     
   0.0000000000000000     
   0.0000000000000000     
   0.0000000000000000     
   0.0000000000000000     
   0.0000000000000000     
   0.0000000000000000     
   0.0000000000000000     
   0.0000000000000000     
   0.0000000000000000     
   0.0000000000000000     
   0.0000000000000000     
   0.0000000000000000     
   0.0000000000000000     
   0.0000000000000000     
   0.0000000000000000     
   0.0000000000000000     
   0.0000000000000000     
   0.0000000000000000     
   0.0000000000000000     
   0.0000000000000000     
   0.0000000000000000     
   0.0000000000000000     
   0.0000000000000000     
   0.0000000000000000     
   0.0000000000000000     
   0.0000000000000000     
   0.0000000000000000     
   0.0000000000000000     
   0.0000000000000000     
   0.0000000000000000     
   0.0000000000000000     
   0.0000000000000000     
   0.0000000000000000     
   0.0000000000000000     
   0.0000000000000000     
   0.0000000000000000     
   0.0000000000000000     
   0.0000000000000000     
   0.0000000000000000     
   0.0000000000000000     
   0.0000000000000000     
   0.0000000000000000     
   0.0000000000000000     
   0.0000000000000000     
   0.0000000000000000     
   0.0000000000000000     
   0.0000000000000000     
   0.0000000000000000     
   0.0000000000000000     
   0.0000000000000000     
   0.0000000000000000     
   0.0000000000000000     
   0.0000000000000000     
   0.0000000000000000     
   0.0000000000000000     
   0.0000000000000000     
   0.0000000000000000     
   0.0000000000000000     
   0.0000000000000000     
   0.0000000000000000     
   0.0000000000000000     
   0.0000000000000000     
   0.0000000000000000     
   0.0000000000000000     
   0.0000000000000000     
   0.0000000000000000     
   0.0000000000000000     
   0.0000000000000000     
   0.0000000000000000     
   0.0000000000000000     
   0.0000000000000000     
   0.0000000000000000     
   0.0000000000000000     
   0.0000000000000000     
   0.0000000000000000     
   0.0000000000000000     
   0.0000000000000000     
   0.0000000000000000     
   0.0000000000000000     
   0.0000000000000000     
   0.0000000000000000     
   0.0000000000000000     
   0.0000000000000000     
   0.0000000000000000     
   0.0000000000000000     
   0.0000000000000000     
   0.0000000000000000     
   0.0000000000000000     
   0.0000000000000000     
   0.0000000000000000     
   0.0000000000000000     
   0.0000000000000000     
   0.0000000000000000     
   0.0000000000000000     
   0.0000000000000000     
   0.0000000000000000     
   0.0000000000000000     
   0.0000000000000000     
   0.0000000000000000     
   0.0000000000000000     
   0.0000000000000000     
   0.0000000000000000     
   0.0000000000000000     
   0.0000000000000000     
   0.0000000000000000     
   0.0000000000000000     
   0.0000000000000000     
   0.0000000000000000     
   0.0000000000000000     
   0.0000000000000000     
   0.0000000000000000     
   0.0000000000000000     
   0.0000000000000000     
   0.0000000000000000     
   0.0000000000000000     
   0.0000000000000000     
   0.0000000000000000     
   0.0000000000000000     
   0.0000000000000000     
   0.0000000000000000     
   0.0000000000000000     
   0.0000000000000000     
   0.0000000000000000     
   0.0000000000000000     
   0.0000000000000000     
   0.0000000000000000     
   0.0000000000000000     
   0.0000000000000000     
   0.0000000000000000     
   0.0000000000000000     
   0.0000000000000000     
   0.0000000000000000     
   0.0000000000000000     
   0.0000000000000000     
   0.0000000000000000     
   0.0000000000000000     
   0.0000000000000000     
   0.0000000000000000     
   0.0000000000000000     
   0.0000000000000000     
   0.0000000000000000     
   0.0000000000000000     
   0.0000000000000000     
   0.0000000000000000     
   0.0000000000000000     
   0.0000000000000000     
   0.0000000000000000     
   0.0000000000000000     
   0.0000000000000000     
   0.0000000000000000     
   0.0000000000000000     
   0.0000000000000000     
   0.0000000000000000     
   0.0000000000000000     
   0.0000000000000000     
   0.0000000000000000     
   0.0000000000000000     
   0.0000000000000000     
   0.0000000000000000     
   0.0000000000000000     
   0.0000000000000000     
   0.0000000000000000     
   0.0000000000000000     
   0.0000000000000000     
   0.0000000000000000     
   0.0000000000000000     
   0.0000000000000000     
   0.0000000000000000     
   0.0000000000000000     
   0.0000000000000000     
   0.0000000000000000     
   0.0000000000000000     
   0.0000000000000000     
   0.0000000000000000     
   0.0000000000000000     
   0.0000000000000000     
   0.0000000000000000     
   0.0000000000000000     
   0.0000000000000000     
   0.0000000000000000     
   0.0000000000000000     
   0.0000000000000000     
   0.0000000000000000     
   0.0000000000000000     
   0.0000000000000000     
   0.0000000000000000     
   0.0000000000000000     
   0.0000000000000000     
   0.0000000000000000     
   0.0000000000000000     
   0.0000000000000000     
   0.0000000000000000     
   0.0000000000000000     
   0.0000000000000000     
   0.0000000000000000     
   0.0000000000000000     
   0.0000000000000000     
   0.0000000000000000     
   0.0000000000000000     
   0.0000000000000000     
   0.0000000000000000     
   0.0000000000000000     
   0.0000000000000000     
   0.0000000000000000     
   0.0000000000000000     
   0.0000000000000000     
   0.0000000000000000     
   0.0000000000000000     
   0.0000000000000000     
   0.0000000000000000     
   0.0000000000000000     
   0.0000000000000000     
   0.0000000000000000     
   0.0000000000000000     
   0.0000000000000000     
   0.0000000000000000     
   0.0000000000000000     
   0.0000000000000000     
   0.0000000000000000     
   0.0000000000000000     
   0.0000000000000000     
   0.0000000000000000     
   0.0000000000000000     
   0.0000000000000000     
   0.0000000000000000     
   0.0000000000000000     
   0.0000000000000000     
   0.0000000000000000     
   0.0000000000000000     
   0.0000000000000000     
   0.0000000000000000     
   0.0000000000000000     
   0.0000000000000000     
   0.0000000000000000     
   0.0000000000000000     
   0.0000000000000000     
   0.0000000000000000     
   0.0000000000000000     
   0.0000000000000000     
   0.0000000000000000     
   0.0000000000000000     
   0.0000000000000000     
   0.0000000000000000     
   0.0000000000000000     
   0.0000000000000000     
   0.0000000000000000     
   0.0000000000000000     
   0.0000000000000000     
   0.0000000000000000     
   0.0000000000000000     
   0.0000000000000000     
   0.0000000000000000     
   0.0000000000000000     
   0.0000000000000000     
   0.0000000000000000     
   0.0000000000000000     
   0.0000000000000000     
   0.0000000000000000     
   0.0000000000000000     
   0.0000000000000000     
   0.0000000000000000     
   0.0000000000000000     
   0.0000000000000000     
   0.0000000000000000     
   0.0000000000000000     
   0.0000000000000000     
   0.0000000000000000     
   0.0000000000000000     
   0.0000000000000000     
   0.0000000000000000     
   0.0000000000000000     
   0.0000000000000000     
   0.0000000000000000     
   0.0000000000000000     
   0.0000000000000000     
   0.0000000000000000     
   0.0000000000000000     
   0.0000000000000000     
   0.0000000000000000     
   0.0000000000000000     
   0.0000000000000000     
   0.0000000000000000     
   0.0000000000000000     
   0.0000000000000000     
   0.0000000000000000     
   0.0000000000000000     
   0.0000000000000000     
   0.0000000000000000     
   0.0000000000000000     
   0.0000000000000000     
   0.0000000000000000     
   0.0000000000000000     
   0.0000000000000000     
   0.0000000000000000     
   0.0000000000000000     
   0.0000000000000000     
   0.0000000000000000     
   0.0000000000000000     
   0.0000000000000000     
   0.0000000000000000     
   0.0000000000000000     
   0.0000000000000000     
   0.0000000000000000     
   0.0000000000000000     
   0.0000000000000000     
   0.0000000000000000     
   0.0000000000000000     
   0.0000000000000000     
   0.0000000000000000     
   0.0000000000000000     
   0.0000000000000000     
   0.0000000000000000     
   0.0000000000000000     
   0.0000000000000000     
   0.0000000000000000     
   0.0000000000000000     
   0.0000000000000000     
   0.0000000000000000     
   0.0000000000000000     
   0.0000000000000000     
   0.0000000000000000     
   0.0000000000000000     
   0.0000000000000000     
   0.0000000000000000     
   0.0000000000000000     
   0.0000000000000000     
   0.0000000000000000     
   0.0000000000000000     
   0.0000000000000000     
   0.0000000000000000     
   0.0000000000000000     
   0.0000000000000000     
   0.0000000000000000     
   0.0000000000000000     
   0.0000000000000000     
   0.0000000000000000     
   0.0000000000000000     
   0.0000000000000000     
   0.0000000000000000     
   0.0000000000000000     
   0.0000000000000000     
   0.0000000000000000     
   0.0000000000000000     
   0.0000000000000000     
   0.0000000000000000     
   0.0000000000000000     
   0.0000000000000000     
   0.0000000000000000     
   0.0000000000000000     
   0.0000000000000000     
   0.0000000000000000     
   0.0000000000000000     
   0.0000000000000000     
   0.0000000000000000     
   0.0000000000000000     
   0.0000000000000000     
   0.0000000000000000     
   0.0000000000000000     
   0.0000000000000000     
   0.0000000000000000     
   0.0000000000000000     
   0.0000000000000000     
   0.0000000000000000     
   0.0000000000000000     
   0.0000000000000000     
   0.0000000000000000     
   0.0000000000000000     
   0.0000000000000000     
   0.0000000000000000     
   0.0000000000000000     
   0.0000000000000000     
   0.0000000000000000     
   0.0000000000000000     
   0.0000000000000000     
   0.0000000000000000     
   0.0000000000000000     
   0.0000000000000000     
   0.0000000000000000     
   0.0000000000000000     
   0.0000000000000000     
   0.0000000000000000     
   0.0000000000000000     
   0.0000000000000000     
   0.0000000000000000     
   0.0000000000000000     
   0.0000000000000000     
   0.0000000000000000     
   0.0000000000000000     
   0.0000000000000000     
   0.0000000000000000     
   0.0000000000000000     
   0.0000000000000000     
   0.0000000000000000     
   0.0000000000000000     
   0.0000000000000000     
   0.0000000000000000     
   0.0000000000000000     
   0.0000000000000000     
   0.0000000000000000     
   0.0000000000000000     
   0.0000000000000000     
   0.0000000000000000     
   0.0000000000000000     
   0.0000000000000000     
   0.0000000000000000     
   0.0000000000000000     
   0.0000000000000000     
   0.0000000000000000     
   0.0000000000000000     
   0.0000000000000000     
   0.0000000000000000     
   0.0000000000000000     
   0.0000000000000000     
   0.0000000000000000     
   0.0000000000000000     
   0.0000000000000000     
   0.0000000000000000     
   0.0000000000000000     
   0.0000000000000000     
   0.0000000000000000     
   0.0000000000000000     
   0.0000000000000000     
   0.0000000000000000     
   0.0000000000000000     
   0.0000000000000000     
   0.0000000000000000     
   0.0000000000000000     
   0.0000000000000000     
   0.0000000000000000     
   0.0000000000000000     
   0.0000000000000000     
   0.0000000000000000     
   0.0000000000000000     
   0.0000000000000000     
   0.0000000000000000     
   0.0000000000000000     
   0.0000000000000000     
   0.0000000000000000     
   0.0000000000000000     
   0.0000000000000000     
   0.0000000000000000     
   0.0000000000000000     
   0.0000000000000000     
   0.0000000000000000     
   0.0000000000000000     
   0.0000000000000000     
   0.0000000000000000     
   0.0000000000000000     
   0.0000000000000000     
   0.0000000000000000     
   0.0000000000000000     
   0.0000000000000000     
   0.0000000000000000     
   0.0000000000000000     
   0.0000000000000000     
   0.0000000000000000     
   0.0000000000000000     
   0.0000000000000000     
   0.0000000000000000     
   0.0000000000000000     
   0.0000000000000000     
   0.0000000000000000     
   0.0000000000000000     
   0.0000000000000000     
   0.0000000000000000     
   0.0000000000000000     
   0.0000000000000000     
   0.0000000000000000     
   0.0000000000000000     
   0.0000000000000000     
   0.0000000000000000     
   0.0000000000000000     
   0.0000000000000000     
   0.0000000000000000     
   0.0000000000000000     
   0.0000000000000000     
   0.0000000000000000     
   0.0000000000000000     
   0.0000000000000000     
   0.0000000000000000     
   0.0000000000000000     
   0.0000000000000000     
   0.0000000000000000     
   0.0000000000000000     
   0.0000000000000000     
   0.0000000000000000     
   0.0000000000000000     
   0.0000000000000000     
   0.0000000000000000     
   0.0000000000000000     
   0.0000000000000000     
   0.0000000000000000     
   0.0000000000000000     
   0.0000000000000000     
   0.0000000000000000     
   0.0000000000000000     
   0.0000000000000000     
   0.0000000000000000     
   0.0000000000000000     
   0.0000000000000000     
   0.0000000000000000     
   0.0000000000000000     
   0.0000000000000000     
   0.0000000000000000     
   0.0000000000000000     
   0.0000000000000000     
   0.0000000000000000     
   0.0000000000000000     
   0.0000000000000000     
   0.0000000000000000     
   0.0000000000000000     
   0.0000000000000000     
   0.0000000000000000     
   0.0000000000000000     
   0.0000000000000000     
   0.0000000000000000     
   0.0000000000000000     
   0.0000000000000000     
   0.0000000000000000     
   0.0000000000000000     
   0.0000000000000000     
   0.0000000000000000     
   0.0000000000000000     
   0.0000000000000000     
   0.0000000000000000     
   0.0000000000000000     
   0.0000000000000000     
   0.0000000000000000     
   0.0000000000000000     
   0.0000000000000000     
   0.0000000000000000     
   0.0000000000000000     
   0.0000000000000000     
   0.0000000000000000     
   0.0000000000000000     
   0.0000000000000000     
   0.0000000000000000     
   0.0000000000000000     
   0.0000000000000000     
   0.0000000000000000     
   0.0000000000000000     
   0.0000000000000000     
   0.0000000000000000     
   0.0000000000000000     
   0.0000000000000000     
   0.0000000000000000     
   0.0000000000000000     
   0.0000000000000000     
   0.0000000000000000     
   0.0000000000000000     
   0.0000000000000000     
   0.0000000000000000     
   0.0000000000000000     
   0.0000000000000000     
   0.0000000000000000     
   0.0000000000000000     
   0.0000000000000000     
   0.0000000000000000     
   0.0000000000000000     
   0.0000000000000000     
   0.0000000000000000     
   0.0000000000000000     
   0.0000000000000000     
   0.0000000000000000     
   0.0000000000000000     
   0.0000000000000000     
   0.0000000000000000     
   0.0000000000000000     
   0.0000000000000000     
   0.0000000000000000     
   0.0000000000000000     
   0.0000000000000000     
   0.0000000000000000     
   0.0000000000000000     
   0.0000000000000000     
   0.0000000000000000     
   0.0000000000000000     
   0.0000000000000000     
   0.0000000000000000     
   0.0000000000000000     
   0.0000000000000000     
   0.0000000000000000     
   0.0000000000000000     
   0.0000000000000000     
   0.0000000000000000     
   0.0000000000000000     
   0.0000000000000000     
   0.0000000000000000     
   0.0000000000000000     
   0.0000000000000000     
   0.0000000000000000     
   0.0000000000000000     
   0.0000000000000000     
   0.0000000000000000     
   0.0000000000000000     
   0.0000000000000000     
   0.0000000000000000     
   0.0000000000000000     
   0.0000000000000000     
   0.0000000000000000     
   0.0000000000000000     
   0.0000000000000000     
   0.0000000000000000     
   0.0000000000000000     
   0.0000000000000000     
   0.0000000000000000     
   0.0000000000000000     
   0.0000000000000000     
   0.0000000000000000     
   0.0000000000000000     
   0.0000000000000000     
   0.0000000000000000     
   0.0000000000000000     
   0.0000000000000000     
   0.0000000000000000     
   0.0000000000000000     
   0.0000000000000000     
   0.0000000000000000     
   0.0000000000000000     
   0.0000000000000000     
   0.0000000000000000     
   0.0000000000000000     
   0.0000000000000000     
   0.0000000000000000     
   0.0000000000000000     
   0.0000000000000000     
   0.0000000000000000     
   0.0000000000000000     
   0.0000000000000000     
   0.0000000000000000     
   0.0000000000000000     
   0.0000000000000000     
   0.0000000000000000     
   0.0000000000000000     
   0.0000000000000000     
   0.0000000000000000     
   0.0000000000000000     
   0.0000000000000000     
   0.0000000000000000     
   0.0000000000000000     
   0.0000000000000000     
   0.0000000000000000     
   0.0000000000000000     
   0.0000000000000000     
   0.0000000000000000     
   0.0000000000000000     
   0.0000000000000000     
   0.0000000000000000     
   0.0000000000000000     
   0.0000000000000000     
   0.0000000000000000     
   0.0000000000000000     
   0.0000000000000000     
   0.0000000000000000     
   0.0000000000000000     
   0.0000000000000000     
   0.0000000000000000     
   0.0000000000000000     
   0.0000000000000000     
   0.0000000000000000     
   0.0000000000000000     
   0.0000000000000000     
   0.0000000000000000     
   0.0000000000000000     
   0.0000000000000000     
   0.0000000000000000     
   0.0000000000000000     
   0.0000000000000000     
   0.0000000000000000     
   0.0000000000000000     
   0.0000000000000000     
   0.0000000000000000     
   0.0000000000000000     
   0.0000000000000000     
   0.0000000000000000     
   0.0000000000000000     
   0.0000000000000000     
   0.0000000000000000     
   0.0000000000000000     
   0.0000000000000000     
   0.0000000000000000     
   0.0000000000000000     
   0.0000000000000000     
   0.0000000000000000     
   0.0000000000000000     
   0.0000000000000000     
   0.0000000000000000     
   0.0000000000000000     
   0.0000000000000000     
   0.0000000000000000     
   0.0000000000000000     
   0.0000000000000000     
   0.0000000000000000     
   0.0000000000000000     
   0.0000000000000000     
   0.0000000000000000     
   0.0000000000000000     
   0.0000000000000000     
   0.0000000000000000     
   0.0000000000000000     
   0.0000000000000000     
   0.0000000000000000     
   0.0000000000000000     
   0.0000000000000000     
   0.0000000000000000     
   0.0000000000000000     
   0.0000000000000000     
   0.0000000000000000     
   0.0000000000000000     
   0.0000000000000000     
   0.0000000000000000     
   0.0000000000000000     
   0.0000000000000000     
   0.0000000000000000     
   0.0000000000000000     
   0.0000000000000000     
   0.0000000000000000     
   0.0000000000000000     
   0.0000000000000000     
   0.0000000000000000     
   0.0000000000000000     
   0.0000000000000000     
   0.0000000000000000     
   0.0000000000000000     
   0.0000000000000000     
   0.0000000000000000     
   0.0000000000000000     
   0.0000000000000000     
   0.0000000000000000     
   0.0000000000000000     
   0.0000000000000000     
   0.0000000000000000     
   0.0000000000000000     
   0.0000000000000000     
   0.0000000000000000     
   0.0000000000000000     
   0.0000000000000000     
   0.0000000000000000     
   0.0000000000000000     
   0.0000000000000000     
   0.0000000000000000     
   0.0000000000000000     
   0.0000000000000000     
   0.0000000000000000     
   0.0000000000000000     
   0.0000000000000000     
   0.0000000000000000     
   0.0000000000000000     
   0.0000000000000000     
   0.0000000000000000     
   0.0000000000000000     
   0.0000000000000000     
   0.0000000000000000     
   0.0000000000000000     
   0.0000000000000000     
   0.0000000000000000     
   0.0000000000000000     
   0.0000000000000000     
   0.0000000000000000     
   0.0000000000000000     
   0.0000000000000000     
   0.0000000000000000     
   0.0000000000000000     
   0.0000000000000000     
   0.0000000000000000     
   0.0000000000000000     
   0.0000000000000000     
   0.0000000000000000     
   0.0000000000000000     
   0.0000000000000000     
   0.0000000000000000     
   0.0000000000000000     
   0.0000000000000000     
   0.0000000000000000     
   0.0000000000000000     
   0.0000000000000000     
   0.0000000000000000     
   0.0000000000000000     
   0.0000000000000000     
   0.0000000000000000     
   0.0000000000000000     
   0.0000000000000000     
   0.0000000000000000     
   0.0000000000000000     
   0.0000000000000000     
   0.0000000000000000     
   0.0000000000000000     
   0.0000000000000000     
   0.0000000000000000     
   0.0000000000000000     
   0.0000000000000000     
   0.0000000000000000     
   0.0000000000000000     
   0.0000000000000000     
   0.0000000000000000     
   0.0000000000000000     
   0.0000000000000000     
   0.0000000000000000     
   0.0000000000000000     
   0.0000000000000000     
   0.0000000000000000     
   0.0000000000000000     
   0.0000000000000000     
   0.0000000000000000     
   0.0000000000000000     
   0.0000000000000000     
   0.0000000000000000     
   0.0000000000000000     
   0.0000000000000000     
   0.0000000000000000     
   0.0000000000000000     
   0.0000000000000000     
   0.0000000000000000     
   0.0000000000000000     
   0.0000000000000000     
   0.0000000000000000     
   0.0000000000000000     
   0.0000000000000000     
   0.0000000000000000     
   0.0000000000000000     
   0.0000000000000000     
   0.0000000000000000     
   0.0000000000000000     
   0.0000000000000000     
   0.0000000000000000     
   0.0000000000000000     
   0.0000000000000000     
   0.0000000000000000     
   0.0000000000000000     
   0.0000000000000000     
   0.0000000000000000     
   0.0000000000000000     
   0.0000000000000000     
   0.0000000000000000     
   0.0000000000000000     
   0.0000000000000000     
   0.0000000000000000     
   0.0000000000000000     
   0.0000000000000000     
   0.0000000000000000     
   0.0000000000000000     
   0.0000000000000000     
   0.0000000000000000     
   0.0000000000000000     
   0.0000000000000000     
   0.0000000000000000     
   0.0000000000000000     
   0.0000000000000000     
   0.0000000000000000     
   0.0000000000000000     
   0.0000000000000000     
   0.0000000000000000     
   0.0000000000000000     
   0.0000000000000000     
   0.0000000000000000     
   0.0000000000000000     
   0.0000000000000000     
   0.0000000000000000     
   0.0000000000000000     
   0.0000000000000000     
   0.0000000000000000     
   0.0000000000000000     
   0.0000000000000000     
   0.0000000000000000     
   0.0000000000000000     
   0.0000000000000000     
   0.0000000000000000     
   0.0000000000000000     
   0.0000000000000000     
   0.0000000000000000     
   0.0000000000000000     
   0.0000000000000000     
   0.0000000000000000     
   0.0000000000000000     
   0.0000000000000000     
   0.0000000000000000     
   0.0000000000000000     
   0.0000000000000000     
   0.0000000000000000     
   0.0000000000000000     
   0.0000000000000000     
   0.0000000000000000     
   0.0000000000000000     
   0.0000000000000000     
   0.0000000000000000     
   0.0000000000000000     
   0.0000000000000000     
   0.0000000000000000     
   0.0000000000000000     
   0.0000000000000000     
   0.0000000000000000     
   0.0000000000000000     
   0.0000000000000000     
   0.0000000000000000     
   0.0000000000000000     
   0.0000000000000000     
   0.0000000000000000     
   0.0000000000000000     
   0.0000000000000000     
   0.0000000000000000     
   0.0000000000000000     
   0.0000000000000000     
   0.0000000000000000     
   0.0000000000000000     
   0.0000000000000000     
   0.0000000000000000     
   0.0000000000000000     
   0.0000000000000000     
   0.0000000000000000     
   0.0000000000000000     
   0.0000000000000000     
   0.0000000000000000     
   0.0000000000000000     
   0.0000000000000000     
   0.0000000000000000     
   0.0000000000000000     
   0.0000000000000000     
   0.0000000000000000     
   0.0000000000000000     
   0.0000000000000000     
   0.0000000000000000     
   0.0000000000000000     
   0.0000000000000000     
   0.0000000000000000     
   0.0000000000000000     
   0.0000000000000000     
   0.0000000000000000     
   0.0000000000000000     
   0.0000000000000000     
   0.0000000000000000     
   0.0000000000000000     
   0.0000000000000000     
   0.0000000000000000     
   0.0000000000000000     
   0.0000000000000000     
   0.0000000000000000     
   0.0000000000000000     
   0.0000000000000000     
   0.0000000000000000     
   0.0000000000000000     
   0.0000000000000000     
   0.0000000000000000     
   0.0000000000000000     
   0.0000000000000000     
   0.0000000000000000     
   0.0000000000000000     
   0.0000000000000000     
   0.0000000000000000     
   0.0000000000000000     
   0.0000000000000000     
   0.0000000000000000     
   0.0000000000000000     
   0.0000000000000000     
   0.0000000000000000     
   0.0000000000000000     
   0.0000000000000000     
   0.0000000000000000     
   0.0000000000000000     
   0.0000000000000000     
   0.0000000000000000     
   0.0000000000000000     
   0.0000000000000000     
   0.0000000000000000     
   0.0000000000000000     
   0.0000000000000000     
   0.0000000000000000     
   0.0000000000000000     
   0.0000000000000000     
   0.0000000000000000     
   0.0000000000000000     
   0.0000000000000000     
   0.0000000000000000     
   0.0000000000000000     
   0.0000000000000000     
   0.0000000000000000     
   0.0000000000000000     
   0.0000000000000000     
   0.0000000000000000     
   0.0000000000000000     
   0.0000000000000000     
   0.0000000000000000     
   0.0000000000000000     
   0.0000000000000000     
   0.0000000000000000     
   0.0000000000000000     
   0.0000000000000000     
   0.0000000000000000     
   0.0000000000000000     
   0.0000000000000000     
   0.0000000000000000     
   0.0000000000000000     
   0.0000000000000000     
   0.0000000000000000     
   0.0000000000000000     
   0.0000000000000000     
   0.0000000000000000     
   0.0000000000000000     
   0.0000000000000000     
   0.0000000000000000     
   0.0000000000000000     
   0.0000000000000000     
   0.0000000000000000     
   0.0000000000000000     
   0.0000000000000000     
   0.0000000000000000     
   0.0000000000000000     
   0.0000000000000000     
   0.0000000000000000     
   0.0000000000000000     
   0.0000000000000000     
   0.0000000000000000     
   0.0000000000000000     
   0.0000000000000000     
   0.0000000000000000     
   0.0000000000000000     
   0.0000000000000000     
   0.0000000000000000     
   0.0000000000000000     
   0.0000000000000000     
   0.0000000000000000     
   0.0000000000000000     
   0.0000000000000000     
   0.0000000000000000     
   0.0000000000000000     
   0.0000000000000000     
   0.0000000000000000     
   0.0000000000000000     
   0.0000000000000000     
   0.0000000000000000     
   0.0000000000000000     
   0.0000000000000000     
   0.0000000000000000     
   0.0000000000000000     
   0.0000000000000000     
   0.0000000000000000     
   0.0000000000000000     
   0.0000000000000000     
   0.0000000000000000     
   0.0000000000000000     
   0.0000000000000000     
   0.0000000000000000     
   0.0000000000000000     
   0.0000000000000000     
   0.0000000000000000     
   0.0000000000000000     
   0.0000000000000000     
   0.0000000000000000     
   0.0000000000000000     
   0.0000000000000000     
   0.0000000000000000     
   0.0000000000000000     
   0.0000000000000000     
   0.0000000000000000     
   0.0000000000000000     
   0.0000000000000000     
   0.0000000000000000     
   0.0000000000000000     
   0.0000000000000000     
   0.0000000000000000     
   0.0000000000000000     
   0.0000000000000000     
   0.0000000000000000     
   0.0000000000000000     
   0.0000000000000000     
   0.0000000000000000     
   0.0000000000000000     
   0.0000000000000000     
   0.0000000000000000     
   0.0000000000000000     
   0.0000000000000000     
   0.0000000000000000     
   0.0000000000000000     
   0.0000000000000000     
   0.0000000000000000     
   0.0000000000000000     
   0.0000000000000000     
   0.0000000000000000     
   0.0000000000000000     
   0.0000000000000000     
   0.0000000000000000     
   0.0000000000000000     
   0.0000000000000000     
   0.0000000000000000     
   0.0000000000000000     
   0.0000000000000000     
   0.0000000000000000     
   0.0000000000000000     
   0.0000000000000000     
   0.0000000000000000     
   0.0000000000000000     
   0.0000000000000000     
   0.0000000000000000     
   0.0000000000000000     
   0.0000000000000000     
   0.0000000000000000     
   0.0000000000000000     
   0.0000000000000000     
   0.0000000000000000     
   0.0000000000000000     
   0.0000000000000000     
   0.0000000000000000     
   0.0000000000000000     
   0.0000000000000000     
   0.0000000000000000     
   0.0000000000000000     
   0.0000000000000000     
   0.0000000000000000     
   0.0000000000000000     
   0.0000000000000000     
   0.0000000000000000     
   0.0000000000000000     
   0.0000000000000000     
   0.0000000000000000     
   0.0000000000000000     
   0.0000000000000000     
   0.0000000000000000     
   0.0000000000000000     
   0.0000000000000000     
   0.0000000000000000     
   0.0000000000000000     
   0.0000000000000000     
   0.0000000000000000     
   0.0000000000000000     
   0.0000000000000000     
   0.0000000000000000     
   0.0000000000000000     
   0.0000000000000000     
   0.0000000000000000     
   0.0000000000000000     
   0.0000000000000000     
   0.0000000000000000     
   0.0000000000000000     
   0.0000000000000000     
   0.0000000000000000     
   0.0000000000000000     
   0.0000000000000000     
   0.0000000000000000     
   0.0000000000000000     
   0.0000000000000000     
   0.0000000000000000     
   0.0000000000000000     
   0.0000000000000000     
   0.0000000000000000     
   0.0000000000000000     
   0.0000000000000000     
   0.0000000000000000     
   0.0000000000000000     
   0.0000000000000000     
   0.0000000000000000     
   0.0000000000000000     
   0.0000000000000000     
   0.0000000000000000     
   0.0000000000000000     
   0.0000000000000000     
   0.0000000000000000     
   0.0000000000000000     
   0.0000000000000000     
   0.0000000000000000     
   0.0000000000000000     
   0.0000000000000000     
   0.0000000000000000     
   0.0000000000000000     
   0.0000000000000000     
   0.0000000000000000     
   0.0000000000000000     
   0.0000000000000000     
   0.0000000000000000     
   0.0000000000000000     
   0.0000000000000000     
   0.0000000000000000     
   0.0000000000000000     
   0.0000000000000000     
   0.0000000000000000     
   0.0000000000000000     
   0.0000000000000000     
   0.0000000000000000     
   0.0000000000000000     
   0.0000000000000000     
   0.0000000000000000     
   0.0000000000000000     
   0.0000000000000000     
   0.0000000000000000     
   0.0000000000000000     
   0.0000000000000000     
   0.0000000000000000     
   0.0000000000000000     
   0.0000000000000000     
   0.0000000000000000     
   0.0000000000000000     
   0.0000000000000000     
   0.0000000000000000     
   0.0000000000000000     
   0.0000000000000000     
   0.0000000000000000     
   0.0000000000000000     
   0.0000000000000000     
   0.0000000000000000     
   0.0000000000000000     
   0.0000000000000000     
   0.0000000000000000     
   0.0000000000000000     
   0.0000000000000000     
   0.0000000000000000     
   0.0000000000000000     
   0.0000000000000000     
   0.0000000000000000     
   0.0000000000000000     
   0.0000000000000000     
   0.0000000000000000     
   0.0000000000000000     
   0.0000000000000000     
   0.0000000000000000     
   0.0000000000000000     
   0.0000000000000000     
   0.0000000000000000     
   0.0000000000000000     
   0.0000000000000000     
   0.0000000000000000     
   0.0000000000000000     
   0.0000000000000000     
   0.0000000000000000     
   0.0000000000000000     
   0.0000000000000000     
   0.0000000000000000     
   0.0000000000000000     
   0.0000000000000000     
   0.0000000000000000     
   0.0000000000000000     
   0.0000000000000000     
   0.0000000000000000     
   0.0000000000000000     
   0.0000000000000000     
   0.0000000000000000     
   0.0000000000000000     
   0.0000000000000000     
   0.0000000000000000     
   0.0000000000000000     
   0.0000000000000000     
   0.0000000000000000     
   0.0000000000000000     
   0.0000000000000000     
   0.0000000000000000     
   0.0000000000000000     
   0.0000000000000000     
   0.0000000000000000     
   0.0000000000000000     
   0.0000000000000000     
   0.0000000000000000     
   0.0000000000000000     
   0.0000000000000000     
   0.0000000000000000     
   0.0000000000000000     
   0.0000000000000000     
   0.0000000000000000     
   0.0000000000000000     
   0.0000000000000000     
   0.0000000000000000     
   0.0000000000000000     
   0.0000000000000000     
   0.0000000000000000     
   0.0000000000000000     
   0.0000000000000000     
   0.0000000000000000     
   0.0000000000000000     
   0.0000000000000000     
   0.0000000000000000     
   0.0000000000000000     
   0.0000000000000000     
   0.0000000000000000     
   0.0000000000000000     
   0.0000000000000000     
   0.0000000000000000     
   0.0000000000000000     
   0.0000000000000000     
   0.0000000000000000     
   0.0000000000000000     
   0.0000000000000000     
   0.0000000000000000     
   0.0000000000000000     
   0.0000000000000000     
   0.0000000000000000     
   0.0000000000000000     
   0.0000000000000000     
   0.0000000000000000     
   0.0000000000000000     
   0.0000000000000000     
   0.0000000000000000     
   0.0000000000000000     
   0.0000000000000000     
   0.0000000000000000     
   0.0000000000000000     
   0.0000000000000000     
   0.0000000000000000     
   0.0000000000000000     
   0.0000000000000000     
   0.0000000000000000     
   0.0000000000000000     
   0.0000000000000000     
   0.0000000000000000     
   0.0000000000000000     
   0.0000000000000000     
   0.0000000000000000     
   0.0000000000000000     
   0.0000000000000000     
   0.0000000000000000     
   0.0000000000000000     
   0.0000000000000000     
   0.0000000000000000     
   0.0000000000000000     
   0.0000000000000000     
   0.0000000000000000     
   0.0000000000000000     
   0.0000000000000000     
   0.0000000000000000     
   0.0000000000000000     
   0.0000000000000000     
   0.0000000000000000     
   0.0000000000000000     
   0.0000000000000000     
   0.0000000000000000     
   0.0000000000000000     
   0.0000000000000000     
   0.0000000000000000     
   0.0000000000000000     
   0.0000000000000000     
   0.0000000000000000     
   0.0000000000000000     
   0.0000000000000000     
   0.0000000000000000     
   0.0000000000000000     
   0.0000000000000000     
   0.0000000000000000     
   0.0000000000000000     
   0.0000000000000000     
   0.0000000000000000     
   0.0000000000000000     
   0.0000000000000000     
   0.0000000000000000     
   0.0000000000000000     
   0.0000000000000000     
   0.0000000000000000     
   0.0000000000000000     
   0.0000000000000000     
   0.0000000000000000     
   0.0000000000000000     
   0.0000000000000000     
   0.0000000000000000     
   0.0000000000000000     
   0.0000000000000000     
   0.0000000000000000     
   0.0000000000000000     
   0.0000000000000000     
   0.0000000000000000     
   0.0000000000000000     
   0.0000000000000000     
   0.0000000000000000     
   0.0000000000000000     
   0.0000000000000000     
   0.0000000000000000     
   0.0000000000000000     
   0.0000000000000000     
   0.0000000000000000     
   0.0000000000000000     
   0.0000000000000000     
   0.0000000000000000     
   0.0000000000000000     
   0.0000000000000000     
   0.0000000000000000     
   0.0000000000000000     
   0.0000000000000000     
   0.0000000000000000     
   0.0000000000000000     
   0.0000000000000000     
   0.0000000000000000     
   0.0000000000000000     
   0.0000000000000000     
   0.0000000000000000     
   0.0000000000000000     
   0.0000000000000000     
   0.0000000000000000     
   0.0000000000000000     
   0.0000000000000000     
   0.0000000000000000     
   0.0000000000000000     
   0.0000000000000000     
   0.0000000000000000     
   0.0000000000000000     
   0.0000000000000000     
   0.0000000000000000     
   0.0000000000000000     
   0.0000000000000000     
   0.0000000000000000     
   0.0000000000000000     
   0.0000000000000000     
   0.0000000000000000     
   0.0000000000000000     
   0.0000000000000000     
   0.0000000000000000     
   0.0000000000000000     
   0.0000000000000000     
   0.0000000000000000     
   0.0000000000000000     
   0.0000000000000000     
   0.0000000000000000     
   0.0000000000000000     
   0.0000000000000000     
   0.0000000000000000     
   0.0000000000000000     
   0.0000000000000000     
   0.0000000000000000     
   0.0000000000000000     
   0.0000000000000000     
   0.0000000000000000     
   0.0000000000000000     
   0.0000000000000000     
   0.0000000000000000     
   0.0000000000000000     
   0.0000000000000000     
   0.0000000000000000     
   0.0000000000000000     
   0.0000000000000000     
   0.0000000000000000     
   0.0000000000000000     
   0.0000000000000000     
   0.0000000000000000     
   0.0000000000000000     
   0.0000000000000000     
   0.0000000000000000     
   0.0000000000000000     
   0.0000000000000000     
   0.0000000000000000     
   0.0000000000000000     
   0.0000000000000000     
   0.0000000000000000     
   0.0000000000000000     
   0.0000000000000000     
   0.0000000000000000     
   0.0000000000000000     
   0.0000000000000000     
   0.0000000000000000     
   0.0000000000000000     
   0.0000000000000000     
   0.0000000000000000     
   0.0000000000000000     
   0.0000000000000000     
   0.0000000000000000     
   0.0000000000000000     
   0.0000000000000000     
   0.0000000000000000     
   0.0000000000000000     
   0.0000000000000000     
   0.0000000000000000     
   0.0000000000000000     
   0.0000000000000000     
   0.0000000000000000     
   0.0000000000000000     
   0.0000000000000000     
   0.0000000000000000     
   0.0000000000000000     
   0.0000000000000000     
   0.0000000000000000     
   0.0000000000000000     
   0.0000000000000000     
   0.0000000000000000     
   0.0000000000000000     
   0.0000000000000000     
   0.0000000000000000     
   0.0000000000000000     
   0.0000000000000000     
   0.0000000000000000     
   0.0000000000000000     
   0.0000000000000000     
   0.0000000000000000     
   0.0000000000000000     
   0.0000000000000000     
   0.0000000000000000     
   0.0000000000000000     
   0.0000000000000000     
   0.0000000000000000     
   0.0000000000000000     
   0.0000000000000000     
   0.0000000000000000     
   0.0000000000000000     
   0.0000000000000000     
   0.0000000000000000     
   0.0000000000000000     
   0.0000000000000000     
   0.0000000000000000     
   0.0000000000000000     
   0.0000000000000000     
   0.0000000000000000     
   0.0000000000000000     
   0.0000000000000000     
   0.0000000000000000     
   0.0000000000000000     
   0.0000000000000000     
   0.0000000000000000     
   0.0000000000000000     
   0.0000000000000000     
   0.0000000000000000     
   0.0000000000000000     
   0.0000000000000000     
   0.0000000000000000     
   0.0000000000000000     
   0.0000000000000000     
   0.0000000000000000     
   0.0000000000000000     
   0.0000000000000000     
   0.0000000000000000     
   0.0000000000000000     
   0.0000000000000000     
   0.0000000000000000     
   0.0000000000000000     
   0.0000000000000000     
   0.0000000000000000     
   0.0000000000000000     
   0.0000000000000000     
   0.0000000000000000     
   0.0000000000000000     
   0.0000000000000000     
   0.0000000000000000     
   0.0000000000000000     
   0.0000000000000000     
   0.0000000000000000     
   0.0000000000000000     
   0.0000000000000000     
   0.0000000000000000     
   0.0000000000000000     
   0.0000000000000000     
   0.0000000000000000     
   0.0000000000000000     
   0.0000000000000000     
   0.0000000000000000     
   0.0000000000000000     
   0.0000000000000000     
   0.0000000000000000     
   0.0000000000000000     
   0.0000000000000000     
   0.0000000000000000     
   0.0000000000000000     
   0.0000000000000000     
   0.0000000000000000     
   0.0000000000000000     
   0.0000000000000000     
   0.0000000000000000     
   0.0000000000000000     
   0.0000000000000000     
   0.0000000000000000     
   0.0000000000000000     
   0.0000000000000000     
   0.0000000000000000     
   0.0000000000000000     
   0.0000000000000000     
   0.0000000000000000     
   0.0000000000000000     
   0.0000000000000000     
   0.0000000000000000     
   0.0000000000000000     
   0.0000000000000000     
   0.0000000000000000     
   0.0000000000000000     
   0.0000000000000000     
   0.0000000000000000     
   0.0000000000000000     
   0.0000000000000000     
   0.0000000000000000     
   0.0000000000000000     
   0.0000000000000000     
   0.0000000000000000     
   0.0000000000000000     
   0.0000000000000000     
   0.0000000000000000     
   0.0000000000000000     
   0.0000000000000000     
   0.0000000000000000     
   0.0000000000000000     
   0.0000000000000000     
   0.0000000000000000     
   0.0000000000000000     
   0.0000000000000000     
   0.0000000000000000     
   0.0000000000000000     
   0.0000000000000000     
   0.0000000000000000     
   0.0000000000000000     
   0.0000000000000000     
   0.0000000000000000     
   0.0000000000000000     
   0.0000000000000000     
   0.0000000000000000     
   0.0000000000000000     
   0.0000000000000000     
   0.0000000000000000     
   0.0000000000000000     
   0.0000000000000000     
   0.0000000000000000     
   0.0000000000000000     
   0.0000000000000000     
   0.0000000000000000     
   0.0000000000000000     
   0.0000000000000000     
   0.0000000000000000     
   0.0000000000000000     
   0.0000000000000000     
   0.0000000000000000     
   0.0000000000000000     
   0.0000000000000000     
   0.0000000000000000     
   0.0000000000000000     
   0.0000000000000000     
   0.0000000000000000     
   0.0000000000000000     
   0.0000000000000000     
   0.0000000000000000     
   0.0000000000000000     
   0.0000000000000000     
   0.0000000000000000     
   0.0000000000000000     
   0.0000000000000000     
   0.0000000000000000     
   0.0000000000000000     
   0.0000000000000000     
   0.0000000000000000     
   0.0000000000000000     
   0.0000000000000000     
   0.0000000000000000     
   0.0000000000000000     
   0.0000000000000000     
   0.0000000000000000     
   0.0000000000000000     
   0.0000000000000000     
   0.0000000000000000     
   0.0000000000000000     
   0.0000000000000000     
   0.0000000000000000     
   0.0000000000000000     
   0.0000000000000000     
   0.0000000000000000     
   0.0000000000000000     
   0.0000000000000000     
   0.0000000000000000     
   0.0000000000000000     
   0.0000000000000000     
   0.0000000000000000     
   0.0000000000000000     
   0.0000000000000000     
   0.0000000000000000     
   0.0000000000000000     
   0.0000000000000000     
   0.0000000000000000     
   0.0000000000000000     
   0.0000000000000000     
   0.0000000000000000     
   0.0000000000000000     
   0.0000000000000000     
   0.0000000000000000     
   0.0000000000000000     
   0.0000000000000000     
   0.0000000000000000     
   0.0000000000000000     
   0.0000000000000000     
   0.0000000000000000     
   0.0000000000000000     
   0.0000000000000000     
   0.0000000000000000     
   0.0000000000000000     
   0.0000000000000000     
   0.0000000000000000     
   0.0000000000000000     
   0.0000000000000000     
   0.0000000000000000     
   0.0000000000000000     
   0.0000000000000000     
   0.0000000000000000     
   0.0000000000000000     
   0.0000000000000000     
   0.0000000000000000     
   0.0000000000000000     
   0.0000000000000000     
   0.0000000000000000     
   0.0000000000000000     
   0.0000000000000000     
   0.0000000000000000     
   0.0000000000000000     
   0.0000000000000000     
   0.0000000000000000     
   0.0000000000000000     
   0.0000000000000000     
   0.0000000000000000     
   0.0000000000000000     
   0.0000000000000000     
   0.0000000000000000     
   0.0000000000000000     
   0.0000000000000000     
   0.0000000000000000     
   0.0000000000000000     
   0.0000000000000000     
   0.0000000000000000     
   0.0000000000000000     
   0.0000000000000000     
   0.0000000000000000     
   0.0000000000000000     
   0.0000000000000000     
   0.0000000000000000     
   0.0000000000000000     
   0.0000000000000000     
   0.0000000000000000     
   0.0000000000000000     
   0.0000000000000000     
   0.0000000000000000     
   0.0000000000000000     
   0.0000000000000000     
   0.0000000000000000     
   0.0000000000000000     
   0.0000000000000000     
   0.0000000000000000     
   0.0000000000000000     
   0.0000000000000000     
   0.0000000000000000     
   0.0000000000000000     
   0.0000000000000000     
   0.0000000000000000     
   0.0000000000000000     
   0.0000000000000000     
   0.0000000000000000     
   0.0000000000000000     
   0.0000000000000000     
   0.0000000000000000     
   0.0000000000000000     
   0.0000000000000000     
   0.0000000000000000     
   0.0000000000000000     
   0.0000000000000000     
   0.0000000000000000     
   0.0000000000000000     
   0.0000000000000000     
   0.0000000000000000     
   0.0000000000000000     
   0.0000000000000000     
   0.0000000000000000     
   0.0000000000000000     
   0.0000000000000000     
   0.0000000000000000     
   0.0000000000000000     
   0.0000000000000000     
   0.0000000000000000     
   0.0000000000000000     
   0.0000000000000000     
   0.0000000000000000     
   0.0000000000000000     
   0.0000000000000000     
   0.0000000000000000     
   0.0000000000000000     
   0.0000000000000000     
   0.0000000000000000     
   0.0000000000000000     
   0.0000000000000000     
   0.0000000000000000     
   0.0000000000000000     
   0.0000000000000000     
   0.0000000000000000     
   0.0000000000000000     
   0.0000000000000000     
   0.0000000000000000     
   0.0000000000000000     
   0.0000000000000000     
   0.0000000000000000     
   0.0000000000000000     
   0.0000000000000000     
   0.0000000000000000     
   0.0000000000000000     
   0.0000000000000000     
   0.0000000000000000     
   0.0000000000000000     
   0.0000000000000000     
   0.0000000000000000     
   0.0000000000000000     
   0.0000000000000000     
   0.0000000000000000     
   0.0000000000000000     
   0.0000000000000000     
   0.0000000000000000     
   0.0000000000000000     
   0.0000000000000000     
   0.0000000000000000     
   0.0000000000000000     
   0.0000000000000000     
   0.0000000000000000     
   0.0000000000000000     
   0.0000000000000000     
   0.0000000000000000     
   0.0000000000000000     
   0.0000000000000000     
   0.0000000000000000     
   0.0000000000000000     
   0.0000000000000000     
   0.0000000000000000     
   0.0000000000000000     
   0.0000000000000000     
   0.0000000000000000     
   0.0000000000000000     
   0.0000000000000000     
   0.0000000000000000     
   0.0000000000000000     
   0.0000000000000000     
   0.0000000000000000     
   0.0000000000000000     
   0.0000000000000000     
   0.0000000000000000     
   0.0000000000000000     
   0.0000000000000000     
   0.0000000000000000     
   0.0000000000000000     
   0.0000000000000000     
   0.0000000000000000     
   0.0000000000000000     
   0.0000000000000000     
   0.0000000000000000     
   0.0000000000000000     
   0.0000000000000000     
   0.0000000000000000     
   0.0000000000000000     
   0.0000000000000000     
   0.0000000000000000     
   0.0000000000000000     
   0.0000000000000000     
   0.0000000000000000     
   0.0000000000000000     
   0.0000000000000000     
   0.0000000000000000     
   0.0000000000000000     
   0.0000000000000000     
   0.0000000000000000     
   0.0000000000000000     
   0.0000000000000000     
   0.0000000000000000     
   0.0000000000000000     
   0.0000000000000000     
   0.0000000000000000     
   0.0000000000000000     
   0.0000000000000000     
   0.0000000000000000     
   0.0000000000000000     
   0.0000000000000000     
   0.0000000000000000     
   0.0000000000000000     
   0.0000000000000000     
   0.0000000000000000     
   0.0000000000000000     
   0.0000000000000000     
   0.0000000000000000     
   0.0000000000000000     
   0.0000000000000000     
   0.0000000000000000     
   0.0000000000000000     
   0.0000000000000000     
   0.0000000000000000     
   0.0000000000000000     
   0.0000000000000000     
   0.0000000000000000     
   0.0000000000000000     
   0.0000000000000000     
   0.0000000000000000     
   0.0000000000000000     
   0.0000000000000000     
   0.0000000000000000     
   0.0000000000000000     
   0.0000000000000000     
   0.0000000000000000     
   0.0000000000000000     
   0.0000000000000000     
   0.0000000000000000     
   0.0000000000000000     
   0.0000000000000000     
   0.0000000000000000     
   0.0000000000000000     
   0.0000000000000000     
   0.0000000000000000     
   0.0000000000000000     
   0.0000000000000000     
   0.0000000000000000     
   0.0000000000000000     
   0.0000000000000000     
   0.0000000000000000     
   0.0000000000000000     
   0.0000000000000000     
   0.0000000000000000     
   0.0000000000000000     
   0.0000000000000000     
   0.0000000000000000     
   0.0000000000000000     
   0.0000000000000000     
   0.0000000000000000     
   0.0000000000000000     
   0.0000000000000000     
   0.0000000000000000     
   0.0000000000000000     
   0.0000000000000000     
   0.0000000000000000     
   0.0000000000000000     
   0.0000000000000000     
   0.0000000000000000     
   0.0000000000000000     
   0.0000000000000000     
   0.0000000000000000     
   0.0000000000000000     
   0.0000000000000000     
   0.0000000000000000     
   0.0000000000000000     
   0.0000000000000000     
   0.0000000000000000     
   0.0000000000000000     
   0.0000000000000000     
   0.0000000000000000     
   0.0000000000000000     
   0.0000000000000000     
   0.0000000000000000     
   0.0000000000000000     
   0.0000000000000000     
   0.0000000000000000     
   0.0000000000000000     
   0.0000000000000000     
   0.0000000000000000     
   0.0000000000000000     
   0.0000000000000000     
   0.0000000000000000     
   0.0000000000000000     
   0.0000000000000000     
   0.0000000000000000     
   0.0000000000000000     
   0.0000000000000000     
   0.0000000000000000     
   0.0000000000000000     
   0.0000000000000000     
   0.0000000000000000     
   0.0000000000000000     
   0.0000000000000000     
   0.0000000000000000     
   0.0000000000000000     
   0.0000000000000000     
   0.0000000000000000     
   0.0000000000000000     
   0.0000000000000000     
   0.0000000000000000     
   0.0000000000000000     
   0.0000000000000000     
   0.0000000000000000     
   0.0000000000000000     
   0.0000000000000000     
   0.0000000000000000     
   0.0000000000000000     
   0.0000000000000000     
   0.0000000000000000     
   0.0000000000000000     
   0.0000000000000000     
   0.0000000000000000     
   0.0000000000000000     
   0.0000000000000000     
   0.0000000000000000     
   0.0000000000000000     
   0.0000000000000000     
   0.0000000000000000     
   0.0000000000000000     
   0.0000000000000000     
   0.0000000000000000     
   0.0000000000000000     
   0.0000000000000000     
   0.0000000000000000     
   0.0000000000000000     
   0.0000000000000000     
   0.0000000000000000     
   0.0000000000000000     
   0.0000000000000000     
   0.0000000000000000     
   0.0000000000000000     
   0.0000000000000000     
   0.0000000000000000     
   0.0000000000000000     
   0.0000000000000000     
   0.0000000000000000     
   0.0000000000000000     
   0.0000000000000000     
   0.0000000000000000     
   0.0000000000000000     
   0.0000000000000000     
   0.0000000000000000     
   0.0000000000000000     
   0.0000000000000000     
   0.0000000000000000     
   0.0000000000000000     
   0.0000000000000000     
   0.0000000000000000     
   0.0000000000000000     
   0.0000000000000000     
   0.0000000000000000     
   0.0000000000000000     
   0.0000000000000000     
   0.0000000000000000     
   0.0000000000000000     
   0.0000000000000000     
   0.0000000000000000     
   0.0000000000000000     
   0.0000000000000000     
   0.0000000000000000     
   0.0000000000000000     
   0.0000000000000000     
   0.0000000000000000     
   0.0000000000000000     
   0.0000000000000000     
   0.0000000000000000     
   0.0000000000000000     
   0.0000000000000000     
   0.0000000000000000     
   0.0000000000000000     
   0.0000000000000000     
   0.0000000000000000     
   0.0000000000000000     
   0.0000000000000000     
   0.0000000000000000     
   0.0000000000000000     
   0.0000000000000000     
   0.0000000000000000     
   0.0000000000000000     
   0.0000000000000000     
   0.0000000000000000     
   0.0000000000000000     
   0.0000000000000000     
   0.0000000000000000     
   0.0000000000000000     
   0.0000000000000000     
   0.0000000000000000     
   0.0000000000000000     
   0.0000000000000000     
   0.0000000000000000     
   0.0000000000000000     
   0.0000000000000000     
   0.0000000000000000     
   0.0000000000000000     
   0.0000000000000000     
   0.0000000000000000     
   0.0000000000000000     
   0.0000000000000000     
   0.0000000000000000     
   0.0000000000000000     
   0.0000000000000000     
   0.0000000000000000     
   0.0000000000000000     
   0.0000000000000000     
   0.0000000000000000     
   0.0000000000000000     
   0.0000000000000000     
   0.0000000000000000     
   0.0000000000000000     
   0.0000000000000000     
   0.0000000000000000     
   0.0000000000000000     
   0.0000000000000000     
   0.0000000000000000     
   0.0000000000000000     
   0.0000000000000000     
   0.0000000000000000     
   0.0000000000000000     
   0.0000000000000000     
   0.0000000000000000     
   0.0000000000000000     
   0.0000000000000000     
   0.0000000000000000     
   0.0000000000000000     
   0.0000000000000000     
   0.0000000000000000     
   0.0000000000000000     
   0.0000000000000000     
   0.0000000000000000     
   0.0000000000000000     
   0.0000000000000000     
   0.0000000000000000     
   0.0000000000000000     
   0.0000000000000000     
   0.0000000000000000     
   0.0000000000000000     
   0.0000000000000000     
   0.0000000000000000     
   0.0000000000000000     
   0.0000000000000000     
   0.0000000000000000     
   0.0000000000000000     
   0.0000000000000000     
   0.0000000000000000     
   0.0000000000000000     
   0.0000000000000000     
   0.0000000000000000     
   0.0000000000000000     
   0.0000000000000000     
   0.0000000000000000     
   0.0000000000000000     
   0.0000000000000000     
   0.0000000000000000     
   0.0000000000000000     
   0.0000000000000000     
   0.0000000000000000     
   0.0000000000000000     
   0.0000000000000000     
   0.0000000000000000     
   0.0000000000000000     
   0.0000000000000000     
   0.0000000000000000     
   0.0000000000000000     
   0.0000000000000000     
   0.0000000000000000     
   0.0000000000000000     
   0.0000000000000000     
   0.0000000000000000     
   0.0000000000000000     
   0.0000000000000000     
   0.0000000000000000     
   0.0000000000000000     
   0.0000000000000000     
   0.0000000000000000     
  
